{"return_1d": -0.020159, "return_5d": -0.023642, "return_20d": -0.111821, "return_60d": -0.186741, "return_252d": -0.032498, "sma_20": 124.3445, "sma_50": 133.350538, "sma_200": 129.527944, "price_vs_sma20": -0.050139, "price_vs_sma50": -0.114289, "price_vs_sma200": -0.08815, "volatility_20d": 0.266617, "volatility_60d": 0.258936, "drawdown": -0.320258, "max_drawdown_1y": -0.431929, "volume_ratio": 0.982078, "rsi_14": 31.829136, "macd": -4.158575, "macd_signal": -3.981686, "macd_histogram": -0.176888, "bb_width": 0.122868, "bb_position": 0.070389, "stoch_k": 27.259036, "stoch_d": 33.048951, "adx": 43.274691, "atr_14": 3.73483, "last_close": 118.11, "last_date": "2026-03-05"}