{"return_1d": -0.026446, "return_5d": -0.048551, "return_20d": -0.117146, "return_60d": -0.204481, "return_252d": -0.062628, "sma_20": 126.4855, "sma_50": 134.39808, "sma_200": 129.418017, "price_vs_sma20": -0.065743, "price_vs_sma50": -0.120746, "price_vs_sma200": -0.086912, "volatility_20d": 0.268085, "volatility_60d": 0.255939, "drawdown": -0.319913, "max_drawdown_1y": -0.431929, "volume_ratio": 1.343049, "rsi_14": 28.395137, "macd": -4.12783, "macd_signal": -3.821313, "macd_histogram": -0.306517, "bb_width": 0.141083, "bb_position": 0.001221, "stoch_k": 23.757263, "stoch_d": 35.496743, "adx": 40.044883, "atr_14": 3.865986, "last_close": 118.17, "last_date": "2026-03-02"}