{"return_1d": -0.025739, "return_5d": -0.051986, "return_20d": -0.112388, "return_60d": -0.190707, "return_252d": -0.083105, "sma_20": 123.616, "sma_50": 132.88648, "sma_200": 129.539427, "price_vs_sma20": -0.069133, "price_vs_sma50": -0.134073, "price_vs_sma200": -0.111699, "volatility_20d": 0.267224, "volatility_60d": 0.260507, "drawdown": -0.337753, "max_drawdown_1y": -0.431928, "volume_ratio": 0.912808, "rsi_14": 28.089693, "macd": -4.402732, "macd_signal": -4.065896, "macd_histogram": -0.336837, "bb_width": 0.13699, "bb_position": -0.042141, "stoch_k": 4.64, "stoch_d": 24.531473, "adx": 44.36169, "atr_14": 3.696627, "last_close": 115.07, "last_date": "2026-03-06"}