{"return_1d": 0.007362, "return_5d": -0.043087, "return_20d": -0.120762, "return_60d": -0.20104, "return_252d": -0.061927, "sma_20": 125.668, "sma_50": 134.050556, "sma_200": 129.458897, "price_vs_sma20": -0.052742, "price_vs_sma50": -0.111977, "price_vs_sma200": -0.08048, "volatility_20d": 0.264866, "volatility_60d": 0.256578, "drawdown": -0.314906, "max_drawdown_1y": -0.431929, "volume_ratio": 1.044131, "rsi_14": 30.981376, "macd": -4.203926, "macd_signal": -3.897836, "macd_histogram": -0.306091, "bb_width": 0.132337, "bb_position": 0.079266, "stoch_k": 30.192435, "stoch_d": 32.810003, "adx": 41.733552, "atr_14": 3.882702, "last_close": 119.04, "last_date": "2026-03-03"}