{"return_1d": 0.002058, "return_5d": -0.013678, "return_20d": -0.090425, "return_60d": -0.190968, "return_252d": -0.091286, "sma_20": 127.26145, "sma_50": 134.810294, "sma_200": 129.40007, "price_vs_sma20": -0.047481, "price_vs_sma50": -0.100818, "price_vs_sma200": -0.063223, "volatility_20d": 0.25869, "volatility_60d": 0.251598, "drawdown": -0.302365, "max_drawdown_1y": -0.431929, "volume_ratio": 0.75895, "rsi_14": 32.111792, "macd": -3.894923, "macd_signal": -3.747252, "macd_histogram": -0.147671, "bb_width": 0.132435, "bb_position": 0.123609, "stoch_k": 43.44093, "stoch_d": 37.209794, "adx": 38.534837, "atr_14": 3.873013, "last_close": 121.219, "last_date": "2026-02-27"}