{"return_1d": -0.008495, "return_5d": -0.046382, "return_20d": -0.057711, "return_60d": -0.065451, "return_252d": 0.108059, "sma_20": 267.458605, "sma_50": 264.40034, "sma_200": 243.527362, "price_vs_sma20": -0.026803, "price_vs_sma50": -0.015546, "price_vs_sma200": 0.068833, "volatility_20d": 0.289646, "volatility_60d": 0.231187, "drawdown": -0.089648, "max_drawdown_1y": -0.333605, "volume_ratio": 1.065895, "rsi_14": 43.700079, "macd": -0.291779, "macd_signal": 0.552014, "macd_histogram": -0.843794, "bb_width": 0.096252, "bb_position": 0.213868, "stoch_k": 23.426912, "stoch_d": 30.403368, "adx": 15.405296, "atr_14": 6.309785, "last_close": 260.29, "last_date": "2026-03-05"}