{"return_1d": 0.002044, "return_5d": -0.005485, "return_20d": 0.021149, "return_60d": -0.074155, "return_252d": 0.120412, "sma_20": 268.891465, "sma_50": 265.007852, "sma_200": 242.76013, "price_vs_sma20": -0.015514, "price_vs_sma50": -0.001086, "price_vs_sma200": 0.090459, "volatility_20d": 0.339126, "volatility_60d": 0.232268, "drawdown": -0.074155, "max_drawdown_1y": -0.333605, "volume_ratio": 0.810712, "rsi_14": 48.302942, "macd": 0.899182, "macd_signal": 0.99672, "macd_histogram": -0.097538, "bb_width": 0.091874, "bb_position": 0.328482, "stoch_k": 37.484836, "stoch_d": 47.412567, "adx": 15.66014, "atr_14": 6.601093, "last_close": 264.72, "last_date": "2026-03-02"}