{"return_1d": -0.004664, "return_5d": -0.042701, "return_20d": -0.024916, "return_60d": -0.063892, "return_252d": 0.107693, "sma_20": 268.25568, "sma_50": 264.662824, "sma_200": 243.279008, "price_vs_sma20": -0.021381, "price_vs_sma50": -0.008096, "price_vs_sma200": 0.07909, "volatility_20d": 0.306093, "volatility_60d": 0.230984, "drawdown": -0.081849, "max_drawdown_1y": -0.333605, "volume_ratio": 0.818974, "rsi_14": 46.02396, "macd": 0.181181, "macd_signal": 0.762963, "macd_histogram": -0.581782, "bb_width": 0.096214, "bb_position": 0.272917, "stoch_k": 34.220716, "stoch_d": 35.089342, "adx": 15.105277, "atr_14": 6.389769, "last_close": 262.52, "last_date": "2026-03-04"}