{"return_1d": -0.03213, "return_5d": -0.001512, "return_20d": 0.023801, "return_60d": -0.065959, "return_252d": 0.103891, "sma_20": 268.617335, "sma_50": 265.200518, "sma_200": 242.49795, "price_vs_sma20": -0.016519, "price_vs_sma50": -0.003848, "price_vs_sma200": 0.089411, "volatility_20d": 0.339331, "volatility_60d": 0.233502, "drawdown": -0.076043, "max_drawdown_1y": -0.333605, "volume_ratio": 1.336236, "rsi_14": 47.737423, "macd": 1.226437, "macd_signal": 1.021105, "macd_histogram": 0.205332, "bb_width": 0.096576, "bb_position": 0.326079, "stoch_k": 35.301254, "stoch_d": 59.761454, "adx": 15.918863, "atr_14": 6.621946, "last_close": 264.18, "last_date": "2026-02-27"}