{"return_1d": -0.010872, "return_5d": -0.025437, "return_20d": -0.065997, "return_60d": -0.072651, "return_252d": 0.096895, "sma_20": 266.549, "sma_50": 264.135206, "sma_200": 243.773929, "price_vs_sma20": -0.034099, "price_vs_sma50": -0.025272, "price_vs_sma200": 0.056142, "volatility_20d": 0.291032, "volatility_60d": 0.23203, "drawdown": -0.099546, "max_drawdown_1y": -0.333605, "volume_ratio": 0.895253, "rsi_14": 40.879114, "macd": -0.884762, "macd_signal": 0.264659, "macd_histogram": -1.149421, "bb_width": 0.098315, "bb_position": 0.140925, "stoch_k": 14.213431, "stoch_d": 23.953687, "adx": 16.062157, "atr_14": 6.281943, "last_close": 257.46, "last_date": "2026-03-06"}