{"return_1d": 0.006308, "return_5d": -0.067112, "return_20d": 0.001495, "return_60d": 0.148834, "return_252d": 0.401501, "sma_20": 69.562, "sma_50": 64.9, "sma_200": 56.581, "price_vs_sma20": -0.03683, "price_vs_sma50": 0.032357, "price_vs_sma200": 0.184143, "volatility_20d": 0.253425, "volatility_60d": 0.275882, "drawdown": -0.067112, "max_drawdown_1y": -0.261023, "volume_ratio": 0.052268, "rsi_14": 46.443078, "macd": 0.801969, "macd_signal": 1.580173, "macd_histogram": -0.778205, "bb_width": 0.086577, "bb_position": 0.058324, "stoch_k": 9.219858, "stoch_d": 11.876863, "adx": 31.161676, "atr_14": 1.587603, "last_close": 67.0, "last_date": "2026-03-06"}