{"return_1d": -0.024506, "return_5d": 0.003725, "return_20d": 0.036391, "return_60d": 0.213791, "return_252d": 0.458626, "sma_20": 69.523, "sma_50": 64.1688, "sma_200": 56.1846, "price_vs_sma20": 0.007724, "price_vs_sma50": 0.091808, "price_vs_sma200": 0.246961, "volatility_20d": 0.18304, "volatility_60d": 0.257695, "drawdown": -0.024506, "max_drawdown_1y": -0.261023, "volume_ratio": 0.132124, "rsi_14": 60.069139, "macd": 1.995109, "macd_signal": 2.207082, "macd_histogram": -0.211973, "bb_width": 0.083162, "bb_position": 0.592168, "stoch_k": 44.324324, "stoch_d": 71.914123, "adx": 36.589115, "atr_14": 1.446023, "last_close": 70.06, "last_date": "2026-03-02"}