{"return_1d": -0.000883, "return_5d": -0.0442, "return_20d": 0.021975, "return_60d": 0.19081, "return_252d": 0.43297, "sma_20": 69.623, "sma_50": 64.7488, "sma_200": 56.49025, "price_vs_sma20": -0.024748, "price_vs_sma50": 0.048668, "price_vs_sma200": 0.201977, "volatility_20d": 0.241872, "volatility_60d": 0.274876, "drawdown": -0.054581, "max_drawdown_1y": -0.261023, "volume_ratio": 0.075665, "rsi_14": 49.546994, "macd": 1.148499, "macd_signal": 1.795784, "macd_histogram": -0.647285, "bb_width": 0.079449, "bb_position": 0.180606, "stoch_k": 23.550725, "stoch_d": 19.68599, "adx": 32.074137, "atr_14": 1.557198, "last_close": 67.9, "last_date": "2026-03-05"}