{"return_1d": 0.01098, "return_5d": 0.021912, "return_20d": 0.077408, "return_60d": 0.257353, "return_252d": 0.470052, "sma_20": 69.4, "sma_50": 63.9328, "sma_200": 56.0701, "price_vs_sma20": 0.03487, "price_vs_sma50": 0.123367, "price_vs_sma200": 0.280897, "volatility_20d": 0.159031, "volatility_60d": 0.251437, "drawdown": 0.0, "max_drawdown_1y": -0.261023, "volume_ratio": 1.790376, "rsi_14": 71.712748, "macd": 2.16565, "macd_signal": 2.260075, "macd_histogram": -0.094425, "bb_width": 0.084041, "bb_position": 0.900938, "stoch_k": 92.385787, "stoch_d": 87.731454, "adx": 38.478558, "atr_14": 1.378794, "last_close": 71.82, "last_date": "2026-02-27"}