{"return_1d": -0.002403, "return_5d": -0.075188, "return_20d": -0.007175, "return_60d": 0.138889, "return_252d": 0.389368, "sma_20": 69.533, "sma_50": 64.8884, "sma_200": 56.5781, "price_vs_sma20": -0.04477, "price_vs_sma50": 0.023604, "price_vs_sma200": 0.173952, "volatility_20d": 0.252524, "volatility_60d": 0.275941, "drawdown": -0.075188, "max_drawdown_1y": -0.261023, "volume_ratio": 1.068818, "rsi_14": 44.045029, "macd": 0.755701, "macd_signal": 1.57092, "macd_histogram": -0.815219, "bb_width": 0.090685, "bb_position": -0.016824, "stoch_k": 19.034091, "stoch_d": 15.148274, "adx": 31.87035, "atr_14": 1.709031, "last_close": 66.42, "last_date": "2026-03-06"}