{"return_1d": -0.025764, "return_5d": -0.025489, "return_20d": 0.011464, "return_60d": 0.202726, "return_252d": 0.41747, "sma_20": 69.591, "sma_50": 64.378, "sma_200": 56.29515, "price_vs_sma20": -0.011079, "price_vs_sma50": 0.068999, "price_vs_sma200": 0.222485, "volatility_20d": 0.195351, "volatility_60d": 0.260313, "drawdown": -0.041771, "max_drawdown_1y": -0.261023, "volume_ratio": 0.138899, "rsi_14": 53.285445, "macd": 1.775562, "macd_signal": 2.128181, "macd_histogram": -0.352618, "bb_width": 0.08382, "bb_position": 0.366342, "stoch_k": 3.508772, "stoch_d": 51.964853, "adx": 34.21978, "atr_14": 1.481307, "last_close": 68.82, "last_date": "2026-03-03"}