{"return_1d": -0.001708, "return_5d": 0.023726, "return_20d": 0.03643, "return_60d": 0.023895, "return_252d": 0.156318, "sma_20": 226.564, "sma_50": 223.943858, "sma_200": 210.3211, "price_vs_sma20": 0.032203, "price_vs_sma50": 0.04428, "price_vs_sma200": 0.111919, "volatility_20d": 0.272452, "volatility_60d": 0.251335, "drawdown": -0.028394, "max_drawdown_1y": -0.207364, "volume_ratio": 0.90099, "rsi_14": 60.27712, "macd": 2.502241, "macd_signal": 1.790746, "macd_histogram": 0.711495, "bb_width": 0.081412, "bb_position": 0.883215, "stoch_k": 89.524349, "stoch_d": 87.714696, "adx": 9.066449, "atr_14": 5.917826, "last_close": 233.86, "last_date": "2026-03-03"}