{"return_1d": 0.009963, "return_5d": 0.040851, "return_20d": 0.046663, "return_60d": 0.041014, "return_252d": 0.154309, "sma_20": 227.0905, "sma_50": 224.246826, "sma_200": 210.615013, "price_vs_sma20": 0.04007, "price_vs_sma50": 0.053259, "price_vs_sma200": 0.12143, "volatility_20d": 0.273818, "volatility_60d": 0.251618, "drawdown": -0.018714, "max_drawdown_1y": -0.207364, "volume_ratio": 0.749207, "rsi_14": 62.695771, "macd": 2.883539, "macd_signal": 2.009305, "macd_histogram": 0.874234, "bb_width": 0.087951, "bb_position": 0.938043, "stoch_k": 94.320988, "stoch_d": 91.965103, "adx": 9.206947, "atr_14": 5.854409, "last_close": 236.19, "last_date": "2026-03-04"}