{"return_1d": -0.016258, "return_5d": 0.034091, "return_20d": 0.070195, "return_60d": 0.036003, "return_252d": 0.155875, "sma_20": 227.8525, "sma_50": 224.393634, "sma_200": 210.878299, "price_vs_sma20": 0.019739, "price_vs_sma50": 0.035457, "price_vs_sma200": 0.10182, "volatility_20d": 0.240293, "volatility_60d": 0.252797, "drawdown": -0.034668, "max_drawdown_1y": -0.207364, "volume_ratio": 1.368392, "rsi_14": 56.581217, "macd": 2.843091, "macd_signal": 2.176062, "macd_histogram": 0.667029, "bb_width": 0.082188, "bb_position": 0.735516, "stoch_k": 70.212766, "stoch_d": 84.686034, "adx": 8.583008, "atr_14": 6.021237, "last_close": 232.35, "last_date": "2026-03-05"}