{"return_1d": 0.020765, "return_5d": 0.028392, "return_20d": 0.145473, "return_60d": 0.297022, "return_252d": 0.200266, "sma_20": 65.922, "sma_50": 60.4916, "sma_200": 56.334717, "price_vs_sma20": 0.043961, "price_vs_sma50": 0.137679, "price_vs_sma200": 0.221627, "volatility_20d": 0.266287, "volatility_60d": 0.210697, "drawdown": 0.0, "max_drawdown_1y": -0.21886, "volume_ratio": 1.520129, "rsi_14": 71.890891, "macd": 2.261835, "macd_signal": 2.366513, "macd_histogram": -0.104678, "bb_width": 0.128925, "bb_position": 0.826622, "stoch_k": 100.0, "stoch_d": 86.163522, "adx": 48.410638, "atr_14": 1.340139, "last_close": 68.82, "last_date": "2026-02-27"}