{"return_1d": -0.011891, "return_5d": -0.026647, "return_20d": 0.066752, "return_60d": 0.265322, "return_252d": 0.174716, "sma_20": 66.438, "sma_50": 60.9484, "sma_200": 56.397508, "price_vs_sma20": 0.000632, "price_vs_sma50": 0.090759, "price_vs_sma200": 0.178775, "volatility_20d": 0.283011, "volatility_60d": 0.218263, "drawdown": -0.034002, "max_drawdown_1y": -0.21886, "volume_ratio": 0.064215, "rsi_14": 57.60796, "macd": 1.916102, "macd_signal": 2.236556, "macd_histogram": -0.320454, "bb_width": 0.103519, "bb_position": 0.506103, "stoch_k": 38.743455, "stoch_d": 70.543593, "adx": 45.814107, "atr_14": 1.440426, "last_close": 66.48, "last_date": "2026-03-03"}