{"return_1d": 0.001829, "return_5d": -0.022315, "return_20d": 0.033333, "return_60d": 0.246586, "return_252d": 0.150921, "sma_20": 66.5, "sma_50": 61.1356, "sma_200": 56.419053, "price_vs_sma20": -0.011729, "price_vs_sma50": 0.074987, "price_vs_sma200": 0.164855, "volatility_20d": 0.28831, "volatility_60d": 0.223944, "drawdown": -0.045045, "max_drawdown_1y": -0.21886, "volume_ratio": 0.039224, "rsi_14": 53.911852, "macd": 1.621811, "macd_signal": 2.102375, "macd_histogram": -0.480564, "bb_width": 0.098411, "bb_position": 0.379398, "stoch_k": 18.848168, "stoch_d": 35.814099, "adx": 43.725249, "atr_14": 1.363253, "last_close": 65.72, "last_date": "2026-03-04"}