{"return_1d": -0.01918, "return_5d": -0.003837, "return_20d": 0.104385, "return_60d": 0.272624, "return_252d": 0.193566, "sma_20": 66.241, "sma_50": 60.73, "sma_200": 56.369362, "price_vs_sma20": 0.019006, "price_vs_sma50": 0.111477, "price_vs_sma200": 0.197459, "volatility_20d": 0.278664, "volatility_60d": 0.215986, "drawdown": -0.01918, "max_drawdown_1y": -0.21886, "volume_ratio": 0.084562, "rsi_14": 63.268866, "macd": 2.134843, "macd_signal": 2.320179, "macd_histogram": -0.185336, "bb_width": 0.115366, "bb_position": 0.661676, "stoch_k": 76.760563, "stoch_d": 85.859391, "adx": 48.176177, "atr_14": 1.368701, "last_close": 67.5, "last_date": "2026-03-02"}