{"return_1d": -0.013437, "return_5d": -0.082534, "return_20d": -0.017429, "return_60d": 0.214698, "return_252d": 0.129786, "sma_20": 66.381, "sma_50": 61.486, "sma_200": 56.43307, "price_vs_sma20": -0.048824, "price_vs_sma50": 0.0269, "price_vs_sma200": 0.118848, "volatility_20d": 0.30005, "volatility_60d": 0.227337, "drawdown": -0.082534, "max_drawdown_1y": -0.21886, "volume_ratio": 1.10348, "rsi_14": 43.276794, "macd": 0.889867, "macd_signal": 1.705101, "macd_histogram": -0.815233, "bb_width": 0.111404, "bb_position": 0.039239, "stoch_k": 12.615385, "stoch_d": 7.037807, "adx": 38.198001, "atr_14": 1.483825, "last_close": 63.14, "last_date": "2026-03-06"}