{"return_1d": 0.002287, "return_5d": -0.008177, "return_20d": 0.090201, "return_60d": 0.092745, "return_252d": -0.039386, "sma_20": 126.7275, "sma_50": 131.0781, "sma_200": 128.522825, "price_vs_sma20": 0.071985, "price_vs_sma50": 0.036405, "price_vs_sma200": 0.057011, "volatility_20d": 0.385931, "volatility_60d": 0.328799, "drawdown": -0.353064, "max_drawdown_1y": -0.49669, "volume_ratio": 0.911846, "rsi_14": 60.451004, "macd": 1.867462, "macd_signal": 0.408, "macd_histogram": 1.459463, "bb_width": 0.185479, "bb_position": 0.862042, "stoch_k": 83.712513, "stoch_d": 84.265048, "adx": 20.013604, "atr_14": 4.84745, "last_close": 135.85, "last_date": "2026-03-05"}