{"return_1d": 0.018791, "return_5d": 0.026663, "return_20d": 0.110301, "return_60d": 0.121834, "return_252d": -0.038587, "sma_20": 126.1655, "sma_50": 131.0667, "sma_200": 128.533575, "price_vs_sma20": 0.074303, "price_vs_sma50": 0.03413, "price_vs_sma200": 0.05451, "volatility_20d": 0.390011, "volatility_60d": 0.333519, "drawdown": -0.354541, "max_drawdown_1y": -0.49669, "volume_ratio": 0.702505, "rsi_14": 60.067067, "macd": 1.574062, "macd_signal": 0.043134, "macd_histogram": 1.530927, "bb_width": 0.17566, "bb_position": 0.893739, "stoch_k": 89.310422, "stoch_d": 83.285706, "adx": 20.47693, "atr_14": 4.875716, "last_close": 135.54, "last_date": "2026-03-04"}