{"return_1d": -0.019286, "return_5d": -0.013915, "return_20d": 0.098623, "return_60d": 0.09196, "return_252d": -0.065577, "sma_20": 127.3255, "sma_50": 131.0037, "sma_200": 128.505975, "price_vs_sma20": 0.046373, "price_vs_sma50": 0.016994, "price_vs_sma200": 0.036761, "volatility_20d": 0.378671, "volatility_60d": 0.328988, "drawdown": -0.365541, "max_drawdown_1y": -0.49669, "volume_ratio": 0.756395, "rsi_14": 55.586659, "macd": 1.86705, "macd_signal": 0.69981, "macd_histogram": 1.16724, "bb_width": 0.189763, "bb_position": 0.733545, "stoch_k": 69.727177, "stoch_d": 80.916704, "adx": 18.609254, "atr_14": 4.849418, "last_close": 133.23, "last_date": "2026-03-06"}