{"return_1d": -0.001651, "return_5d": 0.05873, "return_20d": 0.013175, "return_60d": 0.107467, "return_252d": -0.041982, "sma_20": 125.49225, "sma_50": 131.0357, "sma_200": 128.539825, "price_vs_sma20": 0.060145, "price_vs_sma50": 0.015296, "price_vs_sma200": 0.03501, "volatility_20d": 0.469931, "volatility_60d": 0.331803, "drawdown": -0.366446, "max_drawdown_1y": -0.49669, "volume_ratio": 0.656775, "rsi_14": 56.936459, "macd": 1.208244, "macd_signal": -0.339598, "macd_histogram": 1.547841, "bb_width": 0.168527, "bb_position": 0.83664, "stoch_k": 79.77221, "stoch_d": 83.24981, "adx": 21.236601, "atr_14": 4.874232, "last_close": 133.04, "last_date": "2026-03-03"}