{"return_1d": -0.013693, "return_5d": 0.083767, "return_20d": 0.030069, "return_60d": 0.124557, "return_252d": -0.044389, "sma_20": 125.40575, "sma_50": 131.0505, "sma_200": 128.561875, "price_vs_sma20": 0.062631, "price_vs_sma50": 0.01686, "price_vs_sma200": 0.036544, "volatility_20d": 0.472359, "volatility_60d": 0.332597, "drawdown": -0.365398, "max_drawdown_1y": -0.49669, "volume_ratio": 0.785149, "rsi_14": 57.303552, "macd": 0.978298, "macd_signal": -0.726558, "macd_histogram": 1.704856, "bb_width": 0.165104, "bb_position": 0.856984, "stoch_k": 80.774487, "stoch_d": 89.21792, "adx": 22.704283, "atr_14": 4.876866, "last_close": 133.26, "last_date": "2026-03-02"}