{"return_1d": -0.018909, "return_5d": 0.050747, "return_20d": 0.019807, "return_60d": 0.131145, "return_252d": -0.067, "sma_20": 125.17475, "sma_50": 131.0109, "sma_200": 128.582175, "price_vs_sma20": 0.073539, "price_vs_sma50": 0.025716, "price_vs_sma200": 0.04509, "volatility_20d": 0.477249, "volatility_60d": 0.332379, "drawdown": -0.360065, "max_drawdown_1y": -0.49669, "volume_ratio": 0.548647, "rsi_14": 59.191631, "macd": 0.58994, "macd_signal": -1.164419, "macd_histogram": 1.754359, "bb_width": 0.155302, "bb_position": 0.941087, "stoch_k": 85.876993, "stoch_d": 94.257114, "adx": 24.284863, "atr_14": 4.750471, "last_close": 134.38, "last_date": "2026-02-27"}