{"return_1d": -0.018214, "return_5d": -0.044899, "return_20d": 0.026248, "return_60d": -0.107751, "return_252d": -0.177762, "sma_20": 113.003, "sma_50": 116.495544, "sma_200": 126.042007, "price_vs_sma20": -0.017371, "price_vs_sma50": -0.04683, "price_vs_sma200": -0.119024, "volatility_20d": 0.19641, "volatility_60d": 0.275041, "drawdown": -0.193243, "max_drawdown_1y": -0.229497, "volume_ratio": 0.91247, "rsi_14": 40.597802, "macd": -0.422196, "macd_signal": -0.616172, "macd_histogram": 0.193976, "bb_width": 0.066025, "bb_position": 0.23225, "stoch_k": 8.253968, "stoch_d": 28.460543, "adx": 17.395707, "atr_14": 2.206339, "last_close": 111.04, "last_date": "2026-03-05"}