{"return_1d": -0.019166, "return_5d": -0.010148, "return_20d": 0.044099, "return_60d": -0.092003, "return_252d": -0.144319, "sma_20": 112.447, "sma_50": 117.248114, "sma_200": 126.309292, "price_vs_sma20": 0.014878, "price_vs_sma50": -0.026679, "price_vs_sma200": -0.096504, "volatility_20d": 0.183746, "volatility_60d": 0.273151, "drawdown": -0.170865, "max_drawdown_1y": -0.229497, "volume_ratio": 0.787761, "rsi_14": 49.550885, "macd": -0.128624, "macd_signal": -0.933058, "macd_histogram": 0.804434, "bb_width": 0.081683, "bb_position": 0.679474, "stoch_k": 53.608247, "stoch_d": 81.039747, "adx": 18.096268, "atr_14": 2.227981, "last_close": 114.12, "last_date": "2026-03-02"}