{"return_1d": 0.000774, "return_5d": 0.036895, "return_20d": 0.09671, "return_60d": -0.086482, "return_252d": -0.128176, "sma_20": 112.206, "sma_50": 117.490126, "sma_200": 126.374991, "price_vs_sma20": 0.036932, "price_vs_sma50": -0.009704, "price_vs_sma200": -0.079327, "volatility_20d": 0.191044, "volatility_60d": 0.27177, "drawdown": -0.154663, "max_drawdown_1y": -0.229497, "volume_ratio": 1.288391, "rsi_14": 57.114435, "macd": -0.145531, "macd_signal": -1.134167, "macd_histogram": 0.988636, "bb_width": 0.08228, "bb_position": 0.932871, "stoch_k": 93.579235, "stoch_d": 91.324873, "adx": 19.405484, "atr_14": 2.190134, "last_close": 116.35, "last_date": "2026-02-27"}