{"return_1d": 0.009086, "return_5d": 0.023911, "return_20d": 0.05227, "return_60d": 0.090301, "return_252d": 0.097286, "sma_20": 98.9605, "sma_50": 96.2308, "sma_200": 92.001, "price_vs_sma20": 0.021216, "price_vs_sma50": 0.050184, "price_vs_sma200": 0.098466, "volatility_20d": 0.254948, "volatility_60d": 0.197005, "drawdown": -0.074713, "max_drawdown_1y": -0.224319, "volume_ratio": 0.697789, "rsi_14": 64.408272, "macd": 1.242419, "macd_signal": 1.180773, "macd_histogram": 0.061646, "bb_width": 0.058026, "bb_position": 0.858026, "stoch_k": 88.22695, "stoch_d": 76.079401, "adx": 15.464666, "atr_14": 2.089795, "last_close": 101.06, "last_date": "2026-03-02"}