{"return_1d": -0.013717, "return_5d": -0.025891, "return_20d": -0.03056, "return_60d": 0.05833, "return_252d": 0.056602, "sma_20": 99.076, "sma_50": 96.3794, "sma_200": 92.08595, "price_vs_sma20": -0.020247, "price_vs_sma50": 0.007165, "price_vs_sma200": 0.054124, "volatility_20d": 0.242261, "volatility_60d": 0.203941, "drawdown": -0.111245, "max_drawdown_1y": -0.224319, "volume_ratio": 0.823873, "rsi_14": 45.947019, "macd": 0.818594, "macd_signal": 1.100034, "macd_histogram": -0.28144, "bb_width": 0.05671, "bb_position": 0.135591, "stoch_k": 19.127517, "stoch_d": 46.030169, "adx": 13.694276, "atr_14": 2.139708, "last_close": 97.07, "last_date": "2026-03-05"}