{"return_1d": 0.005018, "return_5d": 0.016855, "return_20d": 0.046281, "return_60d": 0.075032, "return_252d": 0.11812, "sma_20": 98.7095, "sma_50": 96.1212, "sma_200": 91.9628, "price_vs_sma20": 0.014593, "price_vs_sma50": 0.041914, "price_vs_sma200": 0.089027, "volatility_20d": 0.253845, "volatility_60d": 0.196815, "drawdown": -0.083045, "max_drawdown_1y": -0.224319, "volume_ratio": 1.13278, "rsi_14": 61.405764, "macd": 1.157536, "macd_signal": 1.165361, "macd_histogram": -0.007825, "bb_width": 0.060471, "bb_position": 0.737858, "stoch_k": 83.753943, "stoch_d": 64.29225, "adx": 15.289894, "atr_14": 2.098241, "last_close": 100.15, "last_date": "2026-02-27"}