{"return_1d": -0.005739, "return_5d": 0.013107, "return_20d": 0.038983, "return_60d": 0.083693, "return_252d": 0.081477, "sma_20": 99.149, "sma_50": 96.3226, "sma_200": 92.04915, "price_vs_sma20": 0.013424, "price_vs_sma50": 0.043161, "price_vs_sma200": 0.091591, "volatility_20d": 0.256095, "volatility_60d": 0.197554, "drawdown": -0.080024, "max_drawdown_1y": -0.224319, "volume_ratio": 0.681387, "rsi_14": 61.143283, "macd": 1.248497, "macd_signal": 1.194318, "macd_histogram": 0.054179, "bb_width": 0.055958, "bb_position": 0.73672, "stoch_k": 77.184466, "stoch_d": 83.05512, "adx": 15.000158, "atr_14": 2.09481, "last_close": 100.48, "last_date": "2026-03-03"}