{"return_1d": 0.0034, "return_5d": -0.033736, "return_20d": -0.203411, "return_60d": -0.191683, "return_252d": -0.413527, "sma_20": 226.02475, "sma_50": 255.2999, "sma_200": 264.839043, "price_vs_sma20": -0.079371, "price_vs_sma50": -0.184939, "price_vs_sma200": -0.214296, "volatility_20d": 0.605329, "volatility_60d": 0.435037, "drawdown": -0.472284, "max_drawdown_1y": -0.514345, "volume_ratio": 0.598761, "rsi_14": 35.548343, "macd": -16.380985, "macd_signal": -14.95769, "macd_histogram": -1.423295, "bb_width": 0.37992, "bb_position": 0.273074, "stoch_k": 35.274285, "stoch_d": 24.736714, "adx": 47.310628, "atr_14": 10.471893, "last_close": 208.085, "last_date": "2026-02-27"}