{"return_1d": 0.019048, "return_5d": 0.031922, "return_20d": -0.114422, "return_60d": -0.197269, "return_252d": -0.37493, "sma_20": 217.383, "sma_50": 250.3492, "sma_200": 262.654062, "price_vs_sma20": -0.015562, "price_vs_sma50": -0.145194, "price_vs_sma200": -0.18524, "volatility_20d": 0.52499, "volatility_60d": 0.426979, "drawdown": -0.457284, "max_drawdown_1y": -0.514345, "volume_ratio": 0.981963, "rsi_14": 41.406894, "macd": -12.738035, "macd_signal": -14.412852, "macd_histogram": 1.674817, "bb_width": 0.257996, "bb_position": 0.438726, "stoch_k": 62.580485, "stoch_d": 51.100386, "adx": 43.543048, "atr_14": 9.702266, "last_close": 214.0, "last_date": "2026-03-05"}