{"return_1d": 0.006462, "return_5d": -0.030787, "return_20d": -0.20098, "return_60d": -0.189216, "return_252d": -0.411737, "sma_20": 226.0565, "sma_50": 255.3126, "sma_200": 264.842218, "price_vs_sma20": -0.076691, "price_vs_sma50": -0.182492, "price_vs_sma200": -0.211908, "volatility_20d": 0.606365, "volatility_60d": 0.43528, "drawdown": -0.470674, "max_drawdown_1y": -0.514345, "volume_ratio": 1.049704, "rsi_14": 36.019495, "macd": -16.330329, "macd_signal": -14.947559, "macd_histogram": -1.38277, "bb_width": 0.378221, "bb_position": 0.28039, "stoch_k": 36.431566, "stoch_d": 25.122475, "adx": 47.245804, "atr_14": 10.504036, "last_close": 208.72, "last_date": "2026-02-27"}