{"return_1d": -0.006943, "return_5d": 0.005576, "return_20d": 0.240431, "return_60d": 0.174073, "return_252d": 0.271472, "sma_20": 38.6375, "sma_50": 35.7412, "sma_200": 35.268408, "price_vs_sma20": 0.073568, "price_vs_sma50": 0.160565, "price_vs_sma200": 0.176123, "volatility_20d": 0.427842, "volatility_60d": 0.281959, "drawdown": -0.006943, "max_drawdown_1y": -0.132971, "volume_ratio": 0.080218, "rsi_14": 79.544231, "macd": 1.872855, "macd_signal": 1.682085, "macd_histogram": 0.190771, "bb_width": 0.263679, "bb_position": 0.759888, "stoch_k": 94.497154, "stoch_d": 94.772779, "adx": 53.292426, "atr_14": 0.734524, "last_close": 41.48, "last_date": "2026-03-02"}