{"return_1d": 0.001472, "return_5d": -0.022504, "return_20d": 0.167906, "return_60d": 0.172265, "return_252d": 0.248589, "sma_20": 39.883, "sma_50": 36.2322, "sma_200": 35.341679, "price_vs_sma20": 0.023744, "price_vs_sma50": 0.126898, "price_vs_sma200": 0.155293, "volatility_20d": 0.448104, "volatility_60d": 0.286246, "drawdown": -0.022504, "max_drawdown_1y": -0.132971, "volume_ratio": 0.0457, "rsi_14": 65.982006, "macd": 1.525189, "macd_signal": 1.651519, "macd_histogram": -0.12633, "bb_width": 0.188412, "bb_position": 0.623101, "stoch_k": 60.669456, "stoch_d": 68.605634, "adx": 52.511858, "atr_14": 0.753827, "last_close": 40.83, "last_date": "2026-03-06"}