{"return_1d": 0.016006, "return_5d": 0.003893, "return_20d": 0.187338, "return_60d": 0.17852, "return_252d": 0.252493, "sma_20": 39.2895, "sma_50": 35.9814, "sma_200": 35.304648, "price_vs_sma20": 0.050153, "price_vs_sma50": 0.146704, "price_vs_sma200": 0.168685, "volatility_20d": 0.438503, "volatility_60d": 0.283349, "drawdown": -0.01221, "max_drawdown_1y": -0.132971, "volume_ratio": 0.047089, "rsi_14": 71.863339, "macd": 1.705552, "macd_signal": 1.696904, "macd_histogram": 0.008648, "bb_width": 0.230997, "bb_position": 0.706748, "stoch_k": 80.534351, "stoch_d": 80.621861, "adx": 53.152393, "atr_14": 0.749557, "last_close": 41.26, "last_date": "2026-03-04"}