{"return_1d": 0.002453, "return_5d": -0.021547, "return_20d": 0.16905, "return_60d": 0.173414, "return_252d": 0.249813, "sma_20": 39.885, "sma_50": 36.233, "sma_200": 35.341879, "price_vs_sma20": 0.024696, "price_vs_sma50": 0.127977, "price_vs_sma200": 0.156418, "volatility_20d": 0.447923, "volatility_60d": 0.286234, "drawdown": -0.021547, "max_drawdown_1y": -0.132971, "volume_ratio": 0.920219, "rsi_14": 66.192385, "macd": 1.52838, "macd_signal": 1.652158, "macd_histogram": -0.123778, "bb_width": 0.188326, "bb_position": 0.627974, "stoch_k": 62.343096, "stoch_d": 69.163514, "adx": 52.225363, "atr_14": 0.775256, "last_close": 40.87, "last_date": "2026-03-06"}