{"return_1d": -0.005311, "return_5d": 0.005368, "return_20d": 0.179502, "return_60d": 0.183568, "return_252d": 0.228699, "sma_20": 39.611, "sma_50": 36.1146, "sma_200": 35.325687, "price_vs_sma20": 0.040115, "price_vs_sma50": 0.140813, "price_vs_sma200": 0.16629, "volatility_20d": 0.442393, "volatility_60d": 0.28419, "drawdown": -0.013646, "max_drawdown_1y": -0.132971, "volume_ratio": 0.058691, "rsi_14": 70.054057, "macd": 1.651984, "macd_signal": 1.689962, "macd_histogram": -0.037979, "bb_width": 0.213573, "bb_position": 0.680585, "stoch_k": 76.348548, "stoch_d": 77.619966, "adx": 53.608704, "atr_14": 0.75566, "last_close": 41.2, "last_date": "2026-03-05"}