{"return_1d": -0.005082, "return_5d": -0.005323, "return_20d": 0.211969, "return_60d": 0.185068, "return_252d": 0.262747, "sma_20": 38.989, "sma_50": 35.8622, "sma_200": 35.286313, "price_vs_sma20": 0.0544, "price_vs_sma50": 0.146332, "price_vs_sma200": 0.165041, "volatility_20d": 0.433687, "volatility_60d": 0.279771, "drawdown": -0.015801, "max_drawdown_1y": -0.132971, "volume_ratio": 0.04507, "rsi_14": 74.649571, "macd": 1.795471, "macd_signal": 1.70272, "macd_histogram": 0.092751, "bb_width": 0.248103, "bb_position": 0.707951, "stoch_k": 82.857143, "stoch_d": 91.439414, "adx": 54.050157, "atr_14": 0.72716, "last_close": 41.11, "last_date": "2026-03-03"}