{"return_1d": 0.011678, "return_5d": 0.01336, "return_20d": -0.10144, "return_60d": -0.188276, "return_252d": -0.406421, "sma_20": 265.67225, "sma_50": 302.6599, "sma_200": 346.392525, "price_vs_sma20": -0.013578, "price_vs_sma50": -0.134127, "price_vs_sma200": -0.243445, "volatility_20d": 0.4077, "volatility_60d": 0.341306, "drawdown": -0.619296, "max_drawdown_1y": -0.641646, "volume_ratio": 0.477015, "rsi_14": 39.614029, "macd": -12.255155, "macd_signal": -14.145605, "macd_histogram": 1.89045, "bb_width": 0.173645, "bb_position": 0.420731, "stoch_k": 67.087891, "stoch_d": 50.350647, "adx": 46.066199, "atr_14": 9.687038, "last_close": 262.065, "last_date": "2026-02-27"}