{"return_1d": 0.006673, "return_5d": 0.080828, "return_20d": 0.052823, "return_60d": -0.163659, "return_252d": -0.371465, "sma_20": 263.824, "sma_50": 294.6388, "sma_200": 343.04915, "price_vs_sma20": 0.075035, "price_vs_sma50": -0.037398, "price_vs_sma200": -0.173238, "volatility_20d": 0.325662, "volatility_60d": 0.33748, "drawdown": -0.587983, "max_drawdown_1y": -0.641646, "volume_ratio": 0.82437, "rsi_14": 57.30379, "macd": -4.449403, "macd_signal": -9.502561, "macd_histogram": 5.053158, "bb_width": 0.119112, "bb_position": 1.085985, "stoch_k": 95.764362, "stoch_d": 91.997372, "adx": 35.774348, "atr_14": 9.55751, "last_close": 283.62, "last_date": "2026-03-06"}