{"return_1d": 0.038753, "return_5d": 0.061998, "return_20d": -0.076317, "return_60d": -0.170726, "return_252d": -0.382091, "sma_20": 262.9515, "sma_50": 299.2532, "sma_200": 345.06925, "price_vs_sma20": 0.03057, "price_vs_sma50": -0.094446, "price_vs_sma200": -0.214679, "volatility_20d": 0.435727, "volatility_60d": 0.350885, "drawdown": -0.606331, "max_drawdown_1y": -0.641646, "volume_ratio": 0.995302, "rsi_14": 48.068476, "macd": -9.75977, "macd_signal": -12.820617, "macd_histogram": 3.060848, "bb_width": 0.102324, "bb_position": 0.789896, "stoch_k": 93.555166, "stoch_d": 74.854111, "adx": 42.829762, "atr_14": 9.740354, "last_close": 270.99, "last_date": "2026-03-03"}