{"return_1d": 0.00786, "return_5d": 0.059385, "return_20d": 0.004376, "return_60d": -0.169166, "return_252d": -0.380287, "sma_20": 263.011, "sma_50": 297.5994, "sma_200": 344.4114, "price_vs_sma20": 0.038436, "price_vs_sma50": -0.082256, "price_vs_sma200": -0.206995, "volatility_20d": 0.350938, "volatility_60d": 0.35111, "drawdown": -0.603237, "max_drawdown_1y": -0.641646, "volume_ratio": 0.717357, "rsi_14": 49.770902, "macd": -8.218041, "macd_signal": -11.900102, "macd_histogram": 3.682061, "bb_width": 0.102719, "bb_position": 0.860333, "stoch_k": 89.039827, "stoch_d": 81.737625, "adx": 40.223741, "atr_14": 9.496758, "last_close": 273.12, "last_date": "2026-03-04"}