{"return_1d": -0.005831, "return_5d": 0.057564, "return_20d": -0.110384, "return_60d": -0.191847, "return_252d": -0.40328, "sma_20": 264.071, "sma_50": 300.9266, "sma_200": 345.71165, "price_vs_sma20": -0.012084, "price_vs_sma50": -0.133078, "price_vs_sma200": -0.245383, "volatility_20d": 0.406587, "volatility_60d": 0.341544, "drawdown": -0.621018, "max_drawdown_1y": -0.641646, "volume_ratio": 0.56784, "rsi_14": 38.948442, "macd": -11.368743, "macd_signal": -13.585829, "macd_histogram": 2.217086, "bb_width": 0.145351, "bb_position": 0.415847, "stoch_k": 62.61788, "stoch_d": 59.684681, "adx": 45.080708, "atr_14": 9.506536, "last_close": 260.88, "last_date": "2026-03-02"}