{"return_1d": 0.031561, "return_5d": 0.087631, "return_20d": 0.007258, "return_60d": -0.186334, "return_252d": -0.368338, "sma_20": 263.1125, "sma_50": 296.117, "sma_200": 343.73445, "price_vs_sma20": 0.070797, "price_vs_sma50": -0.048552, "price_vs_sma200": -0.180356, "volatility_20d": 0.354219, "volatility_60d": 0.338858, "drawdown": -0.590714, "max_drawdown_1y": -0.641646, "volume_ratio": 0.985887, "rsi_14": 56.050141, "macd": -6.228845, "macd_signal": -10.765851, "macd_histogram": 4.537006, "bb_width": 0.103142, "bb_position": 1.141021, "stoch_k": 91.187926, "stoch_d": 91.260973, "adx": 37.916648, "atr_14": 9.692704, "last_close": 281.74, "last_date": "2026-03-05"}