{"return_1d": -0.042187, "return_5d": -0.10959, "return_20d": -0.016519, "return_60d": 0.134951, "return_252d": 0.397256, "sma_20": 340.08624, "sma_50": 313.890798, "sma_200": 257.550594, "price_vs_sma20": -0.071383, "price_vs_sma50": 0.006114, "price_vs_sma200": 0.226206, "volatility_20d": 0.333629, "volatility_60d": 0.296478, "drawdown": -0.121954, "max_drawdown_1y": -0.321974, "volume_ratio": 0.980689, "rsi_14": 39.326459, "macd": 6.154953, "macd_signal": 10.983596, "macd_histogram": -4.828643, "bb_width": 0.165099, "bb_position": 0.034403, "stoch_k": 3.140947, "stoch_d": 18.583627, "adx": 43.100429, "atr_14": 10.770505, "last_close": 315.81, "last_date": "2026-03-06"}