{"return_1d": -0.034523, "return_5d": -0.066594, "return_20d": 0.032182, "return_60d": 0.179994, "return_252d": 0.480018, "sma_20": 340.351465, "sma_50": 313.07378, "sma_200": 257.077373, "price_vs_sma20": -0.031237, "price_vs_sma50": 0.05317, "price_vs_sma200": 0.282571, "volatility_20d": 0.295563, "volatility_60d": 0.282007, "drawdown": -0.08328, "max_drawdown_1y": -0.321974, "volume_ratio": 1.143473, "rsi_14": 47.552024, "macd": 8.96279, "macd_signal": 12.190756, "macd_histogram": -3.227966, "bb_width": 0.152669, "bb_position": 0.288799, "stoch_k": 11.950033, "stoch_d": 29.30433, "adx": 44.851425, "atr_14": 10.41362, "last_close": 329.72, "last_date": "2026-03-05"}