{"return_1d": -0.035069, "return_5d": -0.045041, "return_20d": 0.073192, "return_60d": 0.226468, "return_252d": 0.502475, "sma_20": 338.277875, "sma_50": 310.602086, "sma_200": 255.958243, "price_vs_sma20": 0.002105, "price_vs_sma50": 0.091396, "price_vs_sma200": 0.324396, "volatility_20d": 0.289075, "volatility_60d": 0.272221, "drawdown": -0.057507, "max_drawdown_1y": -0.321974, "volume_ratio": 1.093471, "rsi_14": 55.169251, "macd": 12.239677, "macd_signal": 13.497196, "macd_histogram": -1.257519, "bb_width": 0.173146, "bb_position": 0.512133, "stoch_k": 35.303056, "stoch_d": 64.705293, "adx": 50.155212, "atr_14": 10.167749, "last_close": 338.99, "last_date": "2026-03-03"}