{"return_1d": 0.004064, "return_5d": 0.002141, "return_20d": 0.116379, "return_60d": 0.339712, "return_252d": 0.54733, "sma_20": 336.101, "sma_50": 308.7142, "sma_200": 255.537798, "price_vs_sma20": 0.058581, "price_vs_sma50": 0.15249, "price_vs_sma200": 0.392318, "volatility_20d": 0.272174, "volatility_60d": 0.263328, "drawdown": -0.013886, "max_drawdown_1y": -0.321975, "volume_ratio": 1.263769, "rsi_14": 71.807281, "macd": 14.609479, "macd_signal": 13.832506, "macd_histogram": 0.776973, "bb_width": 0.182454, "bb_position": 0.803302, "stoch_k": 83.645994, "stoch_d": 86.692239, "adx": 54.187842, "atr_14": 9.861162, "last_close": 355.79, "last_date": "2026-02-27"}