{"return_1d": -0.011325, "return_5d": -0.00341, "return_20d": 0.004995, "return_60d": 0.140948, "return_252d": 0.494007, "sma_20": 67.829255, "sma_50": 64.584214, "sma_200": 58.415601, "price_vs_sma20": -0.008982, "price_vs_sma50": 0.040812, "price_vs_sma200": 0.15072, "volatility_20d": 0.229634, "volatility_60d": 0.250988, "drawdown": -0.236241, "max_drawdown_1y": -0.541355, "volume_ratio": 0.723279, "rsi_14": 50.655785, "macd": 0.84094, "macd_signal": 1.107664, "macd_histogram": -0.266724, "bb_width": 0.06659, "bb_position": 0.36389, "stoch_k": 29.130435, "stoch_d": 52.028986, "adx": 12.895073, "atr_14": 1.975364, "last_close": 67.22, "last_date": "2026-03-04"}