{"return_1d": 0.013678, "return_5d": -0.023175, "return_20d": 0.038489, "return_60d": 0.172735, "return_252d": 0.524423, "sma_20": 67.93892, "sma_50": 64.959184, "sma_200": 58.60181, "price_vs_sma20": -0.007344, "price_vs_sma50": 0.03819, "price_vs_sma200": 0.150818, "volatility_20d": 0.21197, "volatility_60d": 0.249185, "drawdown": -0.233742, "max_drawdown_1y": -0.541355, "volume_ratio": 1.046226, "rsi_14": 51.778707, "macd": 0.585121, "macd_signal": 0.931693, "macd_histogram": -0.346572, "bb_width": 0.055185, "bb_position": 0.365942, "stoch_k": 38.955823, "stoch_d": 27.405564, "adx": 12.128496, "atr_14": 1.967533, "last_close": 67.44, "last_date": "2026-03-06"}