{"return_1d": 0.022249, "return_5d": 0.015321, "return_20d": 0.037649, "return_60d": 0.14738, "return_252d": 0.518747, "sma_20": 67.64541, "sma_50": 63.956056, "sma_200": 58.110328, "price_vs_sma20": 0.018842, "price_vs_sma50": 0.077615, "price_vs_sma200": 0.18602, "volatility_20d": 0.210807, "volatility_60d": 0.244892, "drawdown": -0.216926, "max_drawdown_1y": -0.541355, "volume_ratio": 0.395521, "rsi_14": 61.175449, "macd": 1.01419, "macd_signal": 1.253435, "macd_histogram": -0.239245, "bb_width": 0.061597, "bb_position": 0.800237, "stoch_k": 85.826547, "stoch_d": 66.892446, "adx": 14.716276, "atr_14": 1.931253, "last_close": 68.92, "last_date": "2026-02-27"}