{"return_1d": 0.015896, "return_5d": 0.055421, "return_20d": -0.033121, "return_60d": -0.119786, "return_252d": -0.255051, "sma_20": 216.98, "sma_50": 239.8096, "sma_200": 275.81964, "price_vs_sma20": 0.042677, "price_vs_sma50": -0.056585, "price_vs_sma200": -0.179754, "volatility_20d": 0.338579, "volatility_60d": 0.26001, "drawdown": -0.296139, "max_drawdown_1y": -0.360104, "volume_ratio": 0.876043, "rsi_14": 51.619745, "macd": -5.555781, "macd_signal": -8.248683, "macd_histogram": 2.692901, "bb_width": 0.11609, "bb_position": 0.852571, "stoch_k": 98.881239, "stoch_d": 90.141234, "adx": 33.340006, "atr_14": 6.054756, "last_close": 226.24, "last_date": "2026-03-06"}