{"return_1d": 0.006047, "return_5d": 0.051488, "return_20d": -0.126394, "return_60d": -0.163523, "return_252d": -0.298612, "sma_20": 218.862, "sma_50": 242.0606, "sma_200": 277.20113, "price_vs_sma20": -0.011843, "price_vs_sma50": -0.106546, "price_vs_sma200": -0.219808, "volatility_20d": 0.354496, "volatility_60d": 0.252014, "drawdown": -0.327157, "max_drawdown_1y": -0.360104, "volume_ratio": 0.832462, "rsi_14": 39.106664, "macd": -8.519701, "macd_signal": -9.872241, "macd_histogram": 1.35254, "bb_width": 0.165573, "bb_position": 0.427615, "stoch_k": 57.011394, "stoch_d": 48.530376, "adx": 39.453142, "atr_14": 6.110264, "last_close": 216.27, "last_date": "2026-03-03"}