{"return_1d": -0.017792, "return_5d": 2.3e-05, "return_20d": -0.128044, "return_60d": -0.156264, "return_252d": -0.295945, "sma_20": 222.02475, "sma_50": 243.9909, "sma_200": 278.082642, "price_vs_sma20": -0.034004, "price_vs_sma50": -0.120971, "price_vs_sma200": -0.228736, "volatility_20d": 0.353226, "volatility_60d": 0.253296, "drawdown": -0.332741, "max_drawdown_1y": -0.360104, "volume_ratio": 0.705648, "rsi_14": 36.593301, "macd": -9.764685, "macd_signal": -10.464259, "macd_histogram": 0.699574, "bb_width": 0.227849, "bb_position": 0.345507, "stoch_k": 39.911032, "stoch_d": 39.10877, "adx": 41.854662, "atr_14": 6.325573, "last_close": 214.475, "last_date": "2026-02-27"}