{"return_1d": -0.063222, "return_5d": -0.130599, "return_20d": -0.093123, "return_60d": -0.137402, "return_252d": -0.415672, "sma_20": 154.6125, "sma_50": 156.694, "sma_200": 176.49525, "price_vs_sma20": -0.10874, "price_vs_sma50": -0.120579, "price_vs_sma200": -0.219242, "volatility_20d": 0.350406, "volatility_60d": 0.328217, "drawdown": -0.575644, "max_drawdown_1y": -0.575644, "volume_ratio": 0.914505, "rsi_14": 29.470331, "macd": -1.568055, "macd_signal": -0.113468, "macd_histogram": -1.454587, "bb_width": 0.149306, "bb_position": -0.317159, "stoch_k": 7.34767, "stoch_d": 7.893965, "adx": 20.054573, "atr_14": 4.995052, "last_close": 137.8, "last_date": "2026-03-04"}