{"return_1d": -0.014536, "return_5d": -0.068976, "return_20d": 0.001007, "return_60d": -0.070717, "return_252d": -0.366745, "sma_20": 155.4225, "sma_50": 157.35, "sma_200": 176.918, "price_vs_sma20": -0.040358, "price_vs_sma50": -0.052113, "price_vs_sma200": -0.156954, "volatility_20d": 0.27021, "volatility_60d": 0.298825, "drawdown": -0.540692, "max_drawdown_1y": -0.558091, "volume_ratio": 0.151767, "rsi_14": 39.883521, "macd": -0.032434, "macd_signal": 0.282885, "macd_histogram": -0.315319, "bb_width": 0.087693, "bb_position": 0.020428, "stoch_k": 2.684564, "stoch_d": 19.75626, "adx": 17.284342, "atr_14": 4.274067, "last_close": 149.15, "last_date": "2026-03-03"}