{"return_1d": -0.01654, "return_5d": -0.097977, "return_20d": -0.066405, "return_60d": -0.131467, "return_252d": -0.390799, "sma_20": 153.9675, "sma_50": 155.857, "sma_200": 175.79275, "price_vs_sma20": -0.073181, "price_vs_sma50": -0.084417, "price_vs_sma200": -0.188249, "volatility_20d": 0.316456, "volatility_60d": 0.313105, "drawdown": -0.560554, "max_drawdown_1y": -0.563326, "volume_ratio": 1.213173, "rsi_14": 35.802192, "macd": -2.396434, "macd_signal": -0.798501, "macd_histogram": -1.597933, "bb_width": 0.156567, "bb_position": -0.004315, "stoch_k": 27.256944, "stoch_d": 28.993056, "adx": 22.801403, "atr_14": 5.47897, "last_close": 142.7, "last_date": "2026-03-06"}