{"return_1d": 0.052602, "return_5d": 0.082606, "return_20d": -0.038916, "return_60d": -0.194645, "return_252d": -0.139812, "sma_20": 234.9595, "sma_50": 262.9486, "sma_200": 292.87615, "price_vs_sma20": 0.04584, "price_vs_sma50": -0.065483, "price_vs_sma200": -0.160976, "volatility_20d": 0.463972, "volatility_60d": 0.365267, "drawdown": -0.282058, "max_drawdown_1y": -0.361206, "volume_ratio": 1.373971, "rsi_14": 52.19847, "macd": -9.151216, "macd_signal": -11.6423, "macd_histogram": 2.491084, "bb_width": 0.16585, "bb_position": 0.764278, "stoch_k": 91.184328, "stoch_d": 59.710669, "adx": 45.468342, "atr_14": 9.394669, "last_close": 245.73, "last_date": "2026-02-27"}