{"return_1d": 0.053202, "return_5d": 0.083223, "return_20d": -0.038368, "return_60d": -0.194186, "return_252d": -0.139322, "sma_20": 234.9665, "sma_50": 262.9514, "sma_200": 292.87685, "price_vs_sma20": 0.046404, "price_vs_sma50": -0.06496, "price_vs_sma200": -0.1605, "volatility_20d": 0.464905, "volatility_60d": 0.365661, "drawdown": -0.281649, "max_drawdown_1y": -0.361206, "volume_ratio": 2.014452, "rsi_14": 52.284306, "macd": -9.140048, "macd_signal": -11.640067, "macd_histogram": 2.500019, "bb_width": 0.165877, "bb_position": 0.767347, "stoch_k": 91.599881, "stoch_d": 59.849187, "adx": 45.468342, "atr_14": 9.394669, "last_close": 245.87, "last_date": "2026-02-27"}