{"return_1d": 0.004352, "return_5d": 0.129437, "return_20d": -0.023451, "return_60d": -0.204061, "return_252d": -0.125412, "sma_20": 234.67, "sma_50": 262.0106, "sma_200": 292.6265, "price_vs_sma20": 0.052286, "price_vs_sma50": -0.057519, "price_vs_sma200": -0.156126, "volatility_20d": 0.463959, "volatility_60d": 0.363615, "drawdown": -0.278523, "max_drawdown_1y": -0.361206, "volume_ratio": 0.889531, "rsi_14": 52.979265, "macd": -7.328287, "macd_signal": -10.777711, "macd_histogram": 3.449424, "bb_width": 0.157892, "bb_position": 0.814698, "stoch_k": 93.526655, "stoch_d": 80.851376, "adx": 42.777885, "atr_14": 9.162907, "last_close": 246.94, "last_date": "2026-03-02"}