{"return_1d": -0.011851, "return_5d": 0.061496, "return_20d": 0.09632, "return_60d": -0.134046, "return_252d": -0.023387, "sma_20": 237.5985, "sma_50": 258.8834, "sma_200": 291.882, "price_vs_sma20": 0.09845, "price_vs_sma50": 0.008137, "price_vs_sma200": -0.105837, "volatility_20d": 0.421816, "volatility_60d": 0.373899, "drawdown": -0.237473, "max_drawdown_1y": -0.361206, "volume_ratio": 0.77486, "rsi_14": 60.301468, "macd": 0.202325, "macd_signal": -5.53484, "macd_histogram": 5.737165, "bb_width": 0.206097, "bb_position": 0.934873, "stoch_k": 92.440692, "stoch_d": 96.357883, "adx": 34.494607, "atr_14": 8.771659, "last_close": 260.99, "last_date": "2026-03-06"}