{"return_1d": 0.024158, "return_5d": 0.131377, "return_20d": 0.085083, "return_60d": -0.138945, "return_252d": -0.012377, "sma_20": 236.452, "sma_50": 259.673, "sma_200": 292.05655, "price_vs_sma20": 0.117013, "price_vs_sma50": 0.017125, "price_vs_sma200": -0.095655, "volatility_20d": 0.428642, "volatility_60d": 0.374695, "drawdown": -0.228329, "max_drawdown_1y": -0.361206, "volume_ratio": 0.816695, "rsi_14": 63.01923, "macd": -1.208345, "macd_signal": -6.969132, "macd_histogram": 5.760787, "bb_width": 0.186819, "bb_position": 1.060732, "stoch_k": 98.733414, "stoch_d": 97.680599, "adx": 35.945674, "atr_14": 8.954864, "last_close": 264.12, "last_date": "2026-03-05"}