{"return_1d": 0.017719, "return_5d": 0.147146, "return_20d": 0.071016, "return_60d": -0.156809, "return_252d": -0.05198, "sma_20": 235.4165, "sma_50": 260.3922, "sma_200": 292.22635, "price_vs_sma20": 0.095463, "price_vs_sma50": -0.009609, "price_vs_sma200": -0.117499, "volatility_20d": 0.423096, "volatility_60d": 0.370818, "drawdown": -0.246531, "max_drawdown_1y": -0.361206, "volume_ratio": 0.982503, "rsi_14": 59.658829, "macd": -3.309987, "macd_signal": -8.409328, "macd_histogram": 5.099341, "bb_width": 0.166506, "bb_position": 1.023367, "stoch_k": 97.899543, "stoch_d": 95.945013, "adx": 37.508362, "atr_14": 9.039853, "last_close": 257.89, "last_date": "2026-03-04"}