{"return_1d": -0.001181, "return_5d": -0.064737, "return_20d": -0.18012, "return_60d": -0.294403, "return_252d": -0.38204, "sma_20": 990.205, "sma_50": 1207.77, "sma_200": 1400.8125, "price_vs_sma20": -0.060397, "price_vs_sma50": -0.229655, "price_vs_sma200": -0.335814, "volatility_20d": 0.929794, "volatility_60d": 0.587619, "drawdown": -0.66363, "max_drawdown_1y": -0.675633, "volume_ratio": 0.748285, "rsi_14": 33.567969, "macd": -74.060721, "macd_signal": -82.607616, "macd_histogram": 8.546895, "bb_width": 0.391455, "bb_position": 0.335795, "stoch_k": 17.69158, "stoch_d": 31.954239, "adx": 32.263199, "atr_14": 49.123929, "last_close": 930.4, "last_date": "2026-03-06"}