{"return_1d": 0.012222, "return_5d": -0.003527, "return_20d": -0.17959, "return_60d": -0.288054, "return_252d": -0.397151, "sma_20": 1011.215, "sma_50": 1225.35, "sma_200": 1407.6525, "price_vs_sma20": -0.049955, "price_vs_sma50": -0.215979, "price_vs_sma200": -0.317516, "volatility_20d": 0.929265, "volatility_60d": 0.586439, "drawdown": -0.652675, "max_drawdown_1y": -0.675633, "volume_ratio": 0.064521, "rsi_14": 36.379955, "macd": -77.206269, "macd_signal": -86.884084, "macd_histogram": 9.677815, "bb_width": 0.410482, "bb_position": 0.371903, "stoch_k": 55.248619, "stoch_d": 41.062844, "adx": 33.841993, "atr_14": 47.842165, "last_close": 960.7, "last_date": "2026-03-04"}