{"return_1d": -0.017857, "return_5d": -0.052202, "return_20d": -0.178028, "return_60d": -0.294978, "return_252d": -0.390631, "sma_20": 1000.875, "sma_50": 1216.606, "sma_200": 1404.3105, "price_vs_sma20": -0.060322, "price_vs_sma50": -0.226948, "price_vs_sma200": -0.330276, "volatility_20d": 0.927508, "volatility_60d": 0.586521, "drawdown": -0.659978, "max_drawdown_1y": -0.675633, "volume_ratio": 0.111505, "rsi_14": 34.406035, "macd": -75.26958, "macd_signal": -84.60075, "macd_histogram": 9.33117, "bb_width": 0.403357, "bb_position": 0.340849, "stoch_k": 33.188532, "stoch_d": 44.027853, "adx": 32.963377, "atr_14": 48.091704, "last_close": 940.5, "last_date": "2026-03-05"}