{"return_1d": 0.002519, "return_5d": -0.006789, "return_20d": -0.206319, "return_60d": -0.264201, "return_252d": -0.412751, "sma_20": 1048.11, "sma_50": 1249.384, "sma_200": 1417.363, "price_vs_sma20": -0.050863, "price_vs_sma50": -0.203768, "price_vs_sma200": -0.298133, "volatility_20d": 0.95178, "volatility_60d": 0.585969, "drawdown": -0.640347, "max_drawdown_1y": -0.675633, "volume_ratio": 0.878521, "rsi_14": 38.357936, "macd": -86.573513, "macd_signal": -93.480317, "macd_histogram": 6.906804, "bb_width": 0.472644, "bb_position": 0.38662, "stoch_k": 28.733094, "stoch_d": 25.678535, "adx": 34.509547, "atr_14": 51.602959, "last_close": 994.8, "last_date": "2026-02-27"}