{"return_1d": 0.011158, "return_5d": 0.02935, "return_20d": 0.091645, "return_60d": 0.107724, "return_252d": 0.173891, "sma_20": 107.9295, "sma_50": 103.815, "sma_200": 100.224964, "price_vs_sma20": 0.049574, "price_vs_sma50": 0.091172, "price_vs_sma200": 0.130257, "volatility_20d": 0.176943, "volatility_60d": 0.147413, "drawdown": 0.0, "max_drawdown_1y": -0.084509, "volume_ratio": 0.834103, "rsi_14": 74.88285, "macd": 2.485133, "macd_signal": 2.13674, "macd_histogram": 0.348393, "bb_width": 0.11784, "bb_position": 0.900821, "stoch_k": 98.314015, "stoch_d": 92.35802, "adx": 35.119288, "atr_14": 1.85352, "last_close": 113.28, "last_date": "2026-02-27"}