{"return_1d": 0.000987, "return_5d": -0.015537, "return_20d": 0.064021, "return_60d": 0.13092, "return_252d": 0.162676, "sma_20": 110.0245, "sma_50": 105.1648, "sma_200": 100.666939, "price_vs_sma20": 0.013592, "price_vs_sma50": 0.060431, "price_vs_sma200": 0.107812, "volatility_20d": 0.188181, "volatility_60d": 0.148208, "drawdown": -0.015971, "max_drawdown_1y": -0.084509, "volume_ratio": 0.88513, "rsi_14": 60.771715, "macd": 2.144622, "macd_signal": 2.266526, "macd_histogram": -0.121904, "bb_width": 0.095885, "bb_position": 0.639856, "stoch_k": 60.594796, "stoch_d": 71.567907, "adx": 30.140442, "atr_14": 1.961834, "last_close": 111.52, "last_date": "2026-03-06"}