{"return_1d": -0.003355, "return_5d": 0.015653, "return_20d": 0.093145, "return_60d": 0.120214, "return_252d": 0.168305, "sma_20": 108.4105, "sma_50": 104.1132, "sma_200": 100.328001, "price_vs_sma20": 0.041412, "price_vs_sma50": 0.084397, "price_vs_sma200": 0.125309, "volatility_20d": 0.176067, "volatility_60d": 0.143909, "drawdown": -0.003355, "max_drawdown_1y": -0.084509, "volume_ratio": 0.944227, "rsi_14": 72.478083, "macd": 2.516419, "macd_signal": 2.212676, "macd_histogram": 0.303743, "bb_width": 0.117827, "bb_position": 0.837489, "stoch_k": 92.077088, "stoch_d": 94.386012, "adx": 36.181068, "atr_14": 1.784697, "last_close": 112.9, "last_date": "2026-03-02"}