{"return_1d": -0.010278, "return_5d": -0.00355, "return_20d": 0.123663, "return_60d": 0.126232, "return_252d": 0.285447, "sma_20": 127.07942, "sma_50": 120.399906, "sma_200": 112.172136, "price_vs_sma20": 0.038091, "price_vs_sma50": 0.095682, "price_vs_sma200": 0.17605, "volatility_20d": 0.207275, "volatility_60d": 0.169673, "drawdown": -0.014198, "max_drawdown_1y": -0.089691, "volume_ratio": 1.11085, "rsi_14": 68.537099, "macd": 3.86706, "macd_signal": 3.567969, "macd_histogram": 0.299091, "bb_width": 0.162088, "bb_position": 0.726379, "stoch_k": 81.033263, "stoch_d": 89.080679, "adx": 46.320663, "atr_14": 2.492367, "last_close": 131.92, "last_date": "2026-03-03"}