{"return_1d": 0.015821, "return_5d": 0.037257, "return_20d": 0.134561, "return_60d": 0.122322, "return_252d": 0.29729, "sma_20": 125.649525, "sma_50": 119.652732, "sma_200": 111.815249, "price_vs_sma20": 0.067971, "price_vs_sma50": 0.121495, "price_vs_sma200": 0.200105, "volatility_20d": 0.207563, "volatility_60d": 0.171951, "drawdown": 0.0, "max_drawdown_1y": -0.089691, "volume_ratio": 0.408004, "rsi_14": 77.832255, "macd": 4.043703, "macd_signal": 3.367736, "macd_histogram": 0.675968, "bb_width": 0.168001, "bb_position": 0.878836, "stoch_k": 97.375901, "stoch_d": 95.933016, "adx": 45.997668, "atr_14": 2.488537, "last_close": 134.19, "last_date": "2026-02-27"}