{"return_1d": -0.011084, "return_5d": -0.000454, "return_20d": 0.109218, "return_60d": 0.132245, "return_252d": 0.296519, "sma_20": 128.41931, "sma_50": 121.145802, "sma_200": 112.500893, "price_vs_sma20": 0.028194, "price_vs_sma50": 0.089926, "price_vs_sma200": 0.17368, "volatility_20d": 0.207019, "volatility_60d": 0.172535, "drawdown": -0.013301, "max_drawdown_1y": -0.089691, "volume_ratio": 1.381703, "rsi_14": 65.332539, "macd": 3.64255, "macd_signal": 3.625107, "macd_histogram": 0.017443, "bb_width": 0.148863, "bb_position": 0.684205, "stoch_k": 67.95995, "stoch_d": 79.698012, "adx": 44.3524, "atr_14": 2.567806, "last_close": 132.04, "last_date": "2026-03-05"}