{"return_1d": 0.012129, "return_5d": 0.008002, "return_20d": 0.115237, "return_60d": 0.140086, "return_252d": 0.281105, "sma_20": 127.76925, "sma_50": 120.77684, "sma_200": 112.343704, "price_vs_sma20": 0.045009, "price_vs_sma50": 0.10551, "price_vs_sma200": 0.188496, "volatility_20d": 0.202214, "volatility_60d": 0.170857, "drawdown": -0.002242, "max_drawdown_1y": -0.089691, "volume_ratio": 1.28317, "rsi_14": 71.536198, "macd": 3.831859, "macd_signal": 3.620747, "macd_histogram": 0.211113, "bb_width": 0.157012, "bb_position": 0.774313, "stoch_k": 90.100825, "stoch_d": 87.445412, "adx": 45.461847, "atr_14": 2.521484, "last_close": 133.52, "last_date": "2026-03-04"}