{"return_1d": -0.004899, "return_5d": -0.124923, "return_20d": -0.097143, "return_60d": 0.021552, "return_252d": 0.37317, "sma_20": 15.8875, "sma_50": 15.049, "sma_200": 13.34157, "price_vs_sma20": -0.104957, "price_vs_sma50": -0.055087, "price_vs_sma200": 0.065842, "volatility_20d": 0.703687, "volatility_60d": 0.502676, "drawdown": -0.445562, "max_drawdown_1y": -0.634297, "volume_ratio": 1.374306, "rsi_14": 37.890022, "macd": -0.11563, "macd_signal": 0.213549, "macd_histogram": -0.329179, "bb_width": 0.247705, "bb_position": 0.026596, "stoch_k": 3.107345, "stoch_d": 3.389831, "adx": 34.783508, "atr_14": 0.587036, "last_close": 14.22, "last_date": "2026-03-05"}