{"return_1d": -0.002111, "return_5d": -0.128457, "return_20d": -0.037339, "return_60d": 0.034282, "return_252d": 0.27833, "sma_20": 16.054, "sma_50": 15.023, "sma_200": 13.3189, "price_vs_sma20": -0.116731, "price_vs_sma50": -0.056114, "price_vs_sma200": 0.064652, "volatility_20d": 0.785694, "volatility_60d": 0.50331, "drawdown": -0.447122, "max_drawdown_1y": -0.634297, "volume_ratio": 3.108206, "rsi_14": 37.179083, "macd": 0.111275, "macd_signal": 0.373031, "macd_histogram": -0.261756, "bb_width": 0.196266, "bb_position": -0.173363, "stoch_k": 1.977401, "stoch_d": 27.482247, "adx": 37.504327, "atr_14": 0.661769, "last_close": 14.18, "last_date": "2026-03-03"}