{"return_1d": 0.055538, "return_5d": 0.038916, "return_20d": 0.153963, "return_60d": 0.240571, "return_252d": 0.6606, "sma_20": 16.097125, "sma_50": 14.894524, "sma_200": 13.161647, "price_vs_sma20": 0.065563, "price_vs_sma50": 0.151598, "price_vs_sma200": 0.303218, "volatility_20d": 0.417816, "volatility_60d": 0.332386, "drawdown": -0.323306, "max_drawdown_1y": -0.634295, "volume_ratio": 1.944083, "rsi_14": 71.128398, "macd": 0.506661, "macd_signal": 0.511506, "macd_histogram": -0.004845, "bb_width": 0.129423, "bb_position": 0.97541, "stoch_k": 72.961957, "stoch_d": 64.919306, "adx": 42.863887, "atr_14": 0.514205, "last_close": 17.1525, "last_date": "2026-02-27"}