{"return_1d": 0.063385, "return_5d": 0.046638, "return_20d": 0.148936, "return_60d": 0.235168, "return_252d": 0.653367, "sma_20": 16.1035, "sma_50": 14.9972, "sma_200": 13.299069, "price_vs_sma20": 0.073059, "price_vs_sma50": 0.152215, "price_vs_sma200": 0.299339, "volatility_20d": 0.440272, "volatility_60d": 0.341435, "drawdown": -0.326253, "max_drawdown_1y": -0.634297, "volume_ratio": 2.468997, "rsi_14": 71.269131, "macd": 0.486761, "macd_signal": 0.478249, "macd_histogram": 0.008512, "bb_width": 0.131402, "bb_position": 1.01814, "stoch_k": 79.891304, "stoch_d": 67.229088, "adx": 40.56301, "atr_14": 0.517377, "last_close": 17.28, "last_date": "2026-02-27"}