{"return_1d": 0.063385, "return_5d": 0.046638, "return_20d": 0.16254, "return_60d": 0.249792, "return_252d": 0.672943, "sma_20": 16.1035, "sma_50": 14.897074, "sma_200": 13.162284, "price_vs_sma20": 0.073059, "price_vs_sma50": 0.159959, "price_vs_sma200": 0.312842, "volatility_20d": 0.430516, "volatility_60d": 0.337944, "drawdown": -0.318276, "max_drawdown_1y": -0.634295, "volume_ratio": 2.468997, "rsi_14": 72.153465, "macd": 0.516832, "macd_signal": 0.51354, "macd_histogram": 0.003292, "bb_width": 0.131402, "bb_position": 1.01814, "stoch_k": 79.891304, "stoch_d": 67.229088, "adx": 42.863887, "atr_14": 0.514205, "last_close": 17.28, "last_date": "2026-02-27"}