{"return_1d": -0.009125, "return_5d": -0.009647, "return_20d": 0.027327, "return_60d": 0.036331, "return_252d": 0.090431, "sma_20": 113.60073, "sma_50": 110.95839, "sma_200": 106.637117, "price_vs_sma20": -0.005904, "price_vs_sma50": 0.017769, "price_vs_sma200": 0.059012, "volatility_20d": 0.230211, "volatility_60d": 0.176425, "drawdown": -0.033541, "max_drawdown_1y": -0.135592, "volume_ratio": 1.524361, "rsi_14": 51.620812, "macd": 0.680185, "macd_signal": 0.958542, "macd_histogram": -0.278357, "bb_width": 0.060297, "bb_position": 0.401499, "stoch_k": 30.232031, "stoch_d": 30.731442, "adx": 15.195157, "atr_14": 2.269769, "last_close": 112.93, "last_date": "2026-02-27"}