{"return_1d": -0.006756, "return_5d": -0.007279, "return_20d": 0.029784, "return_60d": 0.038808, "return_252d": 0.093038, "sma_20": 113.61423, "sma_50": 110.96379, "sma_200": 106.638465, "price_vs_sma20": -0.003646, "price_vs_sma50": 0.020153, "price_vs_sma200": 0.061531, "volatility_20d": 0.228918, "volatility_60d": 0.17593, "drawdown": -0.03123, "max_drawdown_1y": -0.135592, "volume_ratio": 0.585263, "rsi_14": 52.59717, "macd": 0.701724, "macd_signal": 0.96285, "macd_histogram": -0.261126, "bb_width": 0.060001, "bb_position": 0.439014, "stoch_k": 34.313355, "stoch_d": 32.091883, "adx": 15.192532, "atr_14": 2.266912, "last_close": 113.2, "last_date": "2026-02-27"}