{"return_1d": -0.008116, "return_5d": -0.000267, "return_20d": 0.009624, "return_60d": 0.036568, "return_252d": 0.049307, "sma_20": 113.803635, "sma_50": 111.097444, "sma_200": 106.743535, "price_vs_sma20": -0.01207, "price_vs_sma50": 0.011994, "price_vs_sma200": 0.053272, "volatility_20d": 0.230726, "volatility_60d": 0.176817, "drawdown": -0.03782, "max_drawdown_1y": -0.135592, "volume_ratio": 1.124065, "rsi_14": 49.554367, "macd": 0.527352, "macd_signal": 0.821294, "macd_histogram": -0.293942, "bb_width": 0.052205, "bb_position": 0.265967, "stoch_k": 25.921367, "stoch_d": 30.911385, "adx": 14.134697, "atr_14": 2.280668, "last_close": 112.43, "last_date": "2026-03-03"}