{"return_1d": 0.000445, "return_5d": 0.000356, "return_20d": 0.009261, "return_60d": 0.03513, "return_252d": 0.043388, "sma_20": 113.85524, "sma_50": 111.14952, "sma_200": 106.788258, "price_vs_sma20": -0.012079, "price_vs_sma50": 0.01197, "price_vs_sma200": 0.053299, "volatility_20d": 0.230725, "volatility_60d": 0.176801, "drawdown": -0.037392, "max_drawdown_1y": -0.135592, "volume_ratio": 0.767093, "rsi_14": 49.74971, "macd": 0.437286, "macd_signal": 0.744492, "macd_histogram": -0.307207, "bb_width": 0.049794, "bb_position": 0.254458, "stoch_k": 26.645428, "stoch_d": 29.715851, "adx": 13.496413, "atr_14": 2.240621, "last_close": 112.48, "last_date": "2026-03-04"}