{"return_1d": -0.010018, "return_5d": -0.019064, "return_20d": 0.090544, "return_60d": 0.065686, "return_252d": -0.019111, "sma_20": 171.743, "sma_50": 163.7408, "sma_200": 171.1547, "price_vs_sma20": 0.012676, "price_vs_sma50": 0.062167, "price_vs_sma200": 0.016157, "volatility_20d": 0.291431, "volatility_60d": 0.197982, "drawdown": -0.064443, "max_drawdown_1y": -0.162561, "volume_ratio": 0.098024, "rsi_14": 59.364531, "macd": 3.938908, "macd_signal": 3.736043, "macd_histogram": 0.202865, "bb_width": 0.097459, "bb_position": 0.628437, "stoch_k": 56.387097, "stoch_d": 69.462366, "adx": 38.950643, "atr_14": 3.066725, "last_close": 173.92, "last_date": "2026-03-03"}