{"return_1d": 0.0, "return_5d": -0.025799, "return_20d": 0.030371, "return_60d": 0.065252, "return_252d": -0.019265, "sma_20": 171.988, "sma_50": 164.0204, "sma_200": 171.1025, "price_vs_sma20": 0.009954, "price_vs_sma50": 0.059015, "price_vs_sma200": 0.015181, "volatility_20d": 0.216348, "volatility_60d": 0.198271, "drawdown": -0.065627, "max_drawdown_1y": -0.162561, "volume_ratio": 0.056308, "rsi_14": 58.803912, "macd": 3.605181, "macd_signal": 3.707063, "macd_histogram": -0.101882, "bb_width": 0.09645, "bb_position": 0.602189, "stoch_k": 54.967742, "stoch_d": 59.225806, "adx": 37.435418, "atr_14": 3.004714, "last_close": 173.7, "last_date": "2026-03-04"}