{"return_1d": -0.017616, "return_5d": -0.061378, "return_20d": -0.002623, "return_60d": 0.055387, "return_252d": -0.040932, "sma_20": 172.024, "sma_50": 164.3488, "sma_200": 170.9293, "price_vs_sma20": -0.027461, "price_vs_sma50": 0.017957, "price_vs_sma200": -0.021233, "volatility_20d": 0.232349, "volatility_60d": 0.199324, "drawdown": -0.100054, "max_drawdown_1y": -0.162561, "volume_ratio": 1.187164, "rsi_14": 44.368927, "macd": 2.269865, "macd_signal": 3.28683, "macd_histogram": -1.016965, "bb_width": 0.098183, "bb_position": 0.212407, "stoch_k": 13.677419, "stoch_d": 31.010753, "adx": 33.700593, "atr_14": 3.223613, "last_close": 167.3, "last_date": "2026-03-06"}