{"return_1d": -0.007019, "return_5d": 0.015265, "return_20d": 0.12853, "return_60d": 0.084977, "return_252d": 0.020175, "sma_20": 170.209, "sma_50": 163.1296, "sma_200": 171.2613, "price_vs_sma20": 0.047183, "price_vs_sma50": 0.092628, "price_vs_sma200": 0.040749, "volatility_20d": 0.277878, "volatility_60d": 0.194383, "drawdown": -0.041205, "max_drawdown_1y": -0.162561, "volume_ratio": 1.578478, "rsi_14": 72.332561, "macd": 4.446485, "macd_signal": 3.539689, "macd_histogram": 0.906795, "bb_width": 0.122258, "bb_position": 0.868543, "stoch_k": 84.258065, "stoch_d": 92.289987, "adx": 40.399124, "atr_14": 2.950403, "last_close": 178.24, "last_date": "2026-02-27"}