{"return_1d": -0.013353, "return_5d": 0.006294, "return_20d": 0.102985, "return_60d": 0.073889, "return_252d": -0.010472, "sma_20": 171.03, "sma_50": 163.46, "sma_200": 171.2126, "price_vs_sma20": 0.028241, "price_vs_sma50": 0.07586, "price_vs_sma200": 0.027144, "volatility_20d": 0.286007, "volatility_60d": 0.196522, "drawdown": -0.054008, "max_drawdown_1y": -0.162561, "volume_ratio": 0.127853, "rsi_14": 64.773995, "macd": 4.282237, "macd_signal": 3.688199, "macd_histogram": 0.594038, "bb_width": 0.113277, "bb_position": 0.742459, "stoch_k": 68.903226, "stoch_d": 83.658499, "adx": 39.675193, "atr_14": 3.101088, "last_close": 175.86, "last_date": "2026-03-02"}