{"return_1d": 0.004978, "return_5d": 0.003854, "return_20d": 0.085933, "return_60d": 0.059565, "return_252d": 0.055106, "sma_20": 77.8815, "sma_50": 78.6516, "sma_200": 79.463559, "price_vs_sma20": 0.036832, "price_vs_sma50": 0.02668, "price_vs_sma200": 0.016189, "volatility_20d": 0.232968, "volatility_60d": 0.288997, "drawdown": -0.067444, "max_drawdown_1y": -0.169766, "volume_ratio": 0.760477, "rsi_14": 63.736515, "macd": 1.105585, "macd_signal": 0.709973, "macd_histogram": 0.395612, "bb_width": 0.114872, "bb_position": 0.809242, "stoch_k": 90.629575, "stoch_d": 85.749146, "adx": 25.162655, "atr_14": 1.672715, "last_close": 80.75, "last_date": "2026-02-27"}