{"return_1d": -0.01686, "return_5d": -0.02199, "return_20d": 0.036335, "return_60d": 0.036989, "return_252d": -0.01114, "sma_20": 78.969, "sma_50": 78.0052, "sma_200": 79.395297, "price_vs_sma20": -0.003153, "price_vs_sma50": 0.009163, "price_vs_sma200": -0.008506, "volatility_20d": 0.25196, "volatility_60d": 0.299766, "drawdown": -0.090888, "max_drawdown_1y": -0.169766, "volume_ratio": 1.122069, "rsi_14": 50.717839, "macd": 0.731615, "macd_signal": 0.822171, "macd_histogram": -0.090556, "bb_width": 0.084468, "bb_position": 0.462553, "stoch_k": 31.603774, "stoch_d": 42.953719, "adx": 20.016958, "atr_14": 1.834639, "last_close": 78.72, "last_date": "2026-03-06"}