{"return_1d": 0.001742, "return_5d": 0.000622, "return_20d": 0.082437, "return_60d": 0.056154, "return_252d": 0.051709, "sma_20": 77.8685, "sma_50": 78.6464, "sma_200": 79.462259, "price_vs_sma20": 0.033666, "price_vs_sma50": 0.023442, "price_vs_sma200": 0.012934, "volatility_20d": 0.233114, "volatility_60d": 0.288889, "drawdown": -0.070447, "max_drawdown_1y": -0.169766, "volume_ratio": 1.976047, "rsi_14": 62.771192, "macd": 1.084844, "macd_signal": 0.705825, "macd_histogram": 0.379019, "bb_width": 0.114476, "bb_position": 0.784508, "stoch_k": 86.82284, "stoch_d": 84.480234, "adx": 25.162655, "atr_14": 1.686286, "last_close": 80.49, "last_date": "2026-02-27"}