{"return_1d": -0.025394, "return_5d": -0.00977, "return_20d": 0.069535, "return_60d": 0.031198, "return_252d": -0.026387, "sma_20": 78.4375, "sma_50": 78.4364, "sma_200": 79.448927, "price_vs_sma20": 0.007936, "price_vs_sma50": 0.00795, "price_vs_sma200": -0.004895, "volatility_20d": 0.249109, "volatility_60d": 0.294203, "drawdown": -0.086962, "max_drawdown_1y": -0.169766, "volume_ratio": 1.16598, "rsi_14": 53.054696, "macd": 1.024512, "macd_signal": 0.840711, "macd_histogram": 0.1838, "bb_width": 0.105596, "bb_position": 0.574565, "stoch_k": 53.956835, "stoch_d": 77.899174, "adx": 23.66468, "atr_14": 1.781083, "last_close": 79.06, "last_date": "2026-03-03"}