{"return_1d": -0.015415, "return_5d": -0.009501, "return_20d": -0.063983, "return_60d": -0.084393, "return_252d": 0.07349, "sma_20": 189.4095, "sma_50": 198.5274, "sma_200": 190.27505, "price_vs_sma20": -0.042287, "price_vs_sma50": -0.086272, "price_vs_sma200": -0.046643, "volatility_20d": 0.348585, "volatility_60d": 0.26072, "drawdown": -0.176203, "max_drawdown_1y": -0.234546, "volume_ratio": 0.179503, "rsi_14": 36.850769, "macd": -4.217665, "macd_signal": -3.676093, "macd_histogram": -0.541571, "bb_width": 0.108779, "bb_position": 0.094097, "stoch_k": 15.744681, "stoch_d": 22.089331, "adx": 28.003213, "atr_14": 5.070251, "last_close": 181.4, "last_date": "2026-03-02"}