{"return_1d": -0.002161, "return_5d": -0.047438, "return_20d": -0.082593, "return_60d": -0.102026, "return_252d": 0.10089, "sma_20": 186.5875, "sma_50": 196.9386, "sma_200": 190.58455, "price_vs_sma20": -0.059423, "price_vs_sma50": -0.108859, "price_vs_sma200": -0.079149, "volatility_20d": 0.356009, "volatility_60d": 0.26717, "drawdown": -0.202997, "max_drawdown_1y": -0.234546, "volume_ratio": 1.251545, "rsi_14": 33.361557, "macd": -5.629389, "macd_signal": -4.679351, "macd_histogram": -0.950038, "bb_width": 0.166112, "bb_position": 0.119673, "stoch_k": 10.13986, "stoch_d": 10.78202, "adx": 30.768398, "atr_14": 5.256093, "last_close": 175.5, "last_date": "2026-03-06"}