{"return_1d": 0.00114, "return_5d": -0.048027, "return_20d": -0.067141, "return_60d": -0.107168, "return_252d": 0.059022, "sma_20": 187.9805, "sma_50": 197.7282, "sma_200": 190.43185, "price_vs_sma20": -0.065754, "price_vs_sma50": -0.111811, "price_vs_sma200": -0.07778, "volatility_20d": 0.357731, "volatility_60d": 0.267534, "drawdown": -0.202452, "max_drawdown_1y": -0.234546, "volume_ratio": 0.059974, "rsi_14": 32.330754, "macd": -5.317318, "macd_signal": -4.213813, "macd_histogram": -1.103505, "bb_width": 0.14839, "bb_position": 0.025694, "stoch_k": 7.78659, "stoch_d": 8.610307, "adx": 30.262486, "atr_14": 4.973736, "last_close": 175.62, "last_date": "2026-03-04"}