{"return_1d": 0.013318, "return_5d": -0.038449, "return_20d": -0.052554, "return_60d": -0.093498, "return_252d": 0.125529, "sma_20": 187.5615, "sma_50": 197.4366, "sma_200": 190.53645, "price_vs_sma20": -0.042661, "price_vs_sma50": -0.090543, "price_vs_sma200": -0.057608, "volatility_20d": 0.363665, "volatility_60d": 0.269755, "drawdown": -0.184559, "max_drawdown_1y": -0.234546, "volume_ratio": 0.155606, "rsi_14": 38.394748, "macd": -5.161225, "macd_signal": -4.383129, "macd_histogram": -0.778096, "bb_width": 0.147546, "bb_position": 0.197982, "stoch_k": 21.989906, "stoch_d": 14.179284, "adx": 30.381693, "atr_14": 5.09898, "last_close": 179.56, "last_date": "2026-03-05"}