{"return_1d": -0.005991, "return_5d": -0.019908, "return_20d": -0.058032, "return_60d": -0.090448, "return_252d": 0.058755, "sma_20": 188.8015, "sma_50": 198.2082, "sma_200": 190.35915, "price_vs_sma20": -0.050855, "price_vs_sma50": -0.0959, "price_vs_sma200": -0.058622, "volatility_20d": 0.347814, "volatility_60d": 0.262445, "drawdown": -0.186194, "max_drawdown_1y": -0.234546, "volume_ratio": 0.091688, "rsi_14": 34.949811, "macd": -4.612298, "macd_signal": -3.877629, "macd_histogram": -0.734669, "bb_width": 0.12247, "bb_position": 0.062505, "stoch_k": 6.382979, "stoch_d": 12.225547, "adx": 28.713241, "atr_14": 4.916661, "last_close": 179.2, "last_date": "2026-03-03"}