{"return_1d": 0.013418, "return_5d": -0.032566, "return_20d": -0.06827, "return_60d": -0.088007, "return_252d": 0.118077, "sma_20": 186.7245, "sma_50": 196.9934, "sma_200": 190.59825, "price_vs_sma20": -0.045439, "price_vs_sma50": -0.095198, "price_vs_sma200": -0.064839, "volatility_20d": 0.361364, "volatility_60d": 0.268944, "drawdown": -0.190554, "max_drawdown_1y": -0.234546, "volume_ratio": 0.063351, "rsi_14": 37.501332, "macd": -5.410814, "macd_signal": -4.635636, "macd_histogram": -0.775178, "bb_width": 0.159376, "bb_position": 0.201326, "stoch_k": 17.231435, "stoch_d": 13.145878, "adx": 30.370278, "atr_14": 5.016093, "last_close": 178.24, "last_date": "2026-03-06"}