{"return_1d": -0.018796, "return_5d": -0.029095, "return_20d": -0.076897, "return_60d": 0.00927, "return_252d": 0.106702, "sma_20": 225.92123, "sma_50": 232.76437, "sma_200": 213.706375, "price_vs_sma20": -0.013329, "price_vs_sma50": -0.042336, "price_vs_sma200": 0.043067, "volatility_20d": 0.400153, "volatility_60d": 0.26357, "drawdown": -0.080122, "max_drawdown_1y": -0.208297, "volume_ratio": 0.586998, "rsi_14": 42.795198, "macd": -1.064435, "macd_signal": -1.628944, "macd_histogram": 0.564508, "bb_width": 0.133661, "bb_position": 0.398933, "stoch_k": 34.529381, "stoch_d": 62.569378, "adx": 21.382241, "atr_14": 5.983808, "last_close": 222.91, "last_date": "2026-03-06"}