{"return_1d": 0.000654, "return_5d": 0.023539, "return_20d": -0.03361, "return_60d": 0.022592, "return_252d": 0.130473, "sma_20": 228.42974, "sma_50": 233.476956, "sma_200": 212.906342, "price_vs_sma20": 0.005079, "price_vs_sma50": -0.016648, "price_vs_sma200": 0.078361, "volatility_20d": 0.387713, "volatility_60d": 0.258455, "drawdown": -0.052555, "max_drawdown_1y": -0.208297, "volume_ratio": 0.819753, "rsi_14": 51.625688, "macd": -2.428304, "macd_signal": -3.012234, "macd_histogram": 0.58393, "bb_width": 0.164998, "bb_position": 0.530628, "stoch_k": 59.770783, "stoch_d": 52.564505, "adx": 26.466823, "atr_14": 6.074949, "last_close": 229.59, "last_date": "2026-02-27"}