{"return_1d": -0.002826, "return_5d": 0.045053, "return_20d": -0.027263, "return_60d": 0.051753, "return_252d": 0.137842, "sma_20": 227.92255, "sma_50": 233.43662, "sma_200": 213.275655, "price_vs_sma20": 0.021794, "price_vs_sma50": -0.002342, "price_vs_sma200": 0.091967, "volatility_20d": 0.391611, "volatility_60d": 0.257799, "drawdown": -0.038937, "max_drawdown_1y": -0.208297, "volume_ratio": 0.654501, "rsi_14": 55.109642, "macd": -1.031085, "macd_signal": -2.394166, "macd_histogram": 1.363081, "bb_width": 0.155422, "bb_position": 0.637237, "stoch_k": 90.146928, "stoch_d": 79.600805, "adx": 23.248304, "atr_14": 6.170441, "last_close": 232.89, "last_date": "2026-03-03"}