{"return_1d": -0.020565, "return_5d": -0.00985, "return_20d": -0.054731, "return_60d": 0.02348, "return_252d": 0.119366, "sma_20": 226.849675, "sma_50": 233.116826, "sma_200": 213.593304, "price_vs_sma20": 0.001456, "price_vs_sma50": -0.025467, "price_vs_sma200": 0.06361, "volatility_20d": 0.397077, "volatility_60d": 0.260803, "drawdown": -0.062501, "max_drawdown_1y": -0.208297, "volume_ratio": 0.709682, "rsi_14": 47.567821, "macd": -0.686289, "macd_signal": -1.770071, "macd_histogram": 1.083782, "bb_width": 0.143331, "bb_position": 0.510144, "stoch_k": 66.58044, "stoch_d": 81.10856, "adx": 21.130597, "atr_14": 5.95487, "last_close": 227.18, "last_date": "2026-03-05"}