{"return_1d": -0.004036, "return_5d": 0.03489, "return_20d": -0.034563, "return_60d": 0.038446, "return_252d": 0.12229, "sma_20": 227.507355, "sma_50": 233.334284, "sma_200": 213.45342, "price_vs_sma20": 0.019527, "price_vs_sma50": -0.005933, "price_vs_sma200": 0.086654, "volatility_20d": 0.391356, "volatility_60d": 0.257487, "drawdown": -0.042816, "max_drawdown_1y": -0.208297, "volume_ratio": 0.762133, "rsi_14": 53.790437, "macd": -0.628418, "macd_signal": -2.041016, "macd_histogram": 1.412599, "bb_width": 0.149268, "bb_position": 0.628316, "stoch_k": 86.598312, "stoch_d": 88.543314, "adx": 21.859401, "atr_14": 5.997552, "last_close": 231.95, "last_date": "2026-03-04"}