{"return_1d": 0.012965, "return_5d": 0.053716, "return_20d": -0.071998, "return_60d": -0.070517, "return_252d": -0.299067, "sma_20": 224.517, "sma_50": 243.6068, "sma_200": 281.401887, "price_vs_sma20": 0.016137, "price_vs_sma50": -0.063491, "price_vs_sma200": -0.189273, "volatility_20d": 0.453982, "volatility_60d": 0.329093, "drawdown": -0.341408, "max_drawdown_1y": -0.408814, "volume_ratio": 0.525311, "rsi_14": 49.302412, "macd": -7.013782, "macd_signal": -9.021875, "macd_histogram": 2.008093, "bb_width": 0.265483, "bb_position": 0.559818, "stoch_k": 70.510638, "stoch_d": 56.808823, "adx": 32.859847, "atr_14": 7.800013, "last_close": 228.14, "last_date": "2026-02-27"}