{"return_1d": 0.004689, "return_5d": 0.069706, "return_20d": -0.080603, "return_60d": -0.058722, "return_252d": -0.305828, "sma_20": 223.515, "sma_50": 243.1538, "sma_200": 280.896315, "price_vs_sma20": 0.025748, "price_vs_sma50": -0.057099, "price_vs_sma200": -0.183791, "volatility_20d": 0.450402, "volatility_60d": 0.329049, "drawdown": -0.338146, "max_drawdown_1y": -0.408814, "volume_ratio": 0.635222, "rsi_14": 50.41947, "macd": -5.857322, "macd_signal": -8.388199, "macd_histogram": 2.530877, "bb_width": 0.245831, "bb_position": 0.602108, "stoch_k": 95.141588, "stoch_d": 75.322367, "adx": 31.009124, "atr_14": 7.633533, "last_close": 229.27, "last_date": "2026-03-02"}