{"return_1d": 0.001554, "return_5d": 0.034154, "return_20d": -0.089412, "return_60d": -0.078362, "return_252d": -0.334245, "sma_20": 221.4055, "sma_50": 242.0992, "sma_200": 279.833406, "price_vs_sma20": 0.018855, "price_vs_sma50": -0.068233, "price_vs_sma200": -0.193878, "volatility_20d": 0.448396, "volatility_60d": 0.330672, "drawdown": -0.348798, "max_drawdown_1y": -0.408814, "volume_ratio": 0.99566, "rsi_14": 46.851914, "macd": -4.616507, "macd_signal": -7.125435, "macd_histogram": 2.508928, "bb_width": 0.210905, "bb_position": 0.587744, "stoch_k": 84.897279, "stoch_d": 87.988155, "adx": 28.668582, "atr_14": 7.577536, "last_close": 225.58, "last_date": "2026-03-04"}