{"return_1d": -0.003582, "return_5d": 0.00275, "return_20d": -0.057353, "return_60d": -0.037934, "return_252d": -0.322659, "sma_20": 219.04466, "sma_50": 240.301244, "sma_200": 277.869181, "price_vs_sma20": 0.041477, "price_vs_sma50": -0.05065, "price_vs_sma200": -0.179002, "volatility_20d": 0.445083, "volatility_60d": 0.330152, "drawdown": -0.339423, "max_drawdown_1y": -0.408814, "volume_ratio": 0.709564, "rsi_14": 50.371376, "macd": -3.126626, "macd_signal": -5.77367, "macd_histogram": 2.647044, "bb_width": 0.158654, "bb_position": 0.75102, "stoch_k": 90.597766, "stoch_d": 90.16616, "adx": 25.906649, "atr_14": 7.335157, "last_close": 228.13, "last_date": "2026-03-06"}