{"return_1d": 0.018042, "return_5d": 0.01967, "return_20d": -0.079744, "return_60d": -0.041967, "return_252d": -0.31313, "sma_20": 220.4105, "sma_50": 241.6244, "sma_200": 279.282057, "price_vs_sma20": 0.04192, "price_vs_sma50": -0.049558, "price_vs_sma200": -0.177713, "volatility_20d": 0.45365, "volatility_60d": 0.330433, "drawdown": -0.337049, "max_drawdown_1y": -0.408814, "volume_ratio": 0.67191, "rsi_14": 51.285972, "macd": -3.773812, "macd_signal": -6.455111, "macd_histogram": 2.681298, "bb_width": 0.177858, "bb_position": 0.726208, "stoch_k": 95.003446, "stoch_d": 87.942107, "adx": 27.23648, "atr_14": 7.546998, "last_close": 229.65, "last_date": "2026-03-05"}