{"return_1d": 0.013232, "return_5d": 0.053993, "return_20d": -0.071754, "return_60d": -0.070272, "return_252d": -0.298882, "sma_20": 224.52, "sma_50": 243.608, "sma_200": 281.402187, "price_vs_sma20": 0.016391, "price_vs_sma50": -0.063249, "price_vs_sma200": -0.189061, "volatility_20d": 0.45411, "volatility_60d": 0.329142, "drawdown": -0.341234, "max_drawdown_1y": -0.408814, "volume_ratio": 0.958767, "rsi_14": 49.358881, "macd": -7.008996, "macd_signal": -9.020918, "macd_histogram": 2.011922, "bb_width": 0.265426, "bb_position": 0.560756, "stoch_k": 70.638298, "stoch_d": 56.851376, "adx": 32.839648, "atr_14": 7.810728, "last_close": 228.2, "last_date": "2026-02-27"}