{"return_1d": -0.017621, "return_5d": 0.042828, "return_20d": -0.081706, "return_60d": -0.079605, "return_252d": -0.327287, "sma_20": 222.513, "sma_50": 242.6404, "sma_200": 280.385439, "price_vs_sma20": 0.012211, "price_vs_sma50": -0.071754, "price_vs_sma200": -0.196713, "volatility_20d": 0.45086, "volatility_60d": 0.330636, "drawdown": -0.349808, "max_drawdown_1y": -0.408814, "volume_ratio": 0.743999, "rsi_14": 46.462786, "macd": -5.210543, "macd_signal": -7.752667, "macd_histogram": 2.542125, "bb_width": 0.234278, "bb_position": 0.551491, "stoch_k": 83.925597, "stoch_d": 83.235161, "adx": 29.79551, "atr_14": 7.750423, "last_close": 225.23, "last_date": "2026-03-03"}