{"return_1d": -0.019227, "return_5d": 0.011011, "return_20d": 0.098782, "return_60d": 0.209726, "return_252d": 0.229009, "sma_20": 100.4635, "sma_50": 95.2632, "sma_200": 82.9924, "price_vs_sma20": 0.00534, "price_vs_sma50": 0.060221, "price_vs_sma200": 0.216979, "volatility_20d": 0.750323, "volatility_60d": 0.519126, "drawdown": -0.212905, "max_drawdown_1y": -0.468438, "volume_ratio": 0.532375, "rsi_14": 52.924695, "macd": 1.517121, "macd_signal": 1.920589, "macd_histogram": -0.403469, "bb_width": 0.225016, "bb_position": 0.523607, "stoch_k": 39.961575, "stoch_d": 44.860711, "adx": 18.000643, "atr_14": 4.768392, "last_close": 101.0, "last_date": "2026-03-05"}