{"return_1d": -0.017417, "return_5d": 0.04237, "return_20d": -0.011978, "return_60d": 0.119143, "return_252d": 0.233476, "sma_20": 99.1415, "sma_50": 94.2446, "sma_200": 82.5277, "price_vs_sma20": -0.0099, "price_vs_sma50": 0.041545, "price_vs_sma200": 0.189419, "volatility_20d": 0.760873, "volatility_60d": 0.518243, "drawdown": -0.235037, "max_drawdown_1y": -0.468438, "volume_ratio": 0.450585, "rsi_14": 49.744842, "macd": 1.750518, "macd_signal": 2.491807, "macd_histogram": -0.741289, "bb_width": 0.252577, "bb_position": 0.460412, "stoch_k": 27.607362, "stoch_d": 34.418758, "adx": 19.488864, "atr_14": 4.860683, "last_close": 98.16, "last_date": "2026-02-27"}