{"return_1d": 0.045473, "return_5d": 0.019475, "return_20d": 0.056401, "return_60d": 0.160396, "return_252d": 0.265245, "sma_20": 99.45, "sma_50": 94.7378, "sma_200": 82.7452, "price_vs_sma20": 0.026445, "price_vs_sma50": 0.0775, "price_vs_sma200": 0.233667, "volatility_20d": 0.771545, "volatility_60d": 0.524699, "drawdown": -0.204489, "max_drawdown_1y": -0.468438, "volume_ratio": 1.00434, "rsi_14": 54.895884, "macd": 1.497561, "macd_signal": 2.12498, "macd_histogram": -0.627419, "bb_width": 0.242611, "bb_position": 0.606195, "stoch_k": 45.148895, "stoch_d": 32.554974, "adx": 18.031213, "atr_14": 4.938727, "last_close": 102.08, "last_date": "2026-03-03"}