{"return_1d": 0.008817, "return_5d": 0.029388, "return_20d": 0.121909, "return_60d": 0.189145, "return_252d": 0.271358, "sma_20": 100.0095, "sma_50": 95.0276, "sma_200": 82.87755, "price_vs_sma20": 0.029702, "price_vs_sma50": 0.083685, "price_vs_sma200": 0.242556, "volatility_20d": 0.744742, "volatility_60d": 0.523385, "drawdown": -0.197475, "max_drawdown_1y": -0.468438, "volume_ratio": 0.536164, "rsi_14": 56.003274, "macd": 1.607361, "macd_signal": 2.021456, "macd_histogram": -0.414095, "bb_width": 0.232115, "bb_position": 0.624272, "stoch_k": 49.471662, "stoch_d": 39.481268, "adx": 17.878402, "atr_14": 4.795961, "last_close": 102.98, "last_date": "2026-03-04"}