{"return_1d": -0.007623, "return_5d": -0.011341, "return_20d": 0.005044, "return_60d": 0.124496, "return_252d": 0.253885, "sma_20": 99.1775, "sma_50": 94.4472, "sma_200": 82.62235, "price_vs_sma20": -0.015503, "price_vs_sma50": 0.033805, "price_vs_sma200": 0.181763, "volatility_20d": 0.756163, "volatility_60d": 0.517663, "drawdown": -0.23909, "max_drawdown_1y": -0.468438, "volume_ratio": 0.887315, "rsi_14": 49.017509, "macd": 1.42727, "macd_signal": 2.281835, "macd_histogram": -0.854565, "bb_width": 0.253569, "bb_position": 0.4379, "stoch_k": 23.823247, "stoch_d": 29.444936, "adx": 18.19578, "atr_14": 4.676322, "last_close": 97.64, "last_date": "2026-03-02"}