{"return_1d": -0.015115, "return_5d": 0.044813, "return_20d": -0.009663, "return_60d": 0.121765, "return_252d": 0.236366, "sma_20": 99.153, "sma_50": 94.2492, "sma_200": 82.52885, "price_vs_sma20": -0.007695, "price_vs_sma50": 0.043935, "price_vs_sma200": 0.192189, "volatility_20d": 0.760197, "volatility_60d": 0.517888, "drawdown": -0.233245, "max_drawdown_1y": -0.468438, "volume_ratio": 0.931288, "rsi_14": 50.040462, "macd": 1.768865, "macd_signal": 2.495476, "macd_histogram": -0.726611, "bb_width": 0.251921, "bb_position": 0.469217, "stoch_k": 28.69278, "stoch_d": 34.780564, "adx": 19.488955, "atr_14": 4.860654, "last_close": 98.39, "last_date": "2026-02-27"}