{"return_1d": -0.026255, "return_5d": -0.113556, "return_20d": -0.028045, "return_60d": 0.313402, "return_252d": 1.318897, "sma_20": 171.543, "sma_50": 167.874, "sma_200": 106.173585, "price_vs_sma20": -0.04438, "price_vs_sma50": -0.023494, "price_vs_sma200": 0.543981, "volatility_20d": 0.730055, "volatility_60d": 0.585207, "drawdown": -0.472368, "max_drawdown_1y": -0.839043, "volume_ratio": 0.804329, "rsi_14": 45.23233, "macd": 1.316594, "macd_signal": 3.060232, "macd_histogram": -1.743638, "bb_width": 0.232358, "bb_position": 0.300133, "stoch_k": 14.630682, "stoch_d": 18.161526, "adx": 16.254658, "atr_14": 10.503951, "last_close": 163.93, "last_date": "2026-03-05"}