{"return_1d": -0.010004, "return_5d": -0.091677, "return_20d": 0.037129, "return_60d": 0.279716, "return_252d": 1.232279, "sma_20": 171.8335, "sma_50": 168.2122, "sma_200": 106.693224, "price_vs_sma20": -0.055539, "price_vs_sma50": -0.035207, "price_vs_sma200": 0.52109, "volatility_20d": 0.680606, "volatility_60d": 0.585585, "drawdown": -0.477647, "max_drawdown_1y": -0.839043, "volume_ratio": 0.853958, "rsi_14": 44.310112, "macd": 0.365558, "macd_signal": 2.521297, "macd_histogram": -2.155739, "bb_width": 0.225265, "bb_position": 0.238951, "stoch_k": 10.301662, "stoch_d": 16.177394, "adx": 16.22751, "atr_14": 10.25724, "last_close": 162.29, "last_date": "2026-03-06"}