{"return_1d": -0.033851, "return_5d": 0.06086, "return_20d": -0.011234, "return_60d": 0.396473, "return_252d": 1.352345, "sma_20": 171.5265, "sma_50": 165.413, "sma_200": 103.996948, "price_vs_sma20": 0.041647, "price_vs_sma50": 0.080145, "price_vs_sma200": 0.718031, "volatility_20d": 0.717932, "volatility_60d": 0.579882, "drawdown": -0.424926, "max_drawdown_1y": -0.839043, "volume_ratio": 0.814314, "rsi_14": 53.80753, "macd": 4.874962, "macd_signal": 3.783721, "macd_histogram": 1.091241, "bb_width": 0.206929, "bb_position": 0.693214, "stoch_k": 44.541396, "stoch_d": 60.503164, "adx": 18.801355, "atr_14": 10.168239, "last_close": 178.67, "last_date": "2026-02-27"}