{"return_1d": 0.021975, "return_5d": -0.140501, "return_20d": -0.01342, "return_60d": 0.417308, "return_252d": 1.456656, "sma_20": 171.7795, "sma_50": 167.513, "sma_200": 105.650525, "price_vs_sma20": -0.019965, "price_vs_sma50": 0.004997, "price_vs_sma200": 0.593461, "volatility_20d": 0.725007, "volatility_60d": 0.58879, "drawdown": -0.458142, "max_drawdown_1y": -0.839043, "volume_ratio": 0.950291, "rsi_14": 47.717778, "macd": 2.34433, "macd_signal": 3.496142, "macd_histogram": -1.151811, "bb_width": 0.223068, "bb_position": 0.408677, "stoch_k": 23.599838, "stoch_d": 27.800325, "adx": 16.517931, "atr_14": 10.690409, "last_close": 168.35, "last_date": "2026-03-04"}