{"return_1d": -0.005681, "return_5d": 0.042811, "return_20d": 0.159419, "return_60d": 0.252369, "return_252d": 0.017495, "sma_20": 184.1365, "sma_50": 172.3024, "sma_200": 160.24965, "price_vs_sma20": 0.026521, "price_vs_sma50": 0.097025, "price_vs_sma200": 0.179535, "volatility_20d": 0.554109, "volatility_60d": 0.378482, "drawdown": -0.74104, "max_drawdown_1y": -0.828913, "volume_ratio": 0.701718, "rsi_14": 59.033245, "macd": 5.234242, "macd_signal": 5.714886, "macd_histogram": -0.480645, "bb_width": 0.231349, "bb_position": 0.611675, "stoch_k": 57.654998, "stoch_d": 59.426402, "adx": 17.070823, "atr_14": 6.764807, "last_close": 189.02, "last_date": "2026-03-02"}