{"return_1d": -0.009112, "return_5d": -0.084692, "return_20d": -0.009224, "return_60d": 0.103501, "return_252d": -0.001091, "sma_20": 186.9765, "sma_50": 173.8106, "sma_200": 160.08415, "price_vs_sma20": -0.069402, "price_vs_sma50": 0.00109, "price_vs_sma200": 0.086928, "volatility_20d": 0.47078, "volatility_60d": 0.391759, "drawdown": -0.761618, "max_drawdown_1y": -0.828913, "volume_ratio": 1.331877, "rsi_14": 42.547248, "macd": 1.748673, "macd_signal": 4.085029, "macd_histogram": -2.336356, "bb_width": 0.132315, "bb_position": -0.063637, "stoch_k": 24.270665, "stoch_d": 20.517817, "adx": 20.836288, "atr_14": 7.061243, "last_close": 174.0, "last_date": "2026-03-06"}