{"return_1d": 0.002668, "return_5d": 0.028347, "return_20d": 0.066877, "return_60d": 0.043096, "return_252d": 0.086257, "sma_20": 207.82199, "sma_50": 203.872434, "sma_200": 201.239688, "price_vs_sma20": 0.030594, "price_vs_sma50": 0.050559, "price_vs_sma200": 0.064303, "volatility_20d": 0.317045, "volatility_60d": 0.257703, "drawdown": 0.0, "max_drawdown_1y": -0.14107, "volume_ratio": 0.659069, "rsi_14": 61.744523, "macd": 3.04834, "macd_signal": 2.237864, "macd_histogram": 0.810477, "bb_width": 0.084516, "bb_position": 0.851238, "stoch_k": 93.633988, "stoch_d": 91.846582, "adx": 19.027459, "atr_14": 5.078504, "last_close": 214.18, "last_date": "2026-03-04"}