{"return_1d": 0.003308, "return_5d": -0.005247, "return_20d": -0.008344, "return_60d": 0.062351, "return_252d": 0.090313, "sma_20": 208.009795, "sma_50": 204.127248, "sma_200": 201.304778, "price_vs_sma20": 0.020721, "price_vs_sma50": 0.040136, "price_vs_sma200": 0.054719, "volatility_20d": 0.27605, "volatility_60d": 0.254999, "drawdown": -0.008684, "max_drawdown_1y": -0.14107, "volume_ratio": 0.557919, "rsi_14": 57.999815, "macd": 2.893417, "macd_signal": 2.482757, "macd_histogram": 0.410659, "bb_width": 0.084358, "bb_position": 0.740647, "stoch_k": 81.170006, "stoch_d": 83.761085, "adx": 18.465158, "atr_14": 5.066261, "last_close": 212.32, "last_date": "2026-03-06"}