{"return_1d": 0.008272, "return_5d": 0.039492, "return_20d": 0.081305, "return_60d": 0.021524, "return_252d": 0.160806, "sma_20": 206.76, "sma_50": 204.4986, "sma_200": 202.037476, "price_vs_sma20": 0.037531, "price_vs_sma50": 0.049005, "price_vs_sma200": 0.061783, "volatility_20d": 0.316602, "volatility_60d": 0.258856, "drawdown": -0.003114, "max_drawdown_1y": -0.141069, "volume_ratio": 1.250074, "rsi_14": 61.245389, "macd": 2.449628, "macd_signal": 1.626601, "macd_histogram": 0.823027, "bb_width": 0.087367, "bb_position": 0.914046, "stoch_k": 94.290657, "stoch_d": 79.131505, "adx": 17.69554, "atr_14": 5.271206, "last_close": 214.52, "last_date": "2026-02-27"}