{"return_1d": 0.003995, "return_5d": 0.023214, "return_20d": 0.06939, "return_60d": 0.0291, "return_252d": 0.099196, "sma_20": 207.1507, "sma_50": 203.6668, "sma_200": 201.175325, "price_vs_sma20": 0.031182, "price_vs_sma50": 0.048821, "price_vs_sma200": 0.06181, "volatility_20d": 0.317081, "volatility_60d": 0.258767, "drawdown": -0.002319, "max_drawdown_1y": -0.14107, "volume_ratio": 0.825471, "rsi_14": 61.084249, "macd": 2.870131, "macd_signal": 2.035245, "macd_histogram": 0.834886, "bb_width": 0.084795, "bb_position": 0.856609, "stoch_k": 93.075312, "stoch_d": 92.065502, "adx": 18.707864, "atr_14": 5.103774, "last_close": 213.61, "last_date": "2026-03-03"}