{"return_1d": -0.011953, "return_5d": -0.000325, "return_20d": 0.026896, "return_60d": 0.051519, "return_252d": 0.089613, "sma_20": 208.099125, "sma_50": 204.025476, "sma_200": 201.272666, "price_vs_sma20": 0.016919, "price_vs_sma50": 0.037223, "price_vs_sma200": 0.05141, "volatility_20d": 0.309207, "volatility_60d": 0.255489, "drawdown": -0.011953, "max_drawdown_1y": -0.14107, "volume_ratio": 0.842162, "rsi_14": 57.061843, "macd": 2.949008, "macd_signal": 2.380093, "macd_histogram": 0.568915, "bb_width": 0.086561, "bb_position": 0.692209, "stoch_k": 76.47926, "stoch_d": 87.72952, "adx": 19.075798, "atr_14": 5.042897, "last_close": 211.62, "last_date": "2026-03-05"}