{"return_1d": 0.004613, "return_5d": -0.006106, "return_20d": -0.020126, "return_60d": -0.024339, "return_252d": 0.254887, "sma_20": 168.2355, "sma_50": 164.788, "sma_200": 161.754027, "price_vs_sma20": -0.042117, "price_vs_sma50": -0.022077, "price_vs_sma200": -0.003734, "volatility_20d": 0.413814, "volatility_60d": 0.281755, "drawdown": -0.103577, "max_drawdown_1y": -0.221294, "volume_ratio": 0.79903, "rsi_14": 42.962689, "macd": -2.095341, "macd_signal": -0.449191, "macd_histogram": -1.64615, "bb_width": 0.206752, "bb_position": 0.287338, "stoch_k": 25.735543, "stoch_d": 18.678841, "adx": 30.329743, "atr_14": 4.437827, "last_close": 161.15, "last_date": "2026-02-27"}