{"return_1d": 0.005611, "return_5d": -0.005119, "return_20d": -0.019154, "return_60d": -0.02337, "return_252d": 0.256133, "sma_20": 168.2435, "sma_50": 164.7912, "sma_200": 161.754827, "price_vs_sma20": -0.041211, "price_vs_sma50": -0.021125, "price_vs_sma200": -0.00275, "volatility_20d": 0.413998, "volatility_60d": 0.281836, "drawdown": -0.102687, "max_drawdown_1y": -0.221294, "volume_ratio": 0.384145, "rsi_14": 43.239438, "macd": -2.082577, "macd_signal": -0.446638, "macd_histogram": -1.635939, "bb_width": 0.20638, "bb_position": 0.291731, "stoch_k": 26.276632, "stoch_d": 18.859204, "adx": 30.329743, "atr_14": 4.437827, "last_close": 161.31, "last_date": "2026-02-27"}