{"return_1d": -0.023579, "return_5d": -0.012995, "return_20d": -0.038425, "return_60d": -0.300819, "return_252d": 0.371025, "sma_20": 330.5025, "sma_50": 361.004, "sma_200": 390.59055, "price_vs_sma20": -0.016437, "price_vs_sma50": -0.099539, "price_vs_sma200": -0.167747, "volatility_20d": 0.418245, "volatility_60d": 0.384718, "drawdown": -0.338239, "max_drawdown_1y": -0.372013, "volume_ratio": 0.855721, "rsi_14": 40.347144, "macd": -8.845301, "macd_signal": -11.335812, "macd_histogram": 2.490511, "bb_width": 0.127453, "bb_position": 0.368879, "stoch_k": 56.51357, "stoch_d": 66.270007, "adx": 26.565031, "atr_14": 12.52429, "last_close": 325.07, "last_date": "2026-03-02"}