{"return_1d": 0.005072, "return_5d": -0.009727, "return_20d": -0.039995, "return_60d": -0.267599, "return_252d": 0.36521, "sma_20": 331.152, "sma_50": 362.326, "sma_200": 390.2995, "price_vs_sma20": 0.005339, "price_vs_sma50": -0.081159, "price_vs_sma200": -0.147014, "volatility_20d": 0.419392, "volatility_60d": 0.387226, "drawdown": -0.322259, "max_drawdown_1y": -0.372013, "volume_ratio": 1.01989, "rsi_14": 44.436823, "macd": -8.979395, "macd_signal": -11.958439, "macd_histogram": 2.979044, "bb_width": 0.125003, "bb_position": 0.542484, "stoch_k": 72.901879, "stoch_d": 66.07342, "adx": 26.661226, "atr_14": 12.621543, "last_close": 332.92, "last_date": "2026-02-27"}