{"return_1d": 0.008574, "return_5d": -0.006276, "return_20d": -0.03665, "return_60d": -0.265048, "return_252d": 0.369966, "sma_20": 331.21, "sma_50": 362.3492, "sma_200": 390.3053, "price_vs_sma20": 0.008665, "price_vs_sma50": -0.078016, "price_vs_sma200": -0.144055, "volatility_20d": 0.420326, "volatility_60d": 0.387676, "drawdown": -0.319897, "max_drawdown_1y": -0.372013, "volume_ratio": 0.352114, "rsi_14": 45.199022, "macd": -8.88686, "macd_signal": -11.939932, "macd_histogram": 3.053072, "bb_width": 0.124723, "bb_position": 0.568878, "stoch_k": 75.323591, "stoch_d": 66.880657, "adx": 26.694338, "atr_14": 12.599536, "last_close": 334.08, "last_date": "2026-02-27"}