{"return_1d": 0.027146, "return_5d": -0.000183, "return_20d": -0.069642, "return_60d": -0.296643, "return_252d": 0.343982, "sma_20": 328.2545, "sma_50": 358.1602, "sma_200": 391.06555, "price_vs_sma20": -0.002908, "price_vs_sma50": -0.086163, "price_vs_sma200": -0.163056, "volatility_20d": 0.411117, "volatility_60d": 0.387985, "drawdown": -0.3337, "max_drawdown_1y": -0.372013, "volume_ratio": 0.659135, "rsi_14": 43.471932, "macd": -8.597217, "macd_signal": -10.438615, "macd_histogram": 1.841398, "bb_width": 0.111598, "bb_position": 0.473868, "stoch_k": 61.169102, "stoch_d": 53.597773, "adx": 26.923483, "atr_14": 12.221505, "last_close": 327.3, "last_date": "2026-03-04"}