{"return_1d": -0.020745, "return_5d": -0.032393, "return_20d": -0.089357, "return_60d": -0.30038, "return_252d": 0.319351, "sma_20": 326.682, "sma_50": 356.5658, "sma_200": 391.24155, "price_vs_sma20": -0.018893, "price_vs_sma50": -0.10112, "price_vs_sma200": -0.180787, "volatility_20d": 0.415425, "volatility_60d": 0.388706, "drawdown": -0.347522, "max_drawdown_1y": -0.372013, "volume_ratio": 0.877712, "rsi_14": 40.142259, "macd": -8.606568, "macd_signal": -10.072206, "macd_histogram": 1.465638, "bb_width": 0.093236, "bb_position": 0.293462, "stoch_k": 41.430219, "stoch_d": 48.56999, "adx": 26.826707, "atr_14": 11.974969, "last_close": 320.51, "last_date": "2026-03-05"}