{"return_1d": -0.015855, "return_5d": -0.090529, "return_20d": -0.102273, "return_60d": -0.052086, "return_252d": 0.056511, "sma_20": 371.175, "sma_50": 376.59, "sma_200": 361.42, "price_vs_sma20": -0.063515, "price_vs_sma50": -0.07698, "price_vs_sma200": -0.038238, "volatility_20d": 0.248315, "volatility_60d": 0.203401, "drawdown": -0.114846, "max_drawdown_1y": -0.12029, "volume_ratio": 1.598975, "rsi_14": 29.944389, "macd": -5.088132, "macd_signal": -2.000005, "macd_histogram": -3.088127, "bb_width": 0.121588, "bb_position": -0.057805, "stoch_k": 13.785558, "stoch_d": 14.198141, "adx": 24.781025, "atr_14": 7.911665, "last_close": 347.6, "last_date": "2026-03-06"}