{"return_1d": -0.038337, "return_5d": -0.058917, "return_20d": -0.068515, "return_60d": -0.041958, "return_252d": 0.111141, "sma_20": 376.155, "sma_50": 378.532, "sma_200": 361.372, "price_vs_sma20": -0.05305, "price_vs_sma50": -0.058996, "price_vs_sma200": -0.014312, "volatility_20d": 0.2443, "volatility_60d": 0.198772, "drawdown": -0.092946, "max_drawdown_1y": -0.12029, "volume_ratio": 0.331099, "rsi_14": 32.698986, "macd": -1.23558, "macd_signal": -0.160919, "macd_histogram": -1.074661, "bb_width": 0.092929, "bb_position": -0.102849, "stoch_k": 5.521472, "stoch_d": 35.01733, "adx": 17.723322, "atr_14": 7.121965, "last_close": 356.2, "last_date": "2026-03-03"}