{"return_1d": 0.000283, "return_5d": -0.075615, "return_20d": -0.087552, "return_60d": -0.036542, "return_252d": 0.073836, "sma_20": 371.46, "sma_50": 376.704, "sma_200": 361.4485, "price_vs_sma20": -0.048888, "price_vs_sma50": -0.062128, "price_vs_sma200": -0.022544, "volatility_20d": 0.245779, "volatility_60d": 0.200977, "drawdown": -0.100331, "max_drawdown_1y": -0.12029, "volume_ratio": 0.10736, "rsi_14": 33.026945, "macd": -4.633431, "macd_signal": -1.909065, "macd_histogram": -2.724367, "bb_width": 0.113074, "bb_position": 0.045421, "stoch_k": 6.648199, "stoch_d": 11.819021, "adx": 24.222744, "atr_14": 7.12595, "last_close": 353.3, "last_date": "2026-03-06"}