{"return_1d": -0.007799, "return_5d": -0.074084, "return_20d": -0.072396, "return_60d": -0.028899, "return_252d": 0.07451, "sma_20": 373.305, "sma_50": 377.488, "sma_200": 361.432, "price_vs_sma20": -0.04582, "price_vs_sma50": -0.056394, "price_vs_sma200": -0.014476, "volatility_20d": 0.24583, "volatility_60d": 0.198918, "drawdown": -0.092946, "max_drawdown_1y": -0.12029, "volume_ratio": 0.157562, "rsi_14": 34.612973, "macd": -3.435199, "macd_signal": -1.18011, "macd_histogram": -2.255089, "bb_width": 0.10487, "bb_position": 0.042094, "stoch_k": 14.68144, "stoch_d": 16.528163, "adx": 21.991073, "atr_14": 7.212562, "last_close": 356.2, "last_date": "2026-03-05"}