{"return_1d": -0.006499, "return_5d": 0.007911, "return_20d": 0.027972, "return_60d": 0.026591, "return_252d": 0.207045, "sma_20": 377.905, "sma_50": 379.274, "sma_200": 361.236, "price_vs_sma20": 0.011365, "price_vs_sma50": 0.007715, "price_vs_sma200": 0.058034, "volatility_20d": 0.190541, "volatility_60d": 0.171897, "drawdown": -0.026738, "max_drawdown_1y": -0.12029, "volume_ratio": 2.334465, "rsi_14": 56.825237, "macd": 1.203726, "macd_signal": 0.01614, "macd_histogram": 1.187586, "bb_width": 0.071187, "bb_position": 0.657861, "stoch_k": 77.464789, "stoch_d": 76.256379, "adx": 14.871967, "atr_14": 5.880504, "last_close": 382.2, "last_date": "2026-02-27"}