{"return_1d": -0.002182, "return_5d": -0.001279, "return_20d": 0.099688, "return_60d": 0.473474, "return_252d": 1.244696, "sma_20": 347.081895, "sma_50": 313.378274, "sma_200": 226.256287, "price_vs_sma20": 0.080149, "price_vs_sma50": 0.196318, "price_vs_sma200": 0.656971, "volatility_20d": 0.603042, "volatility_60d": 0.482245, "drawdown": -0.050766, "max_drawdown_1y": -0.498819, "volume_ratio": 0.333111, "rsi_14": 63.053889, "macd": 19.820069, "macd_signal": 18.12916, "macd_histogram": 1.690909, "bb_width": 0.296003, "bb_position": 0.750678, "stoch_k": 73.767411, "stoch_d": 83.275353, "adx": 38.297609, "atr_14": 16.264483, "last_close": 374.9, "last_date": "2026-02-27"}