{"return_1d": -0.000322, "return_5d": -0.003668, "return_20d": 0.156131, "return_60d": 0.404455, "return_252d": 1.397278, "sma_20": 349.46497, "sma_50": 315.599522, "sma_200": 227.246709, "price_vs_sma20": 0.064999, "price_vs_sma50": 0.179279, "price_vs_sma200": 0.637779, "volatility_20d": 0.561205, "volatility_60d": 0.477751, "drawdown": -0.057653, "max_drawdown_1y": -0.498819, "volume_ratio": 0.67038, "rsi_14": 61.695017, "macd": 18.692103, "macd_signal": 18.208563, "macd_histogram": 0.48354, "bb_width": 0.295689, "bb_position": 0.706408, "stoch_k": 68.234877, "stoch_d": 71.927467, "adx": 37.663615, "atr_14": 15.854976, "last_close": 372.18, "last_date": "2026-03-02"}