{"return_1d": -0.03139, "return_5d": -0.077691, "return_20d": 0.165868, "return_60d": 0.294635, "return_252d": 1.287106, "sma_20": 355.070805, "sma_50": 321.56701, "sma_200": 229.975264, "price_vs_sma20": -0.024054, "price_vs_sma50": 0.077629, "price_vs_sma200": 0.506814, "volatility_20d": 0.546015, "volatility_60d": 0.50018, "drawdown": -0.122598, "max_drawdown_1y": -0.498819, "volume_ratio": 0.737066, "rsi_14": 49.530739, "macd": 11.992501, "macd_signal": 16.083441, "macd_histogram": -4.09094, "bb_width": 0.263579, "bb_position": 0.406492, "stoch_k": 17.150042, "stoch_d": 33.388402, "adx": 32.05362, "atr_14": 16.452162, "last_close": 346.53, "last_date": "2026-03-05"}