{"return_1d": 0.018331, "return_5d": -0.094164, "return_20d": 0.124066, "return_60d": 0.329447, "return_252d": 1.372711, "sma_20": 352.60577, "sma_50": 319.758222, "sma_200": 229.063126, "price_vs_sma20": 0.014618, "price_vs_sma50": 0.118845, "price_vs_sma200": 0.56184, "volatility_20d": 0.591487, "volatility_60d": 0.494952, "drawdown": -0.094164, "max_drawdown_1y": -0.498819, "volume_ratio": 0.707838, "rsi_14": 54.239782, "macd": 14.388432, "macd_signal": 17.106176, "macd_histogram": -2.717744, "bb_width": 0.291336, "bb_position": 0.549451, "stoch_k": 46.055893, "stoch_d": 50.41668, "adx": 34.433252, "atr_14": 16.066944, "last_close": 357.76, "last_date": "2026-03-04"}