{"return_1d": -0.009103, "return_5d": -0.008205, "return_20d": 0.092062, "return_60d": 0.463255, "return_252d": 1.229129, "sma_20": 346.951895, "sma_50": 313.326274, "sma_200": 226.243288, "price_vs_sma20": 0.073059, "price_vs_sma50": 0.188218, "price_vs_sma200": 0.645574, "volatility_20d": 0.604701, "volatility_60d": 0.483012, "drawdown": -0.057349, "max_drawdown_1y": -0.498819, "volume_ratio": 1.020809, "rsi_14": 61.758038, "macd": 19.612661, "macd_signal": 18.087678, "macd_histogram": 1.524983, "bb_width": 0.296729, "bb_position": 0.729453, "stoch_k": 70.527281, "stoch_d": 82.19531, "adx": 38.297487, "atr_14": 16.26459, "last_close": 372.3, "last_date": "2026-02-27"}