{"return_1d": -0.056048, "return_5d": -0.07041, "return_20d": 0.071127, "return_60d": 0.309452, "return_252d": 1.242442, "sma_20": 350.631425, "sma_50": 317.666706, "sma_200": 228.140328, "price_vs_sma20": 0.001964, "price_vs_sma50": 0.105939, "price_vs_sma200": 0.539929, "volatility_20d": 0.603173, "volatility_60d": 0.494216, "drawdown": -0.11047, "max_drawdown_1y": -0.498819, "volume_ratio": 0.919006, "rsi_14": 51.799555, "macd": 16.093807, "macd_signal": 17.785612, "macd_histogram": -1.691805, "bb_width": 0.308188, "bb_position": 0.50636, "stoch_k": 36.95927, "stoch_d": 58.57381, "adx": 35.906934, "atr_14": 16.407478, "last_close": 351.32, "last_date": "2026-03-03"}