{"return_1d": 0.003939, "return_5d": -0.028213, "return_20d": 0.117921, "return_60d": 0.149076, "return_252d": -0.01369, "sma_20": 47.90232, "sma_50": 44.391814, "sma_200": 43.452193, "price_vs_sma20": 0.011016, "price_vs_sma50": 0.090967, "price_vs_sma200": 0.114558, "volatility_20d": 0.383635, "volatility_60d": 0.315477, "drawdown": -0.157887, "max_drawdown_1y": -0.328927, "volume_ratio": 0.913813, "rsi_14": 58.844918, "macd": 1.398423, "macd_signal": 1.610021, "macd_histogram": -0.211598, "bb_width": 0.161984, "bb_position": 0.567264, "stoch_k": 51.185922, "stoch_d": 54.101197, "adx": 36.136683, "atr_14": 1.154543, "last_close": 48.43, "last_date": "2026-02-27"}