{"return_1d": -0.005782, "return_5d": -0.035549, "return_20d": 0.102416, "return_60d": 0.161472, "return_252d": -0.016468, "sma_20": 48.12598, "sma_50": 44.533592, "sma_200": 43.469818, "price_vs_sma20": 0.000499, "price_vs_sma50": 0.081206, "price_vs_sma200": 0.107665, "volatility_20d": 0.385708, "volatility_60d": 0.313505, "drawdown": -0.162756, "max_drawdown_1y": -0.328927, "volume_ratio": 0.62366, "rsi_14": 56.807677, "macd": 1.263611, "macd_signal": 1.540739, "macd_histogram": -0.277128, "bb_width": 0.141632, "bb_position": 0.503522, "stoch_k": 24.197566, "stoch_d": 40.518871, "adx": 33.925507, "atr_14": 1.140648, "last_close": 48.15, "last_date": "2026-03-02"}