{"return_1d": -0.020353, "return_5d": -0.047648, "return_20d": 0.09232, "return_60d": 0.129764, "return_252d": -0.042198, "sma_20": 48.325315, "sma_50": 44.650834, "sma_200": 43.482299, "price_vs_sma20": -0.023907, "price_vs_sma50": 0.056419, "price_vs_sma200": 0.084809, "volatility_20d": 0.392118, "volatility_60d": 0.316882, "drawdown": -0.179796, "max_drawdown_1y": -0.328927, "volume_ratio": 0.76787, "rsi_14": 50.250369, "macd": 1.065412, "macd_signal": 1.445674, "macd_histogram": -0.380262, "bb_width": 0.110276, "bb_position": 0.277898, "stoch_k": 23.20873, "stoch_d": 32.864073, "adx": 32.38138, "atr_14": 1.196316, "last_close": 47.17, "last_date": "2026-03-03"}