{"return_1d": -0.009384, "return_5d": -0.106339, "return_20d": -0.062676, "return_60d": 0.062981, "return_252d": -0.116821, "sma_20": 48.04566, "sma_50": 44.845154, "sma_200": 43.460628, "price_vs_sma20": -0.09919, "price_vs_sma50": -0.034901, "price_vs_sma200": -0.004156, "volatility_20d": 0.289895, "volatility_60d": 0.336525, "drawdown": -0.247437, "max_drawdown_1y": -0.328927, "volume_ratio": 1.117473, "rsi_14": 32.991975, "macd": 0.05235, "macd_signal": 0.916349, "macd_histogram": -0.863999, "bb_width": 0.16597, "bb_position": -0.163446, "stoch_k": 9.793562, "stoch_d": 6.503548, "adx": 32.874221, "atr_14": 1.300651, "last_close": 43.28, "last_date": "2026-03-06"}