{"return_1d": -0.027348, "return_5d": -0.060221, "return_20d": 0.034776, "return_60d": 0.117359, "return_252d": -0.069311, "sma_20": 48.40241, "sma_50": 44.745238, "sma_200": 43.485167, "price_vs_sma20": -0.052113, "price_vs_sma50": 0.025361, "price_vs_sma200": 0.055072, "volatility_20d": 0.398755, "volatility_60d": 0.320369, "drawdown": -0.202227, "max_drawdown_1y": -0.328927, "volume_ratio": 0.779413, "rsi_14": 43.184092, "macd": 0.795081, "macd_signal": 1.315555, "macd_histogram": -0.520475, "bb_width": 0.095077, "bb_position": -0.078251, "stoch_k": 5.781337, "stoch_d": 17.729211, "adx": 31.462247, "atr_14": 1.222293, "last_close": 45.88, "last_date": "2026-03-04"}