{"return_1d": -0.007942, "return_5d": 0.010275, "return_20d": -0.160985, "return_60d": -0.077216, "return_252d": 0.99598, "sma_20": 208.8225, "sma_50": 218.4588, "sma_200": 187.013, "price_vs_sma20": -0.048857, "price_vs_sma50": -0.090813, "price_vs_sma200": 0.062065, "volatility_20d": 0.836546, "volatility_60d": 0.601754, "drawdown": -0.248591, "max_drawdown_1y": -0.630003, "volume_ratio": 0.796397, "rsi_14": 41.206989, "macd": -6.343202, "macd_signal": -5.849061, "macd_histogram": -0.494142, "bb_width": 0.268529, "bb_position": 0.30871, "stoch_k": 29.072513, "stoch_d": 30.069923, "adx": 19.637434, "atr_14": 10.859899, "last_close": 198.62, "last_date": "2026-03-02"}