{"return_1d": -0.012966, "return_5d": -0.020768, "return_20d": -0.003696, "return_60d": -0.084966, "return_252d": 0.979653, "sma_20": 204.0175, "sma_50": 218.0562, "sma_200": 188.22595, "price_vs_sma20": -0.022388, "price_vs_sma50": -0.085328, "price_vs_sma200": 0.059631, "volatility_20d": 0.598435, "volatility_60d": 0.618493, "drawdown": -0.245451, "max_drawdown_1y": -0.630003, "volume_ratio": 0.928334, "rsi_14": 43.826074, "macd": -6.431439, "macd_signal": -6.242743, "macd_histogram": -0.188696, "bb_width": 0.139092, "bb_position": 0.335357, "stoch_k": 39.417339, "stoch_d": 31.301191, "adx": 18.99176, "atr_14": 10.806384, "last_close": 199.45, "last_date": "2026-03-05"}