{"return_1d": -0.020029, "return_5d": -0.002745, "return_20d": -0.2085, "return_60d": -0.091734, "return_252d": 0.905676, "sma_20": 210.697525, "sma_50": 218.65761, "sma_200": 186.579152, "price_vs_sma20": -0.052668, "price_vs_sma50": -0.087155, "price_vs_sma200": 0.06979, "volatility_20d": 0.858572, "volatility_60d": 0.603341, "drawdown": -0.244881, "max_drawdown_1y": -0.630003, "volume_ratio": 0.523511, "rsi_14": 41.717815, "macd": -6.186065, "macd_signal": -5.735249, "macd_histogram": -0.450816, "bb_width": 0.289406, "bb_position": 0.307896, "stoch_k": 21.37451, "stoch_d": 42.787791, "adx": 19.23894, "atr_14": 10.909891, "last_close": 199.6005, "last_date": "2026-02-27"}