{"return_1d": -0.017037, "return_5d": 0.0003, "return_20d": -0.206083, "return_60d": -0.088961, "return_252d": 0.911495, "sma_20": 210.728, "sma_50": 218.6698, "sma_200": 186.5822, "price_vs_sma20": -0.049913, "price_vs_sma50": -0.084419, "price_vs_sma200": 0.073039, "volatility_20d": 0.858181, "volatility_60d": 0.602966, "drawdown": -0.242576, "max_drawdown_1y": -0.630003, "volume_ratio": 0.725429, "rsi_14": 42.005611, "macd": -6.137444, "macd_signal": -5.725525, "macd_histogram": -0.411919, "bb_width": 0.288069, "bb_position": 0.317631, "stoch_k": 23.764706, "stoch_d": 43.584523, "adx": 19.23894, "atr_14": 10.909891, "last_close": 200.21, "last_date": "2026-02-27"}