{"return_1d": 0.058235, "return_5d": -0.041686, "return_20d": -0.165379, "return_60d": -0.064404, "return_252d": 1.057111, "sma_20": 204.0545, "sma_50": 218.3358, "sma_200": 187.81455, "price_vs_sma20": -0.009725, "price_vs_sma50": -0.074499, "price_vs_sma200": 0.075902, "volatility_20d": 0.859357, "volatility_60d": 0.618286, "drawdown": -0.235539, "max_drawdown_1y": -0.630003, "volume_ratio": 0.965919, "rsi_14": 45.19469, "macd": -6.625672, "macd_signal": -6.195569, "macd_histogram": -0.430103, "bb_width": 0.136842, "bb_position": 0.428232, "stoch_k": 45.800265, "stoch_d": 27.852915, "adx": 19.61252, "atr_14": 10.952259, "last_close": 202.07, "last_date": "2026-03-04"}