{"return_1d": -0.035197, "return_5d": -0.038859, "return_20d": -0.000364, "return_60d": -0.129709, "return_252d": 0.892692, "sma_20": 204.014, "sma_50": 217.6058, "sma_200": 188.6144, "price_vs_sma20": -0.05678, "price_vs_sma50": -0.115695, "price_vs_sma200": 0.02023, "volatility_20d": 0.595766, "volatility_60d": 0.621661, "drawdown": -0.272008, "max_drawdown_1y": -0.630003, "volume_ratio": 0.907784, "rsi_14": 40.304267, "macd": -6.76597, "macd_signal": -6.347388, "macd_histogram": -0.418582, "bb_width": 0.144287, "bb_position": 0.082786, "stoch_k": 14.777115, "stoch_d": 33.331573, "adx": 18.721927, "atr_14": 10.676642, "last_close": 192.43, "last_date": "2026-03-06"}