{"return_1d": 0.006119, "return_5d": 0.020984, "return_20d": 0.052025, "return_60d": 0.220702, "return_252d": 0.275454, "sma_20": 232.0495, "sma_50": 219.9182, "sma_200": 193.986638, "price_vs_sma20": 0.02741, "price_vs_sma50": 0.084085, "price_vs_sma200": 0.229002, "volatility_20d": 0.197633, "volatility_60d": 0.182046, "drawdown": 0.0, "max_drawdown_1y": -0.230412, "volume_ratio": 0.472516, "rsi_14": 65.318294, "macd": 4.685036, "macd_signal": 4.919614, "macd_histogram": -0.234578, "bb_width": 0.058696, "bb_position": 0.954525, "stoch_k": 89.04796, "stoch_d": 72.727273, "adx": 40.672462, "atr_14": 4.820012, "last_close": 238.41, "last_date": "2026-02-27"}