{"return_1d": -0.002125, "return_5d": 0.007424, "return_20d": 0.025467, "return_60d": 0.180182, "return_252d": 0.266847, "sma_20": 233.632, "sma_50": 222.0908, "sma_200": 194.860877, "price_vs_sma20": 0.004785, "price_vs_sma50": 0.057, "price_vs_sma200": 0.204706, "volatility_20d": 0.212673, "volatility_60d": 0.191713, "drawdown": -0.027789, "max_drawdown_1y": -0.230412, "volume_ratio": 1.255177, "rsi_14": 56.44788, "macd": 4.275164, "macd_signal": 4.76407, "macd_histogram": -0.488906, "bb_width": 0.056268, "bb_position": 0.58464, "stoch_k": 54.60199, "stoch_d": 69.548093, "adx": 39.078288, "atr_14": 5.261412, "last_close": 234.75, "last_date": "2026-03-04"}