{"return_1d": 0.009537, "return_5d": 0.024453, "return_20d": 0.0556, "return_60d": 0.22485, "return_252d": 0.279787, "sma_20": 232.09, "sma_50": 219.9344, "sma_200": 193.990688, "price_vs_sma20": 0.030721, "price_vs_sma50": 0.087688, "price_vs_sma200": 0.233152, "volatility_20d": 0.198806, "volatility_60d": 0.182399, "drawdown": 0.0, "max_drawdown_1y": -0.230412, "volume_ratio": 1.102155, "rsi_14": 66.125666, "macd": 4.749652, "macd_signal": 4.932537, "macd_histogram": -0.182886, "bb_width": 0.059789, "bb_position": 0.998508, "stoch_k": 94.846099, "stoch_d": 74.659986, "adx": 40.813284, "atr_14": 4.872154, "last_close": 239.22, "last_date": "2026-02-27"}