{"return_1d": -0.021425, "return_5d": -0.072068, "return_20d": -0.033988, "return_60d": 0.114022, "return_252d": 0.207708, "sma_20": 233.192, "sma_50": 222.8768, "sma_200": 195.290764, "price_vs_sma20": -0.048081, "price_vs_sma50": -0.004024, "price_vs_sma200": 0.136664, "volatility_20d": 0.254737, "volatility_60d": 0.211176, "drawdown": -0.080676, "max_drawdown_1y": -0.230412, "volume_ratio": 1.133054, "rsi_14": 40.53483, "macd": 2.119034, "macd_signal": 4.001566, "macd_histogram": -1.882531, "bb_width": 0.075133, "bb_position": -0.17226, "stoch_k": 6.083294, "stoch_d": 24.407075, "adx": 35.485794, "atr_14": 5.64586, "last_close": 221.98, "last_date": "2026-03-06"}