{"return_1d": 0.009364, "return_5d": 0.043249, "return_20d": 0.078043, "return_60d": 0.225791, "return_252d": 0.297632, "sma_20": 232.964, "sma_50": 220.728, "sma_200": 194.299913, "price_vs_sma20": 0.036469, "price_vs_sma50": 0.093926, "price_vs_sma200": 0.242718, "volatility_20d": 0.192464, "volatility_60d": 0.182499, "drawdown": 0.0, "max_drawdown_1y": -0.230412, "volume_ratio": 0.825058, "rsi_14": 68.321905, "macd": 5.001394, "macd_signal": 4.946309, "macd_histogram": 0.055086, "bb_width": 0.060011, "bb_position": 1.086329, "stoch_k": 96.330846, "stoch_d": 89.948507, "adx": 41.022406, "atr_14": 5.030572, "last_close": 241.46, "last_date": "2026-03-02"}