{"return_1d": -0.03077, "return_5d": -0.030923, "return_20d": 0.010779, "return_60d": 0.122032, "return_252d": 0.214429, "sma_20": 375.31331, "sma_50": 350.23811, "sma_200": 307.827766, "price_vs_sma20": -0.020552, "price_vs_sma50": 0.049572, "price_vs_sma200": 0.194174, "volatility_20d": 0.298102, "volatility_60d": 0.308964, "drawdown": -0.052968, "max_drawdown_1y": -0.21005, "volume_ratio": 1.015374, "rsi_14": 49.985302, "macd": 8.176275, "macd_signal": 10.133397, "macd_histogram": -1.957123, "bb_width": 0.083039, "bb_position": 0.247312, "stoch_k": 20.742723, "stoch_d": 45.50193, "adx": 29.932593, "atr_14": 9.82138, "last_close": 367.6, "last_date": "2026-03-05"}