{"return_1d": -0.022556, "return_5d": -0.015332, "return_20d": 0.101347, "return_60d": 0.098988, "return_252d": 0.262181, "sma_20": 372.96681, "sma_50": 348.247002, "sma_200": 306.742831, "price_vs_sma20": 0.010814, "price_vs_sma50": 0.082565, "price_vs_sma200": 0.229043, "volatility_20d": 0.401619, "volatility_60d": 0.31062, "drawdown": -0.028751, "max_drawdown_1y": -0.21005, "volume_ratio": 0.880825, "rsi_14": 57.582124, "macd": 10.37692, "macd_signal": 10.846561, "macd_histogram": -0.469641, "bb_width": 0.121899, "bb_position": 0.587762, "stoch_k": 56.398631, "stoch_d": 77.693835, "adx": 33.382693, "atr_14": 9.197044, "last_close": 377.0, "last_date": "2026-03-03"}