{"return_1d": -0.006338, "return_5d": 0.016552, "return_20d": 0.135991, "return_60d": 0.147809, "return_252d": 0.300766, "sma_20": 371.232215, "sma_50": 347.182334, "sma_200": 306.129341, "price_vs_sma20": 0.038972, "price_vs_sma50": 0.110944, "price_vs_sma200": 0.259925, "volatility_20d": 0.388104, "volatility_60d": 0.308844, "drawdown": -0.006338, "max_drawdown_1y": -0.21005, "volume_ratio": 0.934568, "rsi_14": 65.378148, "macd": 11.286457, "macd_signal": 10.963971, "macd_histogram": 0.322486, "bb_width": 0.13726, "bb_position": 0.77328, "stoch_k": 82.943901, "stoch_d": 82.839962, "adx": 34.501985, "atr_14": 8.905278, "last_close": 385.7, "last_date": "2026-03-02"}