{"return_1d": 0.022592, "return_5d": 0.03509, "return_20d": 0.138939, "return_60d": 0.157331, "return_252d": 0.305795, "sma_20": 368.910585, "sma_50": 345.952964, "sma_200": 305.510661, "price_vs_sma20": 0.051474, "price_vs_sma50": 0.121251, "price_vs_sma200": 0.269677, "volatility_20d": 0.386451, "volatility_60d": 0.308103, "drawdown": 0.0, "max_drawdown_1y": -0.21005, "volume_ratio": 0.548929, "rsi_14": 67.670935, "macd": 11.376631, "macd_signal": 10.879201, "macd_histogram": 0.49743, "bb_width": 0.149128, "bb_position": 0.828271, "stoch_k": 93.034492, "stoch_d": 84.655084, "adx": 34.062126, "atr_14": 8.864723, "last_close": 387.9, "last_date": "2026-02-27"}