{"return_1d": -0.034622, "return_5d": -0.003328, "return_20d": -0.095616, "return_60d": 0.036489, "return_252d": -0.093348, "sma_20": 496.060125, "sma_50": 497.602266, "sma_200": 495.5065, "price_vs_sma20": -0.052292, "price_vs_sma50": -0.055229, "price_vs_sma200": -0.051233, "volatility_20d": 0.419631, "volatility_60d": 0.321374, "drawdown": -0.169667, "max_drawdown_1y": -0.2639, "volume_ratio": 0.910867, "rsi_14": 42.845727, "macd": -9.117028, "macd_signal": -6.990125, "macd_histogram": -2.126903, "bb_width": 0.256778, "bb_position": 0.285116, "stoch_k": 22.25093, "stoch_d": 30.727974, "adx": 31.055709, "atr_14": 16.589253, "last_close": 470.12, "last_date": "2026-02-27"}