{"return_1d": -0.016917, "return_5d": -0.011125, "return_20d": -0.128511, "return_60d": -0.021954, "return_252d": -0.074939, "sma_20": 480.3415, "sma_50": 495.762868, "sma_200": 494.333508, "price_vs_sma20": -0.032168, "price_vs_sma50": -0.062273, "price_vs_sma200": -0.059562, "volatility_20d": 0.404727, "volatility_60d": 0.321368, "drawdown": -0.178904, "max_drawdown_1y": -0.2639, "volume_ratio": 0.760164, "rsi_14": 42.186446, "macd": -8.876538, "macd_signal": -8.288704, "macd_histogram": -0.587834, "bb_width": 0.193037, "bb_position": 0.327821, "stoch_k": 41.496945, "stoch_d": 49.988664, "adx": 30.49885, "atr_14": 15.847534, "last_close": 464.89, "last_date": "2026-03-06"}