{"return_1d": 0.006936, "return_5d": -0.01953, "return_20d": -0.112733, "return_60d": -0.008045, "return_252d": -0.106987, "sma_20": 487.319305, "sma_50": 496.651014, "sma_200": 494.82627, "price_vs_sma20": -0.037777, "price_vs_sma50": -0.055856, "price_vs_sma200": -0.052374, "volatility_20d": 0.422113, "volatility_60d": 0.319251, "drawdown": -0.171804, "max_drawdown_1y": -0.2639, "volume_ratio": 0.697435, "rsi_14": 43.285106, "macd": -9.149072, "macd_signal": -8.003685, "macd_histogram": -1.145388, "bb_width": 0.238679, "bb_position": 0.335512, "stoch_k": 46.605505, "stoch_d": 34.916523, "adx": 30.375172, "atr_14": 16.066548, "last_close": 468.91, "last_date": "2026-03-04"}