{"return_1d": -0.020302, "return_5d": -0.001201, "return_20d": -0.122372, "return_60d": -0.006496, "return_252d": -0.122019, "sma_20": 490.29821, "sma_50": 496.997872, "sma_200": 495.0546, "price_vs_sma20": -0.050211, "price_vs_sma50": -0.063014, "price_vs_sma200": -0.059336, "volatility_20d": 0.419574, "volatility_60d": 0.319411, "drawdown": -0.177509, "max_drawdown_1y": -0.2639, "volume_ratio": 1.088888, "rsi_14": 41.848172, "macd": -9.191614, "macd_signal": -7.717338, "macd_histogram": -1.474276, "bb_width": 0.249215, "bb_position": 0.287873, "stoch_k": 27.915714, "stoch_d": 26.798332, "adx": 30.853157, "atr_14": 16.59859, "last_close": 465.68, "last_date": "2026-03-03"}