{"return_1d": 0.000263, "return_5d": 0.000315, "return_20d": 0.095279, "return_60d": 0.090369, "return_252d": -0.042278, "sma_20": 183.864, "sma_50": 178.930004, "sma_200": 192.676654, "price_vs_sma20": 0.034732, "price_vs_sma50": 0.063265, "price_vs_sma200": -0.012594, "volatility_20d": 0.346226, "volatility_60d": 0.275822, "drawdown": -0.281511, "max_drawdown_1y": -0.363613, "volume_ratio": 0.724364, "rsi_14": 58.158035, "macd": 3.196925, "macd_signal": 2.861347, "macd_histogram": 0.335578, "bb_width": 0.151761, "bb_position": 0.721179, "stoch_k": 73.803526, "stoch_d": 78.682687, "adx": 21.448951, "atr_14": 5.509942, "last_close": 190.25, "last_date": "2026-03-03"}