{"return_1d": -0.008652, "return_5d": 0.000789, "return_20d": 0.06091, "return_60d": 0.092376, "return_252d": -0.034784, "sma_20": 183.0365, "sma_50": 178.660404, "sma_200": 192.721363, "price_vs_sma20": 0.039137, "price_vs_sma50": 0.06459, "price_vs_sma200": -0.013083, "volatility_20d": 0.368852, "volatility_60d": 0.27581, "drawdown": -0.2817, "max_drawdown_1y": -0.363613, "volume_ratio": 1.030481, "rsi_14": 58.107588, "macd": 3.154679, "macd_signal": 2.777452, "macd_histogram": 0.377227, "bb_width": 0.155317, "bb_position": 0.742491, "stoch_k": 75.983532, "stoch_d": 74.415218, "adx": 21.687233, "atr_14": 5.554552, "last_close": 190.2, "last_date": "2026-03-02"}