{"return_1d": 0.028323, "return_5d": 0.015696, "return_20d": 0.049134, "return_60d": 0.089812, "return_252d": -0.018947, "sma_20": 182.41, "sma_50": 178.37228, "sma_200": 192.755643, "price_vs_sma20": 0.04298, "price_vs_sma50": 0.066589, "price_vs_sma200": -0.012999, "volatility_20d": 0.360716, "volatility_60d": 0.270902, "drawdown": -0.281512, "max_drawdown_1y": -0.363614, "volume_ratio": 0.758871, "rsi_14": 58.92263, "macd": 2.93153, "macd_signal": 2.657458, "macd_histogram": 0.274071, "bb_width": 0.150147, "bb_position": 0.774457, "stoch_k": 80.099502, "stoch_d": 64.216955, "adx": 21.166653, "atr_14": 5.619353, "last_close": 190.25, "last_date": "2026-02-27"}