{"return_1d": 0.037025, "return_5d": 0.024291, "return_20d": 0.058013, "return_60d": 0.099035, "return_252d": -0.010644, "sma_20": 182.4905, "sma_50": 178.40448, "sma_200": 192.763692, "price_vs_sma20": 0.051342, "price_vs_sma50": 0.075421, "price_vs_sma200": -0.004688, "volatility_20d": 0.370131, "volatility_60d": 0.275125, "drawdown": -0.275431, "max_drawdown_1y": -0.363613, "volume_ratio": 1.506361, "rsi_14": 60.350739, "macd": 3.059963, "macd_signal": 2.683145, "macd_histogram": 0.376817, "bb_width": 0.150896, "bb_position": 0.823634, "stoch_k": 86.261003, "stoch_d": 66.270789, "adx": 21.320808, "atr_14": 5.69721, "last_close": 191.86, "last_date": "2026-02-27"}