{"return_1d": 0.002891, "return_5d": 0.045594, "return_20d": 0.102062, "return_60d": 0.077317, "return_252d": -0.057792, "sma_20": 184.7475, "sma_50": 179.293796, "sma_200": 192.599726, "price_vs_sma20": 0.032761, "price_vs_sma50": 0.064175, "price_vs_sma200": -0.009344, "volatility_20d": 0.345009, "volatility_60d": 0.274412, "drawdown": -0.279434, "max_drawdown_1y": -0.363614, "volume_ratio": 0.761911, "rsi_14": 58.746522, "macd": 3.237466, "macd_signal": 2.93657, "macd_histogram": 0.300896, "bb_width": 0.145193, "bb_position": 0.71848, "stoch_k": 67.414156, "stoch_d": 72.400405, "adx": 21.227689, "atr_14": 5.38566, "last_close": 190.8, "last_date": "2026-03-04"}