{"return_1d": -0.016562, "return_5d": 0.014215, "return_20d": 0.062815, "return_60d": 0.059297, "return_252d": -0.062257, "sma_20": 185.302, "sma_50": 179.631624, "sma_200": 192.498718, "price_vs_sma20": 0.012617, "price_vs_sma50": 0.044582, "price_vs_sma200": -0.02524, "volatility_20d": 0.348609, "volatility_60d": 0.276861, "drawdown": -0.291368, "max_drawdown_1y": -0.363613, "volume_ratio": 1.081932, "rsi_14": 54.043495, "macd": 2.980255, "macd_signal": 2.945307, "macd_histogram": 0.034948, "bb_width": 0.14255, "bb_position": 0.587408, "stoch_k": 45.269797, "stoch_d": 62.162493, "adx": 20.461504, "atr_14": 5.413113, "last_close": 187.64, "last_date": "2026-03-05"}