{"return_1d": 0.001632, "return_5d": 0.000815, "return_20d": -0.140887, "return_60d": -0.101773, "return_252d": -0.016723, "sma_20": 210.1595, "sma_50": 226.0568, "sma_200": 224.3238, "price_vs_sma20": -0.006802, "price_vs_sma50": -0.076648, "price_vs_sma200": -0.069515, "volatility_20d": 0.325606, "volatility_60d": 0.274927, "drawdown": -0.178228, "max_drawdown_1y": -0.308766, "volume_ratio": 0.655763, "rsi_14": 41.592365, "macd": -5.57729, "macd_signal": -6.654285, "macd_histogram": 1.076995, "bb_width": 0.189385, "bb_position": 0.463838, "stoch_k": 81.654907, "stoch_d": 79.78436, "adx": 28.63147, "atr_14": 6.435579, "last_close": 208.73, "last_date": "2026-03-03"}