{"return_1d": -0.007667, "return_5d": 0.015199, "return_20d": -0.129168, "return_60d": -0.11104, "return_252d": -0.001677, "sma_20": 211.871, "sma_50": 226.3076, "sma_200": 224.3314, "price_vs_sma20": -0.01643, "price_vs_sma50": -0.079174, "price_vs_sma200": -0.071062, "volatility_20d": 0.334112, "volatility_60d": 0.275218, "drawdown": -0.179567, "max_drawdown_1y": -0.308766, "volume_ratio": 0.70144, "rsi_14": 41.114318, "macd": -5.96227, "macd_signal": -6.923534, "macd_histogram": 0.961264, "bb_width": 0.233852, "bb_position": 0.428569, "stoch_k": 74.414414, "stoch_d": 76.202782, "adx": 28.460245, "atr_14": 6.415239, "last_close": 208.39, "last_date": "2026-03-02"}