{"return_1d": 0.009778, "return_5d": 0.053001, "return_20d": -0.060303, "return_60d": -0.046138, "return_252d": 0.074289, "sma_20": 208.367, "sma_50": 225.6898, "sma_200": 224.4488, "price_vs_sma20": 0.050742, "price_vs_sma50": -0.029907, "price_vs_sma200": -0.024544, "volatility_20d": 0.357487, "volatility_60d": 0.286596, "drawdown": -0.138031, "max_drawdown_1y": -0.308766, "volume_ratio": 0.918016, "rsi_14": 53.891064, "macd": -3.553861, "macd_signal": -5.700195, "macd_histogram": 2.146334, "bb_width": 0.106474, "bb_position": 0.953555, "stoch_k": 93.747446, "stoch_d": 90.686578, "adx": 25.16399, "atr_14": 6.481954, "last_close": 218.94, "last_date": "2026-03-05"}