{"return_1d": 0.010004, "return_5d": -0.000524, "return_20d": -0.131262, "return_60d": -0.102104, "return_252d": -0.020294, "sma_20": 213.4165, "sma_50": 226.591, "sma_200": 224.3463, "price_vs_sma20": -0.016009, "price_vs_sma50": -0.07322, "price_vs_sma200": -0.063947, "volatility_20d": 0.334312, "volatility_60d": 0.275071, "drawdown": -0.173228, "max_drawdown_1y": -0.308766, "volume_ratio": 0.873978, "rsi_14": 42.649196, "macd": -6.332302, "macd_signal": -7.163849, "macd_histogram": 0.831547, "bb_width": 0.257707, "bb_position": 0.43687, "stoch_k": 83.28376, "stoch_d": 67.498274, "adx": 28.415437, "atr_14": 6.405642, "last_close": 210.0, "last_date": "2026-02-27"}