{"return_1d": -0.026172, "return_5d": 0.015286, "return_20d": -0.04257, "return_60d": -0.060294, "return_252d": 0.023277, "sma_20": 207.893, "sma_50": 225.3854, "sma_200": 224.48405, "price_vs_sma20": 0.025576, "price_vs_sma50": -0.05402, "price_vs_sma200": -0.050222, "volatility_20d": 0.334835, "volatility_60d": 0.290524, "drawdown": -0.160591, "max_drawdown_1y": -0.308766, "volume_ratio": 0.802653, "rsi_14": 47.485375, "macd": -3.17688, "macd_signal": -5.195532, "macd_histogram": 2.018652, "bb_width": 0.093154, "bb_position": 0.767706, "stoch_k": 70.331018, "stoch_d": 86.911948, "adx": 23.791561, "atr_14": 6.476814, "last_close": 213.21, "last_date": "2026-03-06"}