{"return_1d": 0.038758, "return_5d": 0.029339, "return_20d": -0.091359, "return_60d": -0.053642, "return_252d": 0.057555, "sma_20": 209.0695, "sma_50": 225.858, "sma_200": 224.38205, "price_vs_sma20": 0.037071, "price_vs_sma50": -0.040016, "price_vs_sma200": -0.033702, "volatility_20d": 0.361443, "volatility_60d": 0.285826, "drawdown": -0.146378, "max_drawdown_1y": -0.308766, "volume_ratio": 0.830323, "rsi_14": 51.650299, "macd": -4.566752, "macd_signal": -6.236778, "macd_histogram": 1.670026, "bb_width": 0.140736, "bb_position": 0.753995, "stoch_k": 96.657382, "stoch_d": 84.242234, "adx": 27.012244, "atr_14": 6.605181, "last_close": 216.82, "last_date": "2026-03-04"}