{"return_1d": -0.03635, "return_5d": -0.032383, "return_20d": -0.099516, "return_60d": -0.025039, "return_252d": 0.339065, "sma_20": 134.8635, "sma_50": 133.8518, "sma_200": 127.3886, "price_vs_sma20": -0.076103, "price_vs_sma50": -0.06912, "price_vs_sma200": -0.02189, "volatility_20d": 0.539917, "volatility_60d": 0.501276, "drawdown": -0.231007, "max_drawdown_1y": -0.50416, "volume_ratio": 0.663564, "rsi_14": 40.392883, "macd": -1.89416, "macd_signal": -0.540175, "macd_histogram": -1.353985, "bb_width": 0.180706, "bb_position": 0.044168, "stoch_k": 8.44697, "stoch_d": 22.003848, "adx": 13.182618, "atr_14": 6.472407, "last_close": 124.6, "last_date": "2026-03-03"}