{"return_1d": 0.033895, "return_5d": 0.07025, "return_20d": 0.070003, "return_60d": 0.084066, "return_252d": 0.630028, "sma_20": 135.0915, "sma_50": 134.2216, "sma_200": 127.7973, "price_vs_sma20": 0.031893, "price_vs_sma50": 0.038581, "price_vs_sma200": 0.09079, "volatility_20d": 0.583353, "volatility_60d": 0.53283, "drawdown": -0.139665, "max_drawdown_1y": -0.50416, "volume_ratio": 0.941967, "rsi_14": 54.581157, "macd": -0.857214, "macd_signal": -0.76146, "macd_histogram": -0.095754, "bb_width": 0.158698, "bb_position": 0.694757, "stoch_k": 64.507576, "stoch_d": 40.050505, "adx": 12.235081, "atr_14": 6.699167, "last_close": 139.4, "last_date": "2026-03-05"}