{"return_1d": 0.024952, "return_5d": 0.005347, "return_20d": -0.098886, "return_60d": 0.042073, "return_252d": 0.385142, "sma_20": 136.174, "sma_50": 133.7436, "sma_200": 127.09645, "price_vs_sma20": -0.019637, "price_vs_sma50": -0.001821, "price_vs_sma200": 0.050383, "volatility_20d": 0.541553, "volatility_60d": 0.491284, "drawdown": -0.176079, "max_drawdown_1y": -0.50416, "volume_ratio": 0.974877, "rsi_14": 48.354196, "macd": -0.987152, "macd_signal": 0.071341, "macd_histogram": -1.058493, "bb_width": 0.153169, "bb_position": 0.36923, "stoch_k": 37.392374, "stoch_d": 32.116988, "adx": 13.289474, "atr_14": 6.452377, "last_close": 133.5, "last_date": "2026-02-27"}