{"return_1d": 0.082103, "return_5d": 0.014599, "return_20d": -0.032714, "return_60d": 0.048853, "return_252d": 0.567608, "sma_20": 134.6355, "sma_50": 134.056, "sma_200": 127.5824, "price_vs_sma20": 0.001445, "price_vs_sma50": 0.005774, "price_vs_sma200": 0.056807, "volatility_20d": 0.621101, "volatility_60d": 0.528645, "drawdown": -0.16787, "max_drawdown_1y": -0.50416, "volume_ratio": 0.75318, "rsi_14": 50.775241, "macd": -1.526907, "macd_signal": -0.737521, "macd_histogram": -0.789386, "bb_width": 0.164134, "bb_position": 0.508789, "stoch_k": 47.19697, "stoch_d": 25.272047, "adx": 12.419853, "atr_14": 6.792949, "last_close": 134.83, "last_date": "2026-03-04"}