{"return_1d": 0.006945, "return_5d": 0.071327, "return_20d": -0.033863, "return_60d": -0.022852, "return_252d": -0.160343, "sma_20": 328.3815, "sma_50": 339.6654, "sma_200": 352.019168, "price_vs_sma20": 0.028682, "price_vs_sma50": -0.005492, "price_vs_sma200": -0.040393, "volatility_20d": 0.419761, "volatility_60d": 0.286115, "drawdown": -0.171256, "max_drawdown_1y": -0.239533, "volume_ratio": 0.69436, "rsi_14": 55.157139, "macd": -2.610982, "macd_signal": -4.878725, "macd_histogram": 2.267743, "bb_width": 0.148893, "bb_position": 0.687261, "stoch_k": 92.947103, "stoch_d": 78.336953, "adx": 24.914155, "atr_14": 8.600299, "last_close": 337.8, "last_date": "2026-03-02"}