{"return_1d": -0.007064, "return_5d": 0.025737, "return_20d": -0.032666, "return_60d": -0.018627, "return_252d": -0.159347, "sma_20": 326.9995, "sma_50": 338.944, "sma_200": 351.761851, "price_vs_sma20": 0.035995, "price_vs_sma50": -0.000513, "price_vs_sma200": -0.036934, "volatility_20d": 0.418952, "volatility_60d": 0.285738, "drawdown": -0.168877, "max_drawdown_1y": -0.239533, "volume_ratio": 0.825092, "rsi_14": 55.222808, "macd": 0.069683, "macd_signal": -2.769071, "macd_histogram": 2.838755, "bb_width": 0.125015, "bb_position": 0.777925, "stoch_k": 81.665108, "stoch_d": 89.83488, "adx": 21.19744, "atr_14": 8.223465, "last_close": 338.77, "last_date": "2026-03-05"}