{"return_1d": 0.00376, "return_5d": 0.061817, "return_20d": -0.030148, "return_60d": -0.015619, "return_252d": -0.167734, "sma_20": 327.8545, "sma_50": 339.4062, "sma_200": 351.957106, "price_vs_sma20": 0.034209, "price_vs_sma50": -0.000991, "price_vs_sma200": -0.036616, "volatility_20d": 0.42014, "volatility_60d": 0.28614, "drawdown": -0.168141, "max_drawdown_1y": -0.239533, "volume_ratio": 0.772088, "rsi_14": 56.017147, "macd": -1.553545, "macd_signal": -4.213689, "macd_histogram": 2.660144, "bb_width": 0.140085, "bb_position": 0.736122, "stoch_k": 96.501539, "stoch_d": 89.321257, "adx": 23.205901, "atr_14": 8.532421, "last_close": 339.07, "last_date": "2026-03-03"}