{"return_1d": 0.015745, "return_5d": 0.031993, "return_20d": -0.021811, "return_60d": -0.044708, "return_252d": -0.156172, "sma_20": 328.9735, "sma_50": 339.9454, "sma_200": 352.101799, "price_vs_sma20": 0.019748, "price_vs_sma50": -0.013165, "price_vs_sma200": -0.047236, "volatility_20d": 0.425394, "volatility_60d": 0.287426, "drawdown": -0.176973, "max_drawdown_1y": -0.239533, "volume_ratio": 1.141023, "rsi_14": 53.61191, "macd": -3.793369, "macd_signal": -5.445661, "macd_histogram": 1.652291, "bb_width": 0.158147, "bb_position": 0.622452, "stoch_k": 78.515128, "stoch_d": 60.982615, "adx": 26.721718, "atr_14": 8.618784, "last_close": 335.47, "last_date": "2026-02-27"}