{"return_1d": 0.006223, "return_5d": 0.050884, "return_20d": -0.016319, "return_60d": -0.01878, "return_252d": -0.162964, "sma_20": 327.5715, "sma_50": 339.1694, "sma_200": 351.873811, "price_vs_sma20": 0.041544, "price_vs_sma50": 0.005928, "price_vs_sma200": -0.030391, "volatility_20d": 0.42013, "volatility_60d": 0.285755, "drawdown": -0.162964, "max_drawdown_1y": -0.239533, "volume_ratio": 1.083481, "rsi_14": 57.476308, "macd": -0.539045, "macd_signal": -3.47876, "macd_histogram": 2.939715, "bb_width": 0.134589, "bb_position": 0.796359, "stoch_k": 91.337993, "stoch_d": 93.595545, "adx": 22.225802, "atr_14": 8.442962, "last_close": 341.18, "last_date": "2026-03-04"}