{"return_1d": 0.005402, "return_5d": 0.015292, "return_20d": -0.008038, "return_60d": -0.008125, "return_252d": -0.15353, "sma_20": 326.8615, "sma_50": 338.6468, "sma_200": 351.643873, "price_vs_sma20": 0.042032, "price_vs_sma50": 0.005768, "price_vs_sma200": -0.031406, "volatility_20d": 0.413873, "volatility_60d": 0.285761, "drawdown": -0.164387, "max_drawdown_1y": -0.239533, "volume_ratio": 0.633798, "rsi_14": 56.613845, "macd": 0.691796, "macd_signal": -2.076898, "macd_histogram": 2.768694, "bb_width": 0.122018, "bb_position": 0.830576, "stoch_k": 87.371375, "stoch_d": 86.791492, "adx": 19.914968, "atr_14": 8.162503, "last_close": 340.6, "last_date": "2026-03-06"}