{"return_1d": 0.011017, "return_5d": 0.002442, "return_20d": 0.066011, "return_60d": 0.18146, "return_252d": 0.197149, "sma_20": 77.96, "sma_50": 72.9822, "sma_200": 69.508213, "price_vs_sma20": 0.000513, "price_vs_sma50": 0.068754, "price_vs_sma200": 0.12217, "volatility_20d": 0.197167, "volatility_60d": 0.237649, "drawdown": -0.127373, "max_drawdown_1y": -0.343024, "volume_ratio": 1.111699, "rsi_14": 58.077785, "macd": 1.255333, "macd_signal": 1.757222, "macd_histogram": -0.501889, "bb_width": 0.092343, "bb_position": 0.505553, "stoch_k": 43.586006, "stoch_d": 31.195335, "adx": 30.803528, "atr_14": 1.784524, "last_close": 78.0, "last_date": "2026-02-27"}