{"return_1d": -0.030147, "return_5d": -0.038663, "return_20d": -0.039167, "return_60d": 0.091518, "return_252d": 0.122049, "sma_20": 78.0785, "sma_50": 73.4362, "sma_200": 69.613886, "price_vs_sma20": -0.060561, "price_vs_sma50": -0.001174, "price_vs_sma200": 0.053669, "volatility_20d": 0.232729, "volatility_60d": 0.252489, "drawdown": -0.179395, "max_drawdown_1y": -0.343024, "volume_ratio": 1.719001, "rsi_14": 39.559264, "macd": 0.556808, "macd_signal": 1.314434, "macd_histogram": -0.757626, "bb_width": 0.092932, "bb_position": -0.193676, "stoch_k": 7.592191, "stoch_d": 19.731896, "adx": 27.574761, "atr_14": 1.95781, "last_close": 73.35, "last_date": "2026-03-04"}