{"return_1d": 0.009851, "return_5d": 0.001285, "return_20d": 0.070045, "return_60d": 0.185931, "return_252d": 0.201679, "sma_20": 77.9555, "sma_50": 72.774744, "sma_200": 69.204136, "price_vs_sma20": -0.000584, "price_vs_sma50": 0.070564, "price_vs_sma200": 0.1258, "volatility_20d": 0.197776, "volatility_60d": 0.237842, "drawdown": -0.12407, "max_drawdown_1y": -0.343024, "volume_ratio": 0.403471, "rsi_14": 58.067119, "macd": 1.309908, "macd_signal": 1.828257, "macd_histogram": -0.518349, "bb_width": 0.09245, "bb_position": 0.493683, "stoch_k": 42.274052, "stoch_d": 30.758017, "adx": 30.761582, "atr_14": 1.776121, "last_close": 77.91, "last_date": "2026-02-27"}