{"return_1d": -0.000897, "return_5d": 0.01511, "return_20d": 0.060416, "return_60d": 0.181474, "return_252d": 0.200064, "sma_20": 78.182, "sma_50": 73.182, "sma_200": 69.550828, "price_vs_sma20": -0.003223, "price_vs_sma50": 0.064879, "price_vs_sma200": 0.120476, "volatility_20d": 0.197664, "volatility_60d": 0.237649, "drawdown": -0.128156, "max_drawdown_1y": -0.343024, "volume_ratio": 0.7844, "rsi_14": 57.713478, "macd": 1.1909, "macd_signal": 1.643958, "macd_histogram": -0.453057, "bb_width": 0.076031, "bb_position": 0.457469, "stoch_k": 42.565598, "stoch_d": 39.115646, "adx": 29.333305, "atr_14": 1.784915, "last_close": 77.93, "last_date": "2026-03-02"}