{"return_1d": -0.018132, "return_5d": -0.066494, "return_20d": -0.081026, "return_60d": 0.058651, "return_252d": 0.114633, "sma_20": 77.761, "sma_50": 73.5164, "sma_200": 69.624971, "price_vs_sma20": -0.073829, "price_vs_sma50": -0.020355, "price_vs_sma200": 0.034399, "volatility_20d": 0.213477, "volatility_60d": 0.254656, "drawdown": -0.194275, "max_drawdown_1y": -0.343024, "volume_ratio": 1.23679, "rsi_14": 35.896663, "macd": 0.141503, "macd_signal": 1.079848, "macd_histogram": -0.938345, "bb_width": 0.119564, "bb_position": -0.166706, "stoch_k": 6.820567, "stoch_d": 7.816886, "adx": 27.990098, "atr_14": 1.959395, "last_close": 72.02, "last_date": "2026-03-05"}