{"return_1d": -0.014024, "return_5d": -0.089615, "return_20d": -0.090897, "return_60d": 0.057483, "return_252d": 0.084293, "sma_20": 77.406, "sma_50": 73.5744, "sma_200": 69.631057, "price_vs_sma20": -0.082629, "price_vs_sma50": -0.034855, "price_vs_sma200": 0.019804, "volatility_20d": 0.216301, "volatility_60d": 0.254921, "drawdown": -0.205574, "max_drawdown_1y": -0.343024, "volume_ratio": 1.045102, "rsi_14": 33.369974, "macd": -0.266061, "macd_signal": 0.810666, "macd_histogram": -1.076727, "bb_width": 0.146686, "bb_position": -0.114046, "stoch_k": 9.680365, "stoch_d": 8.031041, "adx": 28.904105, "atr_14": 1.967295, "last_close": 71.01, "last_date": "2026-03-06"}