{"return_1d": 0.043464, "return_5d": 0.103412, "return_20d": 0.199924, "return_60d": 0.257026, "return_252d": 0.632117, "sma_20": 28.107, "sma_50": 26.20202, "sma_200": 22.430008, "price_vs_sma20": 0.127477, "price_vs_sma50": 0.209449, "price_vs_sma200": 0.412839, "volatility_20d": 0.471963, "volatility_60d": 0.447992, "drawdown": -0.298627, "max_drawdown_1y": -0.704744, "volume_ratio": 1.71994, "rsi_14": 70.823267, "macd": 1.104403, "macd_signal": 0.8659, "macd_histogram": 0.238503, "bb_width": 0.169, "bb_position": 1.169018, "stoch_k": 83.174603, "stoch_d": 84.972637, "adx": 21.446039, "atr_14": 1.313343, "last_close": 31.69, "last_date": "2026-03-02"}