{"return_1d": -0.023548, "return_5d": 0.117098, "return_20d": 0.175359, "return_60d": 0.17543, "return_252d": 0.731462, "sma_20": 28.637, "sma_50": 26.501346, "sma_200": 22.571136, "price_vs_sma20": 0.086008, "price_vs_sma50": 0.173525, "price_vs_sma200": 0.377866, "volatility_20d": 0.47315, "volatility_60d": 0.436037, "drawdown": -0.311685, "max_drawdown_1y": -0.704744, "volume_ratio": 0.978792, "rsi_14": 65.660643, "macd": 1.287109, "macd_signal": 1.011337, "macd_histogram": 0.275772, "bb_width": 0.194156, "bb_position": 0.907899, "stoch_k": 73.459716, "stoch_d": 80.647459, "adx": 24.392502, "atr_14": 1.35176, "last_close": 31.1, "last_date": "2026-03-04"}