{"return_1d": 0.005049, "return_5d": 0.112858, "return_20d": 0.230205, "return_60d": 0.193058, "return_252d": 0.618164, "sma_20": 28.405, "sma_50": 26.35106, "sma_200": 22.501456, "price_vs_sma20": 0.121281, "price_vs_sma50": 0.20868, "price_vs_sma200": 0.415464, "volatility_20d": 0.459627, "volatility_60d": 0.433243, "drawdown": -0.295086, "max_drawdown_1y": -0.704744, "volume_ratio": 1.662203, "rsi_14": 71.32157, "macd": 1.24837, "macd_signal": 0.942394, "macd_histogram": 0.305976, "bb_width": 0.184517, "bb_position": 1.086196, "stoch_k": 85.308057, "stoch_d": 89.074405, "adx": 23.293828, "atr_14": 1.348819, "last_close": 31.85, "last_date": "2026-03-03"}