{"return_1d": 0.009265, "return_5d": 0.076062, "return_20d": 0.234139, "return_60d": 0.262078, "return_252d": 0.853774, "sma_20": 29.197, "sma_50": 26.841088, "sma_200": 22.727742, "price_vs_sma20": 0.119293, "price_vs_sma50": 0.217536, "price_vs_sma200": 0.43789, "volatility_20d": 0.452293, "volatility_60d": 0.43501, "drawdown": -0.276716, "max_drawdown_1y": -0.704744, "volume_ratio": 1.357786, "rsi_14": 70.965346, "macd": 1.505108, "macd_signal": 1.173061, "macd_histogram": 0.332047, "bb_width": 0.217971, "bb_position": 0.988959, "stoch_k": 88.87218, "stoch_d": 85.225441, "adx": 27.810029, "atr_14": 1.350906, "last_close": 32.68, "last_date": "2026-03-06"}