{"return_1d": 0.043643, "return_5d": 0.045079, "return_20d": 0.156512, "return_60d": 0.212767, "return_252d": 0.451138, "sma_20": 27.843, "sma_50": 26.042906, "sma_200": 22.360761, "price_vs_sma20": 0.090759, "price_vs_sma50": 0.166153, "price_vs_sma200": 0.358183, "volatility_20d": 0.454717, "volatility_60d": 0.440506, "drawdown": -0.327842, "max_drawdown_1y": -0.704744, "volume_ratio": 1.212482, "rsi_14": 66.343256, "macd": 0.920876, "macd_signal": 0.806274, "macd_histogram": 0.114601, "bb_width": 0.145779, "bb_position": 1.070777, "stoch_k": 98.740554, "stoch_d": 73.951556, "adx": 19.469952, "atr_14": 1.217447, "last_close": 30.37, "last_date": "2026-02-27"}