{"return_1d": 0.007841, "return_5d": 0.000434, "return_20d": -0.03573, "return_60d": 0.067809, "return_252d": -0.070844, "sma_20": 281.253, "sma_50": 268.217582, "sma_200": 269.830933, "price_vs_sma20": -0.017433, "price_vs_sma50": 0.03032, "price_vs_sma200": 0.02416, "volatility_20d": 0.206732, "volatility_60d": 0.326008, "drawdown": -0.160772, "max_drawdown_1y": -0.304299, "volume_ratio": 1.147468, "rsi_14": 50.952026, "macd": 1.47281, "macd_signal": 3.257926, "macd_histogram": -1.785116, "bb_width": 0.080404, "bb_position": 0.279338, "stoch_k": 43.963675, "stoch_d": 27.592691, "adx": 17.792633, "atr_14": 6.312616, "last_close": 276.35, "last_date": "2026-03-05"}