{"return_1d": 0.002757, "return_5d": -0.024078, "return_20d": 0.014422, "return_60d": 0.084425, "return_252d": -0.091578, "sma_20": 281.8505, "sma_50": 266.241774, "sma_200": 269.754562, "price_vs_sma20": -0.019232, "price_vs_sma50": 0.038267, "price_vs_sma200": 0.024746, "volatility_20d": 0.24954, "volatility_60d": 0.325724, "drawdown": -0.160529, "max_drawdown_1y": -0.304299, "volume_ratio": 1.183048, "rsi_14": 50.675873, "macd": 2.85358, "macd_signal": 4.718506, "macd_histogram": -1.864927, "bb_width": 0.080138, "bb_position": 0.255309, "stoch_k": 20.798735, "stoch_d": 13.750796, "adx": 18.641799, "atr_14": 6.403099, "last_close": 276.43, "last_date": "2026-03-02"}