{"return_1d": -0.012264, "return_5d": -0.023008, "return_20d": 0.007565, "return_60d": 0.056397, "return_252d": -0.113333, "sma_20": 281.953, "sma_50": 266.81068, "sma_200": 269.789538, "price_vs_sma20": -0.031612, "price_vs_sma50": 0.023347, "price_vs_sma200": 0.012048, "volatility_20d": 0.252935, "volatility_60d": 0.325897, "drawdown": -0.170824, "max_drawdown_1y": -0.304299, "volume_ratio": 0.799798, "rsi_14": 46.64924, "macd": 2.16361, "macd_signal": 4.207527, "macd_histogram": -2.043917, "bb_width": 0.078406, "bb_position": 0.08366, "stoch_k": 17.360621, "stoch_d": 16.348875, "adx": 18.675749, "atr_14": 6.539306, "last_close": 273.04, "last_date": "2026-03-03"}