{"return_1d": -0.01509, "return_5d": -0.01266, "return_20d": -0.039929, "return_60d": 0.161477, "return_252d": -0.103162, "sma_20": 280.687, "sma_50": 268.801058, "sma_200": 269.832944, "price_vs_sma20": -0.030308, "price_vs_sma50": 0.01257, "price_vs_sma200": 0.008698, "volatility_20d": 0.209775, "volatility_60d": 0.260311, "drawdown": -0.173436, "max_drawdown_1y": -0.304299, "volume_ratio": 0.97816, "rsi_14": 45.810663, "macd": 0.952496, "macd_signal": 2.79684, "macd_histogram": -1.844344, "bb_width": 0.086195, "bb_position": 0.137392, "stoch_k": 24.296828, "stoch_d": 29.90476, "adx": 17.264314, "atr_14": 6.221715, "last_close": 272.18, "last_date": "2026-03-06"}