{"return_1d": 0.024464, "return_5d": -0.130307, "return_20d": -0.097307, "return_60d": -0.046279, "return_252d": 1.108301, "sma_20": 142.9605, "sma_50": 143.9988, "sma_200": 121.98132, "price_vs_sma20": -0.071422, "price_vs_sma50": -0.078117, "price_vs_sma200": 0.088281, "volatility_20d": 0.657391, "volatility_60d": 0.55612, "drawdown": -0.201504, "max_drawdown_1y": -0.245792, "volume_ratio": 1.108303, "rsi_14": 39.24267, "macd": -1.823289, "macd_signal": 0.14222, "macd_histogram": -1.965509, "bb_width": 0.236187, "bb_position": 0.174346, "stoch_k": 19.470699, "stoch_d": 9.659781, "adx": 14.553729, "atr_14": 6.791177, "last_close": 132.75, "last_date": "2026-03-04"}