{"return_1d": 0.02629, "return_5d": -0.082374, "return_20d": 0.048, "return_60d": -0.020503, "return_252d": 1.177454, "sma_20": 143.2725, "sma_50": 144.0178, "sma_200": 122.230321, "price_vs_sma20": -0.049085, "price_vs_sma50": -0.054006, "price_vs_sma200": 0.114617, "volatility_20d": 0.51528, "volatility_60d": 0.558754, "drawdown": -0.180511, "max_drawdown_1y": -0.245792, "volume_ratio": 1.387849, "rsi_14": 43.147272, "macd": -2.134982, "macd_signal": -0.31322, "macd_histogram": -1.821762, "bb_width": 0.218142, "bb_position": 0.263372, "stoch_k": 32.665406, "stoch_d": 19.873976, "adx": 14.723811, "atr_14": 6.851093, "last_close": 136.24, "last_date": "2026-03-05"}