{"return_1d": -0.032076, "return_5d": -0.097152, "return_20d": 0.033221, "return_60d": -0.056659, "return_252d": 1.053544, "sma_20": 143.4845, "sma_50": 143.9524, "sma_200": 122.45981, "price_vs_sma20": -0.080946, "price_vs_sma50": -0.083933, "price_vs_sma200": 0.076843, "volatility_20d": 0.525044, "volatility_60d": 0.562569, "drawdown": -0.206797, "max_drawdown_1y": -0.245792, "volume_ratio": 0.843939, "rsi_14": 39.706322, "macd": -2.70346, "macd_signal": -0.791268, "macd_histogram": -1.912191, "bb_width": 0.21325, "bb_position": 0.086985, "stoch_k": 16.143667, "stoch_d": 22.759924, "adx": 15.258089, "atr_14": 6.766729, "last_close": 131.87, "last_date": "2026-03-06"}