{"return_1d": -0.023035, "return_5d": -0.039658, "return_20d": -0.030285, "return_60d": 0.043885, "return_252d": 1.20695, "sma_20": 144.839, "sma_50": 143.7338, "sma_200": 121.269199, "price_vs_sma20": 0.001457, "price_vs_sma50": 0.009157, "price_vs_sma200": 0.196099, "volatility_20d": 0.597658, "volatility_60d": 0.528562, "drawdown": -0.127519, "max_drawdown_1y": -0.245792, "volume_ratio": 0.499633, "rsi_14": 48.448226, "macd": 1.338156, "macd_signal": 1.22762, "macd_histogram": 0.110536, "bb_width": 0.177737, "bb_position": 0.508184, "stoch_k": 48.394495, "stoch_d": 72.624545, "adx": 9.61062, "atr_14": 6.598316, "last_close": 145.05, "last_date": "2026-02-27"}