{"return_1d": -0.041284, "return_5d": -0.144686, "return_20d": -0.105913, "return_60d": -0.063614, "return_252d": 0.960621, "sma_20": 143.676, "sma_50": 143.936, "sma_200": 121.745242, "price_vs_sma20": -0.09811, "price_vs_sma50": -0.099739, "price_vs_sma200": 0.064354, "volatility_20d": 0.652626, "volatility_60d": 0.553902, "drawdown": -0.220571, "max_drawdown_1y": -0.245792, "volume_ratio": 1.474359, "rsi_14": 35.50683, "macd": -1.04359, "macd_signal": 0.633597, "macd_histogram": -1.677187, "bb_width": 0.232149, "bb_position": 0.031411, "stoch_k": 7.485822, "stoch_d": 21.231475, "adx": 13.008704, "atr_14": 6.978191, "last_close": 129.58, "last_date": "2026-03-03"}