{"return_1d": -0.074627, "return_5d": -0.085645, "return_20d": -0.06191, "return_60d": -0.042896, "return_252d": 1.080662, "sma_20": 144.4435, "sma_50": 143.8746, "sma_200": 121.523322, "price_vs_sma20": -0.064271, "price_vs_sma50": -0.060571, "price_vs_sma200": 0.112214, "volatility_20d": 0.638946, "volatility_60d": 0.548911, "drawdown": -0.187008, "max_drawdown_1y": -0.245792, "volume_ratio": 1.46342, "rsi_14": 39.474104, "macd": 0.289533, "macd_signal": 1.052894, "macd_histogram": -0.763361, "bb_width": 0.200964, "bb_position": 0.158221, "stoch_k": 2.022822, "stoch_d": 43.584132, "adx": 11.004832, "atr_14": 6.933436, "last_close": 135.16, "last_date": "2026-03-02"}