{"return_1d": -0.016232, "return_5d": -0.032971, "return_20d": -0.023533, "return_60d": 0.051154, "return_252d": 1.222317, "sma_20": 144.8895, "sma_50": 143.754, "sma_200": 121.274249, "price_vs_sma20": 0.008079, "price_vs_sma50": 0.016041, "price_vs_sma200": 0.204378, "volatility_20d": 0.594789, "volatility_60d": 0.527408, "drawdown": -0.121444, "max_drawdown_1y": -0.245792, "volume_ratio": 0.987551, "rsi_14": 49.507815, "macd": 1.418726, "macd_signal": 1.243734, "macd_histogram": 0.174992, "bb_width": 0.176657, "bb_position": 0.545364, "stoch_k": 54.18578, "stoch_d": 74.554973, "adx": 9.61062, "atr_14": 6.598316, "last_close": 146.06, "last_date": "2026-02-27"}