{"return_1d": -0.022834, "return_5d": 0.039197, "return_20d": -0.134327, "return_60d": -0.205532, "return_252d": -0.21465, "sma_20": 118.426035, "sma_50": 131.561702, "sma_200": 134.184226, "price_vs_sma20": -0.082128, "price_vs_sma50": -0.173772, "price_vs_sma200": -0.18992, "volatility_20d": 0.513688, "volatility_60d": 0.410997, "drawdown": -0.380326, "max_drawdown_1y": -0.403699, "volume_ratio": 0.89397, "rsi_14": 34.167347, "macd": -6.721874, "macd_signal": -6.395242, "macd_histogram": -0.326632, "bb_width": 0.326088, "bb_position": 0.225608, "stoch_k": 34.290774, "stoch_d": 37.502322, "adx": 44.101778, "atr_14": 5.645278, "last_close": 108.7, "last_date": "2026-03-06"}