{"return_1d": 0.005918, "return_5d": -0.061772, "return_20d": -0.192751, "return_60d": -0.200614, "return_252d": -0.271653, "sma_20": 121.14757, "sma_50": 133.761776, "sma_200": 134.660319, "price_vs_sma20": -0.116119, "price_vs_sma50": -0.199472, "price_vs_sma200": -0.204814, "volatility_20d": 0.569654, "volatility_60d": 0.406369, "drawdown": -0.389562, "max_drawdown_1y": -0.403699, "volume_ratio": 1.306912, "rsi_14": 29.32063, "macd": -7.276226, "macd_signal": -5.944021, "macd_histogram": -1.332205, "bb_width": 0.324201, "bb_position": 0.094775, "stoch_k": 22.658997, "stoch_d": 12.661687, "adx": 42.208492, "atr_14": 5.984089, "last_close": 107.08, "last_date": "2026-03-03"}