{"return_1d": -0.084266, "return_5d": -0.124958, "return_20d": -0.217876, "return_60d": -0.199422, "return_252d": -0.279615, "sma_20": 123.811105, "sma_50": 135.34149, "sma_200": 135.018192, "price_vs_sma20": -0.153872, "price_vs_sma50": -0.225958, "price_vs_sma200": -0.224105, "volatility_20d": 0.555812, "volatility_60d": 0.405248, "drawdown": -0.402787, "max_drawdown_1y": -0.402787, "volume_ratio": 1.845687, "rsi_14": 25.018578, "macd": -6.624596, "macd_signal": -5.243928, "macd_histogram": -1.380668, "bb_width": 0.300969, "bb_position": -0.104231, "stoch_k": 2.134843, "stoch_d": 11.244834, "adx": 38.936707, "atr_14": 5.749476, "last_close": 104.76, "last_date": "2026-02-27"}