{"return_1d": 0.025308, "return_5d": -0.063305, "return_20d": -0.130954, "return_60d": -0.193869, "return_252d": -0.228995, "sma_20": 120.320375, "sma_50": 133.04348, "sma_200": 134.500181, "price_vs_sma20": -0.087519, "price_vs_sma50": -0.174781, "price_vs_sma200": -0.183719, "volatility_20d": 0.564639, "volatility_60d": 0.408558, "drawdown": -0.374112, "max_drawdown_1y": -0.403699, "volume_ratio": 0.723339, "rsi_14": 34.113545, "macd": -7.139542, "macd_signal": -6.183125, "macd_histogram": -0.956417, "bb_width": 0.325345, "bb_position": 0.205193, "stoch_k": 34.396035, "stoch_d": 23.565231, "adx": 43.179386, "atr_14": 5.776654, "last_close": 109.79, "last_date": "2026-03-04"}