{"return_1d": 0.017686, "return_5d": -0.064011, "return_20d": -0.205553, "return_60d": -0.190757, "return_252d": -0.266951, "sma_20": 122.425975, "sma_50": 134.536264, "sma_200": 134.835236, "price_vs_sma20": -0.130495, "price_vs_sma50": -0.208764, "price_vs_sma200": -0.210518, "volatility_20d": 0.566538, "volatility_60d": 0.408373, "drawdown": -0.393153, "max_drawdown_1y": -0.403699, "volume_ratio": 1.168054, "rsi_14": 28.193026, "macd": -7.068922, "macd_signal": -5.610969, "macd_histogram": -1.457952, "bb_width": 0.315298, "bb_position": 0.024007, "stoch_k": 13.640662, "stoch_d": 8.718056, "adx": 40.558915, "atr_14": 5.785942, "last_close": 106.45, "last_date": "2026-03-02"}