{"return_1d": 0.013207, "return_5d": -0.027622, "return_20d": -0.158927, "return_60d": -0.191382, "return_252d": -0.18109, "sma_20": 119.26939, "sma_50": 132.353388, "sma_200": 134.345516, "price_vs_sma20": -0.067321, "price_vs_sma50": -0.159523, "price_vs_sma200": -0.171986, "volatility_20d": 0.534314, "volatility_60d": 0.409042, "drawdown": -0.365846, "max_drawdown_1y": -0.403699, "volume_ratio": 0.679356, "rsi_14": 36.591196, "macd": -6.835421, "macd_signal": -6.313584, "macd_histogram": -0.521837, "bb_width": 0.312721, "bb_position": 0.269185, "stoch_k": 43.820157, "stoch_d": 33.625063, "adx": 43.427781, "atr_14": 5.572608, "last_close": 111.24, "last_date": "2026-03-05"}