{"return_1d": -0.085664, "return_5d": -0.126295, "return_20d": -0.21907, "return_60d": -0.200645, "return_252d": -0.280716, "sma_20": 123.803105, "sma_50": 135.33829, "sma_200": 135.017394, "price_vs_sma20": -0.15511, "price_vs_sma50": -0.227122, "price_vs_sma200": -0.225285, "volatility_20d": 0.558253, "volatility_60d": 0.406449, "drawdown": -0.403699, "max_drawdown_1y": -0.403699, "volume_ratio": 2.352329, "rsi_14": 24.927198, "macd": -6.63736, "macd_signal": -5.246481, "macd_histogram": -1.390879, "bb_width": 0.302171, "bb_position": -0.107558, "stoch_k": 1.685403, "stoch_d": 11.09502, "adx": 38.936709, "atr_14": 5.749476, "last_close": 104.6, "last_date": "2026-02-27"}