{"return_1d": -0.032207, "return_5d": 0.02847, "return_20d": -0.243553, "return_60d": -0.309482, "return_252d": 0.300906, "sma_20": 420.8605, "sma_50": 547.1794, "sma_200": 508.49815, "price_vs_sma20": 0.023142, "price_vs_sma50": -0.213055, "price_vs_sma200": -0.153193, "volatility_20d": 1.416528, "volatility_60d": 0.925967, "drawdown": -0.413032, "max_drawdown_1y": -0.569972, "volume_ratio": 0.41927, "rsi_14": 45.605112, "macd": -34.17827, "macd_signal": -44.272977, "macd_histogram": 10.094707, "bb_width": 0.337864, "bb_position": 0.566945, "stoch_k": 58.211382, "stoch_d": 59.663957, "adx": 30.308006, "atr_14": 36.107009, "last_close": 430.6, "last_date": "2026-02-27"}