{"return_1d": 0.100071, "return_5d": 0.145104, "return_20d": 0.045519, "return_60d": -0.29391, "return_252d": 0.431227, "sma_20": 417.908, "sma_50": 533.7804, "sma_200": 509.72615, "price_vs_sma20": 0.155302, "price_vs_sma50": -0.095489, "price_vs_sma200": -0.052805, "volatility_20d": 1.320137, "volatility_60d": 0.940674, "drawdown": -0.341862, "max_drawdown_1y": -0.569972, "volume_ratio": 1.05347, "rsi_14": 54.171117, "macd": -20.561696, "macd_signal": -34.981217, "macd_histogram": 14.41952, "bb_width": 0.277415, "bb_position": 0.984564, "stoch_k": 98.137286, "stoch_d": 76.333839, "adx": 26.439383, "atr_14": 36.342456, "last_close": 482.81, "last_date": "2026-03-04"}