{"return_1d": 0.053334, "return_5d": 0.143011, "return_20d": 0.312955, "return_60d": -0.265023, "return_252d": 0.554136, "sma_20": 423.969, "sma_50": 529.5242, "sma_200": 510.45725, "price_vs_sma20": 0.199522, "price_vs_sma50": -0.039591, "price_vs_sma200": -0.003717, "volatility_20d": 1.17168, "volatility_60d": 0.947466, "drawdown": -0.306761, "max_drawdown_1y": -0.569972, "volume_ratio": 1.011914, "rsi_14": 57.791487, "macd": -13.176722, "macd_signal": -30.620318, "macd_histogram": 17.443596, "bb_width": 0.299365, "bb_position": 1.055624, "stoch_k": 97.898802, "stoch_d": 88.917993, "adx": 25.236845, "atr_14": 35.815137, "last_close": 508.56, "last_date": "2026-03-05"}