{"return_1d": -0.01455, "return_5d": -0.057239, "return_20d": -0.0433, "return_60d": -0.064662, "return_252d": 0.109461, "sma_20": 80.0215, "sma_50": 79.7406, "sma_200": 76.74165, "price_vs_sma20": -0.094368, "price_vs_sma50": -0.091178, "price_vs_sma200": -0.055663, "volatility_20d": 0.393314, "volatility_60d": 0.372241, "drawdown": -0.593139, "max_drawdown_1y": -0.730968, "volume_ratio": 0.928636, "rsi_14": 34.946071, "macd": -1.427, "macd_signal": -0.361599, "macd_histogram": -1.0654, "bb_width": 0.198901, "bb_position": -0.023887, "stoch_k": 11.488573, "stoch_d": 8.940619, "adx": 21.372009, "atr_14": 2.971817, "last_close": 72.47, "last_date": "2026-03-02"}