{"return_1d": -0.045431, "return_5d": -0.075782, "return_20d": -0.067106, "return_60d": -0.04419, "return_252d": 0.110541, "sma_20": 80.1855, "sma_50": 79.8396, "sma_200": 76.72325, "price_vs_sma20": -0.082877, "price_vs_sma50": -0.078903, "price_vs_sma200": -0.04149, "volatility_20d": 0.412903, "volatility_60d": 0.371472, "drawdown": -0.587132, "max_drawdown_1y": -0.730968, "volume_ratio": 1.563779, "rsi_14": 36.60582, "macd": -1.018854, "macd_signal": -0.095249, "macd_histogram": -0.923604, "bb_width": 0.180562, "bb_position": -0.000469, "stoch_k": 1.704967, "stoch_d": 6.791511, "adx": 20.210183, "atr_14": 2.975034, "last_close": 73.54, "last_date": "2026-02-27"}