{"return_1d": -0.0392, "return_5d": -0.06975, "return_20d": -0.061017, "return_60d": -0.037952, "return_252d": 0.117789, "sma_20": 80.2095, "sma_50": 79.8492, "sma_200": 76.72565, "price_vs_sma20": -0.077167, "price_vs_sma50": -0.073003, "price_vs_sma200": -0.035264, "volatility_20d": 0.404955, "volatility_60d": 0.368459, "drawdown": -0.584437, "max_drawdown_1y": -0.730968, "volume_ratio": 0.59585, "rsi_14": 37.344652, "macd": -0.980563, "macd_signal": -0.087591, "macd_histogram": -0.892972, "bb_width": 0.176866, "bb_position": 0.027218, "stoch_k": 0.46729, "stoch_d": 6.378952, "adx": 19.991768, "atr_14": 2.928605, "last_close": 74.02, "last_date": "2026-02-27"}