{"return_1d": -0.014765, "return_5d": -0.080963, "return_20d": -0.084381, "return_60d": -0.08567, "return_252d": 0.096437, "sma_20": 79.6925, "sma_50": 79.6336, "sma_200": 76.75155, "price_vs_sma20": -0.104056, "price_vs_sma50": -0.103394, "price_vs_sma200": -0.069726, "volatility_20d": 0.377555, "volatility_60d": 0.372868, "drawdown": -0.599147, "max_drawdown_1y": -0.730968, "volume_ratio": 0.99858, "rsi_14": 33.319133, "macd": -1.815866, "macd_signal": -0.652453, "macd_histogram": -1.163413, "bb_width": 0.226775, "bb_position": -0.012144, "stoch_k": 12.895928, "stoch_d": 8.696489, "adx": 22.82132, "atr_14": 2.99883, "last_close": 71.4, "last_date": "2026-03-03"}