{"return_1d": -0.00779, "return_5d": -0.027923, "return_20d": -0.035642, "return_60d": 0.094408, "return_252d": -0.456418, "sma_20": 54.052, "sma_50": 53.419802, "sma_200": 65.206018, "price_vs_sma20": -0.033893, "price_vs_sma50": -0.02246, "price_vs_sma200": -0.199154, "volatility_20d": 0.41292, "volatility_60d": 0.367378, "drawdown": -0.719122, "max_drawdown_1y": -0.761639, "volume_ratio": 0.899489, "rsi_14": 43.093173, "macd": -0.273763, "macd_signal": -0.0625, "macd_histogram": -0.211263, "bb_width": 0.11106, "bb_position": 0.184113, "stoch_k": 34.782609, "stoch_d": 41.464932, "adx": 18.42519, "atr_14": 2.028351, "last_close": 52.22, "last_date": "2026-03-03"}