{"return_1d": 0.026044, "return_5d": -0.008879, "return_20d": -0.004459, "return_60d": 0.167018, "return_252d": -0.438084, "sma_20": 54.04, "sma_50": 53.52665, "sma_200": 65.133083, "price_vs_sma20": -0.008512, "price_vs_sma50": 0.000997, "price_vs_sma200": -0.177377, "volatility_20d": 0.42378, "volatility_60d": 0.361257, "drawdown": -0.711807, "max_drawdown_1y": -0.761639, "volume_ratio": 0.858496, "rsi_14": 48.737715, "macd": -0.259197, "macd_signal": -0.101839, "macd_histogram": -0.157358, "bb_width": 0.108454, "bb_position": 0.42084, "stoch_k": 70.710572, "stoch_d": 46.844911, "adx": 18.89911, "atr_14": 2.026326, "last_close": 53.58, "last_date": "2026-03-04"}