{"return_1d": -0.033408, "return_5d": -0.060414, "return_20d": -0.063641, "return_60d": 0.15556, "return_252d": -0.451398, "sma_20": 53.864, "sma_50": 53.617604, "sma_200": 65.045053, "price_vs_sma20": -0.038504, "price_vs_sma50": -0.034086, "price_vs_sma200": -0.203783, "volatility_20d": 0.426551, "volatility_60d": 0.364795, "drawdown": -0.721435, "max_drawdown_1y": -0.761639, "volume_ratio": 0.573361, "rsi_14": 42.730161, "macd": -0.387623, "macd_signal": -0.158996, "macd_histogram": -0.228627, "bb_width": 0.115903, "bb_position": 0.154485, "stoch_k": 39.688042, "stoch_d": 48.393741, "adx": 19.37515, "atr_14": 2.029446, "last_close": 51.79, "last_date": "2026-03-05"}