{"return_1d": -0.015421, "return_5d": 0.011556, "return_20d": 0.00407, "return_60d": 0.037128, "return_252d": -0.416947, "sma_20": 54.2605, "sma_50": 53.190486, "sma_200": 65.365875, "price_vs_sma20": 0.000175, "price_vs_sma50": 0.020295, "price_vs_sma200": -0.16975, "volatility_20d": 0.402362, "volatility_60d": 0.419155, "drawdown": -0.708096, "max_drawdown_1y": -0.761639, "volume_ratio": 0.746548, "rsi_14": 50.35231, "macd": -0.013021, "macd_signal": 0.029039, "macd_histogram": -0.042061, "bb_width": 0.099158, "bb_position": 0.501765, "stoch_k": 57.756233, "stoch_d": 60.710988, "adx": 17.455719, "atr_14": 1.971757, "last_close": 54.27, "last_date": "2026-02-27"}