{"return_1d": -0.026092, "return_5d": -0.020837, "return_20d": -0.036786, "return_60d": -0.007852, "return_252d": -0.444985, "sma_20": 54.1485, "sma_50": 53.312758, "sma_200": 65.283037, "price_vs_sma20": -0.028043, "price_vs_sma50": -0.012807, "price_vs_sma200": -0.193818, "volatility_20d": 0.41318, "volatility_60d": 0.422656, "drawdown": -0.716917, "max_drawdown_1y": -0.761639, "volume_ratio": 0.896379, "rsi_14": 44.463729, "macd": -0.149899, "macd_signal": -0.009684, "macd_histogram": -0.140215, "bb_width": 0.105463, "bb_position": 0.226422, "stoch_k": 35.041551, "stoch_d": 53.047091, "adx": 17.292818, "atr_14": 1.935917, "last_close": 52.63, "last_date": "2026-03-02"}