{"return_1d": -0.006263, "return_5d": -0.038494, "return_20d": -0.230901, "return_60d": -0.300331, "return_252d": -0.322791, "sma_20": 126.2495, "sma_50": 149.1438, "sma_200": 161.928503, "price_vs_sma20": -0.107719, "price_vs_sma50": -0.244689, "price_vs_sma200": -0.304323, "volatility_20d": 0.76151, "volatility_60d": 0.523585, "drawdown": -0.415991, "max_drawdown_1y": -0.419309, "volume_ratio": 0.711626, "rsi_14": 30.013567, "macd": -10.186821, "macd_signal": -9.518896, "macd_histogram": -0.667925, "bb_width": 0.322767, "bb_position": 0.125973, "stoch_k": 18.959108, "stoch_d": 14.601468, "adx": 49.44655, "atr_14": 7.065376, "last_close": 112.65, "last_date": "2026-03-03"}