{"return_1d": -0.052761, "return_5d": -0.091832, "return_20d": -0.262641, "return_60d": -0.294237, "return_252d": -0.319761, "sma_20": 129.748, "sma_50": 151.4404, "sma_200": 162.505732, "price_vs_sma20": -0.137944, "price_vs_sma50": -0.261426, "price_vs_sma200": -0.311717, "volatility_20d": 0.757199, "volatility_60d": 0.524537, "drawdown": -0.420139, "max_drawdown_1y": -0.420139, "volume_ratio": 0.906774, "rsi_14": 28.570668, "macd": -10.114041, "macd_signal": -9.146808, "macd_histogram": -0.967232, "bb_width": 0.359284, "bb_position": 0.05462, "stoch_k": 9.839109, "stoch_d": 17.272636, "adx": 47.537545, "atr_14": 7.049134, "last_close": 111.85, "last_date": "2026-02-27"}