{"return_1d": -0.060065, "return_5d": -0.017856, "return_20d": -0.097317, "return_60d": -0.32592, "return_252d": -0.306446, "sma_20": 123.878, "sma_50": 145.9564, "sma_200": 161.156263, "price_vs_sma20": -0.111949, "price_vs_sma50": -0.246282, "price_vs_sma200": -0.317371, "volatility_20d": 0.589261, "volatility_60d": 0.539466, "drawdown": -0.429678, "max_drawdown_1y": -0.429678, "volume_ratio": 1.144741, "rsi_14": 31.135663, "macd": -9.373468, "macd_signal": -9.489737, "macd_histogram": 0.116269, "bb_width": 0.346972, "bb_position": 0.136682, "stoch_k": 13.730213, "stoch_d": 27.103907, "adx": 49.701975, "atr_14": 6.840897, "last_close": 110.01, "last_date": "2026-03-06"}