{"return_1d": 0.005897, "return_5d": -0.087299, "return_20d": -0.096711, "return_60d": -0.159274, "return_252d": 0.167087, "sma_20": 693.58, "sma_50": 699.576, "sma_200": 639.5955, "price_vs_sma20": -0.065429, "price_vs_sma50": -0.073439, "price_vs_sma200": 0.013453, "volatility_20d": 0.348784, "volatility_60d": 0.325955, "drawdown": -0.192777, "max_drawdown_1y": -0.295594, "volume_ratio": 0.035831, "rsi_14": 33.658842, "macd": -14.646823, "macd_signal": -7.532355, "macd_histogram": -7.114468, "bb_width": 0.159759, "bb_position": 0.061783, "stoch_k": 7.991803, "stoch_d": 6.916653, "adx": 19.253503, "atr_14": 22.174035, "last_close": 648.2, "last_date": "2026-03-04"}