{"return_1d": -0.004928, "return_5d": -0.088832, "return_20d": -0.100751, "return_60d": -0.184297, "return_252d": 0.117606, "sma_20": 697.14, "sma_50": 701.364, "sma_200": 638.9365, "price_vs_sma20": -0.07307, "price_vs_sma50": -0.078652, "price_vs_sma200": 0.011368, "volatility_20d": 0.346637, "volatility_60d": 0.329029, "drawdown": -0.195268, "max_drawdown_1y": -0.295594, "volume_ratio": 0.040578, "rsi_14": 32.213186, "macd": -12.87778, "macd_signal": -5.72502, "macd_histogram": -7.15276, "bb_width": 0.1484, "bb_position": -0.031199, "stoch_k": 5.942623, "stoch_d": 8.676996, "adx": 18.547228, "atr_14": 22.867642, "last_close": 646.2, "last_date": "2026-03-03"}