{"return_1d": -0.018558, "return_5d": -0.083002, "return_20d": -0.095852, "return_60d": -0.192491, "return_252d": 0.089497, "sma_20": 700.55, "sma_50": 702.916, "sma_200": 638.2665, "price_vs_sma20": -0.079009, "price_vs_sma50": -0.082109, "price_vs_sma200": 0.010863, "volatility_20d": 0.351872, "volatility_60d": 0.330192, "drawdown": -0.196513, "max_drawdown_1y": -0.295594, "volume_ratio": 0.117165, "rsi_14": 32.059358, "macd": -10.705433, "macd_signal": -4.003839, "macd_histogram": -6.701594, "bb_width": 0.135451, "bb_position": -0.133348, "stoch_k": 4.329897, "stoch_d": 7.014937, "adx": 17.560538, "atr_14": 23.934383, "last_close": 645.2, "last_date": "2026-03-02"}