{"return_1d": -0.00607, "return_5d": -0.053544, "return_20d": -0.10552, "return_60d": -0.190265, "return_252d": 0.189675, "sma_20": 685.12, "sma_50": 695.492, "sma_200": 640.6265, "price_vs_sma20": -0.091838, "price_vs_sma50": -0.105382, "price_vs_sma200": -0.028763, "volatility_20d": 0.343926, "volatility_60d": 0.324613, "drawdown": -0.225156, "max_drawdown_1y": -0.295594, "volume_ratio": 1.35427, "rsi_14": 27.069665, "macd": -20.152783, "macd_signal": -11.771539, "macd_histogram": -8.381244, "bb_width": 0.211706, "bb_position": 0.022333, "stoch_k": 9.247649, "stoch_d": 4.676175, "adx": 22.41488, "atr_14": 22.90385, "last_close": 622.2, "last_date": "2026-03-06"}