{"return_1d": 0.008282, "return_5d": -0.089978, "return_20d": -0.065928, "return_60d": -0.15869, "return_252d": 0.1116, "sma_20": 703.97, "sma_50": 704.908, "sma_200": 637.6495, "price_vs_sma20": -0.066153, "price_vs_sma50": -0.067396, "price_vs_sma200": 0.030974, "volatility_20d": 0.353892, "volatility_60d": 0.332829, "drawdown": -0.18132, "max_drawdown_1y": -0.295594, "volume_ratio": 2.60178, "rsi_14": 34.744488, "macd": -7.345025, "macd_signal": -2.32844, "macd_histogram": -5.016585, "bb_width": 0.109011, "bb_position": -0.14984, "stoch_k": 11.428571, "stoch_d": 25.040665, "adx": 16.522451, "atr_14": 24.513951, "last_close": 657.4, "last_date": "2026-02-27"}