{"return_1d": -0.021489, "return_5d": -0.006995, "return_20d": 0.091512, "return_60d": -0.116642, "return_252d": 0.323583, "sma_20": 72.0515, "sma_50": 76.181, "sma_200": 76.34415, "price_vs_sma20": 0.004837, "price_vs_sma50": -0.049632, "price_vs_sma200": -0.051663, "volatility_20d": 0.404866, "volatility_60d": 0.346337, "drawdown": -0.437604, "max_drawdown_1y": -0.685322, "volume_ratio": 0.86827, "rsi_14": 46.810217, "macd": -0.566141, "macd_signal": -1.062495, "macd_histogram": 0.496354, "bb_width": 0.091599, "bb_position": 0.55255, "stoch_k": 54.507628, "stoch_d": 75.588495, "adx": 27.436935, "atr_14": 2.644458, "last_close": 72.4, "last_date": "2026-03-06"}