{"return_1d": -0.026408, "return_5d": 0.002636, "return_20d": -0.028241, "return_60d": -0.105139, "return_252d": 0.298706, "sma_20": 71.4735, "sma_50": 76.5642, "sma_200": 76.10005, "price_vs_sma20": 0.011004, "price_vs_sma50": -0.056217, "price_vs_sma200": -0.050461, "volatility_20d": 0.459049, "volatility_60d": 0.338176, "drawdown": -0.438691, "max_drawdown_1y": -0.685322, "volume_ratio": 1.618693, "rsi_14": 46.37732, "macd": -0.930823, "macd_signal": -1.513252, "macd_histogram": 0.582428, "bb_width": 0.107226, "bb_position": 0.601508, "stoch_k": 66.335227, "stoch_d": 78.693182, "adx": 30.689239, "atr_14": 2.652732, "last_close": 72.26, "last_date": "2026-03-03"}