{"return_1d": -0.012545, "return_5d": -0.00831, "return_20d": 0.057151, "return_60d": -0.096691, "return_252d": 0.391574, "sma_20": 71.748, "sma_50": 76.3628, "sma_200": 76.26915, "price_vs_sma20": 0.031248, "price_vs_sma50": -0.031073, "price_vs_sma200": -0.029883, "volatility_20d": 0.444147, "volatility_60d": 0.343932, "drawdown": -0.425253, "max_drawdown_1y": -0.685322, "volume_ratio": 1.031785, "rsi_14": 50.582676, "macd": -0.547822, "macd_signal": -1.186584, "macd_histogram": 0.638761, "bb_width": 0.111939, "bb_position": 0.770695, "stoch_k": 76.560333, "stoch_d": 79.531028, "adx": 28.234195, "atr_14": 2.68557, "last_close": 73.99, "last_date": "2026-03-05"}