{"return_1d": -0.027342, "return_5d": 0.015107, "return_20d": -0.065301, "return_60d": -0.063975, "return_252d": 0.285335, "sma_20": 71.594, "sma_50": 76.7846, "sma_200": 75.9408, "price_vs_sma20": 0.013632, "price_vs_sma50": -0.054889, "price_vs_sma200": -0.044387, "volatility_20d": 0.464408, "volatility_60d": 0.340984, "drawdown": -0.460283, "max_drawdown_1y": -0.698719, "volume_ratio": 0.82862, "rsi_14": 47.055985, "macd": -1.227288, "macd_signal": -1.837083, "macd_histogram": 0.609795, "bb_width": 0.114029, "bb_position": 0.617944, "stoch_k": 70.738636, "stoch_d": 88.006301, "adx": 31.15886, "atr_14": 2.457548, "last_close": 72.57, "last_date": "2026-02-27"}