{"return_1d": 0.017967, "return_5d": 0.060286, "return_20d": -0.008682, "return_60d": -0.051138, "return_252d": 0.35959, "sma_20": 71.5785, "sma_50": 76.673, "sma_200": 76.02655, "price_vs_sma20": 0.036904, "price_vs_sma50": -0.031993, "price_vs_sma200": -0.023762, "volatility_20d": 0.449861, "volatility_60d": 0.341209, "drawdown": -0.423466, "max_drawdown_1y": -0.685322, "volume_ratio": 1.101176, "rsi_14": 51.234117, "macd": -0.96766, "macd_signal": -1.658859, "macd_histogram": 0.691199, "bb_width": 0.109482, "bb_position": 0.825077, "stoch_k": 94.176136, "stoch_d": 89.820076, "adx": 30.750877, "atr_14": 2.524866, "last_close": 74.22, "last_date": "2026-03-02"}