{"return_1d": 0.03695, "return_5d": 0.018901, "return_20d": 0.020289, "return_60d": -0.093406, "return_252d": 0.411377, "sma_20": 71.548, "sma_50": 76.489, "sma_200": 76.19105, "price_vs_sma20": 0.047269, "price_vs_sma50": -0.020382, "price_vs_sma200": -0.016551, "volatility_20d": 0.475966, "volatility_60d": 0.343516, "drawdown": -0.417951, "max_drawdown_1y": -0.685322, "volume_ratio": 1.022056, "rsi_14": 52.924119, "macd": -0.678363, "macd_signal": -1.346274, "macd_histogram": 0.667911, "bb_width": 0.108757, "bb_position": 0.915011, "stoch_k": 95.697523, "stoch_d": 85.402962, "adx": 29.527874, "atr_14": 2.677537, "last_close": 74.93, "last_date": "2026-03-04"}