{"return_1d": -0.02812, "return_5d": -0.066842, "return_20d": 0.149857, "return_60d": -0.146416, "return_252d": -0.015267, "sma_20": 124.786, "sma_50": 116.4282, "sma_200": 138.551175, "price_vs_sma20": -0.033385, "price_vs_sma50": 0.036003, "price_vs_sma200": -0.129419, "volatility_20d": 0.542859, "volatility_60d": 0.455833, "drawdown": -0.353105, "max_drawdown_1y": -0.53974, "volume_ratio": 0.567317, "rsi_14": 47.662418, "macd": 1.93608, "macd_signal": 2.693824, "macd_histogram": -0.757743, "bb_width": 0.135511, "bb_position": 0.245127, "stoch_k": 23.684211, "stoch_d": 32.25084, "adx": 15.073308, "atr_14": 6.067817, "last_close": 120.62, "last_date": "2026-03-05"}