{"return_1d": -0.014003, "return_5d": 0.014891, "return_20d": 0.175413, "return_60d": -0.055996, "return_252d": -0.082896, "sma_20": 121.332, "sma_50": 115.8762, "sma_200": 138.742875, "price_vs_sma20": 0.050424, "price_vs_sma50": 0.099881, "price_vs_sma200": -0.081394, "volatility_20d": 0.530081, "volatility_60d": 0.449705, "drawdown": -0.316475, "max_drawdown_1y": -0.53974, "volume_ratio": 0.461168, "rsi_14": 58.480057, "macd": 3.672343, "macd_signal": 2.997222, "macd_histogram": 0.675121, "bb_width": 0.277994, "bb_position": 0.672677, "stoch_k": 57.5, "stoch_d": 76.631865, "adx": 18.566178, "atr_14": 6.010709, "last_close": 127.45, "last_date": "2026-02-27"}