{"return_1d": -0.024166, "return_5d": 0.004767, "return_20d": 0.180429, "return_60d": -0.088731, "return_252d": -0.045803, "sma_20": 122.2825, "sma_50": 115.9416, "sma_200": 138.731325, "price_vs_sma20": 0.017071, "price_vs_sma50": 0.072695, "price_vs_sma200": -0.103519, "volatility_20d": 0.526441, "volatility_60d": 0.451623, "drawdown": -0.332994, "max_drawdown_1y": -0.53974, "volume_ratio": 0.572013, "rsi_14": 53.336642, "macd": 3.28395, "macd_signal": 3.054568, "macd_histogram": 0.229383, "bb_width": 0.259816, "bb_position": 0.564602, "stoch_k": 32.09622, "stoch_d": 55.540668, "adx": 17.412953, "atr_14": 5.996372, "last_close": 124.37, "last_date": "2026-03-02"}