{"return_1d": -0.051733, "return_5d": -0.10255, "return_20d": 0.031566, "return_60d": -0.181714, "return_252d": -0.083347, "sma_20": 124.961, "sma_50": 116.45, "sma_200": 138.462825, "price_vs_sma20": -0.084674, "price_vs_sma50": -0.017776, "price_vs_sma200": -0.17393, "volatility_20d": 0.548629, "volatility_60d": 0.466704, "drawdown": -0.386571, "max_drawdown_1y": -0.53974, "volume_ratio": 0.85632, "rsi_14": 40.170678, "macd": 1.008099, "macd_signal": 2.356679, "macd_histogram": -1.34858, "bb_width": 0.123211, "bb_position": -0.250807, "stoch_k": 4.194793, "stoch_d": 23.701362, "adx": 15.085487, "atr_14": 6.142259, "last_close": 114.38, "last_date": "2026-03-06"}