{"return_1d": -0.018627, "return_5d": -0.042026, "return_20d": 0.001699, "return_60d": 0.285573, "return_252d": 1.058194, "sma_20": 1434.299295, "sma_50": 1313.70727, "sma_200": 980.978002, "price_vs_sma20": -0.007501, "price_vs_sma50": 0.083605, "price_vs_sma200": 0.451144, "volatility_20d": 0.363644, "volatility_60d": 0.417095, "drawdown": -0.067455, "max_drawdown_1y": -0.454823, "volume_ratio": 0.985547, "rsi_14": 51.914081, "macd": 38.901161, "macd_signal": 47.601838, "macd_histogram": -8.700677, "bb_width": 0.126695, "bb_position": 0.440344, "stoch_k": 24.800876, "stoch_d": 39.938322, "adx": 29.836456, "atr_14": 47.903135, "last_close": 1423.54, "last_date": "2026-03-02"}