{"return_1d": -0.003167, "return_5d": -0.029536, "return_20d": 0.041758, "return_60d": 0.243361, "return_252d": 0.888346, "sma_20": 1216.780005, "sma_50": 1142.997218, "sma_200": 853.057729, "price_vs_sma20": -0.017078, "price_vs_sma50": 0.046372, "price_vs_sma200": 0.402015, "volatility_20d": 0.355498, "volatility_60d": 0.408971, "drawdown": -0.071717, "max_drawdown_1y": -0.447717, "volume_ratio": 0.119455, "rsi_14": 50.178034, "macd": 16.403018, "macd_signal": 27.934406, "macd_histogram": -11.531388, "bb_width": 0.104831, "bb_position": 0.33426, "stoch_k": 30.805687, "stoch_d": 24.802528, "adx": 26.476616, "atr_14": 45.042574, "last_close": 1196.0, "last_date": "2026-03-05"}