{"return_1d": -0.043975, "return_5d": -0.091374, "return_20d": -0.054569, "return_60d": 0.194418, "return_252d": 0.936106, "sma_20": 1430.371725, "sma_50": 1320.64422, "sma_200": 983.959713, "price_vs_sma20": -0.048541, "price_vs_sma50": 0.030512, "price_vs_sma200": 0.383126, "volatility_20d": 0.392465, "volatility_60d": 0.425539, "drawdown": -0.108463, "max_drawdown_1y": -0.454823, "volume_ratio": 1.316441, "rsi_14": 43.771762, "macd": 28.68581, "macd_signal": 43.818633, "macd_histogram": -15.132823, "bb_width": 0.140506, "bb_position": 0.1369, "stoch_k": 14.624822, "stoch_d": 26.885054, "adx": 28.832974, "atr_14": 51.232197, "last_close": 1360.9399, "last_date": "2026-03-03"}