{"return_1d": -0.009045, "return_5d": -0.012949, "return_20d": -0.001846, "return_60d": 0.335006, "return_252d": 0.959031, "sma_20": 1434.17857, "sma_50": 1306.729122, "sma_200": 977.658382, "price_vs_sma20": 0.011422, "price_vs_sma50": 0.110069, "price_vs_sma200": 0.483709, "volatility_20d": 0.366246, "volatility_60d": 0.415312, "drawdown": -0.049754, "max_drawdown_1y": -0.454823, "volume_ratio": 0.871869, "rsi_14": 56.096391, "macd": 45.000001, "macd_signal": 49.777008, "macd_histogram": -4.777007, "bb_width": 0.124423, "bb_position": 0.590765, "stoch_k": 41.229464, "stoch_d": 61.995767, "adx": 31.598135, "atr_14": 48.561061, "last_close": 1450.5601, "last_date": "2026-02-27"}