{"return_1d": -0.055219, "return_5d": -0.108758, "return_20d": -0.041221, "return_60d": 0.156128, "return_252d": 0.762917, "sma_20": 1429.408785, "sma_50": 1338.951592, "sma_200": 993.047665, "price_vs_sma20": -0.09557, "price_vs_sma50": -0.034468, "price_vs_sma200": 0.301851, "volatility_20d": 0.41995, "volatility_60d": 0.442112, "drawdown": -0.153101, "max_drawdown_1y": -0.454824, "volume_ratio": 1.298166, "rsi_14": 37.854284, "macd": 4.960497, "macd_signal": 29.07404, "macd_histogram": -24.113543, "bb_width": 0.158867, "bb_position": -0.165141, "stoch_k": 2.352715, "stoch_d": 17.538749, "adx": 26.192859, "atr_14": 54.107414, "last_close": 1292.8, "last_date": "2026-03-06"}