{"return_1d": -0.036186, "return_5d": -0.076619, "return_20d": -0.018678, "return_60d": 0.220271, "return_252d": 0.756703, "sma_20": 1211.58653, "sma_50": 1131.081032, "sma_200": 847.548536, "price_vs_sma20": -0.03713, "price_vs_sma50": 0.031403, "price_vs_sma200": 0.37644, "volatility_20d": 0.365158, "volatility_60d": 0.403442, "drawdown": -0.094536, "max_drawdown_1y": -0.447717, "volume_ratio": 0.163995, "rsi_14": 45.045417, "macd": 23.12639, "macd_signal": 33.727441, "macd_histogram": -10.601051, "bb_width": 0.129765, "bb_position": 0.202831, "stoch_k": 2.663116, "stoch_d": 26.608426, "adx": 30.035396, "atr_14": 46.213112, "last_close": 1166.6, "last_date": "2026-03-03"}