{"return_1d": 0.000811, "return_5d": -0.017681, "return_20d": 0.016005, "return_60d": 0.315148, "return_252d": 0.884006, "sma_20": 1213.33468, "sma_50": 1118.827674, "sma_200": 842.233132, "price_vs_sma20": 0.016537, "price_vs_sma50": 0.102404, "price_vs_sma200": 0.46444, "volatility_20d": 0.349899, "volatility_60d": 0.394986, "drawdown": -0.042689, "max_drawdown_1y": -0.447717, "volume_ratio": 1.753451, "rsi_14": 57.170189, "macd": 34.880448, "macd_signal": 37.861243, "macd_histogram": -2.980795, "bb_width": 0.119627, "bb_position": 0.635992, "stoch_k": 46.351351, "stoch_d": 59.422299, "adx": 34.297639, "atr_14": 45.528817, "last_close": 1233.4, "last_date": "2026-02-27"}