{"return_1d": 0.028238, "return_5d": -0.083288, "return_20d": 0.003822, "return_60d": 0.262266, "return_252d": 1.017004, "sma_20": 1430.63816, "sma_50": 1327.932722, "sma_200": 987.186029, "price_vs_sma20": -0.021856, "price_vs_sma50": 0.053796, "price_vs_sma200": 0.417534, "volatility_20d": 0.391143, "volatility_60d": 0.423776, "drawdown": -0.083288, "max_drawdown_1y": -0.454823, "volume_ratio": 0.99703, "rsi_14": 49.054399, "macd": 23.421074, "macd_signal": 39.739121, "macd_histogram": -16.318047, "bb_width": 0.136107, "bb_position": 0.335832, "stoch_k": 32.237958, "stoch_d": 23.887885, "adx": 27.223543, "atr_14": 50.75919, "last_close": 1399.37, "last_date": "2026-03-04"}