{"return_1d": -0.002867, "return_5d": -0.041187, "return_20d": -0.008052, "return_60d": 0.242719, "return_252d": 0.88787, "sma_20": 1215.8, "sma_50": 1148.409428, "sma_200": 855.609335, "price_vs_sma20": -0.027307, "price_vs_sma50": 0.029772, "price_vs_sma200": 0.382173, "volatility_20d": 0.33148, "volatility_60d": 0.409076, "drawdown": -0.082117, "max_drawdown_1y": -0.447717, "volume_ratio": 0.078026, "rsi_14": 48.047735, "macd": 12.118285, "macd_signal": 24.643547, "macd_histogram": -12.525262, "bb_width": 0.108842, "bb_position": 0.242068, "stoch_k": 22.867299, "stoch_d": 26.935229, "adx": 24.835213, "atr_14": 44.979329, "last_close": 1182.6, "last_date": "2026-03-06"}