{"return_1d": 0.017209, "return_5d": 0.037895, "return_20d": 0.131493, "return_60d": 0.093803, "return_252d": 0.27305, "sma_20": 175.75397, "sma_50": 170.466628, "sma_200": 164.195582, "price_vs_sma20": 0.062792, "price_vs_sma50": 0.095757, "price_vs_sma200": 0.137607, "volatility_20d": 0.11854, "volatility_60d": 0.148813, "drawdown": 0.0, "max_drawdown_1y": -0.071994, "volume_ratio": 1.941979, "rsi_14": 81.202365, "macd": 4.192673, "macd_signal": 3.23211, "macd_histogram": 0.960563, "bb_width": 0.129215, "bb_position": 0.957241, "stoch_k": 94.561315, "stoch_d": 96.045245, "adx": 38.623411, "atr_14": 2.880913, "last_close": 186.79, "last_date": "2026-02-27"}