{"return_1d": 0.001499, "return_5d": 0.029441, "return_20d": 0.130874, "return_60d": 0.106006, "return_252d": 0.27794, "sma_20": 176.83643, "sma_50": 170.866594, "sma_200": 164.379348, "price_vs_sma20": 0.05787, "price_vs_sma50": 0.094831, "price_vs_sma200": 0.138038, "volatility_20d": 0.118812, "volatility_60d": 0.147008, "drawdown": 0.0, "max_drawdown_1y": -0.071994, "volume_ratio": 0.78137, "rsi_14": 81.493001, "macd": 4.44184, "macd_signal": 3.474056, "macd_histogram": 0.967784, "bb_width": 0.128831, "bb_position": 0.924623, "stoch_k": 94.88353, "stoch_d": 95.860568, "adx": 40.383436, "atr_14": 2.870134, "last_close": 187.07, "last_date": "2026-03-02"}