{"return_1d": 0.00414, "return_5d": 0.025871, "return_20d": 0.112539, "return_60d": 0.098612, "return_252d": 0.242754, "sma_20": 178.801075, "sma_50": 171.587614, "sma_200": 164.735631, "price_vs_sma20": 0.044569, "price_vs_sma50": 0.088482, "price_vs_sma200": 0.133756, "volatility_20d": 0.121542, "volatility_60d": 0.147461, "drawdown": -0.001604, "max_drawdown_1y": -0.071994, "volume_ratio": 1.116947, "rsi_14": 77.653871, "macd": 4.557625, "macd_signal": 3.855094, "macd_histogram": 0.702531, "bb_width": 0.119719, "bb_position": 0.856393, "stoch_k": 90.261961, "stoch_d": 90.697862, "adx": 40.651142, "atr_14": 2.985064, "last_close": 186.77, "last_date": "2026-03-04"}