{"return_1d": 0.01503, "return_5d": 0.035673, "return_20d": 0.12907, "return_60d": 0.091461, "return_252d": 0.270324, "sma_20": 175.73397, "sma_50": 170.458628, "sma_200": 164.19358, "price_vs_sma20": 0.060637, "price_vs_sma50": 0.093462, "price_vs_sma200": 0.135184, "volatility_20d": 0.116089, "volatility_60d": 0.147897, "drawdown": 0.0, "max_drawdown_1y": -0.071994, "volume_ratio": 0.393402, "rsi_14": 80.802442, "macd": 4.160764, "macd_signal": 3.225728, "macd_histogram": 0.935036, "bb_width": 0.128719, "bb_position": 0.944151, "stoch_k": 96.633257, "stoch_d": 96.735892, "adx": 38.507627, "atr_14": 2.822334, "last_close": 186.39, "last_date": "2026-02-27"}