{"return_1d": -0.007442, "return_5d": 0.00953, "return_20d": 0.084852, "return_60d": 0.088272, "return_252d": 0.265465, "sma_20": 179.52605, "sma_50": 171.979636, "sma_200": 164.891285, "price_vs_sma20": 0.032608, "price_vs_sma50": 0.077918, "price_vs_sma200": 0.124256, "volatility_20d": 0.120199, "volatility_60d": 0.14862, "drawdown": -0.009034, "max_drawdown_1y": -0.071994, "volume_ratio": 0.989841, "rsi_14": 71.495535, "macd": 4.439104, "macd_signal": 3.971896, "macd_histogram": 0.467208, "bb_width": 0.11769, "bb_position": 0.768317, "stoch_k": 78.940377, "stoch_d": 85.383478, "adx": 40.817118, "atr_14": 2.969702, "last_close": 185.38, "last_date": "2026-03-05"}