{"return_1d": -0.00572, "return_5d": 0.021866, "return_20d": 0.123189, "return_60d": 0.092804, "return_252d": 0.249834, "sma_20": 177.856435, "sma_50": 171.22189, "sma_200": 164.564662, "price_vs_sma20": 0.045787, "price_vs_sma50": 0.08631, "price_vs_sma200": 0.130255, "volatility_20d": 0.124987, "volatility_60d": 0.147474, "drawdown": -0.00572, "max_drawdown_1y": -0.071994, "volume_ratio": 1.230741, "rsi_14": 76.617871, "macd": 4.501081, "macd_signal": 3.679461, "macd_histogram": 0.82162, "bb_width": 0.123814, "bb_position": 0.853617, "stoch_k": 86.948096, "stoch_d": 92.13098, "adx": 40.472399, "atr_14": 2.980838, "last_close": 186.0, "last_date": "2026-03-03"}