{"return_1d": -0.01358, "return_5d": -0.000958, "return_20d": 0.013902, "return_60d": -0.004049, "return_252d": -0.171321, "sma_20": 176.529, "sma_50": 178.278876, "sma_200": 186.29083, "price_vs_sma20": 0.003971, "price_vs_sma50": -0.005883, "price_vs_sma200": -0.048638, "volatility_20d": 0.266556, "volatility_60d": 0.22011, "drawdown": -0.221857, "max_drawdown_1y": -0.254918, "volume_ratio": 1.733367, "rsi_14": 49.828203, "macd": 0.146065, "macd_signal": -0.180122, "macd_histogram": 0.326186, "bb_width": 0.051997, "bb_position": 0.576068, "stoch_k": 58.067941, "stoch_d": 73.461891, "adx": 11.434143, "atr_14": 3.859185, "last_close": 177.23, "last_date": "2026-02-27"}