{"return_1d": -0.009441, "return_5d": -0.001464, "return_20d": 0.011408, "return_60d": -0.013809, "return_252d": -0.187762, "sma_20": 176.696, "sma_50": 178.309242, "sma_200": 186.095465, "price_vs_sma20": 0.003531, "price_vs_sma50": -0.005548, "price_vs_sma200": -0.047156, "volatility_20d": 0.260247, "volatility_60d": 0.221243, "drawdown": -0.221462, "max_drawdown_1y": -0.254918, "volume_ratio": 0.875598, "rsi_14": 49.778576, "macd": 0.211295, "macd_signal": -0.031436, "macd_histogram": 0.242731, "bb_width": 0.052811, "bb_position": 0.566636, "stoch_k": 49.47644, "stoch_d": 59.713746, "adx": 12.262232, "atr_14": 3.873226, "last_close": 177.32, "last_date": "2026-03-03"}