{"return_1d": 0.010043, "return_5d": 0.015026, "return_20d": 0.007542, "return_60d": -0.002211, "return_252d": -0.168402, "sma_20": 176.596, "sma_50": 178.35375, "sma_200": 186.18983, "price_vs_sma20": 0.01367, "price_vs_sma50": 0.003679, "price_vs_sma200": -0.038562, "volatility_20d": 0.26254, "volatility_60d": 0.220437, "drawdown": -0.214042, "max_drawdown_1y": -0.254918, "volume_ratio": 1.081722, "rsi_14": 53.260635, "macd": 0.259891, "macd_signal": -0.092119, "macd_histogram": 0.35201, "bb_width": 0.052622, "bb_position": 0.756266, "stoch_k": 71.596859, "stoch_d": 72.234475, "adx": 11.524073, "atr_14": 3.814243, "last_close": 179.01, "last_date": "2026-03-02"}