{"return_1d": -0.002284, "return_5d": -0.034873, "return_20d": -0.03767, "return_60d": -0.162853, "return_252d": 0.626395, "sma_20": 328.365, "sma_50": 335.143348, "sma_200": 318.102351, "price_vs_sma20": -0.029068, "price_vs_sma50": -0.048706, "price_vs_sma200": 0.002256, "volatility_20d": 0.41172, "volatility_60d": 0.43603, "drawdown": -0.226505, "max_drawdown_1y": -0.411497, "volume_ratio": 0.834525, "rsi_14": 41.505616, "macd": -3.715059, "macd_signal": -2.956443, "macd_histogram": -0.758616, "bb_width": 0.118125, "bb_position": 0.246551, "stoch_k": 28.473413, "stoch_d": 28.548407, "adx": 22.200231, "atr_14": 14.493858, "last_close": 318.82, "last_date": "2026-03-02"}