{"return_1d": -0.006882, "return_5d": 0.034204, "return_20d": 0.064314, "return_60d": -0.174489, "return_252d": 0.740612, "sma_20": 329.596, "sma_50": 334.3196, "sma_200": 319.98297, "price_vs_sma20": 0.002682, "price_vs_sma50": -0.011485, "price_vs_sma200": 0.032805, "volatility_20d": 0.410996, "volatility_60d": 0.442328, "drawdown": -0.198217, "max_drawdown_1y": -0.411497, "volume_ratio": 1.552692, "rsi_14": 50.98967, "macd": -2.922213, "macd_signal": -3.435313, "macd_histogram": 0.5131, "bb_width": 0.097253, "bb_position": 0.527505, "stoch_k": 64.114569, "stoch_d": 56.079171, "adx": 20.988024, "atr_14": 14.483845, "last_close": 330.48, "last_date": "2026-03-06"}