{"return_1d": -0.006683, "return_5d": -0.039381, "return_20d": -0.033804, "return_60d": -0.170738, "return_252d": 0.514218, "sma_20": 328.989, "sma_50": 335.579912, "sma_200": 317.663429, "price_vs_sma20": -0.028691, "price_vs_sma50": -0.047768, "price_vs_sma200": 0.005939, "volatility_20d": 0.411878, "volatility_60d": 0.436428, "drawdown": -0.224734, "max_drawdown_1y": -0.411497, "volume_ratio": 1.117897, "rsi_14": 41.913112, "macd": -3.211402, "macd_signal": -2.76679, "macd_histogram": -0.444613, "bb_width": 0.114815, "bb_position": 0.24273, "stoch_k": 26.165278, "stoch_d": 37.761622, "adx": 20.968087, "atr_14": 14.621078, "last_close": 319.55, "last_date": "2026-02-27"}