{"return_1d": 0.047995, "return_5d": 0.034411, "return_20d": 0.080247, "return_60d": -0.145637, "return_252d": 0.791002, "sma_20": 328.5975, "sma_50": 334.539, "sma_200": 319.476851, "price_vs_sma20": 0.012698, "price_vs_sma50": -0.005288, "price_vs_sma200": 0.041609, "volatility_20d": 0.409432, "volatility_60d": 0.446659, "drawdown": -0.192661, "max_drawdown_1y": -0.411497, "volume_ratio": 2.246832, "rsi_14": 52.503302, "macd": -3.626832, "macd_signal": -3.563588, "macd_histogram": -0.063244, "bb_width": 0.108676, "bb_position": 0.615377, "stoch_k": 77.696749, "stoch_d": 40.240982, "adx": 22.577043, "atr_14": 14.358756, "last_close": 332.77, "last_date": "2026-03-05"}