{"return_1d": -0.01562, "return_5d": -0.035792, "return_20d": -0.052158, "return_60d": -0.173851, "return_252d": 0.587906, "sma_20": 327.5015, "sma_50": 334.9122, "sma_200": 318.517864, "price_vs_sma20": -0.041714, "price_vs_sma50": -0.062919, "price_vs_sma200": -0.014686, "volatility_20d": 0.414675, "volatility_60d": 0.436849, "drawdown": -0.238587, "max_drawdown_1y": -0.411497, "volume_ratio": 0.838592, "rsi_14": 38.738621, "macd": -4.46459, "macd_signal": -3.258073, "macd_histogram": -1.206518, "bb_width": 0.126218, "bb_position": 0.15512, "stoch_k": 16.6, "stoch_d": 23.74623, "adx": 23.344364, "atr_14": 14.274297, "last_close": 313.84, "last_date": "2026-03-03"}