{"return_1d": -0.007989, "return_5d": -0.040643, "return_20d": -0.035074, "return_60d": -0.171828, "return_252d": 0.512228, "sma_20": 328.968, "sma_50": 335.571512, "sma_200": 317.661329, "price_vs_sma20": -0.029906, "price_vs_sma50": -0.048996, "price_vs_sma200": 0.004623, "volatility_20d": 0.412126, "volatility_60d": 0.436487, "drawdown": -0.225753, "max_drawdown_1y": -0.411497, "volume_ratio": 0.584051, "rsi_14": 41.694418, "macd": -3.244907, "macd_signal": -2.77349, "macd_histogram": -0.471416, "bb_width": 0.115242, "bb_position": 0.232497, "stoch_k": 25.219545, "stoch_d": 37.446378, "adx": 20.968087, "atr_14": 14.621078, "last_close": 319.13, "last_date": "2026-02-27"}