{"return_1d": -0.013179, "return_5d": -0.024184, "return_20d": 0.007, "return_60d": 0.075261, "return_252d": 0.033504, "sma_20": 192.6448, "sma_50": 187.381046, "sma_200": 175.098012, "price_vs_sma20": -0.028263, "price_vs_sma50": -0.000966, "price_vs_sma200": 0.069116, "volatility_20d": 0.222739, "volatility_60d": 0.204667, "drawdown": -0.155838, "max_drawdown_1y": -0.297171, "volume_ratio": 0.936651, "rsi_14": 43.332702, "macd": 1.23961, "macd_signal": 2.178134, "macd_histogram": -0.938523, "bb_width": 0.053842, "bb_position": -0.040196, "stoch_k": 8.315773, "stoch_d": 32.120424, "adx": 20.516699, "atr_14": 4.159897, "last_close": 187.2, "last_date": "2026-03-04"}