{"return_1d": -0.022209, "return_5d": -0.03449, "return_20d": 0.018975, "return_60d": 0.085711, "return_252d": 0.035885, "sma_20": 193.534, "sma_50": 188.2118, "sma_200": 175.919675, "price_vs_sma20": -0.014953, "price_vs_sma50": 0.012901, "price_vs_sma200": 0.083676, "volatility_20d": 0.217043, "volatility_60d": 0.202705, "drawdown": -0.144564, "max_drawdown_1y": -0.297171, "volume_ratio": 0.724499, "rsi_14": 47.649813, "macd": 1.835422, "macd_signal": 2.424718, "macd_histogram": -0.589295, "bb_width": 0.056337, "bb_position": 0.230542, "stoch_k": 28.167877, "stoch_d": 53.34598, "adx": 21.163055, "atr_14": 4.217609, "last_close": 190.64, "last_date": "2026-03-03"}