{"return_1d": 0.017, "return_5d": -0.003555, "return_20d": 0.058474, "return_60d": 0.143551, "return_252d": 0.078948, "sma_20": 192.877, "sma_50": 187.8366, "sma_200": 175.774883, "price_vs_sma20": 0.017332, "price_vs_sma50": 0.044631, "price_vs_sma200": 0.116314, "volatility_20d": 0.196449, "volatility_60d": 0.201381, "drawdown": -0.119526, "max_drawdown_1y": -0.297171, "volume_ratio": 0.341796, "rsi_14": 59.850656, "macd": 2.420839, "macd_signal": 2.636589, "macd_histogram": -0.21575, "bb_width": 0.069176, "bb_position": 0.746283, "stoch_k": 70.851624, "stoch_d": 51.214516, "adx": 22.297681, "atr_14": 3.98131, "last_close": 196.22, "last_date": "2026-02-27"}