{"return_1d": -0.022261, "return_5d": -0.08057, "return_20d": -0.064029, "return_60d": 0.029777, "return_252d": 0.003689, "sma_20": 191.607965, "sma_50": 187.440562, "sma_200": 175.119484, "price_vs_sma20": -0.062461, "price_vs_sma50": -0.041616, "price_vs_sma200": 0.025814, "volatility_20d": 0.207093, "volatility_60d": 0.2025, "drawdown": -0.189929, "max_drawdown_1y": -0.297171, "volume_ratio": 0.856451, "rsi_14": 33.145955, "macd": -0.431002, "macd_signal": 1.386038, "macd_histogram": -1.817041, "bb_width": 0.093594, "bb_position": -0.211816, "stoch_k": 7.843672, "stoch_d": 6.536948, "adx": 21.942848, "atr_14": 4.259299, "last_close": 179.64, "last_date": "2026-03-06"}