{"return_1d": -0.004337, "return_5d": 0.018959, "return_20d": 0.055977, "return_60d": 0.042893, "return_252d": 0.036027, "sma_20": 129.38355, "sma_50": 129.54896, "sma_200": 134.852567, "price_vs_sma20": 0.04681, "price_vs_sma50": 0.045473, "price_vs_sma200": 0.004356, "volatility_20d": 0.283074, "volatility_60d": 0.218971, "drawdown": -0.214907, "max_drawdown_1y": -0.292106, "volume_ratio": 0.712845, "rsi_14": 62.038115, "macd": 1.852132, "macd_signal": 1.026742, "macd_histogram": 0.82539, "bb_width": 0.137272, "bb_position": 0.825753, "stoch_k": 85.496183, "stoch_d": 89.953094, "adx": 23.581622, "atr_14": 3.239645, "last_close": 135.44, "last_date": "2026-03-02"}