{"return_1d": 0.004418, "return_5d": 0.016316, "return_20d": 0.090912, "return_60d": 0.06519, "return_252d": 0.001954, "sma_20": 130.45656, "sma_50": 129.688726, "sma_200": 134.868334, "price_vs_sma20": 0.045635, "price_vs_sma50": 0.051826, "price_vs_sma200": 0.011431, "volatility_20d": 0.267827, "volatility_60d": 0.216428, "drawdown": -0.209284, "max_drawdown_1y": -0.292106, "volume_ratio": 0.87781, "rsi_14": 63.90917, "macd": 2.084337, "macd_signal": 1.388873, "macd_histogram": 0.695464, "bb_width": 0.141763, "bb_position": 0.807864, "stoch_k": 90.787623, "stoch_d": 87.781142, "adx": 21.236775, "atr_14": 3.306836, "last_close": 136.41, "last_date": "2026-03-04"}