{"return_1d": 0.012731, "return_5d": 0.05148, "return_20d": 0.061645, "return_60d": 0.045437, "return_252d": 0.032527, "sma_20": 129.02457, "sma_50": 129.476684, "sma_200": 134.832062, "price_vs_sma20": 0.054295, "price_vs_sma50": 0.050614, "price_vs_sma200": 0.008885, "volatility_20d": 0.281901, "volatility_60d": 0.218785, "drawdown": -0.211487, "max_drawdown_1y": -0.292106, "volume_ratio": 1.260863, "rsi_14": 63.822005, "macd": 1.714887, "macd_signal": 0.820394, "macd_histogram": 0.894493, "bb_width": 0.130529, "bb_position": 0.894541, "stoch_k": 90.206759, "stoch_d": 92.999135, "adx": 23.177212, "atr_14": 3.321156, "last_close": 136.03, "last_date": "2026-02-27"}