{"return_1d": 0.012433, "return_5d": 0.051171, "return_20d": 0.061333, "return_60d": 0.04513, "return_252d": 0.032224, "sma_20": 129.02257, "sma_50": 129.475884, "sma_200": 134.831862, "price_vs_sma20": 0.054002, "price_vs_sma50": 0.050311, "price_vs_sma200": 0.00859, "volatility_20d": 0.281769, "volatility_60d": 0.218716, "drawdown": -0.211719, "max_drawdown_1y": -0.292106, "volume_ratio": 0.417105, "rsi_14": 63.756396, "macd": 1.711696, "macd_signal": 0.819756, "macd_histogram": 0.89194, "bb_width": 0.130475, "bb_position": 0.89268, "stoch_k": 90.001043, "stoch_d": 92.930563, "adx": 23.175801, "atr_14": 3.320799, "last_close": 135.99, "last_date": "2026-02-27"}