{"return_1d": 0.002732, "return_5d": 0.012903, "return_20d": 0.080278, "return_60d": 0.043986, "return_252d": 0.023959, "sma_20": 129.88817, "sma_50": 129.60301, "sma_200": 134.87502, "price_vs_sma20": 0.045592, "price_vs_sma50": 0.047892, "price_vs_sma200": 0.006932, "volatility_20d": 0.270108, "volatility_60d": 0.219, "drawdown": -0.212762, "max_drawdown_1y": -0.292106, "volume_ratio": 0.968181, "rsi_14": 62.741443, "macd": 1.968069, "macd_signal": 1.215007, "macd_histogram": 0.753062, "bb_width": 0.140459, "bb_position": 0.810438, "stoch_k": 87.059621, "stoch_d": 87.587521, "adx": 22.312975, "atr_14": 3.34967, "last_close": 135.81, "last_date": "2026-03-03"}