{"return_1d": -0.016025, "return_5d": 0.095409, "return_20d": 0.262625, "return_60d": 0.03487, "return_252d": 0.083804, "sma_20": 468.095, "sma_50": 539.7242, "sma_200": 668.2325, "price_vs_sma20": 0.217296, "price_vs_sma50": 0.055743, "price_vs_sma200": -0.147288, "volatility_20d": 0.820124, "volatility_60d": 0.626029, "drawdown": -0.345775, "max_drawdown_1y": -0.541144, "volume_ratio": 0.573534, "rsi_14": 63.914498, "macd": 9.721361, "macd_signal": -11.642122, "macd_histogram": 21.363483, "bb_width": 0.415305, "bb_position": 0.929822, "stoch_k": 89.55803, "stoch_d": 93.718798, "adx": 36.93054, "atr_14": 30.151591, "last_close": 569.81, "last_date": "2026-03-04"}