{"return_1d": -0.025909, "return_5d": 0.235129, "return_20d": 0.051719, "return_60d": 0.005111, "return_252d": -0.063705, "sma_20": 451.46875, "sma_50": 538.5433, "sma_200": 670.504025, "price_vs_sma20": 0.187092, "price_vs_sma50": -0.004843, "price_vs_sma200": -0.200698, "volatility_20d": 0.863188, "volatility_60d": 0.617446, "drawdown": -0.384669, "max_drawdown_1y": -0.541144, "volume_ratio": 0.608348, "rsi_14": 59.479594, "macd": -10.158753, "macd_signal": -27.837336, "macd_histogram": 17.678583, "bb_width": 0.292297, "bb_position": 1.039196, "stoch_k": 86.586797, "stoch_d": 87.632786, "adx": 36.166503, "atr_14": 30.491627, "last_close": 535.935, "last_date": "2026-02-27"}