{"return_1d": -0.014159, "return_5d": 0.250029, "return_20d": 0.064406, "return_60d": 0.017235, "return_252d": -0.052411, "sma_20": 451.792, "sma_50": 538.6726, "sma_200": 670.53635, "price_vs_sma20": 0.200552, "price_vs_sma50": 0.00692, "price_vs_sma200": -0.191095, "volatility_20d": 0.85881, "volatility_60d": 0.615741, "drawdown": -0.377246, "max_drawdown_1y": -0.541144, "volume_ratio": 1.16604, "rsi_14": 61.04317, "macd": -9.643027, "macd_signal": -27.734191, "macd_histogram": 18.091164, "bb_width": 0.294093, "bb_position": 1.068017, "stoch_k": 91.05096, "stoch_d": 89.12084, "adx": 36.166503, "atr_14": 30.491627, "last_close": 542.4, "last_date": "2026-02-27"}