{"return_1d": 0.001193, "return_5d": 0.036896, "return_20d": 0.324718, "return_60d": 0.035466, "return_252d": 0.079901, "sma_20": 475.087, "sma_50": 539.25, "sma_200": 667.41905, "price_vs_sma20": 0.200812, "price_vs_sma50": 0.057932, "price_vs_sma200": -0.14523, "volatility_20d": 0.792037, "volatility_60d": 0.626027, "drawdown": -0.344995, "max_drawdown_1y": -0.541144, "volume_ratio": 0.560485, "rsi_14": 64.025055, "macd": 13.232973, "macd_signal": -6.667103, "macd_histogram": 19.900076, "bb_width": 0.438166, "bb_position": 0.881659, "stoch_k": 89.940396, "stoch_d": 91.424876, "adx": 36.903346, "atr_14": 29.630048, "last_close": 570.49, "last_date": "2026-03-05"}