{"return_1d": 0.011013, "return_5d": -0.048549, "return_20d": -0.109888, "return_60d": -0.159635, "return_252d": 0.064408, "sma_20": 337.189, "sma_50": 355.29382, "sma_200": 333.692118, "price_vs_sma20": -0.077046, "price_vs_sma50": -0.124077, "price_vs_sma200": -0.067374, "volatility_20d": 0.445604, "volatility_60d": 0.324511, "drawdown": -0.189635, "max_drawdown_1y": -0.287574, "volume_ratio": 0.93983, "rsi_14": 33.808362, "macd": -12.833705, "macd_signal": -9.967533, "macd_histogram": -2.866172, "bb_width": 0.234608, "bb_position": 0.144184, "stoch_k": 19.322205, "stoch_d": 13.30235, "adx": 30.930974, "atr_14": 10.680339, "last_close": 311.21, "last_date": "2026-03-04"}