{"return_1d": -0.012853, "return_5d": -0.08383, "return_20d": -0.131365, "return_60d": -0.168645, "return_252d": 0.095281, "sma_20": 334.866, "sma_50": 353.92451, "sma_200": 333.740425, "price_vs_sma20": -0.082588, "price_vs_sma50": -0.13199, "price_vs_sma200": -0.079494, "volatility_20d": 0.44168, "volatility_60d": 0.325177, "drawdown": -0.200051, "max_drawdown_1y": -0.287574, "volume_ratio": 1.050474, "rsi_14": 32.219872, "macd": -13.222818, "macd_signal": -10.61859, "macd_histogram": -2.604228, "bb_width": 0.246748, "bb_position": 0.135162, "stoch_k": 15.445135, "stoch_d": 15.445744, "adx": 31.882312, "atr_14": 10.375315, "last_close": 307.21, "last_date": "2026-03-05"}