{"return_1d": -0.004759, "return_5d": -0.04299, "return_20d": -0.127041, "return_60d": -0.145792, "return_252d": 0.05609, "sma_20": 341.3605, "sma_50": 357.902522, "sma_200": 333.573495, "price_vs_sma20": -0.099398, "price_vs_sma50": -0.141023, "price_vs_sma200": -0.078374, "volatility_20d": 0.441612, "volatility_60d": 0.327478, "drawdown": -0.199478, "max_drawdown_1y": -0.287574, "volume_ratio": 1.531544, "rsi_14": 30.838332, "macd": -11.677498, "macd_signal": -8.424323, "macd_histogram": -3.253175, "bb_width": 0.209343, "bb_position": -0.027213, "stoch_k": 9.014952, "stoch_d": 15.68814, "adx": 28.635107, "atr_14": 11.191281, "last_close": 307.43, "last_date": "2026-03-02"}