{"return_1d": -0.07879, "return_5d": -0.10769, "return_20d": -0.138354, "return_60d": -0.140778, "return_252d": 0.05433, "sma_20": 343.5975, "sma_50": 359.352044, "sma_200": 333.536899, "price_vs_sma20": -0.100983, "price_vs_sma50": -0.140397, "price_vs_sma200": -0.073866, "volatility_20d": 0.44335, "volatility_60d": 0.327518, "drawdown": -0.19565, "max_drawdown_1y": -0.287574, "volume_ratio": 2.418373, "rsi_14": 31.312956, "macd": -10.344532, "macd_signal": -7.61103, "macd_histogram": -2.733502, "bb_width": 0.18411, "bb_position": -0.110104, "stoch_k": 2.021019, "stoch_d": 19.558195, "adx": 27.205096, "atr_14": 11.349072, "last_close": 308.9, "last_date": "2026-02-27"}