{"return_1d": -0.020214, "return_5d": -0.025575, "return_20d": -0.151204, "return_60d": -0.167305, "return_252d": 0.070459, "sma_20": 332.185, "sma_50": 352.344392, "sma_200": 333.759769, "price_vs_sma20": -0.093878, "price_vs_sma50": -0.145722, "price_vs_sma200": -0.098154, "volatility_20d": 0.442748, "volatility_60d": 0.324801, "drawdown": -0.216221, "max_drawdown_1y": -0.287574, "volume_ratio": 1.235268, "rsi_14": 29.87317, "macd": -13.872375, "macd_signal": -11.269347, "macd_histogram": -2.603028, "bb_width": 0.262364, "bb_position": 0.105111, "stoch_k": 12.121778, "stoch_d": 15.629706, "adx": 33.262675, "atr_14": 10.541364, "last_close": 301.0, "last_date": "2026-03-06"}