{"return_1d": -0.076494, "return_5d": -0.105465, "return_20d": -0.136206, "return_60d": -0.138636, "return_252d": 0.056958, "sma_20": 343.636, "sma_50": 359.367444, "sma_200": 333.540749, "price_vs_sma20": -0.098843, "price_vs_sma50": -0.138291, "price_vs_sma200": -0.071568, "volatility_20d": 0.438468, "volatility_60d": 0.325253, "drawdown": -0.193645, "max_drawdown_1y": -0.287574, "volume_ratio": 1.57564, "rsi_14": 31.549132, "macd": -10.283107, "macd_signal": -7.598745, "macd_histogram": -2.684362, "bb_width": 0.182447, "bb_position": -0.101186, "stoch_k": 1.789232, "stoch_d": 19.480932, "adx": 27.162286, "atr_14": 11.282643, "last_close": 309.67, "last_date": "2026-02-27"}