{"return_1d": 0.001269, "return_5d": -0.039503, "return_20d": -0.127569, "return_60d": -0.16197, "return_252d": 0.033678, "sma_20": 339.11, "sma_50": 356.563374, "sma_200": 333.622968, "price_vs_sma20": -0.092271, "price_vs_sma50": -0.136703, "price_vs_sma200": -0.077342, "volatility_20d": 0.441466, "volatility_60d": 0.324056, "drawdown": -0.198462, "max_drawdown_1y": -0.287574, "volume_ratio": 1.334011, "rsi_14": 31.136559, "macd": -12.557657, "macd_signal": -9.25099, "macd_histogram": -3.306667, "bb_width": 0.226375, "bb_position": 0.050964, "stoch_k": 11.569892, "stoch_d": 7.535288, "adx": 30.031398, "atr_14": 11.081904, "last_close": 307.82, "last_date": "2026-03-03"}