{"return_1d": -0.016707, "return_5d": -0.068266, "return_20d": 0.04854, "return_60d": 0.074961, "return_252d": 0.267378, "sma_20": 201.60925, "sma_50": 191.33292, "sma_200": 165.374659, "price_vs_sma20": -0.036651, "price_vs_sma50": 0.015089, "price_vs_sma200": 0.174424, "volatility_20d": 0.339563, "volatility_60d": 0.279093, "drawdown": -0.069025, "max_drawdown_1y": -0.249069, "volume_ratio": 0.629814, "rsi_14": 44.950035, "macd": 2.735447, "macd_signal": 4.395095, "macd_histogram": -1.659648, "bb_width": 0.126687, "bb_position": 0.199686, "stoch_k": 8.222897, "stoch_d": 18.686473, "adx": 25.059502, "atr_14": 4.711459, "last_close": 194.22, "last_date": "2026-03-06"}