{"return_1d": 0.023237, "return_5d": 0.022135, "return_20d": 0.13887, "return_60d": 0.164913, "return_252d": 0.406002, "sma_20": 197.847475, "sma_50": 189.364644, "sma_200": 163.727917, "price_vs_sma20": 0.054954, "price_vs_sma50": 0.102212, "price_vs_sma200": 0.274797, "volatility_20d": 0.319743, "volatility_60d": 0.269428, "drawdown": 0.0, "max_drawdown_1y": -0.249069, "volume_ratio": 0.602056, "rsi_14": 66.069112, "macd": 5.804641, "macd_signal": 5.397769, "macd_histogram": 0.406872, "bb_width": 0.184318, "bb_position": 0.782615, "stoch_k": 92.927403, "stoch_d": 82.970212, "adx": 31.339266, "atr_14": 4.542989, "last_close": 208.7199, "last_date": "2026-02-27"}