{"return_1d": -0.00967, "return_5d": -0.023474, "return_20d": 0.08202, "return_60d": 0.121978, "return_252d": 0.346812, "sma_20": 199.6039, "sma_50": 190.295434, "sma_200": 164.437494, "price_vs_sma20": 0.010802, "price_vs_sma50": 0.060246, "price_vs_sma200": 0.226971, "volatility_20d": 0.337079, "volatility_60d": 0.274548, "drawdown": -0.032883, "max_drawdown_1y": -0.249069, "volume_ratio": 1.099905, "rsi_14": 55.228479, "macd": 4.864538, "macd_signal": 5.287224, "macd_histogram": -0.422686, "bb_width": 0.171729, "bb_position": 0.562229, "stoch_k": 34.736458, "stoch_d": 65.197304, "adx": 28.849873, "atr_14": 4.729669, "last_close": 201.76, "last_date": "2026-03-03"}