{"return_1d": 0.021914, "return_5d": 0.020813, "return_20d": 0.137397, "return_60d": 0.163407, "return_252d": 0.404184, "sma_20": 197.83398, "sma_50": 189.359246, "sma_200": 163.726568, "price_vs_sma20": 0.053661, "price_vs_sma50": 0.100818, "price_vs_sma200": 0.273159, "volatility_20d": 0.318869, "volatility_60d": 0.269011, "drawdown": -0.000815, "max_drawdown_1y": -0.249069, "volume_ratio": 0.779023, "rsi_14": 65.830503, "macd": 5.783111, "macd_signal": 5.393463, "macd_histogram": 0.389648, "bb_width": 0.184267, "bb_position": 0.776384, "stoch_k": 91.864189, "stoch_d": 82.615808, "adx": 31.339266, "atr_14": 4.542989, "last_close": 208.45, "last_date": "2026-02-27"}