{"return_1d": -0.022643, "return_5d": -0.005904, "return_20d": 0.109486, "return_60d": 0.141477, "return_252d": 0.37003, "sma_20": 198.8392, "sma_50": 189.817548, "sma_200": 164.079634, "price_vs_sma20": 0.024597, "price_vs_sma50": 0.073294, "price_vs_sma200": 0.241653, "volatility_20d": 0.335205, "volatility_60d": 0.27367, "drawdown": -0.02344, "max_drawdown_1y": -0.249069, "volume_ratio": 0.68488, "rsi_14": 58.131641, "macd": 5.390624, "macd_signal": 5.392895, "macd_histogram": -0.002271, "bb_width": 0.178704, "bb_position": 0.634335, "stoch_k": 68.991267, "stoch_d": 78.370343, "adx": 30.829789, "atr_14": 4.58349, "last_close": 203.73, "last_date": "2026-03-02"}