{"return_1d": 0.021948, "return_5d": 0.012304, "return_20d": 0.012362, "return_60d": -0.032157, "return_252d": 0.068791, "sma_20": 3730.351, "sma_50": 3603.226802, "sma_200": 3812.099944, "price_vs_sma20": -0.003579, "price_vs_sma50": 0.031575, "price_vs_sma200": -0.024947, "volatility_20d": 0.389154, "volatility_60d": 0.324235, "drawdown": -0.146408, "max_drawdown_1y": -0.254819, "volume_ratio": 1.066576, "rsi_14": 50.52228, "macd": 24.679442, "macd_signal": 36.060055, "macd_histogram": -11.380614, "bb_width": 0.078389, "bb_position": 0.454179, "stoch_k": 47.757005, "stoch_d": 56.482608, "adx": 13.87127, "atr_14": 120.237184, "last_close": 3717.0, "last_date": "2026-03-04"}