{"return_1d": 0.006731, "return_5d": 0.02241, "return_20d": 0.005784, "return_60d": -0.021095, "return_252d": 0.077256, "sma_20": 3731.427, "sma_50": 3610.2204, "sma_200": 3811.877944, "price_vs_sma20": 0.002839, "price_vs_sma50": 0.036507, "price_vs_sma200": -0.018326, "volatility_20d": 0.387065, "volatility_60d": 0.324427, "drawdown": -0.140662, "max_drawdown_1y": -0.254819, "volume_ratio": 1.151197, "rsi_14": 51.817013, "macd": 23.497004, "macd_signal": 33.547445, "macd_histogram": -10.050441, "bb_width": 0.077871, "bb_position": 0.536353, "stoch_k": 55.444588, "stoch_d": 42.1434, "adx": 13.063861, "atr_14": 120.098821, "last_close": 3742.02, "last_date": "2026-03-05"}