{"return_1d": 0.026115, "return_5d": 0.001883, "return_20d": 0.013991, "return_60d": -0.048495, "return_252d": 0.106871, "sma_20": 3723.434505, "sma_50": 3583.241606, "sma_200": 3811.159494, "price_vs_sma20": 0.008633, "price_vs_sma50": 0.048096, "price_vs_sma200": -0.014583, "volatility_20d": 0.282454, "volatility_60d": 0.291752, "drawdown": -0.137548, "max_drawdown_1y": -0.254819, "volume_ratio": 1.572446, "rsi_14": 54.183997, "macd": 31.114244, "macd_signal": 41.718461, "macd_histogram": -10.604218, "bb_width": 0.06624, "bb_position": 0.629218, "stoch_k": 55.670624, "stoch_d": 37.324168, "adx": 14.474314, "atr_14": 102.137215, "last_close": 3755.5801, "last_date": "2026-02-27"}