{"return_1d": 0.009713, "return_5d": -0.003038, "return_20d": -0.017029, "return_60d": 0.118609, "return_252d": 0.321636, "sma_20": 235.8775, "sma_50": 233.4104, "sma_200": 218.51995, "price_vs_sma20": -0.02602, "price_vs_sma50": -0.015725, "price_vs_sma200": 0.051346, "volatility_20d": 0.217458, "volatility_60d": 0.237627, "drawdown": -0.146551, "max_drawdown_1y": -0.492589, "volume_ratio": 0.816149, "rsi_14": 43.359178, "macd": -1.493036, "macd_signal": 0.158158, "macd_histogram": -1.651195, "bb_width": 0.092473, "bb_position": 0.211106, "stoch_k": 25.247525, "stoch_d": 17.839362, "adx": 22.623408, "atr_14": 6.488521, "last_close": 229.74, "last_date": "2026-03-02"}