{"return_1d": 0.040755, "return_5d": 0.015734, "return_20d": -0.024647, "return_60d": 0.120425, "return_252d": 0.416462, "sma_20": 234.154, "sma_50": 234.592, "sma_200": 218.9328, "price_vs_sma20": -0.013, "price_vs_sma50": -0.014843, "price_vs_sma200": 0.055621, "volatility_20d": 0.290835, "volatility_60d": 0.257564, "drawdown": -0.141461, "max_drawdown_1y": -0.492589, "volume_ratio": 1.835298, "rsi_14": 48.703322, "macd": -2.47729, "macd_signal": -1.384388, "macd_histogram": -1.092902, "bb_width": 0.116959, "bb_position": 0.387386, "stoch_k": 47.56321, "stoch_d": 28.606813, "adx": 21.85491, "atr_14": 7.255911, "last_close": 231.11, "last_date": "2026-03-06"}