{"return_1d": 0.014233, "return_5d": -0.01324, "return_20d": -0.025048, "return_60d": 0.126022, "return_252d": 0.336646, "sma_20": 235.1405, "sma_50": 234.147, "sma_200": 218.7223, "price_vs_sma20": -0.033301, "price_vs_sma50": -0.0292, "price_vs_sma200": 0.039263, "volatility_20d": 0.239978, "volatility_60d": 0.242701, "drawdown": -0.155578, "max_drawdown_1y": -0.492589, "volume_ratio": 0.897488, "rsi_14": 42.238784, "macd": -2.270953, "macd_signal": -0.686605, "macd_histogram": -1.584348, "bb_width": 0.107713, "bb_position": 0.180182, "stoch_k": 24.409449, "stoch_d": 20.502456, "adx": 22.280345, "atr_14": 6.577092, "last_close": 227.31, "last_date": "2026-03-04"}