{"return_1d": -0.023096, "return_5d": -0.032039, "return_20d": -0.058868, "return_60d": 0.099906, "return_252d": 0.397483, "sma_20": 234.446, "sma_50": 234.3066, "sma_200": 218.8035, "price_vs_sma20": -0.052831, "price_vs_sma50": -0.052267, "price_vs_sma200": 0.014883, "volatility_20d": 0.246689, "volatility_60d": 0.248111, "drawdown": -0.175081, "max_drawdown_1y": -0.492589, "volume_ratio": 1.271077, "rsi_14": 37.085738, "macd": -2.80939, "macd_signal": -1.111162, "macd_histogram": -1.698228, "bb_width": 0.121515, "bb_position": 0.040981, "stoch_k": 13.84778, "stoch_d": 16.702541, "adx": 22.64395, "atr_14": 6.789443, "last_close": 222.06, "last_date": "2026-03-05"}