{"return_1d": -0.002833, "return_5d": -0.02448, "return_20d": 0.069909, "return_60d": 0.300493, "return_252d": 0.501886, "sma_20": 2012.975, "sma_50": 1952.4, "sma_200": 1872.054789, "price_vs_sma20": 0.049193, "price_vs_sma50": 0.081746, "price_vs_sma200": 0.128172, "volatility_20d": 0.305101, "volatility_60d": 0.295561, "drawdown": -0.02448, "max_drawdown_1y": -0.218633, "volume_ratio": 2.330755, "rsi_14": 62.212973, "macd": 53.47392, "macd_signal": 45.355475, "macd_histogram": 8.118445, "bb_width": 0.200208, "bb_position": 0.734191, "stoch_k": 76.678445, "stoch_d": 78.444636, "adx": 24.611114, "atr_14": 55.287529, "last_close": 2112.0, "last_date": "2026-02-27"}