{"return_1d": 0.029767, "return_5d": 0.048295, "return_20d": 0.178286, "return_60d": 0.282363, "return_252d": 0.413611, "sma_20": 2094.5, "sma_50": 2003.32, "sma_200": 1882.140565, "price_vs_sma20": 0.057054, "price_vs_sma50": 0.105165, "price_vs_sma200": 0.17632, "volatility_20d": 0.39777, "volatility_60d": 0.339856, "drawdown": -0.02424, "max_drawdown_1y": -0.218633, "volume_ratio": 0.701322, "rsi_14": 61.733092, "macd": 67.963786, "macd_signal": 60.495933, "macd_histogram": 7.467853, "bb_width": 0.195268, "bb_position": 0.776413, "stoch_k": 72.696246, "stoch_d": 74.484277, "adx": 27.90908, "atr_14": 70.948354, "last_close": 2214.0, "last_date": "2026-03-06"}