{"return_1d": -0.005856, "return_5d": 0.047958, "return_20d": 0.177381, "return_60d": 0.319187, "return_252d": 0.361345, "sma_20": 2059.975, "sma_50": 1983.35, "sma_200": 1878.434235, "price_vs_sma20": 0.071372, "price_vs_sma50": 0.112764, "price_vs_sma200": 0.174915, "volatility_20d": 0.328276, "volatility_60d": 0.315231, "drawdown": -0.015172, "max_drawdown_1y": -0.218633, "volume_ratio": 0.076937, "rsi_14": 67.144189, "macd": 67.955784, "macd_signal": 55.371297, "macd_histogram": 12.584487, "bb_width": 0.213573, "bb_position": 0.811919, "stoch_k": 85.253456, "stoch_d": 90.447883, "adx": 27.798521, "atr_14": 62.21821, "last_close": 2207.0, "last_date": "2026-03-04"}