{"return_1d": -0.004016, "return_5d": 0.042504, "return_20d": 0.155579, "return_60d": 0.323451, "return_252d": 0.42238, "sma_20": 2043.95, "sma_50": 1973.93, "sma_200": 1876.553578, "price_vs_sma20": 0.092003, "price_vs_sma50": 0.130739, "price_vs_sma200": 0.189414, "volatility_20d": 0.348947, "volatility_60d": 0.314737, "drawdown": -0.004016, "max_drawdown_1y": -0.218633, "volume_ratio": 0.07237, "rsi_14": 71.020778, "macd": 67.317584, "macd_signal": 52.416628, "macd_histogram": 14.900955, "bb_width": 0.215559, "bb_position": 0.890853, "stoch_k": 93.245228, "stoch_d": 88.764289, "adx": 26.988846, "atr_14": 60.592138, "last_close": 2232.0, "last_date": "2026-03-03"}