{"return_1d": -0.017969, "return_5d": -0.018363, "return_20d": -0.109666, "return_60d": -0.092487, "return_252d": 0.183443, "sma_20": 51.871005, "sma_50": 53.144662, "sma_200": 49.939129, "price_vs_sma20": -0.062289, "price_vs_sma50": -0.084762, "price_vs_sma200": -0.026014, "volatility_20d": 0.310883, "volatility_60d": 0.246116, "drawdown": -0.14559, "max_drawdown_1y": -0.275093, "volume_ratio": 1.052404, "rsi_14": 34.07709, "macd": -1.130178, "macd_signal": -0.840749, "macd_histogram": -0.289429, "bb_width": 0.176753, "bb_position": 0.124183, "stoch_k": 17.930598, "stoch_d": 25.551041, "adx": 26.769562, "atr_14": 1.526842, "last_close": 48.64, "last_date": "2026-03-06"}