{"return_1d": -0.047228, "return_5d": -0.060874, "return_20d": -0.061228, "return_60d": -0.059186, "return_252d": 0.160311, "sma_20": 53.324, "sma_50": 53.9644, "sma_200": 50.073368, "price_vs_sma20": -0.065524, "price_vs_sma50": -0.076613, "price_vs_sma200": -0.00486, "volatility_20d": 0.32438, "volatility_60d": 0.245298, "drawdown": -0.129607, "max_drawdown_1y": -0.275094, "volume_ratio": 1.767316, "rsi_14": 36.376496, "macd": -0.776374, "macd_signal": -0.457326, "macd_histogram": -0.319048, "bb_width": 0.144078, "bb_position": 0.013331, "stoch_k": 6.790945, "stoch_d": 25.011396, "adx": 22.379472, "atr_14": 1.504635, "last_close": 49.83, "last_date": "2026-02-27"}