{"return_1d": -0.009742, "return_5d": -0.04761, "return_20d": -0.100578, "return_60d": -0.076738, "return_252d": 0.194367, "sma_20": 52.4655, "sma_50": 53.5844, "sma_200": 50.197031, "price_vs_sma20": -0.050614, "price_vs_sma50": -0.070438, "price_vs_sma200": -0.00771, "volatility_20d": 0.307621, "volatility_60d": 0.243713, "drawdown": -0.129956, "max_drawdown_1y": -0.275094, "volume_ratio": 0.887826, "rsi_14": 37.363613, "macd": -1.042246, "macd_signal": -0.772732, "macd_histogram": -0.269513, "bb_width": 0.169186, "bb_position": 0.184888, "stoch_k": 25.636008, "stoch_d": 26.013644, "adx": 25.512262, "atr_14": 1.505831, "last_close": 49.81, "last_date": "2026-03-05"}