{"return_1d": -0.045507, "return_5d": -0.059178, "return_20d": -0.059533, "return_60d": -0.057487, "return_252d": 0.162406, "sma_20": 53.3285, "sma_50": 53.9662, "sma_200": 50.073817, "price_vs_sma20": -0.063915, "price_vs_sma50": -0.074977, "price_vs_sma200": -0.003072, "volatility_20d": 0.321308, "volatility_60d": 0.243931, "drawdown": -0.128035, "max_drawdown_1y": -0.275094, "volume_ratio": 0.926546, "rsi_14": 36.647606, "macd": -0.769195, "macd_signal": -0.45589, "macd_histogram": -0.313304, "bb_width": 0.143123, "bb_position": 0.022935, "stoch_k": 7.989348, "stoch_d": 25.410864, "adx": 22.379472, "atr_14": 1.504635, "last_close": 49.92, "last_date": "2026-02-27"}