{"return_1d": -0.010914, "return_5d": -0.06574, "return_20d": -0.052472, "return_60d": 0.314542, "return_252d": 0.223215, "sma_20": 66.01337, "sma_50": 59.892482, "sma_200": 53.745168, "price_vs_sma20": -0.052768, "price_vs_sma50": 0.044038, "price_vs_sma200": 0.163453, "volatility_20d": 0.165575, "volatility_60d": 0.272323, "drawdown": -0.321168, "max_drawdown_1y": -0.519187, "volume_ratio": 0.994118, "rsi_14": 44.442772, "macd": 1.164501, "macd_signal": 2.025214, "macd_histogram": -0.860713, "bb_width": 0.07818, "bb_position": -0.212549, "stoch_k": 13.29266, "stoch_d": 12.16321, "adx": 35.524862, "atr_14": 1.467532, "last_close": 62.53, "last_date": "2026-03-06"}