{"return_1d": -0.006442, "return_5d": -0.016, "return_20d": 0.051862, "return_60d": 0.330062, "return_252d": 0.260667, "sma_20": 66.256355, "sma_50": 59.458264, "sma_200": 53.649097, "price_vs_sma20": -0.022282, "price_vs_sma50": 0.089504, "price_vs_sma200": 0.207476, "volatility_20d": 0.237247, "volatility_60d": 0.271744, "drawdown": -0.296742, "max_drawdown_1y": -0.519187, "volume_ratio": 0.731326, "rsi_14": 56.091465, "macd": 1.830425, "macd_signal": 2.426123, "macd_histogram": -0.595698, "bb_width": 0.045177, "bb_position": -0.004466, "stoch_k": 16.811137, "stoch_d": 28.71108, "adx": 39.373403, "atr_14": 1.410984, "last_close": 64.78, "last_date": "2026-03-04"}