{"return_1d": -0.00762, "return_5d": -0.007768, "return_20d": 0.171416, "return_60d": 0.37613, "return_252d": 0.299502, "sma_20": 65.66271, "sma_50": 58.942836, "sma_200": 53.522857, "price_vs_sma20": 0.011533, "price_vs_sma50": 0.126855, "price_vs_sma200": 0.240965, "volatility_20d": 0.376712, "volatility_60d": 0.266426, "drawdown": -0.278938, "max_drawdown_1y": -0.519187, "volume_ratio": 0.821013, "rsi_14": 67.103259, "macd": 2.302765, "macd_signal": 2.701325, "macd_histogram": -0.398561, "bb_width": 0.145628, "bb_position": 0.578292, "stoch_k": 45.55345, "stoch_d": 51.232793, "adx": 44.153082, "atr_14": 1.359011, "last_close": 66.42, "last_date": "2026-03-02"}