{"return_1d": -0.019331, "return_5d": -0.003886, "return_20d": 0.059617, "return_60d": 0.084633, "return_252d": 0.042476, "sma_20": 49.4305, "sma_50": 46.7026, "sma_200": 44.2916, "price_vs_sma20": -0.014778, "price_vs_sma50": 0.042768, "price_vs_sma200": 0.099531, "volatility_20d": 0.310264, "volatility_60d": 0.274191, "drawdown": -0.103527, "max_drawdown_1y": -0.305892, "volume_ratio": 1.812672, "rsi_14": 51.584262, "macd": 0.68246, "macd_signal": 0.980746, "macd_histogram": -0.298286, "bb_width": 0.106326, "bb_position": 0.358924, "stoch_k": 30.297723, "stoch_d": 27.989456, "adx": 30.171333, "atr_14": 1.240474, "last_close": 48.7, "last_date": "2026-02-27"}