{"return_1d": -0.026489, "return_5d": -0.029875, "return_20d": 0.016727, "return_60d": 0.059678, "return_252d": -0.001371, "sma_20": 49.4695, "sma_50": 46.7658, "sma_200": 44.31055, "price_vs_sma20": -0.041632, "price_vs_sma50": 0.013775, "price_vs_sma200": 0.069948, "volatility_20d": 0.324016, "volatility_60d": 0.279964, "drawdown": -0.127273, "max_drawdown_1y": -0.305892, "volume_ratio": 0.298691, "rsi_14": 43.93664, "macd": 0.488603, "macd_signal": 0.882317, "macd_histogram": -0.393714, "bb_width": 0.102857, "bb_position": 0.077663, "stoch_k": 8.506944, "stoch_d": 23.697221, "adx": 28.693798, "atr_14": 1.279012, "last_close": 47.41, "last_date": "2026-03-02"}