{"return_1d": -0.004334, "return_5d": -0.074708, "return_20d": -0.064155, "return_60d": 0.074351, "return_252d": -0.112677, "sma_20": 49.029, "sma_50": 46.8436, "sma_200": 44.3542, "price_vs_sma20": -0.0628, "price_vs_sma50": -0.019076, "price_vs_sma200": 0.035979, "volatility_20d": 0.299941, "volatility_60d": 0.282547, "drawdown": -0.154149, "max_drawdown_1y": -0.305892, "volume_ratio": 0.152584, "rsi_14": 39.103223, "macd": -0.187087, "macd_signal": 0.431667, "macd_histogram": -0.618754, "bb_width": 0.152525, "bb_position": 0.060678, "stoch_k": 21.216617, "stoch_d": 18.663922, "adx": 25.72849, "atr_14": 1.355744, "last_close": 45.95, "last_date": "2026-03-05"}