{"return_1d": -0.004738, "return_5d": -0.051129, "return_20d": -0.040888, "return_60d": 0.056712, "return_252d": -0.09235, "sma_20": 48.9545, "sma_50": 46.9022, "sma_200": 44.3806, "price_vs_sma20": -0.056062, "price_vs_sma50": -0.014758, "price_vs_sma200": 0.041221, "volatility_20d": 0.295775, "volatility_60d": 0.279334, "drawdown": -0.149363, "max_drawdown_1y": -0.305892, "volume_ratio": 0.068672, "rsi_14": 40.686995, "macd": -0.263858, "macd_signal": 0.298689, "macd_histogram": -0.562546, "bb_width": 0.156995, "bb_position": 0.121695, "stoch_k": 25.074184, "stoch_d": 25.67855, "adx": 24.522988, "atr_14": 1.362578, "last_close": 46.21, "last_date": "2026-03-06"}