{"return_1d": 0.0, "return_5d": -0.071531, "return_20d": -0.087018, "return_60d": 0.027363, "return_252d": -0.108168, "sma_20": 49.1505, "sma_50": 46.8006, "sma_200": 44.33295, "price_vs_sma20": -0.075696, "price_vs_sma50": -0.029286, "price_vs_sma200": 0.024746, "volatility_20d": 0.293677, "volatility_60d": 0.289212, "drawdown": -0.163721, "max_drawdown_1y": -0.305892, "volume_ratio": 0.125254, "rsi_14": 35.308878, "macd": -0.079609, "macd_signal": 0.574869, "macd_histogram": -0.654477, "bb_width": 0.147717, "bb_position": -0.054407, "stoch_k": 13.188406, "stoch_d": 12.449499, "adx": 26.630368, "atr_14": 1.346076, "last_close": 45.43, "last_date": "2026-03-04"}