{"return_1d": -0.048925, "return_5d": -0.131566, "return_20d": -0.187014, "return_60d": -0.025403, "return_252d": -0.49, "sma_20": 20.447265, "sma_50": 20.123232, "sma_200": 23.150903, "price_vs_sma20": -0.134848, "price_vs_sma50": -0.120917, "price_vs_sma200": -0.235883, "volatility_20d": 0.729054, "volatility_60d": 0.49776, "drawdown": -0.782868, "max_drawdown_1y": -0.7864, "volume_ratio": 0.913295, "rsi_14": 32.56632, "macd": -0.441571, "macd_signal": -0.069592, "macd_histogram": -0.37198, "bb_width": 0.289085, "bb_position": -0.03917, "stoch_k": 3.311843, "stoch_d": 8.021083, "adx": 18.962075, "atr_14": 0.882502, "last_close": 17.69, "last_date": "2026-03-06"}