{"return_1d": 0.000246, "return_5d": -0.056302, "return_20d": 0.032184, "return_60d": 0.067348, "return_252d": -0.411986, "sma_20": 20.88475, "sma_50": 20.1581, "sma_200": 23.459867, "price_vs_sma20": -0.024887, "price_vs_sma50": 0.010264, "price_vs_sma200": -0.131922, "volatility_20d": 0.740063, "volatility_60d": 0.479299, "drawdown": -0.750157, "max_drawdown_1y": -0.7864, "volume_ratio": 0.504171, "rsi_14": 48.150638, "macd": 0.151673, "macd_signal": 0.27341, "macd_histogram": -0.121737, "bb_width": 0.177293, "bb_position": 0.356048, "stoch_k": 46.605744, "stoch_d": 49.738903, "adx": 12.83457, "atr_14": 0.873784, "last_close": 20.365, "last_date": "2026-02-27"}