{"return_1d": 0.000983, "return_5d": -0.055607, "return_20d": 0.032946, "return_60d": 0.068136, "return_252d": -0.411552, "sma_20": 20.87524, "sma_50": 20.148494, "sma_200": 23.448418, "price_vs_sma20": -0.024203, "price_vs_sma50": 0.010994, "price_vs_sma200": -0.131285, "volatility_20d": 0.740046, "volatility_60d": 0.4793, "drawdown": -0.749972, "max_drawdown_1y": -0.7864, "volume_ratio": 3.126162, "rsi_14": 48.261092, "macd": 0.152798, "macd_signal": 0.273519, "macd_histogram": -0.12072, "bb_width": 0.17708, "bb_position": 0.359933, "stoch_k": 46.997205, "stoch_d": 49.868952, "adx": 12.819035, "atr_14": 0.874085, "last_close": 20.37, "last_date": "2026-02-27"}