{"return_1d": -0.03352, "return_5d": -0.077105, "return_20d": -0.041802, "return_60d": 0.007908, "return_252d": -0.441034, "sma_20": 20.815225, "sma_50": 20.156472, "sma_200": 23.33881, "price_vs_sma20": -0.085765, "price_vs_sma50": -0.055886, "price_vs_sma200": -0.18462, "volatility_20d": 0.7575, "volatility_60d": 0.488993, "drawdown": -0.76642, "max_drawdown_1y": -0.7864, "volume_ratio": 0.764998, "rsi_14": 39.797816, "macd": -0.073647, "macd_signal": 0.169235, "macd_histogram": -0.242883, "bb_width": 0.206521, "bb_position": 0.045755, "stoch_k": 14.252991, "stoch_d": 30.16134, "adx": 14.660532, "atr_14": 0.912451, "last_close": 19.03, "last_date": "2026-03-03"}