{"return_1d": -0.019786, "return_5d": -0.12391, "return_20d": -0.18197, "return_60d": 0.091884, "return_252d": 0.482044, "sma_20": 43.5465, "sma_50": 42.2477, "sma_200": 31.624375, "price_vs_sma20": -0.158141, "price_vs_sma50": -0.13226, "price_vs_sma200": 0.159232, "volatility_20d": 0.478365, "volatility_60d": 0.435406, "drawdown": -0.422652, "max_drawdown_1y": -0.69487, "volume_ratio": 0.190071, "rsi_14": 27.58267, "macd": -1.309527, "macd_signal": -0.205874, "macd_histogram": -1.103653, "bb_width": 0.35718, "bb_position": -0.025919, "stoch_k": 8.888889, "stoch_d": 9.031259, "adx": 32.139297, "atr_14": 1.668907, "last_close": 36.66, "last_date": "2026-03-05"}