{"return_1d": -0.036664, "return_5d": -0.133778, "return_20d": -0.205459, "return_60d": 0.092629, "return_252d": 0.572683, "sma_20": 43.13175, "sma_50": 42.2802, "sma_200": 31.689525, "price_vs_sma20": -0.156306, "price_vs_sma50": -0.139313, "price_vs_sma200": 0.148329, "volatility_20d": 0.478052, "volatility_60d": 0.440207, "drawdown": -0.426904, "max_drawdown_1y": -0.69487, "volume_ratio": 1.102097, "rsi_14": 28.025597, "macd": -1.505137, "macd_signal": -0.451495, "macd_histogram": -1.053642, "bb_width": 0.383074, "bb_position": 0.016376, "stoch_k": 7.013889, "stoch_d": 12.55787, "adx": 32.91139, "atr_14": 1.738246, "last_close": 36.39, "last_date": "2026-03-06"}