{"return_1d": -0.042847, "return_5d": -0.081956, "return_20d": -0.141374, "return_60d": 0.138214, "return_252d": 0.660579, "sma_20": 44.36975, "sma_50": 42.1799, "sma_200": 31.49725, "price_vs_sma20": -0.123953, "price_vs_sma50": -0.078471, "price_vs_sma200": 0.234076, "volatility_20d": 0.457482, "volatility_60d": 0.424948, "drawdown": -0.387847, "max_drawdown_1y": -0.69487, "volume_ratio": 0.281888, "rsi_14": 32.623042, "macd": -0.57729, "macd_signal": 0.341646, "macd_histogram": -0.918936, "bb_width": 0.245897, "bb_position": -0.075407, "stoch_k": 0.998185, "stoch_d": 4.205069, "adx": 29.560898, "atr_14": 1.546201, "last_close": 38.87, "last_date": "2026-03-03"}