{"return_1d": -0.035761, "return_5d": -0.132558, "return_20d": -0.181838, "return_60d": 0.07854, "return_252d": 0.515624, "sma_20": 43.93125, "sma_50": 42.2064, "sma_200": 31.560575, "price_vs_sma20": -0.159141, "price_vs_sma50": -0.124777, "price_vs_sma200": 0.170448, "volatility_20d": 0.483674, "volatility_60d": 0.439083, "drawdown": -0.418242, "max_drawdown_1y": -0.69487, "volume_ratio": 0.227355, "rsi_14": 28.242865, "macd": -1.017344, "macd_signal": 0.0627, "macd_histogram": -1.080045, "bb_width": 0.317009, "bb_position": -0.097016, "stoch_k": 0.964134, "stoch_d": 2.59839, "adx": 30.643542, "atr_14": 1.605554, "last_close": 36.94, "last_date": "2026-03-04"}