{"return_1d": 0.003943, "return_5d": -0.038233, "return_20d": -0.057226, "return_60d": 0.378055, "return_252d": 0.858743, "sma_20": 44.9095, "sma_50": 42.0114, "sma_200": 31.331575, "price_vs_sma20": -0.064563, "price_vs_sma50": -3.3e-05, "price_vs_sma200": 0.34082, "volatility_20d": 0.428892, "volatility_60d": 0.472588, "drawdown": -0.338396, "max_drawdown_1y": -0.69487, "volume_ratio": 0.916051, "rsi_14": 42.457911, "macd": -0.00071, "macd_signal": 0.776164, "macd_histogram": -0.776874, "bb_width": 0.171915, "bb_position": 0.098526, "stoch_k": 8.963093, "stoch_d": 8.668936, "adx": 30.481637, "atr_14": 1.51305, "last_close": 42.01, "last_date": "2026-02-27"}