{"return_1d": -0.014116, "return_5d": -0.116567, "return_20d": -0.187129, "return_60d": -0.056424, "return_252d": 0.432835, "sma_20": 19.69675, "sma_50": 20.3353, "sma_200": 16.714485, "price_vs_sma20": -0.09579, "price_vs_sma50": -0.124183, "price_vs_sma200": 0.065543, "volatility_20d": 0.437663, "volatility_60d": 0.313971, "drawdown": -0.191557, "max_drawdown_1y": -0.204266, "volume_ratio": 0.259991, "rsi_14": 28.988289, "macd": -0.489876, "macd_signal": -0.275688, "macd_histogram": -0.214188, "bb_width": 0.159199, "bb_position": -0.165441, "stoch_k": 1.734104, "stoch_d": 7.482427, "adx": 30.002452, "atr_14": 0.589822, "last_close": 17.81, "last_date": "2026-03-04"}