{"return_1d": -0.017413, "return_5d": -0.005288, "return_20d": -0.079254, "return_60d": 0.049694, "return_252d": 0.706942, "sma_20": 20.24625, "sma_50": 20.4087, "sma_200": 16.639677, "price_vs_sma20": -0.024511, "price_vs_sma50": -0.032275, "price_vs_sma200": 0.186922, "volatility_20d": 0.408787, "volatility_60d": 0.289868, "drawdown": -0.103495, "max_drawdown_1y": -0.204266, "volume_ratio": 1.384762, "rsi_14": 44.322145, "macd": -0.18742, "macd_signal": -0.165526, "macd_histogram": -0.021895, "bb_width": 0.160255, "bb_position": 0.343209, "stoch_k": 39.68254, "stoch_d": 53.08642, "adx": 25.86687, "atr_14": 0.526136, "last_close": 19.75, "last_date": "2026-02-27"}