{"return_1d": 0.010782, "return_5d": -0.050633, "return_20d": -0.071322, "return_60d": -0.00977, "return_252d": 0.583668, "sma_20": 19.6045, "sma_50": 20.3108, "sma_200": 16.773671, "price_vs_sma20": -0.043587, "price_vs_sma50": -0.076846, "price_vs_sma200": 0.117823, "volatility_20d": 0.369113, "volatility_60d": 0.327136, "drawdown": -0.148888, "max_drawdown_1y": -0.204266, "volume_ratio": 0.073658, "rsi_14": 40.281775, "macd": -0.462103, "macd_signal": -0.330428, "macd_histogram": -0.131675, "bb_width": 0.142705, "bb_position": 0.180647, "stoch_k": 37.957611, "stoch_d": 36.480411, "adx": 29.52171, "atr_14": 0.631834, "last_close": 18.75, "last_date": "2026-03-06"}