{"return_1d": -0.009704, "return_5d": -0.069873, "return_20d": -0.090144, "return_60d": -0.029839, "return_252d": 0.551573, "sma_20": 19.5855, "sma_50": 20.3032, "sma_200": 16.771771, "price_vs_sma20": -0.062061, "price_vs_sma50": -0.095217, "price_vs_sma200": 0.095293, "volatility_20d": 0.365796, "volatility_60d": 0.32696, "drawdown": -0.166137, "max_drawdown_1y": -0.204266, "volume_ratio": 1.154449, "rsi_14": 36.658374, "macd": -0.492416, "macd_signal": -0.336491, "macd_histogram": -0.155925, "bb_width": 0.151923, "bb_position": 0.064467, "stoch_k": 23.314066, "stoch_d": 31.599229, "adx": 29.98887, "atr_14": 0.67112, "last_close": 18.37, "last_date": "2026-03-06"}