{"return_1d": -0.004513, "return_5d": -0.067164, "return_20d": -0.061562, "return_60d": -0.011076, "return_252d": 0.555745, "sma_20": 19.6865, "sma_50": 20.3352, "sma_200": 16.747411, "price_vs_sma20": -0.047571, "price_vs_sma50": -0.077953, "price_vs_sma200": 0.119576, "volatility_20d": 0.366433, "volatility_60d": 0.325021, "drawdown": -0.148888, "max_drawdown_1y": -0.204266, "volume_ratio": 0.119838, "rsi_14": 39.376851, "macd": -0.434252, "macd_signal": -0.294318, "macd_histogram": -0.139933, "bb_width": 0.135309, "bb_position": 0.130869, "stoch_k": 37.957611, "stoch_d": 29.918471, "adx": 30.451753, "atr_14": 0.614146, "last_close": 18.75, "last_date": "2026-03-05"}