{"return_1d": -0.021397, "return_5d": -0.045983, "return_20d": -0.055794, "return_60d": -0.193069, "return_252d": -0.283019, "sma_20": 65.62325, "sma_50": 67.4507, "sma_200": 70.745483, "price_vs_sma20": -0.062604, "price_vs_sma50": -0.088001, "price_vs_sma200": -0.130475, "volatility_20d": 0.352908, "volatility_60d": 0.318941, "drawdown": -0.458378, "max_drawdown_1y": -0.524705, "volume_ratio": 0.661001, "rsi_14": 34.698429, "macd": -1.504698, "macd_signal": -1.11812, "macd_histogram": -0.386578, "bb_width": 0.148726, "bb_position": 0.050955, "stoch_k": 5.872093, "stoch_d": 12.117792, "adx": 21.650918, "atr_14": 2.355254, "last_close": 61.515, "last_date": "2026-02-27"}