{"return_1d": 0.016463, "return_5d": 0.076005, "return_20d": -0.022001, "return_60d": -0.068901, "return_252d": -0.069708, "sma_20": 65.344, "sma_50": 66.8248, "sma_200": 70.62798, "price_vs_sma20": 0.020446, "price_vs_sma50": -0.002167, "price_vs_sma200": -0.055898, "volatility_20d": 0.424183, "volatility_60d": 0.353305, "drawdown": -0.412902, "max_drawdown_1y": -0.524705, "volume_ratio": 0.997361, "rsi_14": 53.108692, "macd": -0.5575, "macd_signal": -0.974035, "macd_histogram": 0.416535, "bb_width": 0.137438, "bb_position": 0.645782, "stoch_k": 78.398983, "stoch_d": 76.831851, "adx": 17.917257, "atr_14": 2.548785, "last_close": 66.68, "last_date": "2026-03-06"}