{"return_1d": 0.021835, "return_5d": 0.081181, "return_20d": 0.027757, "return_60d": -0.078045, "return_252d": -0.18131, "sma_20": 65.564, "sma_50": 67.0418, "sma_200": 70.665258, "price_vs_sma20": 0.027851, "price_vs_sma50": 0.005194, "price_vs_sma200": -0.046349, "volatility_20d": 0.439452, "volatility_60d": 0.350123, "drawdown": -0.40665, "max_drawdown_1y": -0.524705, "volume_ratio": 1.061223, "rsi_14": 55.65107, "macd": -0.915593, "macd_signal": -1.155705, "macd_histogram": 0.240111, "bb_width": 0.145493, "bb_position": 0.686235, "stoch_k": 87.420584, "stoch_d": 56.330892, "adx": 20.269262, "atr_14": 2.553088, "last_close": 67.39, "last_date": "2026-03-04"}