{"return_1d": -0.006132, "return_5d": -0.01786, "return_20d": -0.053917, "return_60d": -0.166733, "return_252d": -0.267644, "sma_20": 65.4705, "sma_50": 67.2392, "sma_200": 70.701227, "price_vs_sma20": -0.059271, "price_vs_sma50": -0.084016, "price_vs_sma200": -0.128869, "volatility_20d": 0.348927, "volatility_60d": 0.312519, "drawdown": -0.457718, "max_drawdown_1y": -0.524705, "volume_ratio": 1.844268, "rsi_14": 34.807313, "macd": -1.563782, "macd_signal": -1.201445, "macd_histogram": -0.362337, "bb_width": 0.156829, "bb_position": 0.098254, "stoch_k": 12.272727, "stoch_d": 13.836795, "adx": 22.654212, "atr_14": 2.315593, "last_close": 61.59, "last_date": "2026-03-02"}