{"return_1d": -0.015613, "return_5d": -0.052332, "return_20d": 0.056345, "return_60d": 0.131929, "return_252d": -0.024493, "sma_20": 175.550645, "sma_50": 165.212082, "sma_200": 149.16735, "price_vs_sma20": -0.023131, "price_vs_sma50": 0.037999, "price_vs_sma200": 0.149648, "volatility_20d": 0.338585, "volatility_60d": 0.267911, "drawdown": -0.194819, "max_drawdown_1y": -0.400592, "volume_ratio": 0.611163, "rsi_14": 48.144, "macd": 3.377307, "macd_signal": 4.783074, "macd_histogram": -1.405767, "bb_width": 0.165562, "bb_position": 0.356981, "stoch_k": 3.878788, "stoch_d": 25.99296, "adx": 27.552283, "atr_14": 4.667758, "last_close": 171.49, "last_date": "2026-03-04"}