{"return_1d": 0.000821, "return_5d": -0.046308, "return_20d": 0.118385, "return_60d": 0.178814, "return_252d": 0.009541, "sma_20": 173.50718, "sma_50": 163.994694, "sma_200": 148.562327, "price_vs_sma20": 0.019007, "price_vs_sma50": 0.078114, "price_vs_sma200": 0.190107, "volatility_20d": 0.334588, "volatility_60d": 0.265435, "drawdown": -0.169864, "max_drawdown_1y": -0.400592, "volume_ratio": 0.47023, "rsi_14": 57.526574, "macd": 5.261481, "macd_signal": 5.550604, "macd_histogram": -0.289124, "bb_width": 0.202708, "bb_position": 0.592015, "stoch_k": 64.645415, "stoch_d": 69.126903, "adx": 32.573024, "atr_14": 4.715042, "last_close": 176.805, "last_date": "2026-02-27"}