{"return_1d": -0.009038, "return_5d": -0.038039, "return_20d": 0.039898, "return_60d": 0.120542, "return_252d": -0.015293, "sma_20": 175.876655, "sma_50": 165.535568, "sma_200": 149.339075, "price_vs_sma20": -0.033755, "price_vs_sma50": 0.026607, "price_vs_sma200": 0.137947, "volatility_20d": 0.340889, "volatility_60d": 0.268892, "drawdown": -0.202097, "max_drawdown_1y": -0.400592, "volume_ratio": 0.735791, "rsi_14": 45.69288, "macd": 2.62705, "macd_signal": 4.351869, "macd_histogram": -1.724819, "bb_width": 0.157003, "bb_position": 0.277496, "stoch_k": 10.855095, "stoch_d": 11.985635, "adx": 26.05084, "atr_14": 4.59649, "last_close": 169.94, "last_date": "2026-03-05"}