{"return_1d": -0.001019, "return_5d": -0.048061, "return_20d": 0.116329, "return_60d": 0.176647, "return_252d": 0.007685, "sma_20": 173.49093, "sma_50": 163.988194, "sma_200": 148.560701, "price_vs_sma20": 0.017229, "price_vs_sma50": 0.076175, "price_vs_sma200": 0.187932, "volatility_20d": 0.335016, "volatility_60d": 0.265522, "drawdown": -0.17139, "max_drawdown_1y": -0.400592, "volume_ratio": 1.178955, "rsi_14": 57.021585, "macd": 5.235555, "macd_signal": 5.545419, "macd_histogram": -0.309865, "bb_width": 0.202952, "bb_position": 0.583454, "stoch_k": 63.555776, "stoch_d": 68.76369, "adx": 32.573024, "atr_14": 4.715042, "last_close": 176.48, "last_date": "2026-02-27"}