{"return_1d": 0.00034, "return_5d": -0.042313, "return_20d": 0.103592, "return_60d": 0.18539, "return_252d": 0.023452, "sma_20": 174.3195, "sma_50": 164.4311, "sma_200": 148.765696, "price_vs_sma20": 0.012738, "price_vs_sma50": 0.073641, "price_vs_sma200": 0.186698, "volatility_20d": 0.334707, "volatility_60d": 0.264778, "drawdown": -0.171109, "max_drawdown_1y": -0.400592, "volume_ratio": 0.591346, "rsi_14": 57.106342, "macd": 4.749089, "macd_signal": 5.386153, "macd_histogram": -0.637064, "bb_width": 0.190668, "bb_position": 0.565967, "stoch_k": 52.877071, "stoch_d": 60.197372, "adx": 30.975869, "atr_14": 4.703968, "last_close": 176.54, "last_date": "2026-03-02"}