{"return_1d": -0.016594, "return_5d": -0.053037, "return_20d": 0.029377, "return_60d": 0.121776, "return_252d": -0.030985, "sma_20": 176.115125, "sma_50": 165.784572, "sma_200": 149.49036, "price_vs_sma20": -0.051075, "price_vs_sma50": 0.008055, "price_vs_sma200": 0.117932, "volatility_20d": 0.346125, "volatility_60d": 0.268562, "drawdown": -0.215337, "max_drawdown_1y": -0.400592, "volume_ratio": 0.782201, "rsi_14": 41.548324, "macd": 1.784347, "macd_signal": 3.838365, "macd_histogram": -2.054018, "bb_width": 0.149707, "bb_position": 0.140468, "stoch_k": 12.119896, "stoch_d": 8.951259, "adx": 25.443136, "atr_14": 4.668883, "last_close": 167.12, "last_date": "2026-03-06"}