{"return_1d": 0.003019, "return_5d": -0.024945, "return_20d": -0.015556, "return_60d": 0.164421, "return_252d": 0.418826, "sma_20": 27.263, "sma_50": 25.988604, "sma_200": 23.700142, "price_vs_sma20": -0.025052, "price_vs_sma50": 0.022756, "price_vs_sma200": 0.121512, "volatility_20d": 0.306967, "volatility_60d": 0.254942, "drawdown": -0.126118, "max_drawdown_1y": -0.474339, "volume_ratio": 0.811798, "rsi_14": 48.497239, "macd": 0.205823, "macd_signal": 0.407733, "macd_histogram": -0.20191, "bb_width": 0.066943, "bb_position": 0.116153, "stoch_k": 32.627119, "stoch_d": 35.558621, "adx": 22.79699, "atr_14": 0.832193, "last_close": 26.58, "last_date": "2026-03-04"}