{"return_1d": -0.032446, "return_5d": -0.040838, "return_20d": 0.025502, "return_60d": 0.193619, "return_252d": 0.411004, "sma_20": 27.2935, "sma_50": 25.788572, "sma_200": 23.615338, "price_vs_sma20": -0.027607, "price_vs_sma50": 0.029138, "price_vs_sma200": 0.123846, "volatility_20d": 0.315972, "volatility_60d": 0.254587, "drawdown": -0.127433, "max_drawdown_1y": -0.474339, "volume_ratio": 0.829343, "rsi_14": 48.051321, "macd": 0.378254, "macd_signal": 0.5498, "macd_histogram": -0.171546, "bb_width": 0.061601, "bb_position": 0.039111, "stoch_k": 13.592233, "stoch_d": 31.803472, "adx": 26.889101, "atr_14": 0.77959, "last_close": 26.54, "last_date": "2026-02-27"}