{"return_1d": -0.02526, "return_5d": -0.011304, "return_20d": -0.024898, "return_60d": 0.150519, "return_252d": 0.379825, "sma_20": 27.184, "sma_50": 26.093158, "sma_200": 23.751977, "price_vs_sma20": -0.034726, "price_vs_sma50": 0.005628, "price_vs_sma200": 0.10475, "volatility_20d": 0.278573, "volatility_60d": 0.259859, "drawdown": -0.137296, "max_drawdown_1y": -0.474339, "volume_ratio": 0.86938, "rsi_14": 45.582092, "macd": 0.115509, "macd_signal": 0.313938, "macd_histogram": -0.198429, "bb_width": 0.072716, "bb_position": 0.005257, "stoch_k": 18.220339, "stoch_d": 32.627119, "adx": 20.365378, "atr_14": 0.87031, "last_close": 26.24, "last_date": "2026-03-06"}