{"return_1d": -0.034451, "return_5d": -0.042826, "return_20d": 0.023377, "return_60d": 0.191145, "return_252d": 0.40808, "sma_20": 27.29075, "sma_50": 25.787472, "sma_200": 23.615063, "price_vs_sma20": -0.029525, "price_vs_sma50": 0.027049, "price_vs_sma200": 0.12153, "volatility_20d": 0.318891, "volatility_60d": 0.255813, "drawdown": -0.129241, "max_drawdown_1y": -0.474339, "volume_ratio": 0.408708, "rsi_14": 47.591264, "macd": 0.373867, "macd_signal": 0.548923, "macd_histogram": -0.175056, "bb_width": 0.062516, "bb_position": 0.013357, "stoch_k": 11.138015, "stoch_d": 30.985399, "adx": 26.881102, "atr_14": 0.779947, "last_close": 26.485, "last_date": "2026-02-27"}