{"return_1d": 0.013343, "return_5d": -0.037679, "return_20d": 0.072862, "return_60d": -0.021323, "return_252d": -0.097634, "sma_20": 29.2395, "sma_50": 27.897, "sma_200": 28.484412, "price_vs_sma20": -0.012979, "price_vs_sma50": 0.03452, "price_vs_sma200": 0.013186, "volatility_20d": 0.396805, "volatility_60d": 0.354846, "drawdown": -0.609034, "max_drawdown_1y": -0.657909, "volume_ratio": 3.554349, "rsi_14": 50.220214, "macd": 0.349735, "macd_signal": 0.526459, "macd_histogram": -0.176724, "bb_width": 0.132938, "bb_position": 0.401084, "stoch_k": 39.6875, "stoch_d": 27.8125, "adx": 22.168649, "atr_14": 0.974478, "last_close": 28.86, "last_date": "2026-02-27"}