{"return_1d": -0.024957, "return_5d": -0.075279, "return_20d": 0.037242, "return_60d": -0.057811, "return_252d": -0.124445, "sma_20": 29.364, "sma_50": 27.8516, "sma_200": 28.428645, "price_vs_sma20": -0.042024, "price_vs_sma50": 0.009996, "price_vs_sma200": -0.010505, "volatility_20d": 0.404011, "volatility_60d": 0.357922, "drawdown": -0.618923, "max_drawdown_1y": -0.657909, "volume_ratio": 1.463145, "rsi_14": 45.100892, "macd": 0.192357, "macd_signal": 0.422699, "macd_histogram": -0.230342, "bb_width": 0.107754, "bb_position": 0.092891, "stoch_k": 16.875, "stoch_d": 31.979167, "adx": 20.228506, "atr_14": 0.971259, "last_close": 28.13, "last_date": "2026-03-03"}