{"return_1d": -0.005331, "return_5d": -0.082865, "return_20d": -0.108228, "return_60d": -0.140789, "return_252d": -0.17656, "sma_20": 29.111, "sma_50": 27.752, "sma_200": 28.340602, "price_vs_sma20": -0.102745, "price_vs_sma50": -0.058807, "price_vs_sma200": -0.078354, "volatility_20d": 0.418213, "volatility_60d": 0.375462, "drawdown": -0.646152, "max_drawdown_1y": -0.657909, "volume_ratio": 1.322408, "rsi_14": 34.581672, "macd": -0.232556, "macd_signal": 0.217634, "macd_histogram": -0.450191, "bb_width": 0.184034, "bb_position": -0.122223, "stoch_k": 17.712177, "stoch_d": 18.041788, "adx": 22.825368, "atr_14": 1.216749, "last_close": 26.12, "last_date": "2026-03-05"}