{"return_1d": -0.032925, "return_5d": -0.12474, "return_20d": -0.128064, "return_60d": -0.162189, "return_252d": -0.27669, "sma_20": 28.9255, "sma_50": 27.6952, "sma_200": 28.292832, "price_vs_sma20": -0.126722, "price_vs_sma50": -0.087929, "price_vs_sma200": -0.107194, "volatility_20d": 0.429235, "volatility_60d": 0.38052, "drawdown": -0.657802, "max_drawdown_1y": -0.657908, "volume_ratio": 1.078714, "rsi_14": 31.011624, "macd": -0.449463, "macd_signal": 0.084215, "macd_histogram": -0.533678, "bb_width": 0.232207, "bb_position": -0.124921, "stoch_k": 2.803738, "stoch_d": 13.351368, "adx": 24.335178, "atr_14": 1.201981, "last_close": 25.26, "last_date": "2026-03-06"}