{"return_1d": 0.011242, "return_5d": -0.009738, "return_20d": 0.054766, "return_60d": 0.259659, "return_252d": 0.699282, "sma_20": 119.108695, "sma_50": 107.25437, "sma_200": 89.186689, "price_vs_sma20": 0.013885, "price_vs_sma50": 0.125945, "price_vs_sma200": 0.354042, "volatility_20d": 0.237049, "volatility_60d": 0.24839, "drawdown": -0.022087, "max_drawdown_1y": -0.405474, "volume_ratio": 0.425733, "rsi_14": 62.763488, "macd": 3.699934, "macd_signal": 4.479723, "macd_histogram": -0.779789, "bb_width": 0.109328, "bb_position": 0.625262, "stoch_k": 62.893113, "stoch_d": 65.255331, "adx": 49.6986, "atr_14": 3.503711, "last_close": 120.7625, "last_date": "2026-02-27"}