{"return_1d": -0.015738, "return_5d": -0.052085, "return_20d": -0.028829, "return_60d": 0.215961, "return_252d": 0.627524, "sma_20": 119.40853, "sma_50": 109.23581, "sma_200": 89.930135, "price_vs_sma20": -0.051994, "price_vs_sma50": 0.03629, "price_vs_sma200": 0.258755, "volatility_20d": 0.259797, "volatility_60d": 0.261266, "drawdown": -0.083327, "max_drawdown_1y": -0.405475, "volume_ratio": 1.315072, "rsi_14": 41.74894, "macd": 1.644272, "macd_signal": 3.248815, "macd_histogram": -1.604543, "bb_width": 0.109779, "bb_position": 0.000399, "stoch_k": 11.535464, "stoch_d": 10.62551, "adx": 40.296703, "atr_14": 3.528521, "last_close": 113.2, "last_date": "2026-03-05"}