{"return_1d": -0.013806, "return_5d": -0.05248, "return_20d": -0.010346, "return_60d": 0.225456, "return_252d": 0.650555, "sma_20": 119.576545, "sma_50": 108.790758, "sma_200": 89.759631, "price_vs_sma20": -0.038189, "price_vs_sma50": 0.057167, "price_vs_sma200": 0.281311, "volatility_20d": 0.254477, "volatility_60d": 0.25933, "drawdown": -0.06867, "max_drawdown_1y": -0.405475, "volume_ratio": 0.638763, "rsi_14": 45.815978, "macd": 2.282701, "macd_signal": 3.649951, "macd_histogram": -1.367251, "bb_width": 0.098996, "bb_position": 0.098918, "stoch_k": 9.142857, "stoch_d": 27.017026, "adx": 42.49045, "atr_14": 3.536099, "last_close": 115.01, "last_date": "2026-03-04"}