{"return_1d": -0.000332, "return_5d": -0.005852, "return_20d": 0.065183, "return_60d": 0.262915, "return_252d": 0.697367, "sma_20": 119.4721, "sma_50": 107.829662, "sma_200": 89.387036, "price_vs_sma20": 0.009524, "price_vs_sma50": 0.118523, "price_vs_sma200": 0.349301, "volatility_20d": 0.231365, "volatility_60d": 0.247913, "drawdown": -0.023322, "max_drawdown_1y": -0.405475, "volume_ratio": 0.670995, "rsi_14": 62.387917, "macd": 3.43672, "macd_signal": 4.269687, "macd_histogram": -0.832966, "bb_width": 0.100204, "bb_position": 0.594153, "stoch_k": 60.710012, "stoch_d": 60.337175, "adx": 48.478185, "atr_14": 3.432221, "last_close": 120.61, "last_date": "2026-03-02"}