{"return_1d": 0.030654, "return_5d": -0.032988, "return_20d": 0.029843, "return_60d": 0.276688, "return_252d": 0.67718, "sma_20": 119.577575, "sma_50": 109.78367, "sma_200": 90.120634, "price_vs_sma20": -0.024315, "price_vs_sma50": 0.062726, "price_vs_sma200": 0.294598, "volatility_20d": 0.263253, "volatility_60d": 0.263133, "drawdown": -0.055227, "max_drawdown_1y": -0.405475, "volume_ratio": 1.746497, "rsi_14": 50.771214, "macd": 1.40215, "macd_signal": 2.879482, "macd_histogram": -1.477333, "bb_width": 0.097732, "bb_position": 0.245003, "stoch_k": 38.58145, "stoch_d": 19.753257, "adx": 37.497699, "atr_14": 3.646483, "last_close": 116.67, "last_date": "2026-03-06"}