{"return_1d": -0.017067, "return_5d": -0.036232, "return_20d": -0.002644, "return_60d": 0.024551, "return_252d": 0.285873, "sma_20": 191.903, "sma_50": 182.9104, "sma_200": 154.0753, "price_vs_sma20": -0.036649, "price_vs_sma50": 0.010713, "price_vs_sma200": 0.199868, "volatility_20d": 0.431409, "volatility_60d": 0.362914, "drawdown": -0.554219, "max_drawdown_1y": -0.726604, "volume_ratio": 0.631881, "rsi_14": 46.955742, "macd": 1.240578, "macd_signal": 2.645546, "macd_histogram": -1.404968, "bb_width": 0.089635, "bb_position": 0.075578, "stoch_k": 19.055118, "stoch_d": 32.369724, "adx": 19.272435, "atr_14": 5.790999, "last_close": 184.87, "last_date": "2026-03-06"}