{"return_1d": -0.009793, "return_5d": 0.000319, "return_20d": 0.014182, "return_60d": 0.037397, "return_252d": 0.318472, "sma_20": 191.9275, "sma_50": 182.707, "sma_200": 153.79815, "price_vs_sma20": -0.020047, "price_vs_sma50": 0.029408, "price_vs_sma200": 0.222902, "volatility_20d": 0.42659, "volatility_60d": 0.361218, "drawdown": -0.546478, "max_drawdown_1y": -0.726604, "volume_ratio": 0.681126, "rsi_14": 50.48032, "macd": 1.747073, "macd_signal": 2.996788, "macd_histogram": -1.249715, "bb_width": 0.087245, "bb_position": 0.265526, "stoch_k": 34.0, "stoch_d": 30.036036, "adx": 20.386876, "atr_14": 5.710306, "last_close": 188.08, "last_date": "2026-03-05"}