{"return_1d": 0.03217, "return_5d": -0.004142, "return_20d": 0.074564, "return_60d": 0.043741, "return_252d": 0.340343, "sma_20": 191.796, "sma_50": 182.4414, "sma_200": 153.4857, "price_vs_sma20": -0.009677, "price_vs_sma50": 0.041101, "price_vs_sma200": 0.237509, "volatility_20d": 0.456984, "volatility_60d": 0.360667, "drawdown": -0.541993, "max_drawdown_1y": -0.726604, "volume_ratio": 0.695223, "rsi_14": 52.604873, "macd": 2.041296, "macd_signal": 3.309216, "macd_histogram": -1.267921, "bb_width": 0.089766, "bb_position": 0.391144, "stoch_k": 44.054054, "stoch_d": 23.683013, "adx": 21.32491, "atr_14": 5.761868, "last_close": 189.94, "last_date": "2026-03-04"}