{"return_1d": -0.01419, "return_5d": -0.040293, "return_20d": -0.037999, "return_60d": 0.028126, "return_252d": 0.393111, "sma_20": 119.6755, "sma_50": 119.482298, "sma_200": 106.111586, "price_vs_sma20": -0.02478, "price_vs_sma50": -0.023203, "price_vs_sma200": 0.09988, "volatility_20d": 0.358471, "volatility_60d": 0.263252, "drawdown": -0.085417, "max_drawdown_1y": -0.175828, "volume_ratio": 0.828902, "rsi_14": 44.725458, "macd": -0.429018, "macd_signal": -0.17266, "macd_histogram": -0.256358, "bb_width": 0.11153, "bb_position": 0.272176, "stoch_k": 37.633366, "stoch_d": 41.898308, "adx": 16.800604, "atr_14": 3.412209, "last_close": 116.71, "last_date": "2026-03-05"}