{"return_1d": -0.023189, "return_5d": 0.005077, "return_20d": -0.022224, "return_60d": 0.067134, "return_252d": 0.404801, "sma_20": 120.1425, "sma_50": 119.149284, "sma_200": 105.498237, "price_vs_sma20": -0.011257, "price_vs_sma50": -0.003015, "price_vs_sma200": 0.12599, "volatility_20d": 0.372416, "volatility_60d": 0.261646, "drawdown": -0.069117, "max_drawdown_1y": -0.175828, "volume_ratio": 0.703677, "rsi_14": 48.810975, "macd": -0.173622, "macd_signal": -0.011865, "macd_histogram": -0.161757, "bb_width": 0.106762, "bb_position": 0.393355, "stoch_k": 37.413685, "stoch_d": 46.495083, "adx": 16.68001, "atr_14": 3.499231, "last_close": 118.79, "last_date": "2026-02-27"}