{"return_1d": 0.00373, "return_5d": -0.015959, "return_20d": -0.007794, "return_60d": 0.043566, "return_252d": 0.368218, "sma_20": 119.906, "sma_50": 119.45468, "sma_200": 105.971833, "price_vs_sma20": -0.012643, "price_vs_sma50": -0.008913, "price_vs_sma200": 0.117184, "volatility_20d": 0.360984, "volatility_60d": 0.261442, "drawdown": -0.072251, "max_drawdown_1y": -0.175828, "volume_ratio": 0.621737, "rsi_14": 48.070109, "macd": -0.265837, "macd_signal": -0.108571, "macd_histogram": -0.157266, "bb_width": 0.108074, "bb_position": 0.381516, "stoch_k": 53.928225, "stoch_d": 43.247973, "adx": 16.253208, "atr_14": 3.436994, "last_close": 118.39, "last_date": "2026-03-04"}