{"return_1d": -0.012723, "return_5d": 0.012012, "return_20d": -0.030096, "return_60d": 0.047594, "return_252d": 0.353939, "sma_20": 119.9525, "sma_50": 119.365786, "sma_200": 105.82033, "price_vs_sma20": -0.016694, "price_vs_sma50": -0.011861, "price_vs_sma200": 0.114625, "volatility_20d": 0.366613, "volatility_60d": 0.261745, "drawdown": -0.075699, "max_drawdown_1y": -0.175828, "volume_ratio": 0.703387, "rsi_14": 47.108179, "macd": -0.224746, "macd_signal": -0.069254, "macd_histogram": -0.155492, "bb_width": 0.107947, "bb_position": 0.342723, "stoch_k": 34.133333, "stoch_d": 38.391797, "adx": 16.311217, "atr_14": 3.581378, "last_close": 117.95, "last_date": "2026-03-03"}