{"return_1d": 0.003107, "return_5d": 0.034014, "return_20d": -0.003753, "return_60d": 0.070657, "return_252d": 0.403899, "sma_20": 120.1355, "sma_50": 119.26797, "sma_200": 105.663884, "price_vs_sma20": -0.00554, "price_vs_sma50": 0.001694, "price_vs_sma200": 0.130661, "volatility_20d": 0.367858, "volatility_60d": 0.260698, "drawdown": -0.063788, "max_drawdown_1y": -0.175828, "volume_ratio": 0.667105, "rsi_14": 50.084176, "macd": -0.124231, "macd_signal": -0.030381, "macd_histogram": -0.093849, "bb_width": 0.106064, "bb_position": 0.44748, "stoch_k": 41.68236, "stoch_d": 45.386064, "adx": 16.282271, "atr_14": 3.520715, "last_close": 119.47, "last_date": "2026-03-02"}