{"return_1d": -0.004543, "return_5d": 0.037814, "return_20d": -0.172563, "return_60d": -0.13344, "return_252d": -0.153373, "sma_20": 4324.237995, "sma_50": 4909.637026, "sma_200": 5246.905472, "price_vs_sma20": -0.021573, "price_vs_sma50": -0.138236, "price_vs_sma200": -0.193629, "volatility_20d": 0.571761, "volatility_60d": 0.387121, "drawdown": -0.269876, "max_drawdown_1y": -0.332021, "volume_ratio": 1.017808, "rsi_14": 41.358182, "macd": -230.207549, "macd_signal": -258.199004, "macd_histogram": 27.991455, "bb_width": 0.290679, "bb_position": 0.424147, "stoch_k": 69.134056, "stoch_d": 58.575391, "adx": 40.853047, "atr_14": 180.873476, "last_close": 4230.9502, "last_date": "2026-02-27"}