{"return_1d": 0.005547, "return_5d": 0.049027, "return_20d": 0.154701, "return_60d": 0.305944, "return_252d": 0.530269, "sma_20": 60.778645, "sma_50": 53.84864, "sma_200": 46.216425, "price_vs_sma20": 0.073732, "price_vs_sma50": 0.211915, "price_vs_sma200": 0.412052, "volatility_20d": 0.274272, "volatility_60d": 0.319565, "drawdown": 0.0, "max_drawdown_1y": -0.280028, "volume_ratio": 1.016217, "rsi_14": 77.399347, "macd": 3.064114, "macd_signal": 2.914127, "macd_histogram": 0.149987, "bb_width": 0.175846, "bb_position": 0.890507, "stoch_k": 93.130416, "stoch_d": 92.082109, "adx": 44.613905, "atr_14": 1.659997, "last_close": 65.26, "last_date": "2026-02-27"}