{"return_1d": -0.011334, "return_5d": -0.072573, "return_20d": 0.021076, "return_60d": 0.227989, "return_252d": 0.432788, "sma_20": 61.7608, "sma_50": 55.24113, "sma_200": 46.711291, "price_vs_sma20": -0.025434, "price_vs_sma50": 0.089587, "price_vs_sma200": 0.288554, "volatility_20d": 0.315111, "volatility_60d": 0.327806, "drawdown": -0.077689, "max_drawdown_1y": -0.280028, "volume_ratio": 0.952816, "rsi_14": 50.221076, "macd": 1.992429, "macd_signal": 2.628356, "macd_histogram": -0.635927, "bb_width": 0.154251, "bb_position": 0.330812, "stoch_k": 15.193026, "stoch_d": 27.81237, "adx": 38.969939, "atr_14": 1.804515, "last_close": 60.19, "last_date": "2026-03-05"}