{"return_1d": -0.006589, "return_5d": 0.018219, "return_20d": 0.161216, "return_60d": 0.31517, "return_252d": 0.517744, "sma_20": 61.228675, "sma_50": 54.248224, "sma_200": 46.352286, "price_vs_sma20": 0.058818, "price_vs_sma50": 0.195062, "price_vs_sma200": 0.398637, "volatility_20d": 0.269686, "volatility_60d": 0.318185, "drawdown": -0.006589, "max_drawdown_1y": -0.280028, "volume_ratio": 1.190705, "rsi_14": 74.354793, "macd": 3.002295, "macd_signal": 2.93176, "macd_histogram": 0.070535, "bb_width": 0.170365, "bb_position": 0.826067, "stoch_k": 75.311732, "stoch_d": 86.398114, "adx": 45.357547, "atr_14": 1.735711, "last_close": 64.83, "last_date": "2026-03-02"}