{"return_1d": -0.035323, "return_5d": -0.033684, "return_20d": 0.112061, "return_60d": 0.243333, "return_252d": 0.430967, "sma_20": 61.54378, "sma_50": 54.596628, "sma_200": 46.478375, "price_vs_sma20": 0.016187, "price_vs_sma50": 0.145492, "price_vs_sma200": 0.345572, "volatility_20d": 0.309843, "volatility_60d": 0.326868, "drawdown": -0.041679, "max_drawdown_1y": -0.280028, "volume_ratio": 1.327381, "rsi_14": 60.668098, "macd": 2.736969, "macd_signal": 2.892802, "macd_histogram": -0.155833, "bb_width": 0.161368, "bb_position": 0.598714, "stoch_k": 44.458281, "stoch_d": 70.96681, "adx": 43.9841, "atr_14": 1.823875, "last_close": 62.54, "last_date": "2026-03-03"}