{"return_1d": -0.014982, "return_5d": -0.064698, "return_20d": -0.190368, "return_60d": -0.135303, "return_252d": -0.288541, "sma_20": 112.7515, "sma_50": 113.822, "sma_200": 119.65295, "price_vs_sma20": -0.148659, "price_vs_sma50": -0.156666, "price_vs_sma200": -0.197763, "volatility_20d": 0.481817, "volatility_60d": 0.488167, "drawdown": -0.54533, "max_drawdown_1y": -0.550729, "volume_ratio": 0.864742, "rsi_14": 29.363605, "macd": -5.114791, "macd_signal": -3.013457, "macd_histogram": -2.101333, "bb_width": 0.410615, "bb_position": 0.074743, "stoch_k": 5.115233, "stoch_d": 5.211711, "adx": 24.820518, "atr_14": 5.159134, "last_close": 95.99, "last_date": "2026-03-04"}