{"return_1d": -0.025024, "return_5d": -0.107105, "return_20d": -0.224388, "return_60d": -0.133445, "return_252d": -0.303515, "sma_20": 109.99, "sma_50": 113.4458, "sma_200": 119.4049, "price_vs_sma20": -0.153378, "price_vs_sma50": -0.179167, "price_vs_sma200": -0.220133, "volatility_20d": 0.435592, "volatility_60d": 0.488347, "drawdown": -0.558924, "max_drawdown_1y": -0.558924, "volume_ratio": 1.707399, "rsi_14": 27.021059, "macd": -5.950083, "macd_signal": -4.000462, "macd_histogram": -1.94962, "bb_width": 0.460303, "bb_position": 0.106424, "stoch_k": 12.30992, "stoch_d": 7.373988, "adx": 27.463971, "atr_14": 5.151855, "last_close": 93.12, "last_date": "2026-03-06"}