{"return_1d": -0.002582, "return_5d": -0.056626, "return_20d": -0.094941, "return_60d": -0.078547, "return_252d": -0.265977, "sma_20": 115.4205, "sma_50": 114.2112, "sma_200": 119.9951, "price_vs_sma20": -0.096434, "price_vs_sma50": -0.086867, "price_vs_sma200": -0.130881, "volatility_20d": 0.497347, "volatility_60d": 0.482903, "drawdown": -0.506016, "max_drawdown_1y": -0.550729, "volume_ratio": 1.085476, "rsi_14": 36.584739, "macd": -3.366034, "macd_signal": -1.458969, "macd_histogram": -1.907065, "bb_width": 0.289964, "bb_position": 0.131932, "stoch_k": 10.666667, "stoch_d": 6.73689, "adx": 20.83388, "atr_14": 5.321486, "last_close": 104.29, "last_date": "2026-02-27"}