{"return_1d": -0.019716, "return_5d": -0.111506, "return_20d": -0.139666, "return_60d": -0.148462, "return_252d": -0.29887, "sma_20": 113.88, "sma_50": 114.0146, "sma_200": 119.7628, "price_vs_sma20": -0.144275, "price_vs_sma50": -0.145285, "price_vs_sma200": -0.186308, "volatility_20d": 0.521574, "volatility_60d": 0.490834, "drawdown": -0.538414, "max_drawdown_1y": -0.550729, "volume_ratio": 1.090881, "rsi_14": 30.538937, "macd": -4.582976, "macd_signal": -2.488124, "macd_histogram": -2.094852, "bb_width": 0.374993, "bb_position": 0.050394, "stoch_k": 9.218662, "stoch_d": 7.062188, "adx": 23.361282, "atr_14": 5.312914, "last_close": 97.45, "last_date": "2026-03-03"}