{"return_1d": -0.005001, "return_5d": -0.086553, "return_20d": -0.228514, "return_60d": -0.131806, "return_252d": -0.267505, "sma_20": 111.337, "sma_50": 113.6564, "sma_200": 119.5273, "price_vs_sma20": -0.142154, "price_vs_sma50": -0.15966, "price_vs_sma200": -0.200936, "volatility_20d": 0.43799, "volatility_60d": 0.487989, "drawdown": -0.547603, "max_drawdown_1y": -0.550729, "volume_ratio": 1.550522, "rsi_14": 28.968865, "macd": -5.511457, "macd_signal": -3.513057, "macd_histogram": -1.9984, "bb_width": 0.426801, "bb_position": 0.111739, "stoch_k": 4.69681, "stoch_d": 6.343569, "adx": 25.842811, "atr_14": 5.102767, "last_close": 95.51, "last_date": "2026-03-05"}