{"return_1d": -0.023852, "return_5d": -0.02686, "return_20d": -0.056319, "return_60d": 0.028372, "return_252d": 0.138724, "sma_20": 1080.697245, "sma_50": 1092.1403, "sma_200": 1078.258857, "price_vs_sma20": -0.015205, "price_vs_sma50": -0.025524, "price_vs_sma200": -0.012978, "volatility_20d": 0.270789, "volatility_60d": 0.278428, "drawdown": -0.110715, "max_drawdown_1y": -0.237403, "volume_ratio": 0.841315, "rsi_14": 44.117029, "macd": -4.469217, "macd_signal": -4.53942, "macd_histogram": 0.070203, "bb_width": 0.065838, "bb_position": 0.265484, "stoch_k": 48.948789, "stoch_d": 68.114746, "adx": 13.407399, "atr_14": 36.483452, "last_close": 1064.265, "last_date": "2026-02-27"}