{"return_1d": -0.071721, "return_5d": -0.096368, "return_20d": -0.089146, "return_60d": -0.095338, "return_252d": 0.012729, "sma_20": 1061.051505, "sma_50": 1082.481138, "sma_200": 1074.001224, "price_vs_sma20": -0.099525, "price_vs_sma50": -0.117352, "price_vs_sma200": -0.110383, "volatility_20d": 0.334984, "volatility_60d": 0.306381, "drawdown": -0.197195, "max_drawdown_1y": -0.237403, "volume_ratio": 2.108836, "rsi_14": 26.360298, "macd": -18.26686, "macd_signal": -9.085234, "macd_histogram": -9.181627, "bb_width": 0.121442, "bb_position": -0.410109, "stoch_k": 4.369532, "stoch_d": 18.220345, "adx": 18.028631, "atr_14": 38.226884, "last_close": 955.45, "last_date": "2026-03-06"}