{"return_1d": -0.014715, "return_5d": -0.026326, "return_20d": -0.059902, "return_60d": -0.020518, "return_252d": 0.098577, "sma_20": 1074.760505, "sma_50": 1091.874802, "sma_200": 1079.368926, "price_vs_sma20": -0.020628, "price_vs_sma50": -0.035979, "price_vs_sma200": -0.02481, "volatility_20d": 0.275707, "volatility_60d": 0.268486, "drawdown": -0.12047, "max_drawdown_1y": -0.237403, "volume_ratio": 1.048837, "rsi_14": 41.697225, "macd": -6.994627, "macd_signal": -5.155029, "macd_histogram": -1.839599, "bb_width": 0.049766, "bb_position": 0.076767, "stoch_k": 39.015567, "stoch_d": 46.676826, "adx": 14.067003, "atr_14": 37.157229, "last_close": 1052.59, "last_date": "2026-03-03"}