{"return_1d": -0.024801, "return_5d": -0.027806, "return_20d": -0.057236, "return_60d": 0.027372, "return_252d": 0.137617, "sma_20": 1080.645495, "sma_50": 1092.1196, "sma_200": 1078.253684, "price_vs_sma20": -0.016116, "price_vs_sma50": -0.026453, "price_vs_sma200": -0.013933, "volatility_20d": 0.271789, "volatility_60d": 0.278791, "drawdown": -0.11158, "max_drawdown_1y": -0.237403, "volume_ratio": 1.439035, "rsi_14": 43.890102, "macd": -4.551781, "macd_signal": -4.555932, "macd_histogram": 0.004151, "bb_width": 0.066089, "bb_position": 0.252157, "stoch_k": 47.876918, "stoch_d": 67.757455, "adx": 13.408394, "atr_14": 36.485594, "last_close": 1063.23, "last_date": "2026-02-27"}