{"return_1d": -0.013562, "return_5d": -0.050694, "return_20d": -0.038247, "return_60d": -0.034659, "return_252d": 0.109716, "sma_20": 1071.660005, "sma_50": 1091.056202, "sma_200": 1080.071504, "price_vs_sma20": -0.034209, "price_vs_sma50": -0.051378, "price_vs_sma200": -0.04173, "volatility_20d": 0.231389, "volatility_60d": 0.269804, "drawdown": -0.135168, "max_drawdown_1y": -0.237403, "volume_ratio": 0.819873, "rsi_14": 37.77756, "macd": -10.803346, "macd_signal": -6.827619, "macd_histogram": -3.975727, "bb_width": 0.063778, "bb_position": -0.055371, "stoch_k": 14.95935, "stoch_d": 29.769027, "adx": 15.504995, "atr_14": 35.168274, "last_close": 1035.0, "last_date": "2026-03-05"}