{"return_1d": -0.03264, "return_5d": -0.013227, "return_20d": -0.016591, "return_60d": -0.031774, "return_252d": 0.074072, "sma_20": 89.052, "sma_50": 89.9352, "sma_200": 85.2706, "price_vs_sma20": -0.028208, "price_vs_sma50": -0.037752, "price_vs_sma200": 0.014887, "volatility_20d": 0.273383, "volatility_60d": 0.256422, "drawdown": -0.155922, "max_drawdown_1y": -0.412173, "volume_ratio": 0.203966, "rsi_14": 41.573791, "macd": -0.270833, "macd_signal": -0.123756, "macd_histogram": -0.147077, "bb_width": 0.057755, "bb_position": -0.002587, "stoch_k": 24.438202, "stoch_d": 37.731074, "adx": 9.427828, "atr_14": 2.166439, "last_close": 86.54, "last_date": "2026-03-02"}