{"return_1d": 0.006979, "return_5d": -0.009522, "return_20d": 0.023336, "return_60d": 0.016129, "return_252d": 0.123811, "sma_20": 89.125, "sma_50": 90.1272, "sma_200": 85.2257, "price_vs_sma20": 0.003759, "price_vs_sma50": -0.007403, "price_vs_sma200": 0.049683, "volatility_20d": 0.246764, "volatility_60d": 0.249391, "drawdown": -0.127442, "max_drawdown_1y": -0.412173, "volume_ratio": 1.288034, "rsi_14": 51.139534, "macd": -0.072984, "macd_signal": -0.086987, "macd_histogram": 0.014004, "bb_width": 0.050899, "bb_position": 0.573572, "stoch_k": 50.60241, "stoch_d": 38.652695, "adx": 7.974321, "atr_14": 1.974627, "last_close": 89.46, "last_date": "2026-02-27"}