{"return_1d": -0.019897, "return_5d": -0.107981, "return_20d": -0.097693, "return_60d": -0.172714, "return_252d": 0.005818, "sma_20": 87.491, "sma_50": 88.904, "sma_200": 85.3361, "price_vs_sma20": -0.087906, "price_vs_sma50": -0.102403, "price_vs_sma200": -0.064874, "volatility_20d": 0.280952, "volatility_60d": 0.248575, "drawdown": -0.221662, "max_drawdown_1y": -0.412173, "volume_ratio": 1.475986, "rsi_14": 28.014282, "macd": -1.88939, "macd_signal": -0.915426, "macd_histogram": -0.973963, "bb_width": 0.163924, "bb_position": -0.087945, "stoch_k": 4.716981, "stoch_d": 4.59538, "adx": 18.893744, "atr_14": 2.278765, "last_close": 79.8, "last_date": "2026-03-06"}