{"return_1d": 0.000737, "return_5d": -0.089202, "return_20d": -0.078697, "return_60d": -0.155298, "return_252d": 0.026993, "sma_20": 87.575, "sma_50": 88.9376, "sma_200": 85.3445, "price_vs_sma20": -0.069597, "price_vs_sma50": -0.083852, "price_vs_sma200": -0.045281, "volatility_20d": 0.275919, "volatility_60d": 0.246181, "drawdown": -0.205276, "max_drawdown_1y": -0.412173, "volume_ratio": 0.083046, "rsi_14": 31.114303, "macd": -1.755372, "macd_signal": -0.888623, "macd_histogram": -0.86675, "bb_width": 0.151604, "bb_position": 0.006584, "stoch_k": 2.429907, "stoch_d": 3.833022, "adx": 18.352957, "atr_14": 2.131622, "last_close": 81.48, "last_date": "2026-03-06"}