{"return_1d": 0.021686, "return_5d": 0.029097, "return_20d": 0.150055, "return_60d": 0.284317, "return_252d": 0.142882, "sma_20": 59.84675, "sma_50": 56.664112, "sma_200": 48.54432, "price_vs_sma20": 0.043081, "price_vs_sma50": 0.101667, "price_vs_sma200": 0.285938, "volatility_20d": 0.252898, "volatility_60d": 0.266775, "drawdown": -0.110841, "max_drawdown_1y": -0.400309, "volume_ratio": 0.49707, "rsi_14": 69.399848, "macd": 1.607277, "macd_signal": 1.604729, "macd_histogram": 0.002549, "bb_width": 0.130053, "bb_position": 0.817575, "stoch_k": 92.743106, "stoch_d": 79.182025, "adx": 43.357904, "atr_14": 1.300548, "last_close": 62.425, "last_date": "2026-02-27"}