{"return_1d": -0.000481, "return_5d": 0.017796, "return_20d": 0.132425, "return_60d": 0.307288, "return_252d": 0.113763, "sma_20": 60.2085, "sma_50": 56.83788, "sma_200": 48.631594, "price_vs_sma20": 0.035402, "price_vs_sma50": 0.096804, "price_vs_sma200": 0.281883, "volatility_20d": 0.252131, "volatility_60d": 0.262319, "drawdown": -0.112053, "max_drawdown_1y": -0.40031, "volume_ratio": 1.254825, "rsi_14": 68.98333, "macd": 1.612662, "macd_signal": 1.605614, "macd_histogram": 0.007049, "bb_width": 0.113607, "bb_position": 0.800963, "stoch_k": 84.972678, "stoch_d": 80.231018, "adx": 44.05635, "atr_14": 1.272983, "last_close": 62.34, "last_date": "2026-03-02"}