{"return_1d": 0.018131, "return_5d": 0.016803, "return_20d": 0.113235, "return_60d": 0.213987, "return_252d": 0.093681, "sma_20": 60.792, "sma_50": 57.196246, "sma_200": 48.816676, "price_vs_sma20": 0.025299, "price_vs_sma50": 0.089757, "price_vs_sma200": 0.276818, "volatility_20d": 0.267839, "volatility_60d": 0.24305, "drawdown": -0.112194, "max_drawdown_1y": -0.400309, "volume_ratio": 0.865659, "rsi_14": 65.134588, "macd": 1.505506, "macd_signal": 1.570709, "macd_histogram": -0.065203, "bb_width": 0.071703, "bb_position": 0.844131, "stoch_k": 84.699454, "stoch_d": 74.681239, "adx": 41.66958, "atr_14": 1.322164, "last_close": 62.33, "last_date": "2026-03-04"}