{"return_1d": -0.017966, "return_5d": -0.006169, "return_20d": 0.095366, "return_60d": 0.215531, "return_252d": 0.078709, "sma_20": 60.475, "sma_50": 57.003788, "sma_200": 48.725426, "price_vs_sma20": 0.012319, "price_vs_sma50": 0.073964, "price_vs_sma200": 0.256428, "volatility_20d": 0.26388, "volatility_60d": 0.243401, "drawdown": -0.128005, "max_drawdown_1y": -0.400309, "volume_ratio": 0.875181, "rsi_14": 60.626737, "macd": 1.512596, "macd_signal": 1.58701, "macd_histogram": -0.074414, "bb_width": 0.096528, "bb_position": 0.62607, "stoch_k": 54.371585, "stoch_d": 76.786252, "adx": 42.595464, "atr_14": 1.318484, "last_close": 61.22, "last_date": "2026-03-03"}