{"return_1d": -0.025509, "return_5d": -0.005892, "return_20d": 0.054148, "return_60d": 0.178482, "return_252d": 0.073492, "sma_20": 60.948, "sma_50": 57.339904, "sma_200": 48.895455, "price_vs_sma20": -0.003413, "price_vs_sma50": 0.059297, "price_vs_sma200": 0.242242, "volatility_20d": 0.274108, "volatility_60d": 0.250137, "drawdown": -0.134843, "max_drawdown_1y": -0.40031, "volume_ratio": 1.060291, "rsi_14": 55.357617, "macd": 1.355956, "macd_signal": 1.527759, "macd_histogram": -0.171802, "bb_width": 0.055922, "bb_position": 0.438764, "stoch_k": 41.256831, "stoch_d": 60.10929, "adx": 39.52795, "atr_14": 1.375581, "last_close": 60.74, "last_date": "2026-03-05"}