{"return_1d": 0.020786, "return_5d": 0.02819, "return_20d": 0.149042, "return_60d": 0.283185, "return_252d": 0.141875, "sma_20": 59.844, "sma_50": 56.663012, "sma_200": 48.544045, "price_vs_sma20": 0.04221, "price_vs_sma50": 0.100718, "price_vs_sma200": 0.284813, "volatility_20d": 0.252231, "volatility_60d": 0.266531, "drawdown": -0.111625, "max_drawdown_1y": -0.400309, "volume_ratio": 1.484149, "rsi_14": 69.220641, "macd": 1.60289, "macd_signal": 1.603851, "macd_histogram": -0.000961, "bb_width": 0.129946, "bb_position": 0.811671, "stoch_k": 91.014493, "stoch_d": 78.605821, "adx": 43.360269, "atr_14": 1.300905, "last_close": 62.37, "last_date": "2026-02-27"}