{"return_1d": 0.002284, "return_5d": -0.03359, "return_20d": 0.015038, "return_60d": -0.072165, "return_252d": 0.01174, "sma_20": 71.634, "sma_50": 72.2068, "sma_200": 73.3225, "price_vs_sma20": -0.020018, "price_vs_sma50": -0.027792, "price_vs_sma200": -0.042586, "volatility_20d": 0.252254, "volatility_60d": 0.291061, "drawdown": -0.11809, "max_drawdown_1y": -0.172864, "volume_ratio": 0.92714, "rsi_14": 43.913356, "macd": -0.28367, "macd_signal": -0.094105, "macd_histogram": -0.189565, "bb_width": 0.077459, "bb_position": 0.23628, "stoch_k": 18.819188, "stoch_d": 15.739064, "adx": 21.395344, "atr_14": 1.625259, "last_close": 70.2, "last_date": "2026-03-06"}