{"return_1d": -0.003712, "return_5d": -0.039372, "return_20d": 0.008965, "return_60d": -0.077716, "return_252d": 0.005687, "sma_20": 71.613, "sma_50": 72.1984, "sma_200": 73.3204, "price_vs_sma20": -0.025596, "price_vs_sma50": -0.033497, "price_vs_sma200": -0.048287, "volatility_20d": 0.252704, "volatility_60d": 0.291024, "drawdown": -0.123367, "max_drawdown_1y": -0.172864, "volume_ratio": 0.029833, "rsi_14": 42.164252, "macd": -0.317174, "macd_signal": -0.100806, "macd_histogram": -0.216369, "bb_width": 0.079358, "bb_position": 0.168991, "stoch_k": 1.632653, "stoch_d": 10.010219, "adx": 21.135367, "atr_14": 1.546687, "last_close": 69.78, "last_date": "2026-03-06"}