{"return_1d": 0.020303, "return_5d": -0.014637, "return_20d": -0.007234, "return_60d": -0.063271, "return_252d": 0.022158, "sma_20": 71.692, "sma_50": 72.4796, "sma_200": 73.3814, "price_vs_sma20": -0.004631, "price_vs_sma50": -0.015447, "price_vs_sma200": -0.027546, "volatility_20d": 0.287356, "volatility_60d": 0.291742, "drawdown": -0.103518, "max_drawdown_1y": -0.172864, "volume_ratio": 0.067348, "rsi_14": 48.310457, "macd": -0.051557, "macd_signal": -0.000469, "macd_histogram": -0.051088, "bb_width": 0.077309, "bb_position": 0.43982, "stoch_k": 30.472103, "stoch_d": 32.446143, "adx": 21.637519, "atr_14": 1.622008, "last_close": 71.36, "last_date": "2026-03-04"}