{"return_1d": -0.003089, "return_5d": -0.01471, "return_20d": 0.010245, "return_60d": -0.067262, "return_252d": 0.036926, "sma_20": 71.771, "sma_50": 72.6288, "sma_200": 73.4081, "price_vs_sma20": -0.010743, "price_vs_sma50": -0.022426, "price_vs_sma200": -0.032804, "volatility_20d": 0.282346, "volatility_60d": 0.286319, "drawdown": -0.10804, "max_drawdown_1y": -0.172864, "volume_ratio": 0.046395, "rsi_14": 45.79256, "macd": 0.062039, "macd_signal": 0.029215, "macd_histogram": 0.032825, "bb_width": 0.074797, "bb_position": 0.354819, "stoch_k": 33.823529, "stoch_d": 52.941176, "adx": 21.754014, "atr_14": 1.542382, "last_close": 71.0, "last_date": "2026-03-03"}