{"return_1d": -0.007985, "return_5d": 0.000278, "return_20d": 0.044954, "return_60d": -0.059514, "return_252d": 0.047943, "sma_20": 71.777, "sma_50": 72.7908, "sma_200": 73.4365, "price_vs_sma20": 0.003943, "price_vs_sma50": -0.01004, "price_vs_sma200": -0.018744, "volatility_20d": 0.280858, "volatility_60d": 0.284296, "drawdown": -0.094724, "max_drawdown_1y": -0.172864, "volume_ratio": 0.054348, "rsi_14": 50.346623, "macd": 0.226462, "macd_signal": 0.03441, "macd_histogram": 0.192052, "bb_width": 0.075154, "bb_position": 0.552256, "stoch_k": 64.325843, "stoch_d": 70.037453, "adx": 21.788957, "atr_14": 1.549378, "last_close": 72.06, "last_date": "2026-03-02"}