{"return_1d": -0.003171, "return_5d": -0.086541, "return_20d": -0.031893, "return_60d": 0.167661, "return_252d": 0.26527, "sma_20": 92.961, "sma_50": 88.6602, "sma_200": 77.90124, "price_vs_sma20": -0.053044, "price_vs_sma50": -0.007108, "price_vs_sma200": 0.130021, "volatility_20d": 0.287074, "volatility_60d": 0.247539, "drawdown": -0.086541, "max_drawdown_1y": -0.218191, "volume_ratio": 0.074249, "rsi_14": 40.01905, "macd": 0.77825, "macd_signal": 1.740678, "macd_histogram": -0.962428, "bb_width": 0.108812, "bb_position": -0.014786, "stoch_k": 12.897196, "stoch_d": 23.043708, "adx": 35.595702, "atr_14": 2.394047, "last_close": 88.03, "last_date": "2026-03-04"}