{"return_1d": -0.033927, "return_5d": -0.037454, "return_20d": -0.001299, "return_60d": 0.242559, "return_252d": 0.359993, "sma_20": 93.2955, "sma_50": 88.3538, "sma_200": 77.761821, "price_vs_sma20": -0.011099, "price_vs_sma50": 0.044211, "price_vs_sma200": 0.186443, "volatility_20d": 0.246446, "volatility_60d": 0.231293, "drawdown": -0.042648, "max_drawdown_1y": -0.218191, "volume_ratio": 0.23019, "rsi_14": 50.87046, "macd": 1.886176, "macd_signal": 2.15964, "macd_histogram": -0.273465, "bb_width": 0.081935, "bb_position": 0.363017, "stoch_k": 42.744657, "stoch_d": 70.856865, "adx": 37.440165, "atr_14": 2.269795, "last_close": 92.26, "last_date": "2026-03-02"}