{"return_1d": -0.01601, "return_5d": -0.087331, "return_20d": -0.044466, "return_60d": 0.150092, "return_252d": 0.299404, "sma_20": 92.821, "sma_50": 88.8388, "sma_200": 77.97379, "price_vs_sma20": -0.053124, "price_vs_sma50": -0.01068, "price_vs_sma200": 0.127174, "volatility_20d": 0.291599, "volatility_60d": 0.249842, "drawdown": -0.087994, "max_drawdown_1y": -0.218191, "volume_ratio": 0.121086, "rsi_14": 40.509212, "macd": 0.445065, "macd_signal": 1.49802, "macd_histogram": -1.052955, "bb_width": 0.115133, "bb_position": 0.012699, "stoch_k": 11.588785, "stoch_d": 17.352025, "adx": 34.668844, "atr_14": 2.473095, "last_close": 87.89, "last_date": "2026-03-05"}