{"return_1d": 0.010801, "return_5d": -0.078848, "return_20d": -0.055913, "return_60d": 0.134511, "return_252d": 0.326968, "sma_20": 92.5175, "sma_50": 88.9688, "sma_200": 78.035023, "price_vs_sma20": -0.049153, "price_vs_sma50": -0.011226, "price_vs_sma200": 0.127314, "volatility_20d": 0.298128, "volatility_60d": 0.252951, "drawdown": -0.087164, "max_drawdown_1y": -0.218191, "volume_ratio": 0.078167, "rsi_14": 41.711528, "macd": 0.051741, "macd_signal": 1.197788, "macd_histogram": -1.146047, "bb_width": 0.128115, "bb_position": 0.096506, "stoch_k": 12.336449, "stoch_d": 13.613707, "adx": 34.271112, "atr_14": 2.475527, "last_close": 87.97, "last_date": "2026-03-06"}