{"return_1d": 0.007063, "return_5d": 0.021493, "return_20d": 0.030045, "return_60d": 0.043203, "return_252d": 0.092816, "sma_20": 468.98625, "sma_50": 449.00117, "sma_200": 423.649102, "price_vs_sma20": 0.018473, "price_vs_sma50": 0.063806, "price_vs_sma200": 0.127466, "volatility_20d": 0.382587, "volatility_60d": 0.278262, "drawdown": -0.157103, "max_drawdown_1y": -0.415017, "volume_ratio": 1.135799, "rsi_14": 57.919375, "macd": 6.365993, "macd_signal": 6.459217, "macd_histogram": -0.093224, "bb_width": 0.065996, "bb_position": 0.77484, "stoch_k": 85.044588, "stoch_d": 76.736026, "adx": 17.130218, "atr_14": 12.805321, "last_close": 477.65, "last_date": "2026-02-27"}