{"return_1d": 0.006317, "return_5d": 0.021063, "return_20d": 0.032564, "return_60d": 0.075435, "return_252d": 0.18452, "sma_20": 472.562365, "sma_50": 453.96499, "sma_200": 426.133127, "price_vs_sma20": 0.024817, "price_vs_sma50": 0.0668, "price_vs_sma200": 0.136476, "volatility_20d": 0.384968, "volatility_60d": 0.279917, "drawdown": -0.145386, "max_drawdown_1y": -0.415017, "volume_ratio": 0.057218, "rsi_14": 58.193199, "macd": 8.079952, "macd_signal": 7.367145, "macd_histogram": 0.712807, "bb_width": 0.086022, "bb_position": 0.78151, "stoch_k": 67.757547, "stoch_d": 74.115849, "adx": 17.950153, "atr_14": 13.107697, "last_close": 484.29, "last_date": "2026-03-05"}