{"return_1d": -0.008621, "return_5d": 0.039341, "return_20d": 0.023206, "return_60d": 0.079467, "return_252d": 0.198064, "sma_20": 472.17371, "sma_50": 452.980674, "sma_200": 425.532358, "price_vs_sma20": 0.035106, "price_vs_sma50": 0.078964, "price_vs_sma200": 0.148561, "volatility_20d": 0.381936, "volatility_60d": 0.275967, "drawdown": -0.137516, "max_drawdown_1y": -0.415017, "volume_ratio": 0.058392, "rsi_14": 61.398458, "macd": 8.697874, "macd_signal": 7.308601, "macd_histogram": 1.389273, "bb_width": 0.086381, "bb_position": 0.892631, "stoch_k": 80.85773, "stoch_d": 83.636795, "adx": 18.95584, "atr_14": 12.785761, "last_close": 488.75, "last_date": "2026-03-04"}