{"return_1d": 0.004433, "return_5d": 0.034504, "return_20d": 0.033822, "return_60d": 0.107617, "return_252d": 0.195874, "sma_20": 473.753645, "sma_50": 455.452322, "sma_200": 426.861899, "price_vs_sma20": 0.043012, "price_vs_sma50": 0.084923, "price_vs_sma200": 0.15759, "volatility_20d": 0.386776, "volatility_60d": 0.282131, "drawdown": -0.12802, "max_drawdown_1y": -0.415017, "volume_ratio": 0.044974, "rsi_14": 62.11101, "macd": 9.229304, "macd_signal": 7.837345, "macd_histogram": 1.391959, "bb_width": 0.096045, "bb_position": 0.929369, "stoch_k": 91.811429, "stoch_d": 80.902166, "adx": 18.273738, "atr_14": 12.818881, "last_close": 494.1309, "last_date": "2026-03-06"}