{"return_1d": 0.014127, "return_5d": 0.044489, "return_20d": 0.0438, "return_60d": 0.118307, "return_252d": 0.207416, "sma_20": 473.9921, "sma_50": 455.547704, "sma_200": 426.885744, "price_vs_sma20": 0.052549, "price_vs_sma50": 0.095165, "price_vs_sma200": 0.168697, "volatility_20d": 0.389126, "volatility_60d": 0.283206, "drawdown": -0.119604, "max_drawdown_1y": -0.415017, "volume_ratio": 1.30756, "rsi_14": 63.849438, "macd": 9.609745, "macd_signal": 7.913433, "macd_histogram": 1.696311, "bb_width": 0.098708, "bb_position": 1.005793, "stoch_k": 87.767178, "stoch_d": 79.554083, "adx": 18.887726, "atr_14": 13.443881, "last_close": 498.9, "last_date": "2026-03-06"}