{"return_1d": 0.003389, "return_5d": 0.061287, "return_20d": -0.053828, "return_60d": -0.17715, "return_252d": -0.202043, "sma_20": 180.354, "sma_50": 203.1398, "sma_200": 229.39814, "price_vs_sma20": 0.034077, "price_vs_sma50": -0.081913, "price_vs_sma200": -0.187003, "volatility_20d": 0.433976, "volatility_60d": 0.296689, "drawdown": -0.295508, "max_drawdown_1y": -0.367091, "volume_ratio": 0.552168, "rsi_14": 48.420087, "macd": -5.807352, "macd_signal": -8.429622, "macd_histogram": 2.622269, "bb_width": 0.164762, "bb_position": 0.700012, "stoch_k": 94.564315, "stoch_d": 84.860819, "adx": 48.149255, "atr_14": 5.583576, "last_close": 186.5, "last_date": "2026-03-02"}