{"return_1d": 0.011391, "return_5d": 0.041635, "return_20d": 0.00405, "return_60d": -0.173789, "return_252d": -0.198154, "sma_20": 179.9905, "sma_50": 200.8558, "sma_200": 228.68085, "price_vs_sma20": 0.060556, "price_vs_sma50": -0.049617, "price_vs_sma200": -0.165256, "volatility_20d": 0.365437, "volatility_60d": 0.296995, "drawdown": -0.278925, "max_drawdown_1y": -0.367091, "volume_ratio": 0.673897, "rsi_14": 54.238578, "macd": -3.114468, "macd_signal": -6.207214, "macd_histogram": 3.092746, "bb_width": 0.145176, "bb_position": 0.893304, "stoch_k": 93.905694, "stoch_d": 93.607896, "adx": 39.356921, "atr_14": 5.503111, "last_close": 190.89, "last_date": "2026-03-05"}