{"return_1d": 0.00378, "return_5d": 0.012786, "return_20d": 0.058265, "return_60d": -0.007826, "return_252d": 0.02119, "sma_20": 498.039, "sma_50": 495.476, "sma_200": 492.46035, "price_vs_sma20": 0.013113, "price_vs_sma50": 0.018354, "price_vs_sma200": 0.02459, "volatility_20d": 0.155319, "volatility_60d": 0.141748, "drawdown": -0.065265, "max_drawdown_1y": -0.149481, "volume_ratio": 0.621201, "rsi_14": 59.0622, "macd": 1.784016, "macd_signal": 1.37274, "macd_histogram": 0.411276, "bb_width": 0.04894, "bb_position": 0.764479, "stoch_k": 83.856041, "stoch_d": 59.32273, "adx": 24.024265, "atr_14": 7.286413, "last_close": 504.57, "last_date": "2026-02-27"}