{"return_1d": 0.004536, "return_5d": 0.013549, "return_20d": 0.059062, "return_60d": -0.007079, "return_252d": 0.021959, "sma_20": 498.058, "sma_50": 495.4836, "sma_200": 492.46225, "price_vs_sma20": 0.013838, "price_vs_sma50": 0.019105, "price_vs_sma200": 0.025358, "volatility_20d": 0.155401, "volatility_60d": 0.141845, "drawdown": -0.064561, "max_drawdown_1y": -0.149481, "volume_ratio": 1.347286, "rsi_14": 59.387911, "macd": 1.814329, "macd_signal": 1.378803, "macd_histogram": 0.435527, "bb_width": 0.049067, "bb_position": 0.778169, "stoch_k": 85.809769, "stoch_d": 59.973973, "adx": 24.18786, "atr_14": 7.398913, "last_close": 504.95, "last_date": "2026-02-27"}