{"return_1d": -0.049074, "return_5d": -0.028173, "return_20d": -0.000749, "return_60d": -0.052265, "return_252d": -0.044267, "sma_20": 498.04, "sma_50": 495.0902, "sma_200": 492.3037, "price_vs_sma20": -0.035881, "price_vs_sma50": -0.030136, "price_vs_sma200": -0.024647, "volatility_20d": 0.23986, "volatility_60d": 0.173694, "drawdown": -0.110467, "max_drawdown_1y": -0.149481, "volume_ratio": 2.320148, "rsi_14": 38.099917, "macd": 0.217447, "macd_signal": 1.146532, "macd_histogram": -0.929084, "bb_width": 0.052026, "bb_position": -0.215339, "stoch_k": 7.583893, "stoch_d": 53.576703, "adx": 23.545733, "atr_14": 8.801848, "last_close": 480.17, "last_date": "2026-03-02"}