{"return_1d": 0.002478, "return_5d": -0.026592, "return_20d": -0.012169, "return_60d": -0.044162, "return_252d": -0.063192, "sma_20": 497.7435, "sma_50": 494.632, "sma_200": 492.1935, "price_vs_sma20": -0.032916, "price_vs_sma50": -0.026832, "price_vs_sma200": -0.022011, "volatility_20d": 0.234356, "volatility_60d": 0.173484, "drawdown": -0.108262, "max_drawdown_1y": -0.149481, "volume_ratio": 1.241465, "rsi_14": 39.226546, "macd": -0.94122, "macd_signal": 0.728981, "macd_histogram": -1.670202, "bb_width": 0.056999, "bb_position": -0.097135, "stoch_k": 25.120773, "stoch_d": 39.504811, "adx": 23.409561, "atr_14": 8.956001, "last_close": 481.36, "last_date": "2026-03-03"}