{"return_1d": 0.012714, "return_5d": -0.013178, "return_20d": -0.012679, "return_60d": -0.031298, "return_252d": -0.044307, "sma_20": 497.4305, "sma_50": 494.3138, "sma_200": 492.09425, "price_vs_sma20": -0.020004, "price_vs_sma50": -0.013825, "price_vs_sma200": -0.009377, "volatility_20d": 0.233957, "volatility_60d": 0.175646, "drawdown": -0.096925, "max_drawdown_1y": -0.149481, "volume_ratio": 0.873227, "rsi_14": 44.791771, "macd": -1.350077, "macd_signal": 0.31317, "macd_histogram": -1.663247, "bb_width": 0.058837, "bb_position": 0.153076, "stoch_k": 42.512077, "stoch_d": 25.072248, "adx": 22.591364, "atr_14": 8.980573, "last_close": 487.48, "last_date": "2026-03-04"}