{"return_1d": 0.008425, "return_5d": 0.032045, "return_20d": -0.001595, "return_60d": -0.113267, "return_252d": -0.36974, "sma_20": 70.31331, "sma_50": 75.500048, "sma_200": 90.115735, "price_vs_sma20": 0.021428, "price_vs_sma50": -0.048742, "price_vs_sma200": -0.203025, "volatility_20d": 0.349187, "volatility_60d": 0.296689, "drawdown": -0.418568, "max_drawdown_1y": -0.457427, "volume_ratio": 1.036126, "rsi_14": 49.40592, "macd": -1.420246, "macd_signal": -1.980641, "macd_histogram": 0.560395, "bb_width": 0.104477, "bb_position": 0.700797, "stoch_k": 73.886883, "stoch_d": 61.682509, "adx": 27.296068, "atr_14": 1.947758, "last_close": 71.82, "last_date": "2026-02-27"}