{"return_1d": -0.002764, "return_5d": 0.033219, "return_20d": 0.014388, "return_60d": -0.091955, "return_252d": -0.386789, "sma_20": 70.38575, "sma_50": 75.166058, "sma_200": 89.758353, "price_vs_sma20": 0.025208, "price_vs_sma50": -0.039992, "price_vs_sma200": -0.196064, "volatility_20d": 0.347732, "volatility_60d": 0.295702, "drawdown": -0.415815, "max_drawdown_1y": -0.457427, "volume_ratio": 0.634292, "rsi_14": 50.667064, "macd": -0.960782, "macd_signal": -1.645542, "macd_histogram": 0.68476, "bb_width": 0.107034, "bb_position": 0.729719, "stoch_k": 89.626556, "stoch_d": 85.302082, "adx": 23.702233, "atr_14": 1.973577, "last_close": 72.16, "last_date": "2026-03-03"}