{"return_1d": -0.004296, "return_5d": 0.025696, "return_20d": 0.000766, "return_60d": -0.095742, "return_252d": -0.396198, "sma_20": 70.3885, "sma_50": 74.985376, "sma_200": 89.568093, "price_vs_sma20": 0.020763, "price_vs_sma50": -0.041813, "price_vs_sma200": -0.197817, "volatility_20d": 0.346763, "volatility_60d": 0.295747, "drawdown": -0.418325, "max_drawdown_1y": -0.457427, "volume_ratio": 0.733902, "rsi_14": 49.326185, "macd": -0.81762, "macd_signal": -1.479958, "macd_histogram": 0.662337, "bb_width": 0.107609, "bb_position": 0.689026, "stoch_k": 81.942078, "stoch_d": 87.987147, "adx": 22.013521, "atr_14": 1.931893, "last_close": 71.85, "last_date": "2026-03-04"}