{"return_1d": 0.005197, "return_5d": 0.023392, "return_20d": 0.011421, "return_60d": -0.053323, "return_252d": -0.382305, "sma_20": 70.3845, "sma_50": 74.8144, "sma_200": 89.376115, "price_vs_sma20": 0.044264, "price_vs_sma50": -0.017569, "price_vs_sma200": -0.177633, "volatility_20d": 0.327532, "volatility_60d": 0.295455, "drawdown": -0.406332, "max_drawdown_1y": -0.458671, "volume_ratio": 0.629214, "rsi_14": 55.95806, "macd": -0.411279, "macd_signal": -1.153504, "macd_histogram": 0.742225, "bb_width": 0.104258, "bb_position": 0.906567, "stoch_k": 94.464945, "stoch_d": 88.207309, "adx": 21.463828, "atr_14": 1.908176, "last_close": 73.5, "last_date": "2026-03-06"}