{"return_1d": 0.017676, "return_5d": 0.026678, "return_20d": -0.012292, "return_60d": -0.064846, "return_252d": -0.381916, "sma_20": 70.343, "sma_50": 74.847852, "sma_200": 89.37817, "price_vs_sma20": 0.039478, "price_vs_sma50": -0.023085, "price_vs_sma200": -0.181903, "volatility_20d": 0.333933, "volatility_60d": 0.296758, "drawdown": -0.408044, "max_drawdown_1y": -0.457427, "volume_ratio": 0.816645, "rsi_14": 54.624219, "macd": -0.594828, "macd_signal": -1.302932, "macd_histogram": 0.708103, "bb_width": 0.101524, "bb_position": 0.874087, "stoch_k": 88.214905, "stoch_d": 86.594513, "adx": 21.526274, "atr_14": 1.933186, "last_close": 73.12, "last_date": "2026-03-05"}