{"return_1d": 0.007442, "return_5d": 0.031039, "return_20d": -0.002568, "return_60d": -0.114131, "return_252d": -0.370354, "sma_20": 70.30981, "sma_50": 75.498648, "sma_200": 90.115385, "price_vs_sma20": 0.020483, "price_vs_sma50": -0.049652, "price_vs_sma200": -0.203799, "volatility_20d": 0.348895, "volatility_60d": 0.296551, "drawdown": -0.419135, "max_drawdown_1y": -0.457427, "volume_ratio": 0.667735, "rsi_14": 49.140823, "macd": -1.42583, "macd_signal": -1.981758, "macd_histogram": 0.555928, "bb_width": 0.104426, "bb_position": 0.692217, "stoch_k": 73.044525, "stoch_d": 61.401723, "adx": 27.29935, "atr_14": 1.947401, "last_close": 71.75, "last_date": "2026-02-27"}