{"return_1d": 0.007519, "return_5d": 0.04627, "return_20d": 0.005912, "return_60d": -0.091604, "return_252d": -0.374321, "sma_20": 70.334575, "sma_50": 75.331562, "sma_200": 89.93568, "price_vs_sma20": 0.028797, "price_vs_sma50": -0.039446, "price_vs_sma200": -0.195425, "volatility_20d": 0.350161, "volatility_60d": 0.295696, "drawdown": -0.414196, "max_drawdown_1y": -0.457427, "volume_ratio": 0.650554, "rsi_14": 51.505852, "macd": -1.161097, "macd_signal": -1.816732, "macd_histogram": 0.655636, "bb_width": 0.104834, "bb_position": 0.767003, "stoch_k": 92.392808, "stoch_d": 77.3065, "adx": 25.520847, "atr_14": 1.960775, "last_close": 72.36, "last_date": "2026-03-02"}