{"return_1d": 0.009677, "return_5d": 0.025516, "return_20d": -0.171634, "return_60d": -0.242818, "return_252d": -0.246918, "sma_20": 77.76115, "sma_50": 87.81086, "sma_200": 98.264815, "price_vs_sma20": -0.016437, "price_vs_sma50": -0.129003, "price_vs_sma200": -0.221664, "volatility_20d": 0.677208, "volatility_60d": 0.430892, "drawdown": -0.292741, "max_drawdown_1y": -0.320603, "volume_ratio": 0.361531, "rsi_14": 38.953547, "macd": -3.927114, "macd_signal": -4.479594, "macd_histogram": 0.55248, "bb_width": 0.325465, "bb_position": 0.448653, "stoch_k": 90.741627, "stoch_d": 50.051736, "adx": 37.661546, "atr_14": 2.282383, "last_close": 76.483, "last_date": "2026-02-27"}