{"return_1d": -0.031094, "return_5d": -0.017299, "return_20d": -0.196147, "return_60d": -0.250786, "return_252d": -0.288467, "sma_20": 76.013, "sma_50": 87.071, "sma_200": 97.9875, "price_vs_sma20": -0.028456, "price_vs_sma50": -0.151842, "price_vs_sma200": -0.246332, "volatility_20d": 0.678419, "volatility_60d": 0.434123, "drawdown": -0.317089, "max_drawdown_1y": -0.320603, "volume_ratio": 0.806174, "rsi_14": 34.131702, "macd": -3.54139, "macd_signal": -4.149882, "macd_histogram": 0.608492, "bb_width": 0.203595, "bb_position": 0.35614, "stoch_k": 27.751196, "stoch_d": 70.574163, "adx": 37.118388, "atr_14": 2.330911, "last_close": 73.85, "last_date": "2026-03-03"}