{"return_1d": -0.044569, "return_5d": -0.026197, "return_20d": -0.119427, "return_60d": -0.262184, "return_252d": -0.249154, "sma_20": 122.193, "sma_50": 138.985522, "sma_200": 150.804304, "price_vs_sma20": -0.096511, "price_vs_sma50": -0.205673, "price_vs_sma200": -0.267925, "volatility_20d": 0.473864, "volatility_60d": 0.39534, "drawdown": -0.421591, "max_drawdown_1y": -0.421591, "volume_ratio": 1.050685, "rsi_14": 31.469539, "macd": -7.651189, "macd_signal": -7.464259, "macd_histogram": -0.18693, "bb_width": 0.297879, "bb_position": 0.141396, "stoch_k": 17.836748, "stoch_d": 27.264816, "adx": 43.999627, "atr_14": 5.816571, "last_close": 110.4, "last_date": "2026-03-06"}