{"return_1d": -0.038238, "return_5d": -0.047161, "return_20d": -0.205767, "return_60d": -0.259443, "return_252d": -0.288308, "sma_20": 124.723955, "sma_50": 141.30076, "sma_200": 151.241057, "price_vs_sma20": -0.110676, "price_vs_sma50": -0.215008, "price_vs_sma200": -0.266601, "volatility_20d": 0.492448, "volatility_60d": 0.379303, "drawdown": -0.418867, "max_drawdown_1y": -0.418867, "volume_ratio": 1.490509, "rsi_14": 27.986702, "macd": -8.055142, "macd_signal": -7.245819, "macd_histogram": -0.809323, "bb_width": 0.27997, "bb_position": 0.055489, "stoch_k": 18.566879, "stoch_d": 16.680734, "adx": 43.057165, "atr_14": 5.957688, "last_close": 110.92, "last_date": "2026-03-03"}