{"return_1d": 0.012353, "return_5d": -0.020348, "return_20d": -0.131166, "return_60d": -0.231726, "return_252d": -0.207298, "sma_20": 122.941645, "sma_50": 139.858316, "sma_200": 150.960566, "price_vs_sma20": -0.060123, "price_vs_sma50": -0.173807, "price_vs_sma200": -0.234568, "volatility_20d": 0.489543, "volatility_60d": 0.386535, "drawdown": -0.394609, "max_drawdown_1y": -0.418867, "volume_ratio": 0.901441, "rsi_14": 35.740627, "macd": -7.579437, "macd_signal": -7.417527, "macd_histogram": -0.16191, "bb_width": 0.269444, "bb_position": 0.262588, "stoch_k": 35.136043, "stoch_d": 27.508193, "adx": 43.664212, "atr_14": 5.729384, "last_close": 115.55, "last_date": "2026-03-05"}