{"return_1d": -0.035947, "return_5d": -0.06234, "return_20d": -0.195246, "return_60d": -0.213997, "return_252d": -0.262628, "sma_20": 127.450485, "sma_50": 142.818014, "sma_200": 151.557838, "price_vs_sma20": -0.10781, "price_vs_sma50": -0.203812, "price_vs_sma200": -0.249725, "volatility_20d": 0.46986, "volatility_60d": 0.376985, "drawdown": -0.404249, "max_drawdown_1y": -0.404249, "volume_ratio": 0.718993, "rsi_14": 28.00241, "macd": -7.795506, "macd_signal": -6.84753, "macd_histogram": -0.947977, "bb_width": 0.278243, "bb_position": 0.065711, "stoch_k": 10.491159, "stoch_d": 21.951539, "adx": 40.835596, "atr_14": 5.53507, "last_close": 113.71, "last_date": "2026-02-27"}