{"return_1d": 0.017289, "return_5d": 0.014247, "return_20d": -0.180801, "return_60d": -0.204917, "return_252d": -0.242287, "sma_20": 126.160795, "sma_50": 142.11096, "sma_200": 151.409186, "price_vs_sma20": -0.085849, "price_vs_sma50": -0.188451, "price_vs_sma200": -0.238289, "volatility_20d": 0.481837, "volatility_60d": 0.380326, "drawdown": -0.395762, "max_drawdown_1y": -0.406031, "volume_ratio": 0.98804, "rsi_14": 31.244928, "macd": -7.805624, "macd_signal": -7.043488, "macd_histogram": -0.762135, "bb_width": 0.268274, "bb_position": 0.149942, "stoch_k": 22.320117, "stoch_d": 19.5422, "adx": 41.813346, "atr_14": 5.62828, "last_close": 115.33, "last_date": "2026-03-02"}