{"return_1d": 0.02903, "return_5d": -0.034512, "return_20d": -0.137537, "return_60d": -0.237291, "return_252d": -0.255498, "sma_20": 123.81386, "sma_50": 140.544284, "sma_200": 151.097167, "price_vs_sma20": -0.078132, "price_vs_sma50": -0.187872, "price_vs_sma200": -0.244592, "volatility_20d": 0.486442, "volatility_60d": 0.385493, "drawdown": -0.401996, "max_drawdown_1y": -0.418867, "volume_ratio": 0.826658, "rsi_14": 33.444153, "macd": -7.901972, "macd_signal": -7.37705, "macd_histogram": -0.524922, "bb_width": 0.276262, "bb_position": 0.193211, "stoch_k": 28.821656, "stoch_d": 23.236218, "adx": 43.761818, "atr_14": 5.808568, "last_close": 114.14, "last_date": "2026-03-04"}