{"return_1d": -0.015791, "return_5d": -0.093183, "return_20d": -0.129609, "return_60d": -0.191162, "return_252d": -0.131756, "sma_20": 60.407, "sma_50": 64.023308, "sma_200": 68.052063, "price_vs_sma20": -0.081729, "price_vs_sma50": -0.133597, "price_vs_sma200": -0.184889, "volatility_20d": 0.44228, "volatility_60d": 0.305485, "drawdown": -0.47899, "max_drawdown_1y": -0.483724, "volume_ratio": 0.695755, "rsi_14": 32.978923, "macd": -2.331986, "macd_signal": -1.910741, "macd_histogram": -0.421245, "bb_width": 0.218901, "bb_position": 0.09341, "stoch_k": 22.639485, "stoch_d": 22.974095, "adx": 41.197934, "atr_14": 2.139537, "last_close": 55.47, "last_date": "2026-03-05"}