{"return_1d": 0.02009, "return_5d": -0.06534, "return_20d": -0.101976, "return_60d": -0.193093, "return_252d": -0.130404, "sma_20": 60.82, "sma_50": 64.274222, "sma_200": 68.102615, "price_vs_sma20": -0.073331, "price_vs_sma50": -0.123132, "price_vs_sma200": -0.172425, "volatility_20d": 0.44749, "volatility_60d": 0.305932, "drawdown": -0.47063, "max_drawdown_1y": -0.483723, "volume_ratio": 0.963674, "rsi_14": 34.818861, "macd": -2.227295, "macd_signal": -1.80543, "macd_histogram": -0.421865, "bb_width": 0.205425, "bb_position": 0.114779, "stoch_k": 32.188841, "stoch_d": 17.224546, "adx": 39.952936, "atr_14": 2.202578, "last_close": 56.36, "last_date": "2026-03-04"}