{"return_1d": -0.04561, "return_5d": -0.080584, "return_20d": -0.161944, "return_60d": -0.219606, "return_252d": -0.178949, "sma_20": 59.8955, "sma_50": 63.707144, "sma_200": 67.988572, "price_vs_sma20": -0.116127, "price_vs_sma50": -0.16901, "price_vs_sma200": -0.22134, "volatility_20d": 0.463562, "volatility_60d": 0.317216, "drawdown": -0.502753, "max_drawdown_1y": -0.502753, "volume_ratio": 0.673507, "rsi_14": 28.38674, "macd": -2.589257, "macd_signal": -2.046444, "macd_histogram": -0.542813, "bb_width": 0.254656, "bb_position": -0.01593, "stoch_k": 1.217039, "stoch_d": 18.681788, "adx": 42.809373, "atr_14": 2.175999, "last_close": 52.94, "last_date": "2026-03-06"}