{"return_1d": -0.058689, "return_5d": -0.054205, "return_20d": -0.11429, "return_60d": -0.191777, "return_252d": -0.13646, "sma_20": 61.952, "sma_50": 65.063494, "sma_200": 68.225851, "price_vs_sma20": -0.070571, "price_vs_sma50": -0.115018, "price_vs_sma200": -0.156038, "volatility_20d": 0.436452, "volatility_60d": 0.298156, "drawdown": -0.459172, "max_drawdown_1y": -0.483724, "volume_ratio": 5.240767, "rsi_14": 34.810816, "macd": -1.677288, "macd_signal": -1.505894, "macd_histogram": -0.171394, "bb_width": 0.150314, "bb_position": -0.005136, "stoch_k": 1.39485, "stoch_d": 23.304456, "adx": 35.836824, "atr_14": 2.143693, "last_close": 57.58, "last_date": "2026-02-27"}