{"return_1d": -0.023272, "return_5d": -0.056692, "return_20d": -0.130354, "return_60d": -0.208165, "return_252d": -0.157158, "sma_20": 61.5305, "sma_50": 64.788584, "sma_200": 68.187849, "price_vs_sma20": -0.085982, "price_vs_sma50": -0.131946, "price_vs_sma200": -0.17522, "volatility_20d": 0.440879, "volatility_60d": 0.300931, "drawdown": -0.471757, "max_drawdown_1y": -0.483723, "volume_ratio": 0.762086, "rsi_14": 32.156005, "macd": -1.911332, "macd_signal": -1.586982, "macd_histogram": -0.32435, "bb_width": 0.170789, "bb_position": -0.050796, "stoch_k": 5.390836, "stoch_d": 15.261169, "adx": 37.017529, "atr_14": 2.129144, "last_close": 56.24, "last_date": "2026-03-02"}