{"return_1d": -0.05164, "return_5d": -0.050086, "return_20d": -0.038503, "return_60d": 0.078733, "return_252d": 0.429802, "sma_20": 115.643, "sma_50": 116.024542, "sma_200": 98.147166, "price_vs_sma20": -0.047154, "price_vs_sma50": -0.050287, "price_vs_sma200": 0.122702, "volatility_20d": 0.473012, "volatility_60d": 0.358066, "drawdown": -0.10972, "max_drawdown_1y": -0.313127, "volume_ratio": 1.964727, "rsi_14": 43.267312, "macd": -0.810975, "macd_signal": -0.298677, "macd_histogram": -0.512297, "bb_width": 0.142674, "bb_position": 0.153144, "stoch_k": 15.232163, "stoch_d": 34.390336, "adx": 16.797502, "atr_14": 4.218866, "last_close": 110.19, "last_date": "2026-02-27"}