{"return_1d": -0.054824, "return_5d": -0.053276, "return_20d": -0.041732, "return_60d": 0.075111, "return_252d": 0.425001, "sma_20": 115.6245, "sma_50": 116.017142, "sma_200": 98.145315, "price_vs_sma20": -0.050201, "price_vs_sma50": -0.053416, "price_vs_sma200": 0.118953, "volatility_20d": 0.477599, "volatility_60d": 0.360139, "drawdown": -0.112709, "max_drawdown_1y": -0.313127, "volume_ratio": 1.245454, "rsi_14": 42.828586, "macd": -0.84049, "macd_signal": -0.304581, "macd_histogram": -0.53591, "bb_width": 0.144116, "bb_position": 0.13325, "stoch_k": 13.137033, "stoch_d": 33.691959, "adx": 16.794259, "atr_14": 4.217437, "last_close": 109.82, "last_date": "2026-02-27"}