{"return_1d": 0.005056, "return_5d": -0.026412, "return_20d": -0.054286, "return_60d": 0.032749, "return_252d": 0.472354, "sma_20": 114.867, "sma_50": 116.3594, "sma_200": 99.149111, "price_vs_sma20": -0.030879, "price_vs_sma50": -0.043309, "price_vs_sma200": 0.122753, "volatility_20d": 0.470953, "volatility_60d": 0.351602, "drawdown": -0.10059, "max_drawdown_1y": -0.313128, "volume_ratio": 0.856293, "rsi_14": 45.154273, "macd": -1.250496, "macd_signal": -0.79607, "macd_histogram": -0.454425, "bb_width": 0.15077, "bb_position": 0.288664, "stoch_k": 39.4453, "stoch_d": 30.882665, "adx": 18.609997, "atr_14": 4.236157, "last_close": 111.32, "last_date": "2026-03-04"}