{"return_1d": -0.022212, "return_5d": -0.033215, "return_20d": -0.079575, "return_60d": -0.021943, "return_252d": 0.490303, "sma_20": 113.9825, "sma_50": 116.01, "sma_200": 99.476693, "price_vs_sma20": -0.065383, "price_vs_sma50": -0.081717, "price_vs_sma200": 0.070904, "volatility_20d": 0.478934, "volatility_60d": 0.356906, "drawdown": -0.139291, "max_drawdown_1y": -0.313128, "volume_ratio": 1.08535, "rsi_14": 38.517717, "macd": -1.814321, "macd_signal": -1.107192, "macd_histogram": -0.707129, "bb_width": 0.174841, "bb_position": 0.099884, "stoch_k": 24.659498, "stoch_d": 29.824601, "adx": 20.941022, "atr_14": 4.317248, "last_close": 106.53, "last_date": "2026-03-06"}