{"return_1d": -0.006191, "return_5d": 0.010953, "return_20d": -0.047062, "return_60d": 0.043266, "return_252d": 0.421379, "sma_20": 115.1865, "sma_50": 116.037042, "sma_200": 98.517148, "price_vs_sma20": -0.038429, "price_vs_sma50": -0.045477, "price_vs_sma200": 0.124271, "volatility_20d": 0.473341, "volatility_60d": 0.352402, "drawdown": -0.105114, "max_drawdown_1y": -0.313127, "volume_ratio": 1.030099, "rsi_14": 44.373933, "macd": -1.095551, "macd_signal": -0.561578, "macd_histogram": -0.533972, "bb_width": 0.150118, "bb_position": 0.233778, "stoch_k": 25.277162, "stoch_d": 22.811619, "adx": 17.851277, "atr_14": 4.417236, "last_close": 110.76, "last_date": "2026-03-03"}