{"return_1d": -0.003636, "return_5d": 0.016967, "return_20d": 0.036197, "return_60d": 0.135798, "return_252d": -0.193481, "sma_20": 19.1525, "sma_50": 17.86547, "sma_200": 18.345866, "price_vs_sma20": 0.001436, "price_vs_sma50": 0.073579, "price_vs_sma200": 0.045467, "volatility_20d": 0.339051, "volatility_60d": 0.293364, "drawdown": -0.442607, "max_drawdown_1y": -0.541738, "volume_ratio": 0.772356, "rsi_14": 56.899465, "macd": 0.293081, "macd_signal": 0.381024, "macd_histogram": -0.087943, "bb_width": 0.097583, "bb_position": 0.514693, "stoch_k": 43.283582, "stoch_d": 36.981758, "adx": 24.05522, "atr_14": 0.579966, "last_close": 19.18, "last_date": "2026-03-02"}