{"return_1d": -0.005802, "return_5d": 0.009641, "return_20d": -0.013605, "return_60d": 0.134032, "return_252d": -0.221962, "sma_20": 19.1685, "sma_50": 17.921092, "sma_200": 18.32158, "price_vs_sma20": -0.016616, "price_vs_sma50": 0.051833, "price_vs_sma200": 0.028841, "volatility_20d": 0.310741, "volatility_60d": 0.29344, "drawdown": -0.452197, "max_drawdown_1y": -0.541738, "volume_ratio": 0.784696, "rsi_14": 52.209703, "macd": 0.240101, "macd_signal": 0.335079, "macd_histogram": -0.094977, "bb_width": 0.09375, "bb_position": 0.319769, "stoch_k": 26.865672, "stoch_d": 34.162521, "adx": 21.380217, "atr_14": 0.559766, "last_close": 18.85, "last_date": "2026-03-04"}