{"return_1d": 0.027763, "return_5d": 0.042231, "return_20d": 0.079641, "return_60d": 0.110912, "return_252d": -0.183834, "sma_20": 19.119, "sma_50": 17.829806, "sma_200": 18.357673, "price_vs_sma20": 0.006852, "price_vs_sma50": 0.079653, "price_vs_sma200": 0.048608, "volatility_20d": 0.361529, "volatility_60d": 0.298613, "drawdown": -0.440573, "max_drawdown_1y": -0.541738, "volume_ratio": 0.941032, "rsi_14": 57.898243, "macd": 0.295852, "macd_signal": 0.403009, "macd_histogram": -0.107158, "bb_width": 0.101461, "bb_position": 0.567072, "stoch_k": 46.766169, "stoch_d": 28.524046, "adx": 24.883376, "atr_14": 0.586886, "last_close": 19.25, "last_date": "2026-02-27"}