{"return_1d": 0.028564, "return_5d": 0.043043, "return_20d": 0.080482, "return_60d": 0.111778, "return_252d": -0.183198, "sma_20": 19.11975, "sma_50": 17.830106, "sma_200": 18.357748, "price_vs_sma20": 0.007597, "price_vs_sma50": 0.080476, "price_vs_sma200": 0.049421, "volatility_20d": 0.362235, "volatility_60d": 0.298913, "drawdown": -0.440137, "max_drawdown_1y": -0.541738, "volume_ratio": 0.673653, "rsi_14": 58.044782, "macd": 0.297048, "macd_signal": 0.403249, "macd_histogram": -0.106201, "bb_width": 0.101426, "bb_position": 0.574336, "stoch_k": 47.512438, "stoch_d": 28.772803, "adx": 24.87528, "atr_14": 0.586529, "last_close": 19.265, "last_date": "2026-02-27"}