{"return_1d": 0.009246, "return_5d": 0.021342, "return_20d": 0.085215, "return_60d": 0.104814, "return_252d": 0.825035, "sma_20": 222.4695, "sma_50": 213.04025, "sma_200": 176.99914, "price_vs_sma20": 0.030388, "price_vs_sma50": 0.075994, "price_vs_sma200": 0.295091, "volatility_20d": 0.469719, "volatility_60d": 0.306479, "drawdown": 0.0, "max_drawdown_1y": -0.128796, "volume_ratio": 1.201845, "rsi_14": 62.141503, "macd": 4.24248, "macd_signal": 4.126333, "macd_histogram": 0.116147, "bb_width": 0.092879, "bb_position": 0.817535, "stoch_k": 94.103343, "stoch_d": 82.626177, "adx": 10.960673, "atr_14": 5.221385, "last_close": 229.23, "last_date": "2026-02-27"}