{"return_1d": 0.008147, "return_5d": -0.04995, "return_20d": -0.041377, "return_60d": 0.097762, "return_252d": 0.730609, "sma_20": 223.838, "sma_50": 215.282764, "sma_200": 178.814677, "price_vs_sma20": -0.027064, "price_vs_sma50": 0.0116, "price_vs_sma200": 0.217909, "volatility_20d": 0.271342, "volatility_60d": 0.311036, "drawdown": -0.052636, "max_drawdown_1y": -0.128796, "volume_ratio": 1.262547, "rsi_14": 46.280374, "macd": 1.937165, "macd_signal": 3.395162, "macd_histogram": -1.457997, "bb_width": 0.071956, "bb_position": 0.113416, "stoch_k": 20.979021, "stoch_d": 23.073122, "adx": 11.249814, "atr_14": 5.573011, "last_close": 217.78, "last_date": "2026-03-06"}