{"return_1d": 0.006901, "return_5d": 0.018969, "return_20d": 0.082694, "return_60d": 0.102248, "return_252d": 0.820795, "sma_20": 222.442875, "sma_50": 213.0296, "sma_200": 176.996478, "price_vs_sma20": 0.028118, "price_vs_sma50": 0.073548, "price_vs_sma200": 0.292102, "volatility_20d": 0.469479, "volatility_60d": 0.306275, "drawdown": 0.0, "max_drawdown_1y": -0.128796, "volume_ratio": 0.444537, "rsi_14": 61.638277, "macd": 4.200001, "macd_signal": 4.117837, "macd_histogram": 0.082164, "bb_width": 0.092524, "bb_position": 0.795587, "stoch_k": 93.656015, "stoch_d": 82.477067, "adx": 10.864316, "atr_14": 5.186385, "last_close": 228.6975, "last_date": "2026-02-27"}