{"return_1d": -0.032082, "return_5d": -0.048915, "return_20d": 0.044332, "return_60d": 0.089164, "return_252d": 0.731708, "sma_20": 224.308, "sma_50": 215.020958, "sma_200": 178.488339, "price_vs_sma20": -0.036949, "price_vs_sma50": 0.004646, "price_vs_sma200": 0.210275, "volatility_20d": 0.447424, "volatility_60d": 0.310762, "drawdown": -0.060292, "max_drawdown_1y": -0.128796, "volume_ratio": 1.645803, "rsi_14": 43.958249, "macd": 2.609171, "macd_signal": 3.759661, "macd_histogram": -1.15049, "bb_width": 0.068913, "bb_position": -0.056745, "stoch_k": 0.734049, "stoch_d": 37.238805, "adx": 10.465495, "atr_14": 5.490935, "last_close": 216.02, "last_date": "2026-03-05"}