{"return_1d": 0.002836, "return_5d": 0.022507, "return_20d": 0.069806, "return_60d": 0.123449, "return_252d": 0.826046, "sma_20": 223.2195, "sma_50": 213.689892, "sma_200": 177.413732, "price_vs_sma20": 0.029838, "price_vs_sma50": 0.075765, "price_vs_sma200": 0.295728, "volatility_20d": 0.4673, "volatility_60d": 0.304744, "drawdown": 0.0, "max_drawdown_1y": -0.128796, "volume_ratio": 1.039003, "rsi_14": 62.783276, "macd": 4.349224, "macd_signal": 4.170911, "macd_histogram": 0.178313, "bb_width": 0.09147, "bb_position": 0.816757, "stoch_k": 81.259446, "stoch_d": 84.597288, "adx": 11.449413, "atr_14": 5.242715, "last_close": 229.88, "last_date": "2026-03-02"}