{"return_1d": 0.004104, "return_5d": 0.029453, "return_20d": -0.045927, "return_60d": -0.252038, "return_252d": -0.233501, "sma_20": 105.5045, "sma_50": 124.4598, "sma_200": 131.0137, "price_vs_sma20": 0.043557, "price_vs_sma50": -0.115377, "price_vs_sma200": -0.15963, "volatility_20d": 0.485214, "volatility_60d": 0.409263, "drawdown": -0.495195, "max_drawdown_1y": -0.542695, "volume_ratio": 0.053381, "rsi_14": 46.998547, "macd": -4.388114, "macd_signal": -6.327111, "macd_histogram": 1.938997, "bb_width": 0.135313, "bb_position": 0.808466, "stoch_k": 94.596841, "stoch_d": 92.718411, "adx": 40.287637, "atr_14": 4.435212, "last_close": 110.1, "last_date": "2026-03-06"}