{"return_1d": -0.005602, "return_5d": 0.017192, "return_20d": -0.09784, "return_60d": -0.266023, "return_252d": -0.28695, "sma_20": 105.612, "sma_50": 125.0228, "sma_200": 131.19345, "price_vs_sma20": 0.008408, "price_vs_sma50": -0.148155, "price_vs_sma200": -0.188222, "volatility_20d": 0.479477, "volatility_60d": 0.406539, "drawdown": -0.511701, "max_drawdown_1y": -0.542695, "volume_ratio": 0.043807, "rsi_14": 41.198043, "macd": -5.291221, "macd_signal": -6.862117, "macd_histogram": 1.570896, "bb_width": 0.154359, "bb_position": 0.554017, "stoch_k": 81.636936, "stoch_d": 85.236835, "adx": 42.936138, "atr_14": 4.391492, "last_close": 106.5, "last_date": "2026-03-05"}