{"return_1d": 0.008895, "return_5d": 0.064198, "return_20d": -0.095298, "return_60d": -0.254325, "return_252d": -0.283038, "sma_20": 106.222, "sma_50": 125.7948, "sma_200": 131.4107, "price_vs_sma20": 0.014385, "price_vs_sma50": -0.143446, "price_vs_sma200": -0.180052, "volatility_20d": 0.481466, "volatility_60d": 0.407617, "drawdown": -0.50597, "max_drawdown_1y": -0.542695, "volume_ratio": 0.050713, "rsi_14": 43.045343, "macd": -5.700927, "macd_signal": -7.24447, "macd_histogram": 1.543544, "bb_width": 0.183119, "bb_position": 0.577441, "stoch_k": 94.75341, "stoch_d": 73.37144, "adx": 44.069653, "atr_14": 4.410892, "last_close": 107.75, "last_date": "2026-03-04"}