{"return_1d": 0.000912, "return_5d": 0.02618, "return_20d": -0.04896, "return_60d": -0.254416, "return_252d": -0.235938, "sma_20": 105.487, "sma_50": 124.4528, "sma_200": 131.01195, "price_vs_sma20": 0.040413, "price_vs_sma50": -0.11814, "price_vs_sma200": -0.16229, "volatility_20d": 0.484823, "volatility_60d": 0.409028, "drawdown": -0.4968, "max_drawdown_1y": -0.542695, "volume_ratio": 0.821727, "rsi_14": 46.421957, "macd": -4.416034, "macd_signal": -6.332695, "macd_histogram": 1.916661, "bb_width": 0.134983, "bb_position": 0.78776, "stoch_k": 90.558292, "stoch_d": 91.372228, "adx": 40.234836, "atr_14": 4.445926, "last_close": 109.75, "last_date": "2026-03-06"}