{"return_1d": 0.02149, "return_5d": 0.023445, "return_20d": -0.184832, "return_60d": -0.223593, "return_252d": -0.236199, "sma_20": 109.0695, "sma_50": 128.2448, "sma_200": 132.04445, "price_vs_sma20": -0.019433, "price_vs_sma50": -0.166048, "price_vs_sma200": -0.190045, "volatility_20d": 0.563039, "volatility_60d": 0.410407, "drawdown": -0.509638, "max_drawdown_1y": -0.542695, "volume_ratio": 1.165588, "rsi_14": 39.737458, "macd": -7.285554, "macd_signal": -8.217662, "macd_histogram": 0.932109, "bb_width": 0.325812, "bb_position": 0.439175, "stoch_k": 47.35328, "stoch_d": 31.387654, "adx": 47.346758, "atr_14": 4.606299, "last_close": 106.95, "last_date": "2026-02-27"}