{"return_1d": 0.001444, "return_5d": 0.015129, "return_20d": -0.147191, "return_60d": -0.271198, "return_252d": -0.322963, "sma_20": 106.6495, "sma_50": 126.4958, "sma_200": 131.59245, "price_vs_sma20": -0.024843, "price_vs_sma50": -0.177838, "price_vs_sma200": -0.209681, "volatility_20d": 0.466747, "volatility_60d": 0.402634, "drawdown": -0.523163, "max_drawdown_1y": -0.542695, "volume_ratio": 0.072418, "rsi_14": 36.636961, "macd": -6.54267, "macd_signal": -7.675029, "macd_histogram": 1.132359, "bb_width": 0.21945, "bb_position": 0.38391, "stoch_k": 58.797327, "stoch_d": 48.45693, "adx": 45.906431, "atr_14": 4.359258, "last_close": 104.0, "last_date": "2026-03-03"}