{"return_1d": -0.001471, "return_5d": -0.006829, "return_20d": -0.001961, "return_60d": 0.125542, "return_252d": -0.020567, "sma_20": 63.932, "sma_50": 58.878326, "sma_200": 62.510915, "price_vs_sma20": -0.04461, "price_vs_sma50": 0.037394, "price_vs_sma200": -0.022891, "volatility_20d": 0.362239, "volatility_60d": 0.290879, "drawdown": -0.246025, "max_drawdown_1y": -0.381008, "volume_ratio": 0.583716, "rsi_14": 46.912968, "macd": 0.795218, "macd_signal": 1.457822, "macd_histogram": -0.662605, "bb_width": 0.104001, "bb_position": 0.051033, "stoch_k": 10.049628, "stoch_d": 21.824702, "adx": 15.812834, "atr_14": 2.071701, "last_close": 61.08, "last_date": "2026-03-04"}