{"return_1d": -0.041823, "return_5d": -0.037148, "return_20d": 0.013419, "return_60d": 0.124724, "return_252d": -0.042435, "sma_20": 63.938, "sma_50": 58.716182, "sma_200": 62.568875, "price_vs_sma20": -0.043292, "price_vs_sma50": 0.041791, "price_vs_sma200": -0.022357, "volatility_20d": 0.36543, "volatility_60d": 0.290921, "drawdown": -0.244914, "max_drawdown_1y": -0.381008, "volume_ratio": 0.678994, "rsi_14": 47.190897, "macd": 1.038005, "macd_signal": 1.623474, "macd_histogram": -0.585469, "bb_width": 0.103155, "bb_position": 0.061329, "stoch_k": 11.166253, "stoch_d": 35.544969, "adx": 15.866885, "atr_14": 2.124908, "last_close": 61.17, "last_date": "2026-03-03"}