{"return_1d": -0.03394, "return_5d": -0.093944, "return_20d": -0.075277, "return_60d": 0.10504, "return_252d": -0.087566, "sma_20": 63.537, "sma_50": 59.123064, "sma_200": 62.355743, "price_vs_sma20": -0.081637, "price_vs_sma50": -0.013076, "price_vs_sma200": -0.06424, "volatility_20d": 0.352638, "volatility_60d": 0.296651, "drawdown": -0.279724, "max_drawdown_1y": -0.381008, "volume_ratio": 1.426726, "rsi_14": 38.980398, "macd": 0.173356, "macd_signal": 1.054348, "macd_histogram": -0.880992, "bb_width": 0.145514, "bb_position": -0.110902, "stoch_k": 7.70071, "stoch_d": 9.70256, "adx": 17.167666, "atr_14": 2.107793, "last_close": 58.35, "last_date": "2026-03-06"}