{"return_1d": -0.008696, "return_5d": 0.005988, "return_20d": 0.071501, "return_60d": 0.191265, "return_252d": 0.01059, "sma_20": 63.8975, "sma_50": 58.536306, "sma_200": 62.625791, "price_vs_sma20": -0.0009, "price_vs_sma50": 0.090605, "price_vs_sma200": 0.019388, "volatility_20d": 0.330564, "volatility_60d": 0.277218, "drawdown": -0.211955, "max_drawdown_1y": -0.381008, "volume_ratio": 0.478724, "rsi_14": 56.394572, "macd": 1.323628, "macd_signal": 1.769841, "macd_histogram": -0.446213, "bb_width": 0.103788, "bb_position": 0.491322, "stoch_k": 44.258225, "stoch_d": 42.106352, "adx": 15.925094, "atr_14": 2.013748, "last_close": 63.84, "last_date": "2026-03-02"}