{"return_1d": -0.013414, "return_5d": -0.022258, "return_20d": 0.116635, "return_60d": 0.310721, "return_252d": 1.198176, "sma_20": 738.177, "sma_50": 661.555586, "sma_200": 505.274267, "price_vs_sma20": 0.006303, "price_vs_sma50": 0.122853, "price_vs_sma200": 0.470152, "volatility_20d": 0.409084, "volatility_60d": 0.355751, "drawdown": -0.04151, "max_drawdown_1y": -0.340471, "volume_ratio": 1.005342, "rsi_14": 57.965061, "macd": 28.584211, "macd_signal": 33.089566, "macd_histogram": -4.505355, "bb_width": 0.183106, "bb_position": 0.534209, "stoch_k": 31.11437, "stoch_d": 58.457321, "adx": 37.266513, "atr_14": 24.550629, "last_close": 742.83, "last_date": "2026-02-27"}