{"return_1d": -0.014822, "return_5d": -0.023653, "return_20d": 0.115041, "return_60d": 0.30885, "return_252d": 1.195039, "sma_20": 738.124, "sma_50": 661.534386, "sma_200": 505.268966, "price_vs_sma20": 0.00494, "price_vs_sma50": 0.121287, "price_vs_sma200": 0.46807, "volatility_20d": 0.409992, "volatility_60d": 0.35607, "drawdown": -0.042877, "max_drawdown_1y": -0.340472, "volume_ratio": 0.557016, "rsi_14": 57.590361, "macd": 28.499652, "macd_signal": 33.072654, "macd_histogram": -4.573002, "bb_width": 0.183332, "bb_position": 0.526811, "stoch_k": 29.560117, "stoch_d": 57.939237, "adx": 37.266514, "atr_14": 24.550629, "last_close": 741.77, "last_date": "2026-02-27"}