{"return_1d": -0.03537, "return_5d": -0.062224, "return_20d": 0.020612, "return_60d": 0.173354, "return_252d": 1.190651, "sma_20": 746.6555, "sma_50": 674.05623, "sma_200": 512.871076, "price_vs_sma20": -0.054343, "price_vs_sma50": 0.047509, "price_vs_sma200": 0.37672, "volatility_20d": 0.417985, "volatility_60d": 0.373048, "drawdown": -0.088929, "max_drawdown_1y": -0.340472, "volume_ratio": 1.190615, "rsi_14": 45.810634, "macd": 15.324831, "macd_signal": 25.399359, "macd_histogram": -10.074529, "bb_width": 0.133176, "bb_position": 0.068498, "stoch_k": 13.824375, "stoch_d": 21.012403, "adx": 30.460227, "atr_14": 27.145122, "last_close": 706.08, "last_date": "2026-03-05"}