{"return_1d": 0.012775, "return_5d": -0.005486, "return_20d": 0.144457, "return_60d": 0.294625, "return_252d": 1.243152, "sma_20": 742.925, "sma_50": 664.85088, "sma_200": 507.28872, "price_vs_sma20": 0.012646, "price_vs_sma50": 0.131562, "price_vs_sma200": 0.483021, "volatility_20d": 0.404274, "volatility_60d": 0.353566, "drawdown": -0.029265, "max_drawdown_1y": -0.340472, "volume_ratio": 0.718657, "rsi_14": 60.446285, "macd": 26.704465, "macd_signal": 31.812545, "macd_histogram": -5.108081, "bb_width": 0.151989, "bb_position": 0.582164, "stoch_k": 42.100386, "stoch_d": 45.357012, "adx": 35.830738, "atr_14": 24.987727, "last_close": 752.32, "last_date": "2026-03-02"}