{"return_1d": 0.013556, "return_5d": -0.045186, "return_20d": 0.041372, "return_60d": 0.224539, "return_252d": 1.234796, "sma_20": 745.9425, "sma_50": 671.432128, "sma_200": 511.092977, "price_vs_sma20": -0.018731, "price_vs_sma50": 0.090162, "price_vs_sma200": 0.432166, "volatility_20d": 0.400565, "volatility_60d": 0.36446, "drawdown": -0.055523, "max_drawdown_1y": -0.340472, "volume_ratio": 0.858018, "rsi_14": 53.051315, "macd": 19.771352, "macd_signal": 27.917991, "macd_histogram": -8.146639, "bb_width": 0.136088, "bb_position": 0.359731, "stoch_k": 30.489124, "stoch_d": 30.43774, "adx": 31.872285, "atr_14": 26.280132, "last_close": 731.97, "last_date": "2026-03-04"}