{"return_1d": -0.005028, "return_5d": -0.016158, "return_20d": 0.009136, "return_60d": 0.126983, "return_252d": 0.177666, "sma_20": 332.719, "sma_50": 317.972, "sma_200": 292.002822, "price_vs_sma20": -0.000778, "price_vs_sma50": 0.045564, "price_vs_sma200": 0.138551, "volatility_20d": 0.172718, "volatility_60d": 0.1959, "drawdown": -0.03005, "max_drawdown_1y": -0.117619, "volume_ratio": 1.020838, "rsi_14": 55.733678, "macd": 5.971369, "macd_signal": 6.646245, "macd_histogram": -0.674877, "bb_width": 0.056312, "bb_position": 0.486166, "stoch_k": 43.498717, "stoch_d": 54.220131, "adx": 33.680297, "atr_14": 6.321246, "last_close": 332.46, "last_date": "2026-03-05"}