{"return_1d": -0.013415, "return_5d": -0.037728, "return_20d": -0.009901, "return_60d": 0.103523, "return_252d": 0.15029, "sma_20": 332.555, "sma_50": 318.313, "sma_200": 292.174861, "price_vs_sma20": -0.013697, "price_vs_sma50": 0.030432, "price_vs_sma200": 0.122615, "volatility_20d": 0.178403, "volatility_60d": 0.198093, "drawdown": -0.043062, "max_drawdown_1y": -0.117619, "volume_ratio": 1.143928, "rsi_14": 50.02072, "macd": 5.021924, "macd_signal": 6.321381, "macd_histogram": -1.299457, "bb_width": 0.058344, "bb_position": 0.261978, "stoch_k": 23.140496, "stoch_d": 39.107853, "adx": 31.467251, "atr_14": 6.5683, "last_close": 328.0, "last_date": "2026-03-06"}