{"return_1d": 0.008523, "return_5d": 0.027682, "return_20d": 0.113107, "return_60d": 0.159657, "return_252d": 0.253484, "sma_20": 328.515, "sma_50": 315.9288, "sma_200": 291.01034, "price_vs_sma20": 0.037396, "price_vs_sma50": 0.078724, "price_vs_sma200": 0.171092, "volatility_20d": 0.233313, "volatility_60d": 0.190378, "drawdown": 0.0, "max_drawdown_1y": -0.117619, "volume_ratio": 0.585269, "rsi_14": 70.329897, "macd": 7.170116, "macd_signal": 6.591908, "macd_histogram": 0.578208, "bb_width": 0.095769, "bb_position": 0.876401, "stoch_k": 90.735294, "stoch_d": 87.502197, "adx": 33.603875, "atr_14": 6.248501, "last_close": 340.8, "last_date": "2026-02-27"}