{"return_1d": -0.012297, "return_5d": -0.001196, "return_20d": 0.066245, "return_60d": 0.134062, "return_252d": 0.160982, "sma_20": 332.5685, "sma_50": 317.5348, "sma_200": 291.807237, "price_vs_sma20": 0.004725, "price_vs_sma50": 0.052294, "price_vs_sma200": 0.145071, "volatility_20d": 0.248006, "volatility_60d": 0.195351, "drawdown": -0.025149, "max_drawdown_1y": -0.117619, "volume_ratio": 0.807024, "rsi_14": 58.052802, "macd": 6.642241, "macd_signal": 6.814964, "macd_histogram": -0.172724, "bb_width": 0.056675, "bb_position": 0.582984, "stoch_k": 50.684346, "stoch_d": 68.905047, "adx": 35.079542, "atr_14": 6.295957, "last_close": 334.14, "last_date": "2026-03-04"}