{"return_1d": 0.023329, "return_5d": 0.041789, "return_20d": 0.156342, "return_60d": 0.201976, "return_252d": 0.451756, "sma_20": 282.938655, "sma_50": 269.648288, "sma_200": 247.119047, "price_vs_sma20": 0.075958, "price_vs_sma50": 0.128989, "price_vs_sma200": 0.231916, "volatility_20d": 0.24154, "volatility_60d": 0.206864, "drawdown": 0.0, "max_drawdown_1y": -0.090503, "volume_ratio": 1.079477, "rsi_14": 75.210338, "macd": 8.670331, "macd_signal": 6.94806, "macd_histogram": 1.722271, "bb_width": 0.142906, "bb_position": 0.993999, "stoch_k": 96.781577, "stoch_d": 88.774211, "adx": 27.001642, "atr_14": 7.336972, "last_close": 304.43, "last_date": "2026-03-03"}