{"return_1d": 0.027917, "return_5d": 0.040807, "return_20d": 0.131591, "return_60d": 0.176982, "return_252d": 0.471973, "sma_20": 279.226505, "sma_50": 267.610194, "sma_200": 246.267654, "price_vs_sma20": 0.073394, "price_vs_sma50": 0.119987, "price_vs_sma200": 0.21705, "volatility_20d": 0.233791, "volatility_60d": 0.202098, "drawdown": 0.0, "max_drawdown_1y": -0.090503, "volume_ratio": 1.421024, "rsi_14": 74.796534, "macd": 7.70698, "macd_signal": 6.149926, "macd_histogram": 1.557054, "bb_width": 0.138272, "bb_position": 0.994499, "stoch_k": 90.628161, "stoch_d": 91.412591, "adx": 24.099986, "atr_14": 7.020572, "last_close": 299.72, "last_date": "2026-02-27"}