{"return_1d": -0.00744, "return_5d": 0.027971, "return_20d": 0.125121, "return_60d": 0.172497, "return_252d": 0.442126, "sma_20": 280.88065, "sma_50": 268.59246, "sma_200": 246.658965, "price_vs_sma20": 0.059133, "price_vs_sma50": 0.107589, "price_vs_sma200": 0.206078, "volatility_20d": 0.237245, "volatility_60d": 0.202763, "drawdown": -0.00744, "max_drawdown_1y": -0.090503, "volume_ratio": 1.170624, "rsi_14": 71.061201, "macd": 7.987758, "macd_signal": 6.517493, "macd_histogram": 1.470266, "bb_width": 0.141217, "bb_position": 0.895361, "stoch_k": 78.912894, "stoch_d": 87.552894, "adx": 25.954382, "atr_14": 7.109817, "last_close": 297.49, "last_date": "2026-03-02"}