{"return_1d": -0.010412, "return_5d": 0.020269, "return_20d": 0.099648, "return_60d": 0.179873, "return_252d": 0.41517, "sma_20": 285.916645, "sma_50": 271.71612, "sma_200": 247.920653, "price_vs_sma20": 0.040478, "price_vs_sma50": 0.094856, "price_vs_sma200": 0.19994, "volatility_20d": 0.254117, "volatility_60d": 0.209815, "drawdown": -0.022797, "max_drawdown_1y": -0.090503, "volume_ratio": 0.808007, "rsi_14": 64.849805, "macd": 8.555823, "macd_signal": 7.566303, "macd_histogram": 0.989521, "bb_width": 0.145324, "bb_position": 0.767701, "stoch_k": 76.882235, "stoch_d": 86.878546, "adx": 27.691534, "atr_14": 7.358308, "last_close": 297.49, "last_date": "2026-03-05"}