{"return_1d": -0.012515, "return_5d": 0.03465, "return_20d": 0.12164, "return_60d": 0.182184, "return_252d": 0.405844, "sma_20": 284.568745, "sma_50": 270.699538, "sma_200": 247.532177, "price_vs_sma20": 0.056406, "price_vs_sma50": 0.11053, "price_vs_sma200": 0.214468, "volatility_20d": 0.247955, "volatility_60d": 0.209329, "drawdown": -0.012515, "max_drawdown_1y": -0.090503, "volume_ratio": 1.022944, "rsi_14": 69.333165, "macd": 8.802372, "macd_signal": 7.318923, "macd_histogram": 1.483449, "bb_width": 0.14584, "bb_position": 0.866112, "stoch_k": 86.971825, "stoch_d": 87.555432, "adx": 27.974099, "atr_14": 7.264332, "last_close": 300.62, "last_date": "2026-03-04"}