{"return_1d": 0.012706, "return_5d": 0.005171, "return_20d": 0.097115, "return_60d": 0.192694, "return_252d": 0.426065, "sma_20": 287.25005, "sma_50": 272.717326, "sma_200": 248.31082, "price_vs_sma20": 0.048807, "price_vs_sma50": 0.104697, "price_vs_sma200": 0.213278, "volatility_20d": 0.25301, "volatility_60d": 0.210772, "drawdown": -0.01038, "max_drawdown_1y": -0.090503, "volume_ratio": 0.830716, "rsi_14": 67.576605, "macd": 8.566695, "macd_signal": 7.766381, "macd_histogram": 0.800314, "bb_width": 0.145699, "bb_position": 0.819399, "stoch_k": 85.373328, "stoch_d": 83.075796, "adx": 27.46102, "atr_14": 7.233429, "last_close": 301.27, "last_date": "2026-03-06"}