{"return_1d": -0.018218, "return_5d": 0.005479, "return_20d": -0.148887, "return_60d": -0.090127, "return_252d": 0.03713, "sma_20": 153.6755, "sma_50": 161.1148, "sma_200": 152.80905, "price_vs_sma20": -0.056649, "price_vs_sma50": -0.100207, "price_vs_sma200": -0.0513, "volatility_20d": 0.6689, "volatility_60d": 0.426777, "drawdown": -0.155236, "max_drawdown_1y": -0.225583, "volume_ratio": 0.698027, "rsi_14": 39.537241, "macd": -4.976244, "macd_signal": -4.687107, "macd_histogram": -0.289137, "bb_width": 0.306162, "bb_position": 0.303861, "stoch_k": 39.57517, "stoch_d": 44.882106, "adx": 30.784627, "atr_14": 6.472107, "last_close": 144.97, "last_date": "2026-03-02"}