{"return_1d": -0.0156, "return_5d": 0.004421, "return_20d": -0.139561, "return_60d": -0.073302, "return_252d": 0.049616, "sma_20": 154.9435, "sma_50": 161.4294, "sma_200": 152.741, "price_vs_sma20": -0.047007, "price_vs_sma50": -0.085297, "price_vs_sma200": -0.033265, "volatility_20d": 0.667629, "volatility_60d": 0.425305, "drawdown": -0.139561, "max_drawdown_1y": -0.225583, "volume_ratio": 1.02804, "rsi_14": 41.874111, "macd": -4.952485, "macd_signal": -4.614823, "macd_histogram": -0.337663, "bb_width": 0.310753, "bb_position": 0.341269, "stoch_k": 45.122706, "stoch_d": 46.442565, "adx": 29.979545, "atr_14": 6.508423, "last_close": 147.66, "last_date": "2026-02-27"}