{"return_1d": -0.03088, "return_5d": -0.073344, "return_20d": -0.176616, "return_60d": -0.119441, "return_252d": -0.03844, "sma_20": 148.556, "sma_50": 159.4374, "sma_200": 153.01385, "price_vs_sma20": -0.078933, "price_vs_sma50": -0.141795, "price_vs_sma200": -0.105767, "volatility_20d": 0.660926, "volatility_60d": 0.424934, "drawdown": -0.202669, "max_drawdown_1y": -0.225583, "volume_ratio": 0.627832, "rsi_14": 32.685959, "macd": -5.692495, "macd_signal": -5.109828, "macd_histogram": -0.582667, "bb_width": 0.292131, "bb_position": 0.206647, "stoch_k": 16.836735, "stoch_d": 39.35407, "adx": 35.074918, "atr_14": 6.022313, "last_close": 136.83, "last_date": "2026-03-06"}