{"return_1d": -0.00388, "return_5d": -0.058733, "return_20d": -0.148894, "return_60d": -0.12228, "return_252d": 0.011462, "sma_20": 150.0235, "sma_50": 159.982, "sma_200": 152.98215, "price_vs_sma20": -0.058881, "price_vs_sma50": -0.117463, "price_vs_sma200": -0.077082, "volatility_20d": 0.656613, "volatility_60d": 0.425896, "drawdown": -0.177262, "max_drawdown_1y": -0.225583, "volume_ratio": 0.631908, "rsi_14": 36.341201, "macd": -5.338882, "macd_signal": -4.964162, "macd_histogram": -0.37472, "bb_width": 0.292181, "bb_position": 0.28587, "stoch_k": 42.870813, "stoch_d": 45.828476, "adx": 33.622404, "atr_14": 5.896337, "last_close": 141.19, "last_date": "2026-03-05"}