{"return_1d": -0.020828, "return_5d": 0.005954, "return_20d": 0.179171, "return_60d": 0.169605, "return_252d": 0.288683, "sma_20": 101.593, "sma_50": 94.6032, "sma_200": 91.308299, "price_vs_sma20": 0.064345, "price_vs_sma50": 0.142985, "price_vs_sma200": 0.18423, "volatility_20d": 0.231271, "volatility_60d": 0.199553, "drawdown": -0.020828, "max_drawdown_1y": -0.139464, "volume_ratio": 0.908131, "rsi_14": 76.251325, "macd": 4.542753, "macd_signal": 3.974813, "macd_histogram": 0.56794, "bb_width": 0.214888, "bb_position": 0.781332, "stoch_k": 82.289003, "stoch_d": 90.706922, "adx": 56.826903, "atr_14": 2.009215, "last_close": 108.13, "last_date": "2026-03-02"}