{"return_1d": -0.014359, "return_5d": -0.092457, "return_20d": 0.044829, "return_60d": 0.11529, "return_252d": 0.21458, "sma_20": 103.4085, "sma_50": 95.4894, "sma_200": 91.645713, "price_vs_sma20": -0.030834, "price_vs_sma50": 0.049541, "price_vs_sma200": 0.093559, "volatility_20d": 0.285887, "volatility_60d": 0.216827, "drawdown": -0.092457, "max_drawdown_1y": -0.139464, "volume_ratio": 0.804087, "rsi_14": 46.959598, "macd": 2.623548, "macd_signal": 3.583311, "macd_histogram": -0.959763, "bb_width": 0.174419, "bb_position": 0.317594, "stoch_k": 4.727921, "stoch_d": 27.823185, "adx": 45.826215, "atr_14": 2.208635, "last_close": 100.22, "last_date": "2026-03-06"}