{"return_1d": -0.02682, "return_5d": -0.023387, "return_20d": 0.141323, "return_60d": 0.148298, "return_252d": 0.252085, "sma_20": 102.2445, "sma_50": 94.8644, "sma_200": 91.412476, "price_vs_sma20": 0.0292, "price_vs_sma50": 0.109268, "price_vs_sma200": 0.151156, "volatility_20d": 0.262888, "volatility_60d": 0.207263, "drawdown": -0.047089, "max_drawdown_1y": -0.139464, "volume_ratio": 0.926719, "rsi_14": 63.228515, "macd": 4.183098, "macd_signal": 4.01647, "macd_histogram": 0.166628, "bb_width": 0.206701, "bb_position": 0.637257, "stoch_k": 61.946309, "stoch_d": 80.410065, "adx": 54.8344, "atr_14": 2.141414, "last_close": 105.23, "last_date": "2026-03-03"}