{"return_1d": 0.00986, "return_5d": 0.059391, "return_20d": 0.079848, "return_60d": 0.040828, "return_252d": -0.000143, "sma_20": 87.0135, "sma_50": 87.0204, "sma_200": 93.738313, "price_vs_sma20": 0.047539, "price_vs_sma50": 0.047456, "price_vs_sma200": -0.027612, "volatility_20d": 0.479074, "volatility_60d": 0.330103, "drawdown": -0.465631, "max_drawdown_1y": -0.540554, "volume_ratio": 0.606987, "rsi_14": 58.896476, "macd": 0.895746, "macd_signal": 0.45023, "macd_histogram": 0.445516, "bb_width": 0.144667, "bb_position": 0.813694, "stoch_k": 88.023952, "stoch_d": 81.100476, "adx": 14.257575, "atr_14": 2.795194, "last_close": 91.15, "last_date": "2026-03-04"}