{"return_1d": -0.000112, "return_5d": 0.020867, "return_20d": 0.031333, "return_60d": 0.026152, "return_252d": 0.007415, "sma_20": 86.4115, "sma_50": 86.8952, "sma_200": 93.793344, "price_vs_sma20": 0.036089, "price_vs_sma50": 0.030322, "price_vs_sma200": -0.045455, "volatility_20d": 0.487594, "volatility_60d": 0.329252, "drawdown": -0.475129, "max_drawdown_1y": -0.540554, "volume_ratio": 0.739896, "rsi_14": 55.590687, "macd": 0.546193, "macd_signal": 0.24684, "macd_histogram": 0.299353, "bb_width": 0.13895, "bb_position": 0.750679, "stoch_k": 73.667029, "stoch_d": 72.227681, "adx": 13.625538, "atr_14": 2.831054, "last_close": 89.53, "last_date": "2026-03-02"}