{"return_1d": 0.030093, "return_5d": 0.011249, "return_20d": 0.02393, "return_60d": 0.017541, "return_252d": 0.021343, "sma_20": 86.2485, "sma_50": 86.8518, "sma_200": 93.818329, "price_vs_sma20": 0.031902, "price_vs_sma50": 0.024734, "price_vs_sma200": -0.051358, "volatility_20d": 0.482306, "volatility_60d": 0.326653, "drawdown": -0.478236, "max_drawdown_1y": -0.540554, "volume_ratio": 0.543731, "rsi_14": 54.608124, "macd": 0.364382, "macd_signal": 0.163386, "macd_histogram": 0.200996, "bb_width": 0.13493, "bb_position": 0.729124, "stoch_k": 75.720165, "stoch_d": 66.337779, "adx": 13.636756, "atr_14": 2.911245, "last_close": 89.0, "last_date": "2026-02-27"}