{"return_1d": 0.003551, "return_5d": 0.00994, "return_20d": 0.153885, "return_60d": 0.00748, "return_252d": 0.004854, "sma_20": 87.8165, "sma_50": 87.1806, "sma_200": 93.648474, "price_vs_sma20": 0.029761, "price_vs_sma50": 0.037272, "price_vs_sma200": -0.034368, "volatility_20d": 0.330571, "volatility_60d": 0.328989, "drawdown": -0.469852, "max_drawdown_1y": -0.540554, "volume_ratio": 0.71239, "rsi_14": 56.648056, "macd": 1.008153, "macd_signal": 0.641863, "macd_histogram": 0.36629, "bb_width": 0.121214, "bb_position": 0.738427, "stoch_k": 77.245509, "stoch_d": 79.241517, "adx": 14.922234, "atr_14": 2.672948, "last_close": 90.43, "last_date": "2026-03-06"}