{"return_1d": 0.008154, "return_5d": 0.018276, "return_20d": 0.062382, "return_60d": 0.033933, "return_252d": 0.008613, "sma_20": 86.6765, "sma_50": 86.9354, "sma_200": 93.769743, "price_vs_sma20": 0.041343, "price_vs_sma50": 0.038242, "price_vs_sma200": -0.037429, "volatility_20d": 0.480065, "volatility_60d": 0.329611, "drawdown": -0.470849, "max_drawdown_1y": -0.540554, "volume_ratio": 0.865695, "rsi_14": 57.082991, "macd": 0.706897, "macd_signal": 0.338851, "macd_histogram": 0.368046, "bb_width": 0.141795, "bb_position": 0.779996, "stoch_k": 81.610446, "stoch_d": 78.480695, "adx": 13.854147, "atr_14": 2.840978, "last_close": 90.26, "last_date": "2026-03-03"}