{"return_1d": -0.050442, "return_5d": -0.182567, "return_20d": -0.176178, "return_60d": -0.003874, "return_252d": 0.159768, "sma_20": 31.11084, "sma_50": 30.679244, "sma_200": 28.590008, "price_vs_sma20": -0.171028, "price_vs_sma50": -0.159367, "price_vs_sma200": -0.097937, "volatility_20d": 0.579297, "volatility_60d": 0.529714, "drawdown": -0.23774, "max_drawdown_1y": -0.475247, "volume_ratio": 1.578855, "rsi_14": 31.000029, "macd": -0.860117, "macd_signal": -0.128527, "macd_histogram": -0.73159, "bb_width": 0.334576, "bb_position": -0.116643, "stoch_k": 4.504505, "stoch_d": 8.435468, "adx": 28.049695, "atr_14": 1.52433, "last_close": 25.79, "last_date": "2026-03-06"}