{"return_1d": -0.035168, "return_5d": -0.013754, "return_20d": 0.017522, "return_60d": 0.222361, "return_252d": 0.314091, "sma_20": 32.0405, "sma_50": 30.850832, "sma_200": 28.47175, "price_vs_sma20": -0.015309, "price_vs_sma50": 0.022663, "price_vs_sma200": 0.108116, "volatility_20d": 0.579803, "volatility_60d": 0.484456, "drawdown": -0.067495, "max_drawdown_1y": -0.475247, "volume_ratio": 0.953046, "rsi_14": 50.706403, "macd": 0.39184, "macd_signal": 0.527128, "macd_histogram": -0.135289, "bb_width": 0.112769, "bb_position": 0.362136, "stoch_k": 43.745013, "stoch_d": 52.741157, "adx": 23.420722, "atr_14": 1.322336, "last_close": 31.55, "last_date": "2026-02-27"}