{"return_1d": -0.035015, "return_5d": -0.013598, "return_20d": 0.017683, "return_60d": 0.222555, "return_252d": 0.314299, "sma_20": 32.04075, "sma_50": 30.850932, "sma_200": 28.471775, "price_vs_sma20": -0.01516, "price_vs_sma50": 0.022822, "price_vs_sma200": 0.108291, "volatility_20d": 0.579675, "volatility_60d": 0.484404, "drawdown": -0.067347, "max_drawdown_1y": -0.475247, "volume_ratio": 0.56985, "rsi_14": 50.729176, "macd": 0.392239, "macd_signal": 0.527208, "macd_histogram": -0.134969, "bb_width": 0.112734, "bb_position": 0.36345, "stoch_k": 43.882576, "stoch_d": 52.787012, "adx": 23.415887, "atr_14": 1.322693, "last_close": 31.555, "last_date": "2026-02-27"}