{"return_1d": -0.018226, "return_5d": -0.116404, "return_20d": -0.118988, "return_60d": 0.089832, "return_252d": 0.209778, "sma_20": 31.62572, "sma_50": 30.880816, "sma_200": 28.558082, "price_vs_sma20": -0.114328, "price_vs_sma50": -0.092964, "price_vs_sma200": -0.019192, "volatility_20d": 0.554987, "volatility_60d": 0.514809, "drawdown": -0.172125, "max_drawdown_1y": -0.475247, "volume_ratio": 1.03013, "rsi_14": 37.425547, "macd": -0.322361, "macd_signal": 0.209519, "macd_histogram": -0.53188, "bb_width": 0.213195, "bb_position": -0.105485, "stoch_k": 13.878822, "stoch_d": 19.183718, "adx": 25.362677, "atr_14": 1.494607, "last_close": 28.01, "last_date": "2026-03-04"}