{"return_1d": -0.030346, "return_5d": -0.169419, "return_20d": -0.149717, "return_60d": 0.054716, "return_252d": 0.245346, "sma_20": 31.386605, "sma_50": 30.80448, "sma_200": 28.577469, "price_vs_sma20": -0.134663, "price_vs_sma50": -0.11831, "price_vs_sma200": -0.049601, "volatility_20d": 0.560167, "volatility_60d": 0.519044, "drawdown": -0.197248, "max_drawdown_1y": -0.475247, "volume_ratio": 1.584338, "rsi_14": 34.789696, "macd": -0.566222, "macd_signal": 0.05437, "macd_histogram": -0.620593, "bb_width": 0.261956, "bb_position": -0.094065, "stoch_k": 6.923077, "stoch_d": 14.233199, "adx": 26.500271, "atr_14": 1.509278, "last_close": 27.16, "last_date": "2026-03-05"}