{"return_1d": 0.002386, "return_5d": 0.006852, "return_20d": -0.014405, "return_60d": -0.036529, "return_252d": 0.174726, "sma_20": 290.3045, "sma_50": 305.9638, "sma_200": 323.826, "price_vs_sma20": 0.027576, "price_vs_sma50": -0.025015, "price_vs_sma200": -0.078795, "volatility_20d": 0.617901, "volatility_60d": 0.443332, "drawdown": -0.201034, "max_drawdown_1y": -0.290536, "volume_ratio": 0.424035, "rsi_14": 50.145826, "macd": -2.731628, "macd_signal": -4.500774, "macd_histogram": 1.769145, "bb_width": 0.142945, "bb_position": 0.687738, "stoch_k": 61.075581, "stoch_d": 67.691614, "adx": 15.861451, "atr_14": 13.502428, "last_close": 298.31, "last_date": "2026-02-27"}