{"return_1d": -0.018302, "return_5d": 0.007527, "return_20d": 0.104709, "return_60d": -0.111664, "return_252d": 0.242654, "sma_20": 294.6485, "sma_50": 304.9596, "sma_200": 323.49585, "price_vs_sma20": 0.017619, "price_vs_sma50": -0.016788, "price_vs_sma200": -0.073126, "volatility_20d": 0.549695, "volatility_60d": 0.427221, "drawdown": -0.196936, "max_drawdown_1y": -0.290536, "volume_ratio": 1.166045, "rsi_14": 50.312147, "macd": -0.352755, "macd_signal": -2.301734, "macd_histogram": 1.948979, "bb_width": 0.122315, "bb_position": 0.641554, "stoch_k": 65.523256, "stoch_d": 71.705426, "adx": 13.386752, "atr_14": 13.0534, "last_close": 299.84, "last_date": "2026-03-05"}