{"return_1d": 0.012769, "return_5d": 0.017281, "return_20d": -0.004196, "return_60d": -0.026549, "return_252d": 0.186895, "sma_20": 290.459, "sma_50": 306.0256, "sma_200": 323.84145, "price_vs_sma20": 0.037668, "price_vs_sma50": -0.015115, "price_vs_sma200": -0.069298, "volatility_20d": 0.61953, "volatility_60d": 0.444104, "drawdown": -0.192758, "max_drawdown_1y": -0.290536, "volume_ratio": 1.0399, "rsi_14": 51.4784, "macd": -2.485133, "macd_signal": -4.451475, "macd_histogram": 1.966342, "bb_width": 0.14329, "bb_position": 0.753337, "stoch_k": 70.05814, "stoch_d": 70.6858, "adx": 15.861451, "atr_14": 13.720499, "last_close": 301.4, "last_date": "2026-02-27"}