{"return_1d": -0.003273, "return_5d": 0.02706, "return_20d": -0.005232, "return_60d": -0.131729, "return_252d": -0.263967, "sma_20": 128.830435, "sma_50": 130.34823, "sma_200": 154.035047, "price_vs_sma20": -0.030741, "price_vs_sma50": -0.042028, "price_vs_sma200": -0.18934, "volatility_20d": 0.492311, "volatility_60d": 0.346069, "drawdown": -0.501602, "max_drawdown_1y": -0.514734, "volume_ratio": 0.811121, "rsi_14": 44.598578, "macd": -2.203269, "macd_signal": -2.220061, "macd_histogram": 0.016791, "bb_width": 0.237649, "bb_position": 0.36654, "stoch_k": 40.535599, "stoch_d": 31.263103, "adx": 35.259469, "atr_14": 5.18981, "last_close": 124.87, "last_date": "2026-03-04"}