{"return_1d": -0.006078, "return_5d": -0.011083, "return_20d": -0.015507, "return_60d": -0.138233, "return_252d": -0.308116, "sma_20": 128.958235, "sma_50": 131.44229, "sma_200": 154.955882, "price_vs_sma20": -0.048994, "price_vs_sma50": -0.066967, "price_vs_sma200": -0.208549, "volatility_20d": 0.489607, "volatility_60d": 0.344504, "drawdown": -0.510503, "max_drawdown_1y": -0.514734, "volume_ratio": 0.774484, "rsi_14": 39.933724, "macd": -2.708815, "macd_signal": -2.103853, "macd_histogram": -0.604962, "bb_width": 0.240007, "bb_position": 0.285346, "stoch_k": 16.604072, "stoch_d": 14.393329, "adx": 37.063372, "atr_14": 5.007551, "last_close": 122.64, "last_date": "2026-02-27"}