{"return_1d": -0.004485, "return_5d": 0.007456, "return_20d": -0.095184, "return_60d": -0.14573, "return_252d": -0.262221, "sma_20": 128.176585, "sma_50": 130.035548, "sma_200": 153.727049, "price_vs_sma20": -0.030166, "price_vs_sma50": -0.044031, "price_vs_sma200": -0.191359, "volatility_20d": 0.343852, "volatility_60d": 0.344873, "drawdown": -0.503837, "max_drawdown_1y": -0.514734, "volume_ratio": 0.677479, "rsi_14": 43.596462, "macd": -2.107012, "macd_signal": -2.197451, "macd_histogram": 0.090439, "bb_width": 0.231973, "bb_position": 0.365914, "stoch_k": 54.61278, "stoch_d": 41.125794, "adx": 34.208364, "atr_14": 5.086252, "last_close": 124.31, "last_date": "2026-03-05"}