{"return_1d": 0.017368, "return_5d": 0.018431, "return_20d": -0.007838, "return_60d": -0.130138, "return_252d": -0.291262, "sma_20": 128.90895, "sma_50": 131.051846, "sma_200": 154.642068, "price_vs_sma20": -0.032108, "price_vs_sma50": -0.047934, "price_vs_sma200": -0.193169, "volatility_20d": 0.49249, "volatility_60d": 0.346237, "drawdown": -0.502001, "max_drawdown_1y": -0.514734, "volume_ratio": 0.817612, "rsi_14": 44.284961, "macd": -2.547331, "macd_signal": -2.192548, "macd_histogram": -0.354782, "bb_width": 0.236697, "bb_position": 0.359852, "stoch_k": 25.024708, "stoch_d": 19.53655, "adx": 36.628664, "atr_14": 5.084868, "last_close": 124.77, "last_date": "2026-03-02"}