{"return_1d": -0.00716, "return_5d": 0.00636, "return_20d": -0.118828, "return_60d": -0.150044, "return_252d": -0.272893, "sma_20": 127.34441, "sma_50": 129.727752, "sma_200": 153.419468, "price_vs_sma20": -0.030817, "price_vs_sma50": -0.048623, "price_vs_sma200": -0.195539, "volatility_20d": 0.331731, "volatility_60d": 0.345011, "drawdown": -0.50739, "max_drawdown_1y": -0.514734, "volume_ratio": 0.74296, "rsi_14": 41.981932, "macd": -2.078583, "macd_signal": -2.173677, "macd_histogram": 0.095095, "bb_width": 0.218244, "bb_position": 0.354304, "stoch_k": 46.985121, "stoch_d": 47.377833, "adx": 33.74393, "atr_14": 5.02152, "last_close": 123.42, "last_date": "2026-03-06"}