{"return_1d": -0.008245, "return_5d": 0.113547, "return_20d": 0.165598, "return_60d": -0.100393, "return_252d": 0.317342, "sma_20": 288.97, "sma_50": 313.4704, "sma_200": 328.164736, "price_vs_sma20": 0.132159, "price_vs_sma50": 0.043671, "price_vs_sma200": -0.003062, "volatility_20d": 0.542025, "volatility_60d": 0.530282, "drawdown": -0.189168, "max_drawdown_1y": -0.507023, "volume_ratio": 0.816295, "rsi_14": 62.860756, "macd": 5.655955, "macd_signal": -1.847878, "macd_histogram": 7.503832, "bb_width": 0.301922, "bb_position": 0.886629, "stoch_k": 90.05988, "stoch_d": 94.752377, "adx": 28.612272, "atr_14": 14.255355, "last_close": 327.16, "last_date": "2026-03-02"}