{"return_1d": -0.039178, "return_5d": -0.0328, "return_20d": 0.291427, "return_60d": -0.107949, "return_252d": 0.399126, "sma_20": 302.07, "sma_50": 311.1428, "sma_200": 328.888029, "price_vs_sma20": 0.056245, "price_vs_sma50": 0.025446, "price_vs_sma200": -0.029883, "volatility_20d": 0.467082, "volatility_60d": 0.535707, "drawdown": -0.209243, "max_drawdown_1y": -0.507023, "volume_ratio": 0.846807, "rsi_14": 55.633359, "macd": 7.678267, "macd_signal": 3.626392, "macd_histogram": 4.051875, "bb_width": 0.279993, "bb_position": 0.690184, "stoch_k": 67.816594, "stoch_d": 82.586066, "adx": 27.547878, "atr_14": 14.253807, "last_close": 319.06, "last_date": "2026-03-06"}