{"return_1d": -0.006218, "return_5d": -0.009176, "return_20d": 0.202645, "return_60d": -0.124166, "return_252d": 0.397644, "sma_20": 294.3895, "sma_50": 312.3844, "sma_200": 328.551206, "price_vs_sma20": 0.096676, "price_vs_sma50": 0.033502, "price_vs_sma200": -0.017353, "volatility_20d": 0.519989, "volatility_60d": 0.528473, "drawdown": -0.19985, "max_drawdown_1y": -0.507023, "volume_ratio": 0.546869, "rsi_14": 60.004543, "macd": 6.998475, "macd_signal": 1.26359, "macd_histogram": 5.734885, "bb_width": 0.319464, "bb_position": 0.775943, "stoch_k": 82.740957, "stoch_d": 86.392203, "adx": 27.654135, "atr_14": 14.183291, "last_close": 322.85, "last_date": "2026-03-04"}