{"return_1d": 0.028558, "return_5d": 0.026301, "return_20d": 0.32584, "return_60d": -0.077122, "return_252d": 0.44153, "sma_20": 298.47, "sma_50": 311.9178, "sma_200": 328.759376, "price_vs_sma20": 0.112574, "price_vs_sma50": 0.064607, "price_vs_sma200": 0.01007, "volatility_20d": 0.436808, "volatility_60d": 0.52998, "drawdown": -0.177, "max_drawdown_1y": -0.507023, "volume_ratio": 0.76711, "rsi_14": 63.929252, "macd": 8.012753, "macd_signal": 2.613423, "macd_histogram": 5.39933, "bb_width": 0.300587, "bb_position": 0.836619, "stoch_k": 97.200647, "stoch_d": 88.772459, "adx": 27.604321, "atr_14": 14.229485, "last_close": 332.07, "last_date": "2026-03-05"}