{"return_1d": 0.009312, "return_5d": -0.03765, "return_20d": -0.00863, "return_60d": 0.058321, "return_252d": 0.132851, "sma_20": 419.07577, "sma_50": 411.19473, "sma_200": 382.745227, "price_vs_sma20": -0.01905, "price_vs_sma50": -0.000249, "price_vs_sma200": 0.074062, "volatility_20d": 0.160464, "volatility_60d": 0.11498, "drawdown": -0.038785, "max_drawdown_1y": -0.163372, "volume_ratio": 0.023667, "rsi_14": 43.352914, "macd": 2.02472, "macd_signal": 3.81928, "macd_histogram": -1.794559, "bb_width": 0.054615, "bb_position": 0.144412, "stoch_k": 25.931848, "stoch_d": 26.598148, "adx": 35.243057, "atr_14": 4.451546, "last_close": 411.0922, "last_date": "2026-03-05"}