{"return_1d": -0.009388, "return_5d": -0.056777, "return_20d": -0.026443, "return_60d": 0.041414, "return_252d": 0.146148, "sma_20": 418.43901, "sma_50": 411.646082, "sma_200": 383.121664, "price_vs_sma20": -0.035947, "price_vs_sma50": -0.020039, "price_vs_sma200": 0.052922, "volatility_20d": 0.167729, "volatility_60d": 0.122134, "drawdown": -0.056777, "max_drawdown_1y": -0.163372, "volume_ratio": 1.281581, "rsi_14": 36.979584, "macd": -0.110849, "macd_signal": 2.610978, "macd_histogram": -2.721827, "bb_width": 0.066218, "bb_position": -0.063103, "stoch_k": 11.839675, "stoch_d": 18.285673, "adx": 33.917761, "atr_14": 5.226888, "last_close": 403.3973, "last_date": "2026-03-06"}