{"return_1d": 0.002426, "return_5d": -0.045528, "return_20d": -0.014832, "return_60d": 0.053834, "return_252d": 0.159817, "sma_20": 418.679555, "sma_50": 411.7423, "sma_200": 383.145718, "price_vs_sma20": -0.02501, "price_vs_sma50": -0.008583, "price_vs_sma200": 0.065412, "volatility_20d": 0.165385, "volatility_60d": 0.12035, "drawdown": -0.045528, "max_drawdown_1y": -0.163372, "volume_ratio": 0.6409, "rsi_14": 41.480468, "macd": 0.272927, "macd_signal": 2.687733, "macd_histogram": -2.414807, "bb_width": 0.060769, "bb_position": 0.077874, "stoch_k": 13.796151, "stoch_d": 18.937832, "adx": 32.92378, "atr_14": 4.616546, "last_close": 408.2082, "last_date": "2026-03-06"}