{"return_1d": 0.002304, "return_5d": 0.007282, "return_20d": 0.041603, "return_60d": 0.105417, "return_252d": 0.181243, "sma_20": 419.30352, "sma_50": 409.969554, "sma_200": 382.057546, "price_vs_sma20": 0.019976, "price_vs_sma50": 0.043199, "price_vs_sma200": 0.119412, "volatility_20d": 0.088639, "volatility_60d": 0.084101, "drawdown": 0.0, "max_drawdown_1y": -0.163372, "volume_ratio": 0.43518, "rsi_14": 70.883917, "macd": 5.063021, "macd_signal": 4.617312, "macd_histogram": 0.44571, "bb_width": 0.046226, "bb_position": 0.923686, "stoch_k": 93.09333, "stoch_d": 94.893578, "adx": 38.720704, "atr_14": 3.160186, "last_close": 427.6797, "last_date": "2026-02-27"}