{"return_1d": 0.019175, "return_5d": 0.106024, "return_20d": 0.189532, "return_60d": 0.347805, "return_252d": 0.342528, "sma_20": 96.270445, "sma_50": 88.60812, "sma_200": 87.010801, "price_vs_sma20": 0.104181, "price_vs_sma50": 0.199664, "price_vs_sma200": 0.221687, "volatility_20d": 0.35259, "volatility_60d": 0.330584, "drawdown": -0.027969, "max_drawdown_1y": -0.388121, "volume_ratio": 2.033796, "rsi_14": 73.286912, "macd": 3.624954, "macd_signal": 3.034122, "macd_histogram": 0.590832, "bb_width": 0.139947, "bb_position": 1.174193, "stoch_k": 81.135321, "stoch_d": 71.699108, "adx": 37.128814, "atr_14": 3.84817, "last_close": 106.3, "last_date": "2026-03-03"}