{"return_1d": -0.014958, "return_5d": 0.089141, "return_20d": 0.138043, "return_60d": 0.31209, "return_252d": 0.374178, "sma_20": 96.905505, "sma_50": 89.144834, "sma_200": 87.110534, "price_vs_sma20": 0.080537, "price_vs_sma50": 0.174605, "price_vs_sma200": 0.202036, "volatility_20d": 0.353444, "volatility_60d": 0.332838, "drawdown": -0.042508, "max_drawdown_1y": -0.388121, "volume_ratio": 1.312342, "rsi_14": 68.786225, "macd": 3.825709, "macd_signal": 3.192439, "macd_histogram": 0.63327, "bb_width": 0.153192, "bb_position": 0.986542, "stoch_k": 72.018349, "stoch_d": 76.929817, "adx": 37.42213, "atr_14": 4.044015, "last_close": 104.71, "last_date": "2026-03-04"}