{"return_1d": 0.045135, "return_5d": 0.16315, "return_20d": 0.274617, "return_60d": 0.506577, "return_252d": 0.55251, "sma_20": 98.981895, "sma_50": 90.570016, "sma_200": 87.381396, "price_vs_sma20": 0.169709, "price_vs_sma50": 0.278348, "price_vs_sma200": 0.324996, "volatility_20d": 0.377937, "volatility_60d": 0.350428, "drawdown": 0.0, "max_drawdown_1y": -0.388121, "volume_ratio": 2.444885, "rsi_14": 78.858951, "macd": 5.240508, "macd_signal": 3.799041, "macd_histogram": 1.441467, "bb_width": 0.210144, "bb_position": 1.190413, "stoch_k": 82.953312, "stoch_d": 80.380624, "adx": 40.130392, "atr_14": 4.781421, "last_close": 115.78, "last_date": "2026-03-06"}