{"return_1d": 0.024702, "return_5d": 0.024491, "return_20d": 0.064463, "return_60d": 0.254279, "return_252d": 0.309783, "sma_20": 94.846335, "sma_50": 87.511092, "sma_200": 86.806667, "price_vs_sma20": 0.049698, "price_vs_sma50": 0.137684, "price_vs_sma200": 0.146917, "volatility_20d": 0.354942, "volatility_60d": 0.31842, "drawdown": -0.089601, "max_drawdown_1y": -0.388121, "volume_ratio": 0.550634, "rsi_14": 64.634367, "macd": 2.712473, "macd_signal": 2.819811, "macd_histogram": -0.107339, "bb_width": 0.102962, "bb_position": 0.95983, "stoch_k": 56.478659, "stoch_d": 46.207118, "adx": 33.482944, "atr_14": 3.371247, "last_close": 99.56, "last_date": "2026-02-27"}