{"return_1d": 0.04782, "return_5d": 0.092719, "return_20d": 0.124711, "return_60d": 0.327805, "return_252d": 0.341105, "sma_20": 95.42359, "sma_50": 88.053928, "sma_200": 86.899384, "price_vs_sma20": 0.093021, "price_vs_sma50": 0.184501, "price_vs_sma200": 0.200239, "volatility_20d": 0.384861, "volatility_60d": 0.329304, "drawdown": -0.046257, "max_drawdown_1y": -0.388121, "volume_ratio": 2.08449, "rsi_14": 71.076483, "macd": 3.1541, "macd_signal": 2.886414, "macd_histogram": 0.267686, "bb_width": 0.124097, "bb_position": 1.18579, "stoch_k": 77.635783, "stoch_d": 59.246722, "adx": 35.275321, "atr_14": 3.721107, "last_close": 104.3, "last_date": "2026-03-02"}