{"return_1d": 0.05797, "return_5d": 0.140181, "return_20d": 0.176045, "return_60d": 0.430039, "return_252d": 0.505789, "sma_20": 97.73465, "sma_50": 89.794792, "sma_200": 87.232998, "price_vs_sma20": 0.133477, "price_vs_sma50": 0.233702, "price_vs_sma200": 0.269932, "volatility_20d": 0.393854, "volatility_60d": 0.342615, "drawdown": 0.0, "max_drawdown_1y": -0.388121, "volume_ratio": 2.698083, "rsi_14": 75.078444, "macd": 4.423615, "macd_signal": 3.438674, "macd_histogram": 0.984941, "bb_width": 0.179279, "bb_position": 1.15685, "stoch_k": 86.170213, "stoch_d": 79.774627, "adx": 38.522218, "atr_14": 4.4023, "last_close": 110.78, "last_date": "2026-03-05"}