{"return_1d": -0.057469, "return_5d": -0.078113, "return_20d": -0.04532, "return_60d": 0.110529, "return_252d": 0.38677, "sma_20": 64.838425, "sma_50": 62.0758, "sma_200": 51.609465, "price_vs_sma20": -0.071692, "price_vs_sma50": -0.030379, "price_vs_sma200": 0.166259, "volatility_20d": 0.346905, "volatility_60d": 0.296361, "drawdown": -0.116412, "max_drawdown_1y": -0.295176, "volume_ratio": 1.754863, "rsi_14": 38.623071, "macd": 0.053296, "macd_signal": 0.773862, "macd_histogram": -0.720566, "bb_width": 0.134626, "bb_position": -0.073658, "stoch_k": 7.725322, "stoch_d": 21.800741, "adx": 24.403706, "atr_14": 1.908238, "last_close": 60.19, "last_date": "2026-02-27"}