{"return_1d": -0.025193, "return_5d": -0.03572, "return_20d": -0.12879, "return_60d": 0.04089, "return_252d": 0.378465, "sma_20": 63.482, "sma_50": 62.443, "sma_200": 52.401193, "price_vs_sma20": -0.085725, "price_vs_sma50": -0.070512, "price_vs_sma200": 0.107608, "volatility_20d": 0.332501, "volatility_60d": 0.304397, "drawdown": -0.147974, "max_drawdown_1y": -0.295177, "volume_ratio": 1.195054, "rsi_14": 34.415407, "macd": -1.055341, "macd_signal": -0.271234, "macd_histogram": -0.784107, "bb_width": 0.200664, "bb_position": 0.032737, "stoch_k": 15.730337, "stoch_d": 15.208417, "adx": 25.585318, "atr_14": 1.99359, "last_close": 58.04, "last_date": "2026-03-06"}