{"return_1d": 0.014953, "return_5d": -0.022404, "return_20d": -0.023198, "return_60d": 0.125483, "return_252d": 0.401896, "sma_20": 64.765885, "sma_50": 62.142908, "sma_200": 51.710664, "price_vs_sma20": -0.056757, "price_vs_sma50": -0.016943, "price_vs_sma200": 0.181381, "volatility_20d": 0.351246, "volatility_60d": 0.29756, "drawdown": -0.1032, "max_drawdown_1y": -0.295176, "volume_ratio": 1.127386, "rsi_14": 42.309332, "macd": -0.142918, "macd_signal": 0.590506, "macd_histogram": -0.733424, "bb_width": 0.13947, "bb_position": 0.068568, "stoch_k": 24.361493, "stoch_d": 22.088573, "adx": 24.501043, "atr_14": 1.971221, "last_close": 61.09, "last_date": "2026-03-02"}