{"return_1d": 0.008713, "return_5d": -0.045354, "return_20d": -0.081056, "return_60d": 0.084872, "return_252d": 0.385153, "sma_20": 64.264, "sma_50": 62.216428, "sma_200": 51.903662, "price_vs_sma20": -0.063239, "price_vs_sma50": -0.03241, "price_vs_sma200": 0.159841, "volatility_20d": 0.334253, "volatility_60d": 0.30029, "drawdown": -0.116265, "max_drawdown_1y": -0.295176, "volume_ratio": 0.95915, "rsi_14": 40.587599, "macd": -0.568663, "macd_signal": 0.198992, "macd_histogram": -0.767655, "bb_width": 0.17053, "bb_position": 0.104127, "stoch_k": 17.557252, "stoch_d": 17.535007, "adx": 24.494066, "atr_14": 1.956206, "last_close": 60.2, "last_date": "2026-03-04"}