{"return_1d": -0.05974, "return_5d": -0.080334, "return_20d": -0.04762, "return_60d": 0.107854, "return_252d": 0.38343, "sma_20": 64.831175, "sma_50": 62.0729, "sma_200": 51.608739, "price_vs_sma20": -0.073825, "price_vs_sma50": -0.03267, "price_vs_sma200": 0.163466, "volatility_20d": 0.351773, "volatility_60d": 0.298335, "drawdown": -0.118541, "max_drawdown_1y": -0.295176, "volume_ratio": 1.097273, "rsi_14": 38.257362, "macd": 0.041729, "macd_signal": 0.771549, "macd_histogram": -0.72982, "bb_width": 0.136071, "bb_position": -0.085796, "stoch_k": 6.169528, "stoch_d": 21.282143, "adx": 24.403704, "atr_14": 1.908238, "last_close": 60.045, "last_date": "2026-02-27"}