{"return_1d": -0.005339, "return_5d": -0.011194, "return_20d": 0.040666, "return_60d": 0.224379, "return_252d": -0.073682, "sma_20": 101.98477, "sma_50": 93.870328, "sma_200": 91.484881, "price_vs_sma20": 0.004758, "price_vs_sma50": 0.091612, "price_vs_sma200": 0.120076, "volatility_20d": 0.208768, "volatility_60d": 0.221127, "drawdown": -0.083011, "max_drawdown_1y": -0.272773, "volume_ratio": 0.833047, "rsi_14": 60.042124, "macd": 2.772402, "macd_signal": 3.225835, "macd_histogram": -0.453433, "bb_width": 0.083141, "bb_position": 0.556956, "stoch_k": 47.959184, "stoch_d": 62.108735, "adx": 45.192816, "atr_14": 2.164692, "last_close": 102.47, "last_date": "2026-03-04"}