{"return_1d": 0.01418, "return_5d": 0.019984, "return_20d": 0.146855, "return_60d": 0.246924, "return_252d": -0.019174, "sma_20": 101.09975, "sma_50": 92.79415, "sma_200": 91.331568, "price_vs_sma20": 0.039963, "price_vs_sma50": 0.133046, "price_vs_sma200": 0.15119, "volatility_20d": 0.252316, "volatility_60d": 0.220391, "drawdown": -0.059118, "max_drawdown_1y": -0.272773, "volume_ratio": 0.385191, "rsi_14": 71.575841, "macd": 3.421463, "macd_signal": 3.462558, "macd_histogram": -0.041095, "bb_width": 0.102363, "bb_position": 0.875404, "stoch_k": 89.450611, "stoch_d": 77.807212, "adx": 48.845464, "atr_14": 2.223145, "last_close": 105.14, "last_date": "2026-02-27"}