{"return_1d": 0.011479, "return_5d": 0.017268, "return_20d": 0.143801, "return_60d": 0.243603, "return_252d": -0.021786, "sma_20": 101.08575, "sma_50": 92.78855, "sma_200": 91.330166, "price_vs_sma20": 0.037337, "price_vs_sma50": 0.130096, "price_vs_sma200": 0.148142, "volatility_20d": 0.251477, "volatility_60d": 0.219916, "drawdown": -0.061623, "max_drawdown_1y": -0.272773, "volume_ratio": 0.980299, "rsi_14": 71.044642, "macd": 3.399127, "macd_signal": 3.458091, "macd_histogram": -0.058964, "bb_width": 0.101858, "bb_position": 0.853368, "stoch_k": 86.168579, "stoch_d": 76.713201, "adx": 48.870917, "atr_14": 2.228859, "last_close": 104.86, "last_date": "2026-02-27"}