{"return_1d": -0.008947, "return_5d": -0.019604, "return_20d": 0.061622, "return_60d": 0.231537, "return_252d": -0.061508, "sma_20": 101.78456, "sma_50": 93.517088, "sma_200": 91.440742, "price_vs_sma20": 0.012138, "price_vs_sma50": 0.101617, "price_vs_sma200": 0.126631, "volatility_20d": 0.211421, "volatility_60d": 0.220457, "drawdown": -0.078089, "max_drawdown_1y": -0.272773, "volume_ratio": 0.806774, "rsi_14": 62.462442, "macd": 3.027545, "macd_signal": 3.339193, "macd_histogram": -0.311648, "bb_width": 0.087716, "bb_position": 0.636717, "stoch_k": 62.865048, "stoch_d": 74.845201, "adx": 46.640209, "atr_14": 2.221976, "last_close": 103.02, "last_date": "2026-03-03"}