{"return_1d": 0.008412, "return_5d": -0.039672, "return_20d": 0.004087, "return_60d": 0.237881, "return_252d": -0.078166, "sma_20": 101.984255, "sma_50": 94.505558, "sma_200": 91.538039, "price_vs_sma20": -0.012593, "price_vs_sma50": 0.065546, "price_vs_sma200": 0.100089, "volatility_20d": 0.223034, "volatility_60d": 0.21529, "drawdown": -0.098851, "max_drawdown_1y": -0.272773, "volume_ratio": 0.700391, "rsi_14": 52.820549, "macd": 2.028635, "macd_signal": 2.843494, "macd_histogram": -0.814859, "bb_width": 0.084783, "bb_position": 0.349577, "stoch_k": 30.829016, "stoch_d": 29.566912, "adx": 39.715707, "atr_14": 2.228688, "last_close": 100.7, "last_date": "2026-03-06"}