{"return_1d": -0.025471, "return_5d": -0.036751, "return_20d": -0.00419, "return_60d": 0.185145, "return_252d": -0.086268, "sma_20": 101.96376, "sma_50": 94.171168, "sma_200": 91.509732, "price_vs_sma20": -0.020632, "price_vs_sma50": 0.060409, "price_vs_sma200": 0.09125, "volatility_20d": 0.220966, "volatility_60d": 0.228811, "drawdown": -0.106367, "max_drawdown_1y": -0.272773, "volume_ratio": 1.080496, "rsi_14": 50.117667, "macd": 2.332703, "macd_signal": 3.047209, "macd_histogram": -0.714505, "bb_width": 0.086063, "bb_position": 0.255213, "stoch_k": 9.912536, "stoch_d": 40.245589, "adx": 42.467896, "atr_14": 2.209357, "last_close": 99.86, "last_date": "2026-03-05"}