{"return_1d": 0.032472, "return_5d": 0.090048, "return_20d": -0.026096, "return_60d": 0.216583, "return_252d": 0.944128, "sma_20": 187.618, "sma_50": 178.8034, "sma_200": 136.390945, "price_vs_sma20": 0.030392, "price_vs_sma50": 0.081187, "price_vs_sma200": 0.417396, "volatility_20d": 0.684397, "volatility_60d": 0.438892, "drawdown": -0.036243, "max_drawdown_1y": -0.232658, "volume_ratio": 0.715613, "rsi_14": 58.649995, "macd": 1.433137, "macd_signal": 1.577518, "macd_histogram": -0.144381, "bb_width": 0.201798, "bb_position": 0.646162, "stoch_k": 85.909713, "stoch_d": 75.296299, "adx": 33.925676, "atr_14": 8.0384, "last_close": 193.32, "last_date": "2026-03-03"}