{"return_1d": -0.02665, "return_5d": 0.003966, "return_20d": -0.070092, "return_60d": 0.175487, "return_252d": 0.920341, "sma_20": 186.4295, "sma_50": 179.6672, "sma_200": 137.284371, "price_vs_sma20": -0.008687, "price_vs_sma50": 0.028624, "price_vs_sma200": 0.346184, "volatility_20d": 0.692377, "volatility_60d": 0.444546, "drawdown": -0.078668, "max_drawdown_1y": -0.232658, "volume_ratio": 0.522533, "rsi_14": 50.542283, "macd": 1.465031, "macd_signal": 1.572719, "macd_histogram": -0.107688, "bb_width": 0.194625, "bb_position": 0.454975, "stoch_k": 63.558052, "stoch_d": 78.262633, "adx": 30.071564, "atr_14": 8.127243, "last_close": 184.81, "last_date": "2026-03-05"}