{"return_1d": 0.005921, "return_5d": -0.025729, "return_20d": -0.044136, "return_60d": 0.159625, "return_252d": 0.927413, "sma_20": 188.2585, "sma_50": 177.5734, "sma_200": 135.444478, "price_vs_sma20": -0.016406, "price_vs_sma50": 0.04278, "price_vs_sma200": 0.367128, "volatility_20d": 0.676247, "volatility_60d": 0.434788, "drawdown": -0.076873, "max_drawdown_1y": -0.232658, "volume_ratio": 0.31636, "rsi_14": 52.259891, "macd": 0.447152, "macd_signal": 1.831852, "macd_histogram": -1.384701, "bb_width": 0.217851, "bb_position": 0.423437, "stoch_k": 66.462509, "stoch_d": 59.98917, "adx": 38.448923, "atr_14": 7.926843, "last_close": 185.17, "last_date": "2026-02-27"}