{"return_1d": -0.017846, "return_5d": 0.079359, "return_20d": -0.049271, "return_60d": 0.206136, "return_252d": 0.933214, "sma_20": 187.126, "sma_50": 179.3002, "sma_200": 136.854074, "price_vs_sma20": 0.014664, "price_vs_sma50": 0.05895, "price_vs_sma200": 0.38739, "volatility_20d": 0.686664, "volatility_60d": 0.440313, "drawdown": -0.053442, "max_drawdown_1y": -0.232658, "volume_ratio": 0.482594, "rsi_14": 55.216183, "macd": 1.688132, "macd_signal": 1.599641, "macd_histogram": 0.088492, "bb_width": 0.197424, "bb_position": 0.573203, "stoch_k": 85.320135, "stoch_d": 81.532681, "adx": 31.613038, "atr_14": 8.0378, "last_close": 189.87, "last_date": "2026-03-04"}