{"return_1d": 0.010003, "return_5d": -0.010186, "return_20d": 0.038966, "return_60d": 0.134816, "return_252d": -0.38629, "sma_20": 233.9095, "sma_50": 215.2308, "sma_200": 271.88395, "price_vs_sma20": -0.007137, "price_vs_sma50": 0.079028, "price_vs_sma200": -0.145812, "volatility_20d": 0.337773, "volatility_60d": 0.384681, "drawdown": -0.717129, "max_drawdown_1y": -0.777335, "volume_ratio": 0.893162, "rsi_14": 56.023573, "macd": 4.40701, "macd_signal": 5.67344, "macd_histogram": -1.26643, "bb_width": 0.091868, "bb_position": 0.42175, "stoch_k": 50.713502, "stoch_d": 43.415299, "adx": 27.445, "atr_14": 8.158833, "last_close": 232.24, "last_date": "2026-03-06"}