{"return_1d": -0.008879, "return_5d": 0.006831, "return_20d": 0.025694, "return_60d": 0.121112, "return_252d": -0.375774, "sma_20": 233.474, "sma_50": 214.7064, "sma_200": 272.8159, "price_vs_sma20": -0.015137, "price_vs_sma50": 0.070951, "price_vs_sma200": -0.157161, "volatility_20d": 0.336886, "volatility_60d": 0.384463, "drawdown": -0.71993, "max_drawdown_1y": -0.777335, "volume_ratio": 0.949746, "rsi_14": 54.099266, "macd": 4.616551, "macd_signal": 5.990048, "macd_histogram": -1.373497, "bb_width": 0.100697, "bb_position": 0.347372, "stoch_k": 36.44958, "stoch_d": 34.731909, "adx": 27.761808, "atr_14": 8.244128, "last_close": 229.94, "last_date": "2026-03-05"}