{"return_1d": -0.0078, "return_5d": 0.023207, "return_20d": 0.129439, "return_60d": 0.177423, "return_252d": -0.351604, "sma_20": 231.433, "sma_50": 213.3026, "sma_200": 275.66255, "price_vs_sma20": 0.005907, "price_vs_sma50": 0.091407, "price_vs_sma200": -0.155489, "volatility_20d": 0.392143, "volatility_60d": 0.385071, "drawdown": -0.716447, "max_drawdown_1y": -0.777335, "volume_ratio": 0.765593, "rsi_14": 57.333608, "macd": 5.854997, "macd_signal": 6.98693, "macd_histogram": -1.131933, "bb_width": 0.147131, "bb_position": 0.53991, "stoch_k": 37.347561, "stoch_d": 34.057419, "adx": 28.796967, "atr_14": 8.444901, "last_close": 232.8, "last_date": "2026-03-02"}