{"return_1d": 0.032752, "return_5d": 0.024765, "return_20d": 0.231516, "return_60d": 0.197624, "return_252d": -0.332749, "sma_20": 230.1605, "sma_50": 212.897, "sma_200": 276.56035, "price_vs_sma20": 0.024763, "price_vs_sma50": 0.10786, "price_vs_sma200": -0.147166, "volatility_20d": 0.462469, "volatility_60d": 0.386015, "drawdown": -0.71272, "max_drawdown_1y": -0.777335, "volume_ratio": 0.401703, "rsi_14": 59.861459, "macd": 6.202611, "macd_signal": 7.289538, "macd_histogram": -1.086927, "bb_width": 0.17305, "bb_position": 0.63964, "stoch_k": 49.009146, "stoch_d": 30.087061, "adx": 29.095727, "atr_14": 8.520251, "last_close": 235.86, "last_date": "2026-02-27"}