{"return_1d": 0.027367, "return_5d": 0.019421, "return_20d": 0.225094, "return_60d": 0.191378, "return_252d": -0.336228, "sma_20": 230.099, "sma_50": 212.8724, "sma_200": 276.5542, "price_vs_sma20": 0.019692, "price_vs_sma50": 0.10221, "price_vs_sma200": -0.151595, "volatility_20d": 0.459474, "volatility_60d": 0.384414, "drawdown": -0.714218, "max_drawdown_1y": -0.777335, "volume_ratio": 0.946214, "rsi_14": 59.092798, "macd": 6.104491, "macd_signal": 7.269914, "macd_histogram": -1.165423, "bb_width": 0.173431, "bb_position": 0.611349, "stoch_k": 44.321646, "stoch_d": 28.524561, "adx": 29.095727, "atr_14": 8.519894, "last_close": 234.63, "last_date": "2026-02-27"}