{"return_1d": -0.006745, "return_5d": -0.020776, "return_20d": 0.040887, "return_60d": 0.065474, "return_252d": -0.06549, "sma_20": 285.88657, "sma_50": 279.045176, "sma_200": 287.376686, "price_vs_sma20": -0.016148, "price_vs_sma50": 0.007973, "price_vs_sma200": -0.02125, "volatility_20d": 0.294426, "volatility_60d": 0.245903, "drawdown": -0.209911, "max_drawdown_1y": -0.321026, "volume_ratio": 0.873557, "rsi_14": 48.717275, "macd": 1.449033, "macd_signal": 2.154158, "macd_histogram": -0.705125, "bb_width": 0.058934, "bb_position": 0.221496, "stoch_k": 43.343005, "stoch_d": 47.309765, "adx": 16.484309, "atr_14": 7.4595, "last_close": 281.27, "last_date": "2026-03-05"}