{"return_1d": -0.023792, "return_5d": 0.010427, "return_20d": 0.045629, "return_60d": 0.056248, "return_252d": -0.061791, "sma_20": 286.4385, "sma_50": 280.149, "sma_200": 289.22274, "price_vs_sma20": -0.008758, "price_vs_sma50": 0.013496, "price_vs_sma200": -0.0183, "volatility_20d": 0.301206, "volatility_60d": 0.24669, "drawdown": -0.206808, "max_drawdown_1y": -0.321026, "volume_ratio": 1.383992, "rsi_14": 49.918518, "macd": 2.134053, "macd_signal": 2.466059, "macd_histogram": -0.332006, "bb_width": 0.082821, "bb_position": 0.393324, "stoch_k": 47.70318, "stoch_d": 59.620987, "adx": 14.412961, "atr_14": 7.966829, "last_close": 283.93, "last_date": "2026-03-03"}