{"return_1d": 0.002853, "return_5d": 0.001055, "return_20d": 0.033952, "return_60d": 0.0608, "return_252d": -0.067148, "sma_20": 286.906, "sma_50": 280.3638, "sma_200": 289.125809, "price_vs_sma20": -0.00755, "price_vs_sma50": 0.015609, "price_vs_sma200": -0.015169, "volatility_20d": 0.297999, "volatility_60d": 0.246663, "drawdown": -0.204546, "max_drawdown_1y": -0.321026, "volume_ratio": 0.736082, "rsi_14": 50.728061, "macd": 1.852176, "macd_signal": 2.343282, "macd_histogram": -0.491106, "bb_width": 0.074841, "bb_position": 0.398358, "stoch_k": 50.883392, "stoch_d": 55.576642, "adx": 15.477458, "atr_14": 7.76277, "last_close": 284.74, "last_date": "2026-03-04"}