{"return_1d": 0.003554, "return_5d": 0.027085, "return_20d": 0.06107, "return_60d": 0.06707, "return_252d": -0.02011, "sma_20": 285.819, "sma_50": 279.9472, "sma_200": 289.296594, "price_vs_sma20": 0.017602, "price_vs_sma50": 0.038946, "price_vs_sma200": 0.00537, "volatility_20d": 0.288662, "volatility_60d": 0.243219, "drawdown": -0.187477, "max_drawdown_1y": -0.321026, "volume_ratio": 0.684465, "rsi_14": 57.400021, "macd": 2.545262, "macd_signal": 2.54906, "macd_histogram": -0.003798, "bb_width": 0.092216, "bb_position": 0.687577, "stoch_k": 68.143355, "stoch_d": 62.550676, "adx": 13.266579, "atr_14": 7.112739, "last_close": 290.85, "last_date": "2026-03-02"}