{"return_1d": 0.021632, "return_5d": 0.040573, "return_20d": 0.374749, "return_60d": 0.73472, "return_252d": 3.315216, "sma_20": 302.7175, "sma_50": 263.0936, "sma_200": 160.73145, "price_vs_sma20": 0.151371, "price_vs_sma50": 0.324776, "price_vs_sma200": 1.168462, "volatility_20d": 0.59569, "volatility_60d": 0.693059, "drawdown": -0.013557, "max_drawdown_1y": -0.455083, "volume_ratio": 0.382447, "rsi_14": 72.480317, "macd": 26.482269, "macd_signal": 22.838193, "macd_histogram": 3.644076, "bb_width": 0.376363, "bb_position": 0.849317, "stoch_k": 82.515863, "stoch_d": 83.687759, "adx": 25.368047, "atr_14": 20.546134, "last_close": 348.54, "last_date": "2026-02-27"}