{"return_1d": -0.058406, "return_5d": -0.0281, "return_20d": 0.24053, "return_60d": 0.722627, "return_252d": 3.185874, "sma_20": 311.0505, "sma_50": 268.558, "sma_200": 163.36565, "price_vs_sma20": 0.070791, "price_vs_sma50": 0.240216, "price_vs_sma200": 1.038801, "volatility_20d": 0.618815, "volatility_60d": 0.698161, "drawdown": -0.058406, "max_drawdown_1y": -0.455083, "volume_ratio": 0.677019, "rsi_14": 62.035631, "macd": 25.047312, "macd_signal": 23.912098, "macd_histogram": 1.135214, "bb_width": 0.378782, "bb_position": 0.674535, "stoch_k": 65.766423, "stoch_d": 78.584376, "adx": 25.019697, "atr_14": 21.361768, "last_close": 333.07, "last_date": "2026-03-03"}