{"return_1d": -0.128802, "return_5d": -0.122699, "return_20d": 0.180671, "return_60d": 0.483813, "return_252d": 3.027722, "sma_20": 316.692, "sma_50": 272.594, "sma_200": 165.7747, "price_vs_sma20": -0.054918, "price_vs_sma50": 0.09797, "price_vs_sma200": 0.805462, "volatility_20d": 0.724243, "volatility_60d": 0.754015, "drawdown": -0.153874, "max_drawdown_1y": -0.455083, "volume_ratio": 1.728724, "rsi_14": 47.782654, "macd": 19.80408, "macd_signal": 23.143206, "macd_histogram": -3.339126, "bb_width": 0.377404, "bb_position": 0.34603, "stoch_k": 30.552659, "stoch_d": 57.671185, "adx": 23.993036, "atr_14": 24.446984, "last_close": 299.3, "last_date": "2026-03-05"}