{"return_1d": 0.022101, "return_5d": 0.041051, "return_20d": 0.37538, "return_60d": 0.735517, "return_252d": 3.317197, "sma_20": 302.7255, "sma_50": 263.0968, "sma_200": 160.73225, "price_vs_sma20": 0.151869, "price_vs_sma50": 0.325368, "price_vs_sma200": 1.169446, "volatility_20d": 0.595744, "volatility_60d": 0.693093, "drawdown": -0.013104, "max_drawdown_1y": -0.455083, "volume_ratio": 0.69056, "rsi_14": 72.516348, "macd": 26.495032, "macd_signal": 22.840746, "macd_histogram": 3.654287, "bb_width": 0.376318, "bb_position": 0.850356, "stoch_k": 82.677007, "stoch_d": 83.741473, "adx": 25.368047, "atr_14": 20.546134, "last_close": 348.7, "last_date": "2026-02-27"}