{"return_1d": 0.031465, "return_5d": -0.02768, "return_20d": 0.242406, "return_60d": 0.755224, "return_252d": 3.599679, "sma_20": 314.402, "sma_50": 271.2148, "sma_200": 164.6844, "price_vs_sma20": 0.092709, "price_vs_sma50": 0.266708, "price_vs_sma200": 1.086111, "volatility_20d": 0.619451, "volatility_60d": 0.699526, "drawdown": -0.028779, "max_drawdown_1y": -0.455083, "volume_ratio": 0.609433, "rsi_14": 65.053353, "macd": 24.241548, "macd_signal": 23.977988, "macd_histogram": 0.26356, "bb_width": 0.363883, "bb_position": 0.733162, "stoch_k": 76.694473, "stoch_d": 76.590198, "adx": 24.627078, "atr_14": 21.315213, "last_close": 343.55, "last_date": "2026-03-04"}