{"return_1d": -0.007567, "return_5d": 0.005828, "return_20d": 0.036412, "return_60d": -0.007365, "return_252d": 0.196534, "sma_20": 164.635, "sma_50": 163.489548, "sma_200": 155.474597, "price_vs_sma20": -0.004161, "price_vs_sma50": 0.002816, "price_vs_sma200": 0.054513, "volatility_20d": 0.256563, "volatility_60d": 0.184091, "drawdown": -0.050391, "max_drawdown_1y": -0.200259, "volume_ratio": 0.562373, "rsi_14": 50.943515, "macd": 0.07379, "macd_signal": 0.188686, "macd_histogram": -0.114896, "bb_width": 0.08011, "bb_position": 0.447845, "stoch_k": 33.399602, "stoch_d": 35.286847, "adx": 12.391595, "atr_14": 3.495053, "last_close": 163.95, "last_date": "2026-02-27"}