{"return_1d": -0.003323, "return_5d": 0.025771, "return_20d": 0.025208, "return_60d": 0.035815, "return_252d": 0.165194, "sma_20": 165.6, "sma_50": 163.663, "sma_200": 155.823352, "price_vs_sma20": 0.014312, "price_vs_sma50": 0.026316, "price_vs_sma200": 0.077951, "volatility_20d": 0.281114, "volatility_60d": 0.197244, "drawdown": -0.027107, "max_drawdown_1y": -0.200259, "volume_ratio": 0.715785, "rsi_14": 56.739793, "macd": 1.010623, "macd_signal": 0.509452, "macd_histogram": 0.501171, "bb_width": 0.081198, "bb_position": 0.673768, "stoch_k": 80.33241, "stoch_d": 88.254419, "adx": 12.51487, "atr_14": 3.804953, "last_close": 167.97, "last_date": "2026-03-04"}