{"return_1d": -0.00853, "return_5d": 0.048529, "return_20d": 0.037235, "return_60d": 0.040417, "return_252d": 0.166469, "sma_20": 165.3935, "sma_50": 163.644336, "sma_200": 155.717563, "price_vs_sma20": 0.018964, "price_vs_sma50": 0.029855, "price_vs_sma200": 0.08228, "volatility_20d": 0.281576, "volatility_60d": 0.19707, "drawdown": -0.023863, "max_drawdown_1y": -0.200259, "volume_ratio": 0.921578, "rsi_14": 57.930694, "macd": 0.851775, "macd_signal": 0.384159, "macd_histogram": 0.467616, "bb_width": 0.080339, "bb_position": 0.731654, "stoch_k": 85.503232, "stoch_d": 72.676418, "adx": 12.476783, "atr_14": 3.783796, "last_close": 168.53, "last_date": "2026-03-03"}