{"return_1d": -0.009704, "return_5d": 0.006901, "return_20d": -0.015448, "return_60d": 0.03025, "return_252d": 0.187877, "sma_20": 165.4695, "sma_50": 163.6614, "sma_200": 155.91332, "price_vs_sma20": 0.005261, "price_vs_sma50": 0.016367, "price_vs_sma200": 0.066875, "volatility_20d": 0.260337, "volatility_60d": 0.198128, "drawdown": -0.036548, "max_drawdown_1y": -0.200259, "volume_ratio": 1.140582, "rsi_14": 53.304862, "macd": 0.993531, "macd_signal": 0.606268, "macd_histogram": 0.387263, "bb_width": 0.080028, "bb_position": 0.565393, "stoch_k": 65.281625, "stoch_d": 77.039089, "adx": 12.550236, "atr_14": 3.655314, "last_close": 166.34, "last_date": "2026-03-05"}