{"return_1d": 0.03659, "return_5d": 0.056367, "return_20d": 0.056498, "return_60d": 0.043345, "return_252d": 0.203038, "sma_20": 165.091, "sma_50": 163.598554, "sma_200": 155.594223, "price_vs_sma20": 0.029614, "price_vs_sma50": 0.039007, "price_vs_sma200": 0.092457, "volatility_20d": 0.280042, "volatility_60d": 0.196592, "drawdown": -0.015465, "max_drawdown_1y": -0.200259, "volume_ratio": 1.395049, "rsi_14": 61.009487, "macd": 0.579619, "macd_signal": 0.267255, "macd_histogram": 0.312364, "bb_width": 0.0791, "bb_position": 0.86362, "stoch_k": 98.927614, "stoch_d": 57.825515, "adx": 12.435767, "atr_14": 3.682549, "last_close": 169.98, "last_date": "2026-03-02"}