{"return_1d": 0.009604, "return_5d": -0.056284, "return_20d": -0.013912, "return_60d": 0.2368, "return_252d": 0.044855, "sma_20": 95.692, "sma_50": 88.422122, "sma_200": 83.991926, "price_vs_sma20": -0.02228, "price_vs_sma50": 0.058106, "price_vs_sma200": 0.113917, "volatility_20d": 0.216567, "volatility_60d": 0.235412, "drawdown": -0.109213, "max_drawdown_1y": -0.290458, "volume_ratio": 1.092605, "rsi_14": 50.451651, "macd": 1.677623, "macd_signal": 2.561905, "macd_histogram": -0.884282, "bb_width": 0.069154, "bb_position": 0.170481, "stoch_k": 27.054362, "stoch_d": 20.548755, "adx": 46.417856, "atr_14": 1.982093, "last_close": 93.56, "last_date": "2026-03-06"}