{"return_1d": 0.016299, "return_5d": 0.042591, "return_20d": 0.163069, "return_60d": 0.247774, "return_252d": 0.126572, "sma_20": 95.205, "sma_50": 86.763988, "sma_200": 83.818929, "price_vs_sma20": 0.041332, "price_vs_sma50": 0.14264, "price_vs_sma200": 0.182788, "volatility_20d": 0.258488, "volatility_60d": 0.229802, "drawdown": -0.056086, "max_drawdown_1y": -0.290458, "volume_ratio": 0.845373, "rsi_14": 72.604909, "macd": 3.154915, "macd_signal": 3.27167, "macd_histogram": -0.116754, "bb_width": 0.082501, "bb_position": 0.981103, "stoch_k": 96.925566, "stoch_d": 84.58575, "adx": 57.316331, "atr_14": 1.8823, "last_close": 99.14, "last_date": "2026-02-27"}