{"return_1d": 0.014915, "return_5d": 0.041172, "return_20d": 0.161485, "return_60d": 0.246075, "return_252d": 0.125038, "sma_20": 95.19825, "sma_50": 86.761288, "sma_200": 83.818254, "price_vs_sma20": 0.039988, "price_vs_sma50": 0.14112, "price_vs_sma200": 0.181187, "volatility_20d": 0.257924, "volatility_60d": 0.229497, "drawdown": -0.057371, "max_drawdown_1y": -0.290458, "volume_ratio": 0.421149, "rsi_14": 72.35622, "macd": 3.144146, "macd_signal": 3.269516, "macd_histogram": -0.12537, "bb_width": 0.082095, "bb_position": 0.968359, "stoch_k": 94.894652, "stoch_d": 83.908778, "adx": 57.31417, "atr_14": 1.881943, "last_close": 99.005, "last_date": "2026-02-27"}