{"return_1d": -0.018397, "return_5d": -0.026501, "return_20d": 0.039395, "return_60d": 0.228834, "return_252d": 0.073419, "sma_20": 95.7365, "sma_50": 87.465902, "sma_200": 83.922037, "price_vs_sma20": -0.002366, "price_vs_sma50": 0.091968, "price_vs_sma200": 0.13808, "volatility_20d": 0.199583, "volatility_60d": 0.234725, "drawdown": -0.090647, "max_drawdown_1y": -0.290458, "volume_ratio": 1.131896, "rsi_14": 57.151816, "macd": 2.716531, "macd_signal": 3.118519, "macd_histogram": -0.401987, "bb_width": 0.064412, "bb_position": 0.463182, "stoch_k": 38.187702, "stoch_d": 67.421791, "adx": 55.087863, "atr_14": 1.974535, "last_close": 95.51, "last_date": "2026-03-03"}