{"return_1d": -0.002408, "return_5d": -0.014379, "return_20d": 0.022866, "return_60d": 0.235354, "return_252d": 0.051911, "sma_20": 95.843, "sma_50": 87.826364, "sma_200": 83.958619, "price_vs_sma20": -0.005874, "price_vs_sma50": 0.084868, "price_vs_sma200": 0.134845, "volatility_20d": 0.195201, "volatility_60d": 0.233897, "drawdown": -0.092837, "max_drawdown_1y": -0.290458, "volume_ratio": 0.895041, "rsi_14": 56.303405, "macd": 2.438555, "macd_signal": 2.982526, "macd_histogram": -0.543971, "bb_width": 0.059814, "bb_position": 0.401213, "stoch_k": 31.818182, "stoch_d": 45.719329, "adx": 53.209305, "atr_14": 1.902782, "last_close": 95.28, "last_date": "2026-03-04"}