{"return_1d": -0.044634, "return_5d": -0.043427, "return_20d": 0.069379, "return_60d": 0.164703, "return_252d": -0.193569, "sma_20": 123.0465, "sma_50": 112.040444, "sma_200": 115.666141, "price_vs_sma20": -0.015413, "price_vs_sma50": 0.081306, "price_vs_sma200": 0.047411, "volatility_20d": 0.283819, "volatility_60d": 0.244527, "drawdown": -0.275824, "max_drawdown_1y": -0.423991, "volume_ratio": 0.962062, "rsi_14": 52.224822, "macd": 3.678865, "macd_signal": 4.288614, "macd_histogram": -0.60975, "bb_width": 0.118434, "bb_position": 0.367824, "stoch_k": 6.174334, "stoch_d": 55.575054, "adx": 36.75633, "atr_14": 3.251647, "last_close": 121.15, "last_date": "2026-03-03"}