{"return_1d": 0.008443, "return_5d": -0.098301, "return_20d": -0.025083, "return_60d": 0.148618, "return_252d": -0.202981, "sma_20": 122.818, "sma_50": 113.105846, "sma_200": 115.427672, "price_vs_sma20": -0.066423, "price_vs_sma50": 0.013741, "price_vs_sma200": -0.006651, "volatility_20d": 0.315535, "volatility_60d": 0.250192, "drawdown": -0.314619, "max_drawdown_1y": -0.423991, "volume_ratio": 1.038653, "rsi_14": 39.964654, "macd": 1.195623, "macd_signal": 3.105472, "macd_histogram": -1.909849, "bb_width": 0.14021, "bb_position": -0.007448, "stoch_k": 23.646113, "stoch_d": 11.282978, "adx": 34.335013, "atr_14": 3.529646, "last_close": 114.66, "last_date": "2026-03-06"}