{"return_1d": 0.002916, "return_5d": 0.029612, "return_20d": 0.160073, "return_60d": 0.209187, "return_252d": -0.135824, "sma_20": 121.9575, "sma_50": 111.06593, "sma_200": 115.733641, "price_vs_sma20": 0.043478, "price_vs_sma50": 0.145806, "price_vs_sma200": 0.099594, "volatility_20d": 0.230249, "volatility_60d": 0.225043, "drawdown": -0.239302, "max_drawdown_1y": -0.423991, "volume_ratio": 0.313376, "rsi_14": 72.802035, "macd": 4.426674, "macd_signal": 4.481807, "macd_histogram": -0.055133, "bb_width": 0.143537, "bb_position": 0.790286, "stoch_k": 84.729981, "stoch_d": 84.006898, "adx": 40.549147, "atr_14": 3.080841, "last_close": 127.26, "last_date": "2026-02-27"}