{"return_1d": -0.031764, "return_5d": -0.103948, "return_20d": -0.034559, "return_60d": 0.095895, "return_252d": -0.214948, "sma_20": 122.9655, "sma_50": 112.75236, "sma_200": 115.507626, "price_vs_sma20": -0.07535, "price_vs_sma50": 0.008405, "price_vs_sma200": -0.015649, "volatility_20d": 0.313523, "volatility_60d": 0.263095, "drawdown": -0.320357, "max_drawdown_1y": -0.423991, "volume_ratio": 1.16352, "rsi_14": 37.534501, "macd": 1.8985, "macd_signal": 3.582934, "macd_histogram": -1.684434, "bb_width": 0.132383, "bb_position": -0.115566, "stoch_k": 1.234568, "stoch_d": 5.459052, "adx": 34.445366, "atr_14": 3.412696, "last_close": 113.7, "last_date": "2026-03-05"}