{"return_1d": 0.002128, "return_5d": 0.028803, "return_20d": 0.159161, "return_60d": 0.208236, "return_252d": -0.136503, "sma_20": 121.9525, "sma_50": 111.06393, "sma_200": 115.73314, "price_vs_sma20": 0.042701, "price_vs_sma50": 0.144926, "price_vs_sma200": 0.098735, "volatility_20d": 0.230476, "volatility_60d": 0.225054, "drawdown": -0.2399, "max_drawdown_1y": -0.423991, "volume_ratio": 0.822409, "rsi_14": 72.648798, "macd": 4.418697, "macd_signal": 4.480212, "macd_histogram": -0.061515, "bb_width": 0.143469, "bb_position": 0.785445, "stoch_k": 83.798883, "stoch_d": 83.696532, "adx": 40.549147, "atr_14": 3.081555, "last_close": 127.16, "last_date": "2026-02-27"}