{"return_1d": 0.005997, "return_5d": -0.009732, "return_20d": 0.061389, "return_60d": 0.260443, "return_252d": -0.017709, "sma_20": 31.16975, "sma_50": 29.311082, "sma_200": 29.326056, "price_vs_sma20": -0.004323, "price_vs_sma50": 0.058815, "price_vs_sma200": 0.058274, "volatility_20d": 0.203286, "volatility_60d": 0.258237, "drawdown": -0.384466, "max_drawdown_1y": -0.513856, "volume_ratio": 0.571101, "rsi_14": 56.185306, "macd": 0.579355, "macd_signal": 0.784066, "macd_histogram": -0.204711, "bb_width": 0.099654, "bb_position": 0.456431, "stoch_k": 26.262626, "stoch_d": 17.05526, "adx": 27.6506, "atr_14": 0.727998, "last_close": 31.035, "last_date": "2026-02-27"}