{"return_1d": 0.034827, "return_5d": 0.042222, "return_20d": 0.078293, "return_60d": 0.273579, "return_252d": -0.009161, "sma_20": 31.407, "sma_50": 29.514628, "sma_200": 29.319881, "price_vs_sma20": 0.021747, "price_vs_sma50": 0.087257, "price_vs_sma200": 0.094479, "volatility_20d": 0.227004, "volatility_60d": 0.263041, "drawdown": -0.363541, "max_drawdown_1y": -0.513856, "volume_ratio": 1.018734, "rsi_14": 65.75677, "macd": 0.50495, "macd_signal": 0.639811, "macd_histogram": -0.134862, "bb_width": 0.064485, "bb_position": 0.83006, "stoch_k": 70.27027, "stoch_d": 38.750202, "adx": 23.903793, "atr_14": 0.795671, "last_close": 32.09, "last_date": "2026-03-04"}