{"return_1d": -0.004522, "return_5d": -0.025609, "return_20d": 0.035966, "return_60d": 0.231327, "return_252d": -0.032509, "sma_20": 31.2195, "sma_50": 29.375176, "sma_200": 29.321784, "price_vs_sma20": -0.012796, "price_vs_sma50": 0.049185, "price_vs_sma200": 0.051096, "volatility_20d": 0.197078, "volatility_60d": 0.257423, "drawdown": -0.38873, "max_drawdown_1y": -0.513856, "volume_ratio": 0.785715, "rsi_14": 53.504615, "macd": 0.504074, "macd_signal": 0.72711, "macd_histogram": -0.223037, "bb_width": 0.091954, "bb_position": 0.359034, "stoch_k": 17.408907, "stoch_d": 15.953034, "adx": 26.01627, "atr_14": 0.713855, "last_close": 30.82, "last_date": "2026-03-02"}