{"return_1d": -0.009969, "return_5d": 0.001138, "return_20d": 0.075317, "return_60d": 0.174993, "return_252d": 0.281235, "sma_20": 310.168, "sma_50": 290.763, "sma_200": 275.659895, "price_vs_sma20": 0.021414, "price_vs_sma50": 0.089582, "price_vs_sma200": 0.149279, "volatility_20d": 0.24589, "volatility_60d": 0.207924, "drawdown": -0.02956, "max_drawdown_1y": -0.101307, "volume_ratio": 0.877282, "rsi_14": 61.026746, "macd": 8.794246, "macd_signal": 8.610662, "macd_histogram": 0.183584, "bb_width": 0.106974, "bb_position": 0.695985, "stoch_k": 58.389488, "stoch_d": 73.156484, "adx": 35.855001, "atr_14": 6.69287, "last_close": 316.81, "last_date": "2026-03-05"}