{"return_1d": -0.004074, "return_5d": 0.01912, "return_20d": 0.118169, "return_60d": 0.190599, "return_252d": 0.305608, "sma_20": 307.712, "sma_50": 288.7292, "sma_200": 275.189208, "price_vs_sma20": 0.056605, "price_vs_sma50": 0.126072, "price_vs_sma200": 0.181478, "volatility_20d": 0.228388, "volatility_60d": 0.204464, "drawdown": -0.004074, "max_drawdown_1y": -0.101308, "volume_ratio": 0.970672, "rsi_14": 71.740412, "macd": 9.571931, "macd_signal": 8.3714, "macd_histogram": 1.200531, "bb_width": 0.113704, "bb_position": 0.971156, "stoch_k": 88.108587, "stoch_d": 90.924458, "adx": 37.847503, "atr_14": 6.731849, "last_close": 325.13, "last_date": "2026-03-03"}