{"return_1d": 0.013083, "return_5d": 0.040573, "return_20d": 0.106131, "return_60d": 0.154407, "return_252d": 0.317382, "sma_20": 304.1785, "sma_50": 286.653, "sma_200": 274.572804, "price_vs_sma20": 0.053954, "price_vs_sma50": 0.118391, "price_vs_sma200": 0.167596, "volatility_20d": 0.220967, "volatility_60d": 0.203569, "drawdown": 0.0, "max_drawdown_1y": -0.101308, "volume_ratio": 0.552722, "rsi_14": 70.412694, "macd": 8.562579, "macd_signal": 7.804309, "macd_histogram": 0.75827, "bb_width": 0.106807, "bb_position": 0.97929, "stoch_k": 92.747253, "stoch_d": 71.963863, "adx": 36.496158, "atr_14": 6.745518, "last_close": 320.59, "last_date": "2026-02-27"}