{"return_1d": 0.021784, "return_5d": 0.039682, "return_20d": 0.129385, "return_60d": 0.181898, "return_252d": 0.331517, "sma_20": 305.994, "sma_50": 287.7014, "sma_200": 274.876527, "price_vs_sma20": 0.066884, "price_vs_sma50": 0.134718, "price_vs_sma200": 0.187661, "volatility_20d": 0.225452, "volatility_60d": 0.206076, "drawdown": 0.0, "max_drawdown_1y": -0.101308, "volume_ratio": 0.94754, "rsi_14": 73.603514, "macd": 9.208658, "macd_signal": 8.071267, "macd_histogram": 1.137391, "bb_width": 0.110714, "bb_position": 1.066239, "stoch_k": 95.910209, "stoch_d": 87.415735, "adx": 37.133161, "atr_14": 6.855838, "last_close": 326.46, "last_date": "2026-03-02"}