{"return_1d": 0.009638, "return_5d": 0.037035, "return_20d": 0.10237, "return_60d": 0.150482, "return_252d": 0.312903, "sma_20": 304.124, "sma_50": 286.6312, "sma_200": 274.567353, "price_vs_sma20": 0.050558, "price_vs_sma50": 0.114673, "price_vs_sma200": 0.163649, "volatility_20d": 0.219661, "volatility_60d": 0.202923, "drawdown": 0.0, "max_drawdown_1y": -0.101308, "volume_ratio": 1.102463, "rsi_14": 69.791296, "macd": 8.475628, "macd_signal": 7.786919, "macd_histogram": 0.688708, "bb_width": 0.105897, "bb_position": 0.954453, "stoch_k": 88.754579, "stoch_d": 70.632972, "adx": 36.496158, "atr_14": 6.745518, "last_close": 319.5, "last_date": "2026-02-27"}