{"return_1d": 0.009534, "return_5d": -0.026018, "return_20d": -0.071876, "return_60d": 0.091927, "return_252d": -0.30299, "sma_20": 37.53, "sma_50": 38.4324, "sma_200": 41.8096, "price_vs_sma20": -0.012523, "price_vs_sma50": -0.035709, "price_vs_sma200": -0.113601, "volatility_20d": 0.373028, "volatility_60d": 0.308456, "drawdown": -0.45939, "max_drawdown_1y": -0.565149, "volume_ratio": 0.766814, "rsi_14": 46.175092, "macd": -0.42617, "macd_signal": -0.368625, "macd_histogram": -0.057545, "bb_width": 0.107472, "bb_position": 0.381996, "stoch_k": 42.780749, "stoch_d": 38.502674, "adx": 14.345483, "atr_14": 1.296969, "last_close": 37.06, "last_date": "2026-03-05"}