{"return_1d": -0.005957, "return_5d": -0.021067, "return_20d": -0.062803, "return_60d": 0.074963, "return_252d": -0.324314, "sma_20": 37.6735, "sma_50": 38.444, "sma_200": 41.8859, "price_vs_sma20": -0.025575, "price_vs_sma50": -0.045105, "price_vs_sma200": -0.123571, "volatility_20d": 0.379182, "volatility_60d": 0.308419, "drawdown": -0.464496, "max_drawdown_1y": -0.565149, "volume_ratio": 0.643461, "rsi_14": 43.937376, "macd": -0.441744, "macd_signal": -0.354239, "macd_histogram": -0.087506, "bb_width": 0.121718, "bb_position": 0.284368, "stoch_k": 33.42246, "stoch_d": 32.91208, "adx": 14.81186, "atr_14": 1.314428, "last_close": 36.71, "last_date": "2026-03-04"}