{"return_1d": -0.025753, "return_5d": -0.012517, "return_20d": -0.051916, "return_60d": 0.082655, "return_252d": -0.306063, "sma_20": 37.977005, "sma_50": 38.440202, "sma_200": 42.108151, "price_vs_sma20": -0.02388, "price_vs_sma50": -0.035642, "price_vs_sma200": -0.119645, "volatility_20d": 0.385823, "volatility_60d": 0.308239, "drawdown": -0.459243, "max_drawdown_1y": -0.565149, "volume_ratio": 0.657914, "rsi_14": 45.38285, "macd": -0.373803, "macd_signal": -0.288708, "macd_histogram": -0.085095, "bb_width": 0.12111, "bb_position": 0.297997, "stoch_k": 34.53139, "stoch_d": 43.188006, "adx": 14.835478, "atr_14": 1.296728, "last_close": 37.0701, "last_date": "2026-02-27"}