{"return_1d": -0.01424, "return_5d": 0.002185, "return_20d": -0.056084, "return_60d": 0.074692, "return_252d": -0.304323, "sma_20": 37.8755, "sma_50": 38.4638, "sma_200": 42.0391, "price_vs_sma20": -0.0313, "price_vs_sma50": -0.046116, "price_vs_sma200": -0.127241, "volatility_20d": 0.385114, "volatility_60d": 0.308435, "drawdown": -0.464787, "max_drawdown_1y": -0.565149, "volume_ratio": 0.763053, "rsi_14": 43.609465, "macd": -0.407546, "macd_signal": -0.310562, "macd_histogram": -0.096984, "bb_width": 0.123341, "bb_position": 0.238032, "stoch_k": 26.008969, "stoch_d": 39.521707, "adx": 15.106803, "atr_14": 1.31839, "last_close": 36.69, "last_date": "2026-03-02"}