{"return_1d": -0.021813, "return_5d": -0.008524, "return_20d": -0.048082, "return_60d": 0.087033, "return_252d": -0.303257, "sma_20": 37.9845, "sma_50": 38.4432, "sma_200": 42.1089, "price_vs_sma20": -0.020127, "price_vs_sma50": -0.031818, "price_vs_sma200": -0.116101, "volatility_20d": 0.3829, "volatility_60d": 0.306854, "drawdown": -0.457056, "max_drawdown_1y": -0.565149, "volume_ratio": 1.059048, "rsi_14": 46.049818, "macd": -0.361845, "macd_signal": -0.286316, "macd_histogram": -0.075529, "bb_width": 0.120021, "bb_position": 0.328863, "stoch_k": 37.892377, "stoch_d": 44.308335, "adx": 14.835478, "atr_14": 1.296728, "last_close": 37.22, "last_date": "2026-02-27"}