{"return_1d": 0.024942, "return_5d": -0.034236, "return_20d": -0.044301, "return_60d": 0.127756, "return_252d": 0.64265, "sma_20": 586.40111, "sma_50": 565.258878, "sma_200": 438.752999, "price_vs_sma20": -0.021046, "price_vs_sma50": 0.01557, "price_vs_sma200": 0.30839, "volatility_20d": 0.54381, "volatility_60d": 0.378481, "drawdown": -0.048941, "max_drawdown_1y": -0.304813, "volume_ratio": 0.903375, "rsi_14": 48.056299, "macd": 2.739828, "macd_signal": 7.413808, "macd_histogram": -4.67398, "bb_width": 0.103993, "bb_position": 0.293276, "stoch_k": 39.603246, "stoch_d": 30.991707, "adx": 14.561178, "atr_14": 18.779762, "last_close": 574.06, "last_date": "2026-03-04"}