{"return_1d": -0.005994, "return_5d": -0.011901, "return_20d": 0.006049, "return_60d": 0.161159, "return_252d": 0.623356, "sma_20": 589.383935, "sma_50": 562.469996, "sma_200": 436.346258, "price_vs_sma20": -0.015294, "price_vs_sma50": 0.031824, "price_vs_sma200": 0.330068, "volatility_20d": 0.533403, "volatility_60d": 0.368214, "drawdown": -0.038487, "max_drawdown_1y": -0.304813, "volume_ratio": 0.794421, "rsi_14": 49.69526, "macd": 6.557347, "macd_signal": 9.773783, "macd_histogram": -3.216436, "bb_width": 0.093507, "bb_position": 0.333901, "stoch_k": 38.962497, "stoch_d": 46.088981, "adx": 14.603278, "atr_14": 17.988422, "last_close": 580.37, "last_date": "2026-03-02"}