{"return_1d": -0.031338, "return_5d": -0.05448, "return_20d": -0.078745, "return_60d": 0.092606, "return_252d": 0.6308, "sma_20": 584.02457, "sma_50": 566.279834, "sma_200": 439.891477, "price_vs_sma20": -0.047865, "price_vs_sma50": -0.01803, "price_vs_sma200": 0.264107, "volatility_20d": 0.553123, "volatility_60d": 0.384686, "drawdown": -0.078745, "max_drawdown_1y": -0.304813, "volume_ratio": 0.702347, "rsi_14": 42.294339, "macd": 0.43005, "macd_signal": 6.017056, "macd_histogram": -5.587006, "bb_width": 0.11335, "bb_position": 0.056492, "stoch_k": 8.997702, "stoch_d": 21.003442, "adx": 14.829559, "atr_14": 19.086921, "last_close": 556.07, "last_date": "2026-03-05"}