{"return_1d": -0.003586, "return_5d": 0.013285, "return_20d": 0.111016, "return_60d": 0.085776, "return_252d": 0.097249, "sma_20": 75.01377, "sma_50": 72.033002, "sma_200": 71.082683, "price_vs_sma20": 0.037143, "price_vs_sma50": 0.08006, "price_vs_sma200": 0.0945, "volatility_20d": 0.146697, "volatility_60d": 0.142635, "drawdown": -0.003586, "max_drawdown_1y": -0.085066, "volume_ratio": 0.752355, "rsi_14": 73.388802, "macd": 1.719421, "macd_signal": 1.512068, "macd_histogram": 0.207354, "bb_width": 0.114115, "bb_position": 0.813831, "stoch_k": 88.193417, "stoch_d": 92.928615, "adx": 33.699196, "atr_14": 1.298166, "last_close": 77.8, "last_date": "2026-03-03"}