{"return_1d": -0.011777, "return_5d": 0.001947, "return_20d": 0.086281, "return_60d": 0.094073, "return_252d": 0.091476, "sma_20": 75.663025, "sma_50": 72.364568, "sma_200": 71.163133, "price_vs_sma20": 0.020313, "price_vs_sma50": 0.06682, "price_vs_sma200": 0.084831, "volatility_20d": 0.148883, "volatility_60d": 0.142854, "drawdown": -0.011777, "max_drawdown_1y": -0.085066, "volume_ratio": 1.011839, "rsi_14": 65.414183, "macd": 1.635734, "macd_signal": 1.570817, "macd_histogram": 0.064917, "bb_width": 0.10028, "bb_position": 0.698534, "stoch_k": 71.737582, "stoch_d": 84.075726, "adx": 31.720737, "atr_14": 1.312194, "last_close": 77.2, "last_date": "2026-03-05"}