{"return_1d": 0.000128, "return_5d": 0.023329, "return_20d": 0.100354, "return_60d": 0.082934, "return_252d": 0.112005, "sma_20": 74.62507, "sma_50": 71.871764, "sma_200": 71.030047, "price_vs_sma20": 0.046297, "price_vs_sma50": 0.086379, "price_vs_sma200": 0.099253, "volatility_20d": 0.157894, "volatility_60d": 0.143125, "drawdown": 0.0, "max_drawdown_1y": -0.085066, "volume_ratio": 0.700677, "rsi_14": 76.333758, "macd": 1.720297, "macd_signal": 1.460229, "macd_histogram": 0.260068, "bb_width": 0.121566, "bb_position": 0.863989, "stoch_k": 93.952551, "stoch_d": 95.144434, "adx": 34.750146, "atr_14": 1.231101, "last_close": 78.08, "last_date": "2026-03-02"}