{"return_1d": 0.037736, "return_5d": 0.030296, "return_20d": 0.021789, "return_60d": 0.175772, "return_252d": -0.217047, "sma_20": 41.6455, "sma_50": 42.6158, "sma_200": 39.40115, "price_vs_sma20": 0.069743, "price_vs_sma50": 0.045387, "price_vs_sma200": 0.130678, "volatility_20d": 0.408107, "volatility_60d": 0.407625, "drawdown": -0.541761, "max_drawdown_1y": -0.740691, "volume_ratio": 0.447317, "rsi_14": 59.546873, "macd": 0.247152, "macd_signal": -0.103529, "macd_histogram": 0.35068, "bb_width": 0.165278, "bb_position": 0.894465, "stoch_k": 100.0, "stoch_d": 88.752053, "adx": 15.138714, "atr_14": 1.656576, "last_close": 44.55, "last_date": "2026-02-27"}