{"return_1d": -0.017489, "return_5d": 0.034222, "return_20d": 0.023832, "return_60d": 0.12909, "return_252d": -0.246561, "sma_20": 41.777, "sma_50": 42.834, "sma_200": 39.2527, "price_vs_sma20": 0.048903, "price_vs_sma50": 0.023019, "price_vs_sma200": 0.116356, "volatility_20d": 0.420776, "volatility_60d": 0.410817, "drawdown": -0.54927, "max_drawdown_1y": -0.740691, "volume_ratio": 0.54982, "rsi_14": 55.280719, "macd": 0.440581, "macd_signal": 0.089971, "macd_histogram": 0.35061, "bb_width": 0.181157, "bb_position": 0.75736, "stoch_k": 81.743421, "stoch_d": 92.109957, "adx": 13.563523, "atr_14": 1.669693, "last_close": 43.82, "last_date": "2026-03-03"}