{"return_1d": 0.0267, "return_5d": 0.053877, "return_20d": 0.058339, "return_60d": 0.158044, "return_252d": -0.232122, "sma_20": 41.901, "sma_50": 42.9494, "sma_200": 39.17735, "price_vs_sma20": 0.073721, "price_vs_sma50": 0.047512, "price_vs_sma200": 0.148368, "volatility_20d": 0.428736, "volatility_60d": 0.41382, "drawdown": -0.537235, "max_drawdown_1y": -0.740691, "volume_ratio": 0.581517, "rsi_14": 59.589139, "macd": 0.557047, "macd_signal": 0.183386, "macd_histogram": 0.373661, "bb_width": 0.18676, "bb_position": 0.867636, "stoch_k": 96.692913, "stoch_d": 91.238435, "adx": 13.251992, "atr_14": 1.651143, "last_close": 44.99, "last_date": "2026-03-04"}