{"return_1d": 0.014519, "return_5d": 0.019217, "return_20d": 0.10134, "return_60d": 0.14849, "return_252d": 0.302772, "sma_20": 42.0586, "sma_50": 39.953268, "sma_200": 38.17342, "price_vs_sma20": 0.046635, "price_vs_sma50": 0.101787, "price_vs_sma200": 0.153158, "volatility_20d": 0.158874, "volatility_60d": 0.155623, "drawdown": 0.0, "max_drawdown_1y": -0.08386, "volume_ratio": 0.628946, "rsi_14": 75.24237, "macd": 1.101324, "macd_signal": 1.025927, "macd_histogram": 0.075397, "bb_width": 0.120184, "bb_position": 0.870739, "stoch_k": 99.362164, "stoch_d": 94.558553, "adx": 31.792711, "atr_14": 0.782892, "last_close": 44.02, "last_date": "2026-03-04"}