{"return_1d": -0.014085, "return_5d": 0.009068, "return_20d": 0.08152, "return_60d": 0.135555, "return_252d": 0.317971, "sma_20": 42.222165, "sma_50": 40.073394, "sma_200": 38.205945, "price_vs_sma20": 0.027896, "price_vs_sma50": 0.083013, "price_vs_sma200": 0.135949, "volatility_20d": 0.172588, "volatility_60d": 0.158897, "drawdown": -0.014085, "max_drawdown_1y": -0.08386, "volume_ratio": 0.924144, "rsi_14": 66.220759, "macd": 1.060649, "macd_signal": 1.032872, "macd_histogram": 0.027777, "bb_width": 0.117537, "bb_position": 0.730897, "stoch_k": 76.366322, "stoch_d": 89.258438, "adx": 31.726802, "atr_14": 0.784114, "last_close": 43.4, "last_date": "2026-03-05"}