{"return_1d": 0.004839, "return_5d": 0.002529, "return_20d": 0.090266, "return_60d": 0.150629, "return_252d": 0.319256, "sma_20": 42.402695, "sma_50": 40.19374, "sma_200": 38.238832, "price_vs_sma20": 0.028472, "price_vs_sma50": 0.084995, "price_vs_sma200": 0.140464, "volatility_20d": 0.170484, "volatility_60d": 0.157467, "drawdown": -0.009314, "max_drawdown_1y": -0.08386, "volume_ratio": 0.882137, "rsi_14": 67.636205, "macd": 1.033446, "macd_signal": 1.032986, "macd_histogram": 0.000459, "bb_width": 0.110182, "bb_position": 0.751259, "stoch_k": 81.855009, "stoch_d": 85.861165, "adx": 31.317986, "atr_14": 0.780248, "last_close": 43.61, "last_date": "2026-03-06"}