{"return_1d": -0.003678, "return_5d": 0.010492, "return_20d": 0.097985, "return_60d": 0.136352, "return_252d": 0.314198, "sma_20": 41.644775, "sma_50": 39.72767, "sma_200": 38.09814, "price_vs_sma20": 0.040707, "price_vs_sma50": 0.090927, "price_vs_sma200": 0.137588, "volatility_20d": 0.170936, "volatility_60d": 0.153613, "drawdown": -0.003678, "max_drawdown_1y": -0.08386, "volume_ratio": 0.668504, "rsi_14": 71.278254, "macd": 1.087861, "macd_signal": 0.990324, "macd_histogram": 0.097536, "bb_width": 0.12836, "bb_position": 0.804726, "stoch_k": 92.266667, "stoch_d": 92.10903, "adx": 32.423065, "atr_14": 0.730987, "last_close": 43.34, "last_date": "2026-03-02"}