{"return_1d": 0.001154, "return_5d": 0.013785, "return_20d": 0.107905, "return_60d": 0.136772, "return_252d": 0.291223, "sma_20": 41.856075, "sma_50": 39.833472, "sma_200": 38.136368, "price_vs_sma20": 0.036648, "price_vs_sma50": 0.089285, "price_vs_sma200": 0.137759, "volatility_20d": 0.165068, "volatility_60d": 0.153601, "drawdown": -0.002529, "max_drawdown_1y": -0.08386, "volume_ratio": 0.719292, "rsi_14": 71.590477, "macd": 1.074094, "macd_signal": 1.007078, "macd_histogram": 0.067016, "bb_width": 0.1214, "bb_position": 0.791202, "stoch_k": 92.046828, "stoch_d": 94.117234, "adx": 31.863689, "atr_14": 0.772345, "last_close": 43.39, "last_date": "2026-03-03"}