{"return_1d": -0.007966, "return_5d": -0.068115, "return_20d": -0.135042, "return_60d": -0.154615, "return_252d": 0.064977, "sma_20": 205.421115, "sma_50": 223.471978, "sma_200": 215.812631, "price_vs_sma20": -0.054284, "price_vs_sma50": -0.130674, "price_vs_sma200": -0.099821, "volatility_20d": 0.509344, "volatility_60d": 0.403537, "drawdown": -0.243959, "max_drawdown_1y": -0.282385, "volume_ratio": 0.715037, "rsi_14": 37.939995, "macd": -7.748935, "macd_signal": -7.430573, "macd_histogram": -0.318362, "bb_width": 0.197198, "bb_position": 0.208921, "stoch_k": 28.808511, "stoch_d": 24.916271, "adx": 36.630813, "atr_14": 7.873568, "last_close": 194.27, "last_date": "2026-03-05"}