{"return_1d": -0.057528, "return_5d": -0.057302, "return_20d": -0.100684, "return_60d": -0.10501, "return_252d": 0.012103, "sma_20": 210.95608, "sma_50": 227.204754, "sma_200": 215.837821, "price_vs_sma20": -0.068635, "price_vs_sma50": -0.135242, "price_vs_sma200": -0.0897, "volatility_20d": 0.51323, "volatility_60d": 0.404224, "drawdown": -0.235369, "max_drawdown_1y": -0.282385, "volume_ratio": 1.030386, "rsi_14": 38.314103, "macd": -7.267914, "macd_signal": -6.928542, "macd_histogram": -0.339372, "bb_width": 0.195944, "bb_position": 0.123908, "stoch_k": 23.53933, "stoch_d": 42.161685, "adx": 34.551559, "atr_14": 8.481045, "last_close": 196.4771, "last_date": "2026-02-27"}