{"return_1d": -0.003036, "return_5d": -0.014398, "return_20d": -0.130583, "return_60d": -0.144203, "return_252d": -0.020858, "sma_20": 208.27058, "sma_50": 225.363488, "sma_200": 215.809228, "price_vs_sma20": -0.069816, "price_vs_sma50": -0.140367, "price_vs_sma200": -0.102309, "volatility_20d": 0.509067, "volatility_60d": 0.403605, "drawdown": -0.24606, "max_drawdown_1y": -0.282385, "volume_ratio": 1.154485, "rsi_14": 36.888503, "macd": -7.873033, "macd_signal": -7.242876, "macd_histogram": -0.630157, "bb_width": 0.212324, "bb_position": 0.146504, "stoch_k": 17.654977, "stoch_d": 18.960795, "adx": 35.851075, "atr_14": 8.384374, "last_close": 193.73, "last_date": "2026-03-03"}