{"return_1d": -0.006747, "return_5d": 0.022737, "return_20d": -0.109014, "return_60d": -0.129181, "return_252d": -7.6e-05, "sma_20": 209.72545, "sma_50": 226.26063, "sma_200": 215.813535, "price_vs_sma20": -0.073455, "price_vs_sma50": -0.141167, "price_vs_sma200": -0.099593, "volatility_20d": 0.518759, "volatility_60d": 0.405053, "drawdown": -0.243764, "max_drawdown_1y": -0.282385, "volume_ratio": 1.206, "rsi_14": 37.210424, "macd": -7.659091, "macd_signal": -7.085336, "macd_histogram": -0.573755, "bb_width": 0.209574, "bb_position": 0.121715, "stoch_k": 17.883083, "stoch_d": 31.404652, "adx": 35.224326, "atr_14": 8.451634, "last_close": 194.32, "last_date": "2026-03-02"}