{"return_1d": -0.033767, "return_5d": -0.040534, "return_20d": -0.131387, "return_60d": -0.182843, "return_252d": 0.023205, "sma_20": 204.00146, "sma_50": 222.30959, "sma_200": 215.777387, "price_vs_sma20": -0.07986, "price_vs_sma50": -0.155637, "price_vs_sma200": -0.130076, "volatility_20d": 0.506246, "volatility_60d": 0.408568, "drawdown": -0.269488, "max_drawdown_1y": -0.282385, "volume_ratio": 1.051158, "rsi_14": 34.07661, "macd": -8.156923, "macd_signal": -7.575843, "macd_histogram": -0.58108, "bb_width": 0.212764, "bb_position": 0.092081, "stoch_k": 12.771536, "stoch_d": 23.288457, "adx": 37.567021, "atr_14": 8.023313, "last_close": 187.71, "last_date": "2026-03-06"}