{"return_1d": -0.041272, "return_5d": 0.121524, "return_20d": 0.349713, "return_60d": -0.280744, "return_252d": -0.113419, "sma_20": 173.1715, "sma_50": 203.6962, "sma_200": 286.63095, "price_vs_sma20": 0.138871, "price_vs_sma50": -0.031793, "price_vs_sma200": -0.311938, "volatility_20d": 1.150518, "volatility_60d": 0.829455, "drawdown": -0.530182, "max_drawdown_1y": -0.663895, "volume_ratio": 0.745608, "rsi_14": 54.419219, "macd": -0.601362, "macd_signal": -7.389578, "macd_histogram": 6.788216, "bb_width": 0.33733, "bb_position": 0.861478, "stoch_k": 73.223684, "stoch_d": 85.778999, "adx": 28.365964, "atr_14": 13.605233, "last_close": 197.22, "last_date": "2026-03-06"}