{"return_1d": 0.053398, "return_5d": 0.156016, "return_20d": -0.048783, "return_60d": -0.296361, "return_252d": -0.111004, "sma_20": 167.5735, "sma_50": 207.34, "sma_200": 287.85135, "price_vs_sma20": 0.105425, "price_vs_sma50": -0.106588, "price_vs_sma200": -0.356473, "volatility_20d": 1.192578, "volatility_60d": 0.775251, "drawdown": -0.558721, "max_drawdown_1y": -0.663895, "volume_ratio": 0.785751, "rsi_14": 50.85443, "macd": -8.608328, "macd_signal": -13.960526, "macd_histogram": 5.352198, "bb_width": 0.260734, "bb_position": 0.865778, "stoch_k": 97.554752, "stoch_d": 87.936778, "adx": 32.797637, "atr_14": 12.610214, "last_close": 185.24, "last_date": "2026-03-02"}