{"return_1d": -0.015547, "return_5d": 0.125471, "return_20d": -0.029277, "return_60d": -0.34147, "return_252d": -0.154253, "sma_20": 167.2985, "sma_50": 206.1034, "sma_200": 287.4461, "price_vs_sma20": 0.090028, "price_vs_sma50": -0.115201, "price_vs_sma200": -0.365585, "volatility_20d": 1.186835, "volatility_60d": 0.766496, "drawdown": -0.565582, "max_drawdown_1y": -0.663895, "volume_ratio": 0.818513, "rsi_14": 49.471396, "macd": -7.302411, "macd_signal": -12.628903, "macd_histogram": 5.326492, "bb_width": 0.25587, "bb_position": 0.822789, "stoch_k": 91.431001, "stoch_d": 88.858176, "adx": 30.643229, "atr_14": 12.727341, "last_close": 182.36, "last_date": "2026-03-03"}