{"return_1d": -0.028775, "return_5d": 0.026262, "return_20d": -0.11713, "return_60d": -0.323237, "return_252d": -0.174258, "sma_20": 168.0485, "sma_50": 208.6874, "sma_200": 288.20965, "price_vs_sma20": 0.046424, "price_vs_sma50": -0.157352, "price_vs_sma200": -0.389854, "volatility_20d": 1.177893, "volatility_60d": 0.766711, "drawdown": -0.58109, "max_drawdown_1y": -0.663895, "volume_ratio": 0.736843, "rsi_14": 46.310216, "macd": -10.443178, "macd_signal": -15.298575, "macd_histogram": 4.855397, "bb_width": 0.293834, "bb_position": 0.650985, "stoch_k": 77.588773, "stoch_d": 87.40303, "adx": 35.131811, "atr_14": 12.493307, "last_close": 175.85, "last_date": "2026-02-27"}