{"return_1d": -0.015412, "return_5d": 0.136143, "return_20d": 0.219962, "return_60d": -0.237348, "return_252d": -0.032181, "sma_20": 170.6165, "sma_50": 204.7098, "sma_200": 286.9648, "price_vs_sma20": 0.205686, "price_vs_sma50": 0.004886, "price_vs_sma200": -0.283152, "volatility_20d": 1.254728, "volatility_60d": 0.826873, "drawdown": -0.509958, "max_drawdown_1y": -0.663895, "volume_ratio": 0.920734, "rsi_14": 58.593292, "macd": -1.759475, "macd_signal": -9.086632, "macd_histogram": 7.327156, "bb_width": 0.324076, "bb_position": 1.02641, "stoch_k": 88.431838, "stoch_d": 91.848105, "adx": 29.444712, "atr_14": 13.801789, "last_close": 205.71, "last_date": "2026-03-05"}