{"return_1d": -0.021713, "return_5d": -0.045352, "return_20d": -0.008898, "return_60d": -0.014742, "return_252d": -0.115474, "sma_20": 82.66, "sma_50": 82.2732, "sma_200": 74.84965, "price_vs_sma20": -0.02976, "price_vs_sma50": -0.025199, "price_vs_sma200": 0.071481, "volatility_20d": 0.207049, "volatility_60d": 0.212708, "drawdown": -0.296131, "max_drawdown_1y": -0.435501, "volume_ratio": 1.332961, "rsi_14": 40.075351, "macd": 0.21733, "macd_signal": 0.484256, "macd_histogram": -0.266926, "bb_width": 0.058715, "bb_position": -0.022411, "stoch_k": 10.526316, "stoch_d": 35.795139, "adx": 12.03141, "atr_14": 1.932149, "last_close": 80.2, "last_date": "2026-03-05"}