{"return_1d": -0.016673, "return_5d": -0.017851, "return_20d": 0.033405, "return_60d": 0.064261, "return_252d": -0.10551, "sma_20": 82.696, "sma_50": 82.3242, "sma_200": 74.86325, "price_vs_sma20": -0.008658, "price_vs_sma50": -0.004181, "price_vs_sma200": 0.095063, "volatility_20d": 0.202963, "volatility_60d": 0.238005, "drawdown": -0.280509, "max_drawdown_1y": -0.435501, "volume_ratio": 1.457413, "rsi_14": 47.143352, "macd": 0.482442, "macd_signal": 0.550987, "macd_histogram": -0.068545, "bb_width": 0.054188, "bb_position": 0.338823, "stoch_k": 27.272727, "stoch_d": 59.942491, "adx": 10.380367, "atr_14": 1.903852, "last_close": 81.98, "last_date": "2026-03-04"}