{"return_1d": -0.045511, "return_5d": -0.085096, "return_20d": -0.04432, "return_60d": -0.019093, "return_252d": -0.161831, "sma_20": 82.4825, "sma_50": 82.1274, "sma_200": 74.82285, "price_vs_sma20": -0.071924, "price_vs_sma50": -0.067912, "price_vs_sma200": 0.023083, "volatility_20d": 0.260395, "volatility_60d": 0.21635, "drawdown": -0.328165, "max_drawdown_1y": -0.435501, "volume_ratio": 2.607337, "rsi_14": 30.107382, "macd": -0.284023, "macd_signal": 0.3306, "macd_histogram": -0.614623, "bb_width": 0.088882, "bb_position": -0.371929, "stoch_k": 16.112266, "stoch_d": 17.970436, "adx": 15.274978, "atr_14": 2.165567, "last_close": 76.55, "last_date": "2026-03-06"}