{"return_1d": -0.006554, "return_5d": -0.002274, "return_20d": 0.033726, "return_60d": 0.097262, "return_252d": -0.077561, "sma_20": 82.5635, "sma_50": 82.3338, "sma_200": 74.8606, "price_vs_sma20": 0.009768, "price_vs_sma50": 0.012585, "price_vs_sma200": 0.11367, "volatility_20d": 0.202598, "volatility_60d": 0.236452, "drawdown": -0.26831, "max_drawdown_1y": -0.435501, "volume_ratio": 0.758541, "rsi_14": 54.056526, "macd": 0.632568, "macd_signal": 0.568124, "macd_histogram": 0.064444, "bb_width": 0.063591, "bb_position": 0.652124, "stoch_k": 69.586375, "stoch_d": 76.786161, "adx": 9.518095, "atr_14": 1.871072, "last_close": 83.37, "last_date": "2026-03-03"}