{"return_1d": 0.002988, "return_5d": 0.011816, "return_20d": 0.031212, "return_60d": 0.10654, "return_252d": -0.066207, "sma_20": 82.4275, "sma_50": 82.316, "sma_200": 74.8461, "price_vs_sma20": 0.018107, "price_vs_sma50": 0.019486, "price_vs_sma200": 0.121234, "volatility_20d": 0.204086, "volatility_60d": 0.235832, "drawdown": -0.263483, "max_drawdown_1y": -0.435501, "volume_ratio": 0.954612, "rsi_14": 57.134902, "macd": 0.673454, "macd_signal": 0.552013, "macd_histogram": 0.121442, "bb_width": 0.065506, "bb_position": 0.771498, "stoch_k": 82.96837, "stoch_d": 82.302824, "adx": 8.75616, "atr_14": 1.80577, "last_close": 83.92, "last_date": "2026-03-02"}