{"return_1d": -0.004047, "return_5d": -0.004758, "return_20d": 0.04106, "return_60d": 0.080868, "return_252d": -0.080448, "sma_20": 82.3005, "sma_50": 82.2584, "sma_200": 74.8353, "price_vs_sma20": 0.01664, "price_vs_sma50": 0.017161, "price_vs_sma200": 0.118055, "volatility_20d": 0.20774, "volatility_60d": 0.240112, "drawdown": -0.265677, "max_drawdown_1y": -0.435501, "volume_ratio": 0.994307, "rsi_14": 56.079212, "macd": 0.659844, "macd_signal": 0.521652, "macd_histogram": 0.138192, "bb_width": 0.064426, "bb_position": 0.754057, "stoch_k": 77.803738, "stoch_d": 80.092517, "adx": 8.626609, "atr_14": 1.793137, "last_close": 83.67, "last_date": "2026-02-27"}