{"return_1d": -0.007023, "return_5d": -0.007732, "return_20d": 0.037949, "return_60d": 0.077639, "return_252d": -0.083196, "sma_20": 82.288, "sma_50": 82.2534, "sma_200": 74.83405, "price_vs_sma20": 0.013757, "price_vs_sma50": 0.014183, "price_vs_sma200": 0.114733, "volatility_20d": 0.20917, "volatility_60d": 0.240478, "drawdown": -0.267871, "max_drawdown_1y": -0.435501, "volume_ratio": 0.444844, "rsi_14": 54.825408, "macd": 0.639901, "macd_signal": 0.517664, "macd_histogram": 0.122238, "bb_width": 0.06406, "bb_position": 0.71183, "stoch_k": 71.962617, "stoch_d": 78.145476, "adx": 8.626609, "atr_14": 1.79278, "last_close": 83.42, "last_date": "2026-02-27"}