{"return_1d": 0.024932, "return_5d": 0.026509, "return_20d": 0.112285, "return_60d": 0.266818, "return_252d": 0.220704, "sma_20": 108.344595, "sma_50": 100.545246, "sma_200": 92.740904, "price_vs_sma20": 0.047214, "price_vs_sma50": 0.128447, "price_vs_sma200": 0.223408, "volatility_20d": 0.2934, "volatility_60d": 0.323062, "drawdown": -0.09564, "max_drawdown_1y": -0.362959, "volume_ratio": 1.130151, "rsi_14": 67.411703, "macd": 3.286433, "macd_signal": 3.378872, "macd_histogram": -0.092439, "bb_width": 0.110149, "bb_position": 0.909315, "stoch_k": 95.506628, "stoch_d": 76.578652, "adx": 30.989485, "atr_14": 2.93169, "last_close": 113.46, "last_date": "2026-02-27"}