{"return_1d": 0.042129, "return_5d": 0.076083, "return_20d": 0.143243, "return_60d": 0.33453, "return_252d": 0.25593, "sma_20": 109.08534, "sma_50": 101.108664, "sma_200": 92.876846, "price_vs_sma20": 0.083922, "price_vs_sma50": 0.169435, "price_vs_sma200": 0.273084, "volatility_20d": 0.320024, "volatility_60d": 0.330729, "drawdown": -0.05754, "max_drawdown_1y": -0.362959, "volume_ratio": 2.314221, "rsi_14": 73.641086, "macd": 3.706637, "macd_signal": 3.444425, "macd_histogram": 0.262212, "bb_width": 0.121499, "bb_position": 1.137245, "stoch_k": 91.856865, "stoch_d": 84.901126, "adx": 32.079806, "atr_14": 3.139426, "last_close": 118.24, "last_date": "2026-03-02"}