{"return_1d": 0.00214, "return_5d": 0.031817, "return_20d": 0.123844, "return_60d": 0.270252, "return_252d": 0.362285, "sma_20": 111.68672, "sma_50": 103.078584, "sma_200": 93.432575, "price_vs_sma20": 0.0482, "price_vs_sma50": 0.135735, "price_vs_sma200": 0.252989, "volatility_20d": 0.280353, "volatility_60d": 0.331017, "drawdown": -0.066866, "max_drawdown_1y": -0.362959, "volume_ratio": 1.275136, "rsi_14": 67.405033, "macd": 3.998133, "macd_signal": 3.77258, "macd_histogram": 0.225552, "bb_width": 0.122856, "bb_position": 0.874287, "stoch_k": 64.861419, "stoch_d": 61.259122, "adx": 34.633021, "atr_14": 3.279414, "last_close": 117.07, "last_date": "2026-03-06"}