{"return_1d": -0.002282, "return_5d": -0.03676, "return_20d": 0.019632, "return_60d": 0.062914, "return_252d": 0.435338, "sma_20": 362.98374, "sma_50": 353.136488, "sma_200": 321.351178, "price_vs_sma20": -0.012463, "price_vs_sma50": 0.015075, "price_vs_sma200": 0.115477, "volatility_20d": 0.246685, "volatility_60d": 0.296418, "drawdown": -0.041831, "max_drawdown_1y": -0.119493, "volume_ratio": 1.004058, "rsi_14": 48.101674, "macd": 3.20658, "macd_signal": 4.061134, "macd_histogram": -0.854554, "bb_width": 0.05946, "bb_position": 0.287758, "stoch_k": 28.087261, "stoch_d": 43.797629, "adx": 15.783024, "atr_14": 9.078754, "last_close": 358.46, "last_date": "2026-03-06"}