{"return_1d": 0.015164, "return_5d": 0.030824, "return_20d": 0.058924, "return_60d": 0.035342, "return_252d": 0.495628, "sma_20": 359.66826, "sma_50": 350.603566, "sma_200": 319.291053, "price_vs_sma20": 0.03487, "price_vs_sma50": 0.061626, "price_vs_sma200": 0.165739, "volatility_20d": 0.46839, "volatility_60d": 0.311154, "drawdown": -0.005077, "max_drawdown_1y": -0.119493, "volume_ratio": 0.342393, "rsi_14": 61.144235, "macd": 4.504158, "macd_signal": 3.718558, "macd_histogram": 0.7856, "bb_width": 0.090031, "bb_position": 0.874265, "stoch_k": 92.667659, "stoch_d": 79.507343, "adx": 15.786036, "atr_14": 8.667295, "last_close": 372.21, "last_date": "2026-02-27"}