{"return_1d": 0.014973, "return_5d": 0.03063, "return_20d": 0.058725, "return_60d": 0.035147, "return_252d": 0.495347, "sma_20": 359.66476, "sma_50": 350.602166, "sma_200": 319.290704, "price_vs_sma20": 0.034686, "price_vs_sma50": 0.061431, "price_vs_sma200": 0.165521, "volatility_20d": 0.468326, "volatility_60d": 0.311116, "drawdown": -0.005265, "max_drawdown_1y": -0.119493, "volume_ratio": 1.052435, "rsi_14": 61.103487, "macd": 4.498574, "macd_signal": 3.717441, "macd_histogram": 0.781132, "bb_width": 0.089991, "bb_position": 0.872513, "stoch_k": 92.415973, "stoch_d": 79.423447, "adx": 16.040361, "atr_14": 8.790866, "last_close": 372.14, "last_date": "2026-02-27"}