{"return_1d": -0.00875, "return_5d": 0.014214, "return_20d": 0.019545, "return_60d": 0.09238, "return_252d": 0.452073, "sma_20": 361.144945, "sma_50": 352.377612, "sma_200": 320.661556, "price_vs_sma20": 0.019508, "price_vs_sma50": 0.044873, "price_vs_sma200": 0.14822, "volatility_20d": 0.463862, "volatility_60d": 0.292048, "drawdown": -0.015823, "max_drawdown_1y": -0.119493, "volume_ratio": 0.607085, "rsi_14": 56.809758, "macd": 4.930797, "macd_signal": 4.336859, "macd_histogram": 0.593938, "bb_width": 0.100867, "bb_position": 0.689698, "stoch_k": 71.36118, "stoch_d": 79.792082, "adx": 13.729236, "atr_14": 8.739028, "last_close": 368.19, "last_date": "2026-03-04"}