{"return_1d": -0.024199, "return_5d": -0.020101, "return_20d": 0.090691, "return_60d": 0.059575, "return_252d": 0.428682, "sma_20": 362.638645, "sma_50": 352.756266, "sma_200": 321.014409, "price_vs_sma20": -0.009262, "price_vs_sma50": 0.018494, "price_vs_sma200": 0.119202, "volatility_20d": 0.33993, "volatility_60d": 0.296645, "drawdown": -0.039639, "max_drawdown_1y": -0.119493, "volume_ratio": 1.391795, "rsi_14": 48.775867, "macd": 4.026429, "macd_signal": 4.274773, "macd_histogram": -0.248344, "bb_width": 0.064706, "bb_position": 0.355527, "stoch_k": 31.944444, "stoch_d": 61.77615, "adx": 14.794163, "atr_14": 9.324812, "last_close": 359.28, "last_date": "2026-03-05"}