{"return_1d": 0.00137, "return_5d": 0.018086, "return_20d": 0.039163, "return_60d": 0.064499, "return_252d": 0.507258, "sma_20": 360.36696, "sma_50": 351.232446, "sma_200": 319.768887, "price_vs_sma20": 0.034085, "price_vs_sma50": 0.060978, "price_vs_sma200": 0.165373, "volatility_20d": 0.464042, "volatility_60d": 0.305982, "drawdown": -0.003901, "max_drawdown_1y": -0.119493, "volume_ratio": 0.747197, "rsi_14": 61.420928, "macd": 4.92485, "macd_signal": 3.958923, "macd_histogram": 0.965927, "bb_width": 0.094786, "bb_position": 0.847744, "stoch_k": 85.992238, "stoch_d": 83.694929, "adx": 15.566855, "atr_14": 8.804376, "last_close": 372.65, "last_date": "2026-03-02"}