{"return_1d": 0.004986, "return_5d": 0.009355, "return_20d": 0.040698, "return_60d": 0.092718, "return_252d": -0.034998, "sma_20": 993.976, "sma_50": 948.2758, "sma_200": 950.31795, "price_vs_sma20": 0.013878, "price_vs_sma50": 0.062739, "price_vs_sma200": 0.060456, "volatility_20d": 0.204731, "volatility_60d": 0.211944, "drawdown": -0.060314, "max_drawdown_1y": -0.207425, "volume_ratio": 0.896376, "rsi_14": 59.584362, "macd": 13.15987, "macd_signal": 14.629663, "macd_histogram": -1.469793, "bb_width": 0.049513, "bb_position": 0.776444, "stoch_k": 66.291693, "stoch_d": 65.215371, "adx": 23.240528, "atr_14": 19.344444, "last_close": 1007.77, "last_date": "2026-03-03"}