{"return_1d": 0.024373, "return_5d": 0.025902, "return_20d": 0.060763, "return_60d": 0.108371, "return_252d": -0.016499, "sma_20": 988.8795, "sma_50": 942.5258, "sma_200": 950.190288, "price_vs_sma20": 0.022157, "price_vs_sma50": 0.072427, "price_vs_sma200": 0.063776, "volatility_20d": 0.23153, "volatility_60d": 0.211805, "drawdown": -0.057498, "max_drawdown_1y": -0.207425, "volume_ratio": 1.77291, "rsi_14": 61.466012, "macd": 13.349362, "macd_signal": 15.470589, "macd_histogram": -2.121227, "bb_width": 0.067783, "bb_position": 0.819792, "stoch_k": 71.216685, "stoch_d": 49.429304, "adx": 23.858877, "atr_14": 19.772433, "last_close": 1010.79, "last_date": "2026-02-27"}