{"return_1d": 0.014497, "return_5d": 0.016011, "return_20d": 0.051971, "return_60d": 0.099185, "return_252d": -0.024651, "sma_20": 988.39225, "sma_50": 941.58467, "sma_200": 948.980137, "price_vs_sma20": 0.012801, "price_vs_sma50": 0.063149, "price_vs_sma200": 0.054864, "volatility_20d": 0.220697, "volatility_60d": 0.207853, "drawdown": -0.065309, "max_drawdown_1y": -0.207425, "volume_ratio": 0.587702, "rsi_14": 58.90307, "macd": 12.799533, "macd_signal": 15.581493, "macd_histogram": -2.78196, "bb_width": 0.06645, "bb_position": 0.690212, "stoch_k": 55.324617, "stoch_d": 44.131948, "adx": 23.824355, "atr_14": 19.007497, "last_close": 1001.045, "last_date": "2026-02-27"}