{"return_1d": -0.001022, "return_5d": 0.012043, "return_20d": 0.029471, "return_60d": 0.123769, "return_252d": -0.034364, "sma_20": 995.417, "sma_50": 951.2588, "sma_200": 950.313417, "price_vs_sma20": 0.011375, "price_vs_sma50": 0.058324, "price_vs_sma200": 0.059377, "volatility_20d": 0.202872, "volatility_60d": 0.202488, "drawdown": -0.061274, "max_drawdown_1y": -0.207425, "volume_ratio": 0.853396, "rsi_14": 59.118866, "macd": 12.972137, "macd_signal": 14.298158, "macd_histogram": -1.326021, "bb_width": 0.048466, "bb_position": 0.732065, "stoch_k": 57.140148, "stoch_d": 60.523192, "adx": 22.625936, "atr_14": 19.176984, "last_close": 1006.74, "last_date": "2026-03-04"}