{"return_1d": -0.024008, "return_5d": -0.004226, "return_20d": 0.004313, "return_60d": 0.098236, "return_252d": -0.048476, "sma_20": 995.628, "sma_50": 953.7978, "sma_200": 950.111451, "price_vs_sma20": -0.013115, "price_vs_sma50": 0.030166, "price_vs_sma200": 0.034163, "volatility_20d": 0.222252, "volatility_60d": 0.209313, "drawdown": -0.083811, "max_drawdown_1y": -0.207425, "volume_ratio": 1.303973, "rsi_14": 49.37156, "macd": 10.74913, "macd_signal": 13.588352, "macd_histogram": -2.839222, "bb_width": 0.048586, "bb_position": 0.22647, "stoch_k": 9.401559, "stoch_d": 44.2778, "adx": 21.177072, "atr_14": 19.8022, "last_close": 982.57, "last_date": "2026-03-05"}