{"return_1d": -0.007934, "return_5d": 0.016987, "return_20d": 0.066493, "return_60d": 0.087568, "return_252d": -0.014505, "sma_20": 992.0055, "sma_50": 945.3734, "sma_200": 950.222946, "price_vs_sma20": 0.010851, "price_vs_sma50": 0.060713, "price_vs_sma200": 0.0553, "volatility_20d": 0.227281, "volatility_60d": 0.21184, "drawdown": -0.064976, "max_drawdown_1y": -0.207425, "volume_ratio": 0.903901, "rsi_14": 58.09712, "macd": 13.103198, "macd_signal": 14.997111, "macd_histogram": -1.893913, "bb_width": 0.052773, "bb_position": 0.703415, "stoch_k": 58.137733, "stoch_d": 53.783519, "adx": 23.608855, "atr_14": 19.669402, "last_close": 1002.77, "last_date": "2026-03-02"}