{"return_1d": -0.026996, "return_5d": -0.078253, "return_20d": 0.008562, "return_60d": 0.09731, "return_252d": -0.125676, "sma_20": 333.5475, "sma_50": 323.424, "sma_200": 313.77915, "price_vs_sma20": -0.025326, "price_vs_sma50": 0.005182, "price_vs_sma200": 0.036079, "volatility_20d": 0.682993, "volatility_60d": 0.465217, "drawdown": -0.165447, "max_drawdown_1y": -0.345399, "volume_ratio": 0.873465, "rsi_14": 47.250325, "macd": 3.584443, "macd_signal": 5.796903, "macd_histogram": -2.21246, "bb_width": 0.2263, "bb_position": 0.385177, "stoch_k": 12.479241, "stoch_d": 23.685251, "adx": 14.715155, "atr_14": 13.253124, "last_close": 325.1, "last_date": "2026-02-27"}