{"return_1d": 0.021255, "return_5d": -0.001684, "return_20d": 0.055239, "return_60d": 0.125648, "return_252d": -0.089061, "sma_20": 334.4165, "sma_50": 323.8158, "sma_200": 313.6651, "price_vs_sma20": -0.007196, "price_vs_sma50": 0.025305, "price_vs_sma200": 0.058486, "volatility_20d": 0.679694, "volatility_60d": 0.466682, "drawdown": -0.147709, "max_drawdown_1y": -0.345399, "volume_ratio": 0.737023, "rsi_14": 50.268523, "macd": 3.058156, "macd_signal": 5.249153, "macd_histogram": -2.190997, "bb_width": 0.215435, "bb_position": 0.466355, "stoch_k": 34.297611, "stoch_d": 26.885285, "adx": 15.374598, "atr_14": 13.662186, "last_close": 332.01, "last_date": "2026-03-02"}