{"return_1d": -0.02954, "return_5d": -0.080663, "return_20d": 0.005925, "return_60d": 0.094441, "return_252d": -0.127962, "sma_20": 333.505, "sma_50": 323.407, "sma_200": 313.7749, "price_vs_sma20": -0.027751, "price_vs_sma50": 0.002607, "price_vs_sma200": 0.033384, "volatility_20d": 0.684449, "volatility_60d": 0.465922, "drawdown": -0.167629, "max_drawdown_1y": -0.345399, "volume_ratio": 0.451886, "rsi_14": 46.92503, "macd": 3.516636, "macd_signal": 5.783341, "macd_histogram": -2.266705, "bb_width": 0.227145, "bb_position": 0.374341, "stoch_k": 10.462633, "stoch_d": 23.013049, "adx": 14.707043, "atr_14": 13.244552, "last_close": 324.25, "last_date": "2026-02-27"}