{"return_1d": 0.007259, "return_5d": -0.012841, "return_20d": 0.096927, "return_60d": 0.115142, "return_252d": -0.088898, "sma_20": 335.894, "sma_50": 324.3326, "sma_200": 313.5734, "price_vs_sma20": -0.004388, "price_vs_sma50": 0.031102, "price_vs_sma200": 0.066481, "volatility_20d": 0.667342, "volatility_60d": 0.46584, "drawdown": -0.141522, "max_drawdown_1y": -0.345399, "volume_ratio": 0.557599, "rsi_14": 51.314805, "macd": 2.803224, "macd_signal": 4.759967, "macd_histogram": -1.956744, "bb_width": 0.197961, "bb_position": 0.477735, "stoch_k": 42.897862, "stoch_d": 29.891571, "adx": 15.889667, "atr_14": 13.724887, "last_close": 334.42, "last_date": "2026-03-03"}