{"return_1d": -0.036852, "return_5d": -0.05285, "return_20d": -0.067286, "return_60d": -0.132554, "return_252d": -0.361534, "sma_20": 27.656, "sma_50": 27.259576, "sma_200": 30.049285, "price_vs_sma20": -0.092783, "price_vs_sma50": -0.079589, "price_vs_sma200": -0.165038, "volatility_20d": 0.377527, "volatility_60d": 0.316148, "drawdown": -0.507424, "max_drawdown_1y": -0.507424, "volume_ratio": 2.032081, "rsi_14": 32.214692, "macd": -0.461011, "macd_signal": -0.181369, "macd_histogram": -0.279642, "bb_width": 0.195294, "bb_position": -0.023682, "stoch_k": 1.408451, "stoch_d": 3.49845, "adx": 24.061335, "atr_14": 0.799503, "last_close": 25.09, "last_date": "2026-03-04"}