{"return_1d": 0.001675, "return_5d": 0.002795, "return_20d": -0.003887, "return_60d": -0.107205, "return_252d": -0.293973, "sma_20": 27.90125, "sma_50": 27.405508, "sma_200": 30.163775, "price_vs_sma20": -0.035706, "price_vs_sma50": -0.018263, "price_vs_sma200": -0.108036, "volatility_20d": 0.382057, "volatility_60d": 0.308462, "drawdown": -0.471791, "max_drawdown_1y": -0.492111, "volume_ratio": 0.658248, "rsi_14": 44.01715, "macd": -0.197643, "macd_signal": -0.005677, "macd_histogram": -0.191966, "bb_width": 0.143443, "bb_position": 0.241859, "stoch_k": 20.284238, "stoch_d": 16.322136, "adx": 21.47597, "atr_14": 0.797974, "last_close": 26.905, "last_date": "2026-02-27"}