{"return_1d": 0.029529, "return_5d": -0.042672, "return_20d": -0.101358, "return_60d": -0.128199, "return_252d": -0.308109, "sma_20": 27.342, "sma_50": 27.151146, "sma_200": 29.962339, "price_vs_sma20": -0.056397, "price_vs_sma50": -0.049764, "price_vs_sma200": -0.138919, "volatility_20d": 0.325075, "volatility_60d": 0.32023, "drawdown": -0.493485, "max_drawdown_1y": -0.508013, "volume_ratio": 1.197085, "rsi_14": 40.083457, "macd": -0.570169, "macd_signal": -0.319532, "macd_histogram": -0.250637, "bb_width": 0.209485, "bb_position": 0.214693, "stoch_k": 19.461698, "stoch_d": 8.004522, "adx": 26.197035, "atr_14": 0.805898, "last_close": 25.8, "last_date": "2026-03-06"}