{"return_1d": -0.010258, "return_5d": -0.045088, "return_20d": -0.05376, "return_60d": -0.113849, "return_252d": -0.31675, "sma_20": 27.7465, "sma_50": 27.323054, "sma_200": 30.091862, "price_vs_sma20": -0.061143, "price_vs_sma50": -0.046593, "price_vs_sma200": -0.134317, "volatility_20d": 0.364031, "volatility_60d": 0.309206, "drawdown": -0.488577, "max_drawdown_1y": -0.492111, "volume_ratio": 1.362797, "rsi_14": 37.930782, "macd": -0.332436, "macd_signal": -0.111459, "macd_histogram": -0.220977, "bb_width": 0.167627, "bb_position": 0.11149, "stoch_k": 3.431373, "stoch_d": 10.177976, "adx": 22.663014, "atr_14": 0.781772, "last_close": 26.05, "last_date": "2026-03-03"}