{"return_1d": -0.023377, "return_5d": -0.029141, "return_20d": -0.059328, "return_60d": -0.106163, "return_252d": -0.306032, "sma_20": 27.8205, "sma_50": 27.367726, "sma_200": 30.126517, "price_vs_sma20": -0.053935, "price_vs_sma50": -0.038283, "price_vs_sma200": -0.126351, "volatility_20d": 0.366256, "volatility_60d": 0.308706, "drawdown": -0.483276, "max_drawdown_1y": -0.492111, "volume_ratio": 1.20597, "rsi_14": 39.773892, "macd": -0.261237, "macd_signal": -0.056215, "macd_histogram": -0.205023, "bb_width": 0.155336, "bb_position": 0.132989, "stoch_k": 5.655527, "stoch_d": 15.408001, "adx": 21.990636, "atr_14": 0.801909, "last_close": 26.32, "last_date": "2026-03-02"}