{"return_1d": -0.001196, "return_5d": -0.067014, "return_20d": -0.118537, "return_60d": -0.140615, "return_252d": -0.347117, "sma_20": 27.4875, "sma_50": 27.197666, "sma_200": 30.003867, "price_vs_sma20": -0.088313, "price_vs_sma50": -0.078597, "price_vs_sma200": -0.164774, "volatility_20d": 0.304075, "volatility_60d": 0.315421, "drawdown": -0.508013, "max_drawdown_1y": -0.508013, "volume_ratio": 1.57796, "rsi_14": 32.052138, "macd": -0.558887, "macd_signal": -0.256873, "macd_histogram": -0.302014, "bb_width": 0.212907, "bb_position": 0.045024, "stoch_k": 3.143418, "stoch_d": 2.661081, "adx": 25.452287, "atr_14": 0.790967, "last_close": 25.06, "last_date": "2026-03-05"}