{"return_1d": 0.004437, "return_5d": 0.090703, "return_20d": -0.030242, "return_60d": -0.009524, "return_252d": -0.29781, "sma_20": 38.081, "sma_50": 39.1424, "sma_200": 44.4652, "price_vs_sma20": 0.010478, "price_vs_sma50": -0.016923, "price_vs_sma200": -0.134604, "volatility_20d": 0.392162, "volatility_60d": 0.281034, "drawdown": -0.397243, "max_drawdown_1y": -0.447368, "volume_ratio": 0.797565, "rsi_14": 51.276155, "macd": -0.609893, "macd_signal": -0.753819, "macd_histogram": 0.143926, "bb_width": 0.168145, "bb_position": 0.561667, "stoch_k": 72.067901, "stoch_d": 65.012363, "adx": 30.413225, "atr_14": 1.200998, "last_close": 38.48, "last_date": "2026-03-03"}