{"return_1d": 0.005776, "return_5d": 0.083428, "return_20d": -0.055939, "return_60d": -0.016684, "return_252d": -0.306355, "sma_20": 38.141, "sma_50": 39.155, "sma_200": 44.5849, "price_vs_sma20": 0.004431, "price_vs_sma50": -0.021581, "price_vs_sma200": -0.14074, "volatility_20d": 0.398383, "volatility_60d": 0.280938, "drawdown": -0.399906, "max_drawdown_1y": -0.447368, "volume_ratio": 0.848308, "rsi_14": 50.252392, "macd": -0.744541, "macd_signal": -0.789801, "macd_histogram": 0.045259, "bb_width": 0.172603, "bb_position": 0.525558, "stoch_k": 63.02521, "stoch_d": 56.582633, "adx": 31.814493, "atr_14": 1.217998, "last_close": 38.31, "last_date": "2026-03-02"}