{"return_1d": 0.025303, "return_5d": 0.044134, "return_20d": -0.054369, "return_60d": -0.027075, "return_252d": -0.323085, "sma_20": 38.2545, "sma_50": 39.1718, "sma_200": 44.7053, "price_vs_sma20": -0.0043, "price_vs_sma50": -0.027617, "price_vs_sma200": -0.147976, "volatility_20d": 0.398892, "volatility_60d": 0.280829, "drawdown": -0.403352, "max_drawdown_1y": -0.447368, "volume_ratio": 0.932409, "rsi_14": 48.96377, "macd": -0.888263, "macd_signal": -0.801115, "macd_histogram": -0.087147, "bb_width": 0.182371, "bb_position": 0.476319, "stoch_k": 59.943978, "stoch_d": 45.051354, "adx": 33.061647, "atr_14": 1.220151, "last_close": 38.09, "last_date": "2026-02-27"}