{"return_1d": 0.023149, "return_5d": 0.041941, "return_20d": -0.056356, "return_60d": -0.029119, "return_252d": -0.324507, "sma_20": 38.2505, "sma_50": 39.1702, "sma_200": 44.7049, "price_vs_sma20": -0.006287, "price_vs_sma50": -0.029619, "price_vs_sma200": -0.149758, "volatility_20d": 0.396971, "volatility_60d": 0.280024, "drawdown": -0.404605, "max_drawdown_1y": -0.447368, "volume_ratio": 0.575061, "rsi_14": 48.513441, "macd": -0.894645, "macd_signal": -0.802392, "macd_histogram": -0.092253, "bb_width": 0.182804, "bb_position": 0.465388, "stoch_k": 58.823529, "stoch_d": 44.677871, "adx": 33.127859, "atr_14": 1.215508, "last_close": 38.01, "last_date": "2026-02-27"}