{"return_1d": -0.018324, "return_5d": 0.009515, "return_20d": -0.007156, "return_60d": 0.030632, "return_252d": -0.071923, "sma_20": 108.361, "sma_50": 108.4306, "sma_200": 107.268867, "price_vs_sma20": -0.001301, "price_vs_sma50": -0.001942, "price_vs_sma200": 0.008867, "volatility_20d": 0.212073, "volatility_60d": 0.202041, "drawdown": -0.300926, "max_drawdown_1y": -0.375936, "volume_ratio": 0.288423, "rsi_14": 49.599272, "macd": 0.256587, "macd_signal": 0.228862, "macd_histogram": 0.027726, "bb_width": 0.042461, "bb_position": 0.469315, "stoch_k": 34.355828, "stoch_d": 52.018157, "adx": 8.936011, "atr_14": 2.352836, "last_close": 108.22, "last_date": "2026-02-27"}