{"return_1d": -0.001011, "return_5d": -0.014514, "return_20d": -0.000644, "return_60d": 0.056345, "return_252d": -0.084499, "sma_20": 108.511, "sma_50": 108.5792, "sma_200": 107.1585, "price_vs_sma20": 0.001189, "price_vs_sma50": 0.00056, "price_vs_sma200": 0.013825, "volatility_20d": 0.199664, "volatility_60d": 0.201747, "drawdown": -0.298213, "max_drawdown_1y": -0.375936, "volume_ratio": 0.54279, "rsi_14": 50.816705, "macd": 0.205484, "macd_signal": 0.231815, "macd_histogram": -0.026332, "bb_width": 0.03968, "bb_position": 0.529925, "stoch_k": 45.012165, "stoch_d": 41.952341, "adx": 9.324318, "atr_14": 2.197323, "last_close": 108.64, "last_date": "2026-03-05"}