{"return_1d": -0.019422, "return_5d": -0.016707, "return_20d": -0.000375, "return_60d": 0.047832, "return_252d": -0.110794, "sma_20": 108.509, "sma_50": 108.5394, "sma_200": 107.112975, "price_vs_sma20": -0.018238, "price_vs_sma50": -0.018513, "price_vs_sma200": -0.005443, "volatility_20d": 0.199321, "volatility_60d": 0.204488, "drawdown": -0.311843, "max_drawdown_1y": -0.375936, "volume_ratio": 0.817482, "rsi_14": 43.517945, "macd": 0.020373, "macd_signal": 0.189527, "macd_histogram": -0.169154, "bb_width": 0.040602, "bb_position": 0.042461, "stoch_k": 16.920152, "stoch_d": 36.293823, "adx": 10.67588, "atr_14": 2.254657, "last_close": 106.53, "last_date": "2026-03-06"}