{"return_1d": -0.009974, "return_5d": -0.005149, "return_20d": 0.008295, "return_60d": 0.035227, "return_252d": -0.094318, "sma_20": 108.423, "sma_50": 108.5394, "sma_200": 107.225474, "price_vs_sma20": -0.002149, "price_vs_sma50": -0.003219, "price_vs_sma200": 0.008995, "volatility_20d": 0.208125, "volatility_60d": 0.203231, "drawdown": -0.301119, "max_drawdown_1y": -0.375936, "volume_ratio": 0.700932, "rsi_14": 49.269644, "macd": 0.23301, "macd_signal": 0.242016, "macd_histogram": -0.009006, "bb_width": 0.041805, "bb_position": 0.448484, "stoch_k": 33.895706, "stoch_d": 40.235174, "adx": 8.865231, "atr_14": 2.304291, "last_close": 108.19, "last_date": "2026-03-03"}