{"return_1d": 0.005176, "return_5d": -0.000827, "return_20d": 0.017116, "return_60d": 0.051039, "return_252d": -0.10029, "sma_20": 108.5145, "sma_50": 108.552, "sma_200": 107.196245, "price_vs_sma20": 0.00217, "price_vs_sma50": 0.001824, "price_vs_sma200": 0.014494, "volatility_20d": 0.208183, "volatility_60d": 0.202221, "drawdown": -0.297502, "max_drawdown_1y": -0.375936, "volume_ratio": 0.502876, "rsi_14": 51.232666, "macd": 0.223927, "macd_signal": 0.238398, "macd_histogram": -0.014471, "bb_width": 0.039659, "bb_position": 0.554604, "stoch_k": 46.949153, "stoch_d": 43.819452, "adx": 9.132842, "atr_14": 2.273271, "last_close": 108.75, "last_date": "2026-03-04"}