{"return_1d": 0.008676, "return_5d": 0.009982, "return_20d": 0.002109, "return_60d": 0.041316, "return_252d": -0.079032, "sma_20": 108.3785, "sma_50": 108.5314, "sma_200": 107.246578, "price_vs_sma20": 0.008318, "price_vs_sma50": 0.006898, "price_vs_sma200": 0.01896, "volatility_20d": 0.213231, "volatility_60d": 0.202278, "drawdown": -0.294078, "max_drawdown_1y": -0.375936, "volume_ratio": 1.10128, "rsi_14": 53.135395, "macd": 0.298232, "macd_signal": 0.244267, "macd_histogram": 0.053965, "bb_width": 0.042322, "bb_position": 0.69492, "stoch_k": 50.613497, "stoch_d": 52.117198, "adx": 8.510907, "atr_14": 2.290006, "last_close": 109.28, "last_date": "2026-03-02"}