{"return_1d": -0.017235, "return_5d": 0.010634, "return_20d": -0.006055, "return_60d": 0.031775, "return_252d": -0.070894, "sma_20": 108.367, "sma_50": 108.433, "sma_200": 107.269468, "price_vs_sma20": -0.000249, "price_vs_sma50": -0.000858, "price_vs_sma200": 0.00998, "volatility_20d": 0.210876, "volatility_60d": 0.201618, "drawdown": -0.30015, "max_drawdown_1y": -0.375936, "volume_ratio": 0.854564, "rsi_14": 49.993454, "macd": 0.26616, "macd_signal": 0.230776, "macd_histogram": 0.035384, "bb_width": 0.042398, "bb_position": 0.494122, "stoch_k": 36.196319, "stoch_d": 52.631654, "adx": 8.950943, "atr_14": 2.354622, "last_close": 108.34, "last_date": "2026-02-27"}