{"return_1d": -0.002554, "return_5d": -0.057423, "return_20d": -0.071715, "return_60d": -0.064354, "return_252d": 0.141828, "sma_20": 122.538, "sma_50": 124.0386, "sma_200": 111.69213, "price_vs_sma20": -0.075715, "price_vs_sma50": -0.086897, "price_vs_sma200": 0.014037, "volatility_20d": 0.341819, "volatility_60d": 0.344602, "drawdown": -0.137921, "max_drawdown_1y": -0.270062, "volume_ratio": 0.989652, "rsi_14": 34.062627, "macd": -2.183075, "macd_signal": -1.007247, "macd_histogram": -1.175828, "bb_width": 0.146775, "bb_position": -0.058116, "stoch_k": 11.595131, "stoch_d": 12.70788, "adx": 16.152127, "atr_14": 3.826852, "last_close": 113.26, "last_date": "2026-03-04"}