{"return_1d": -0.010236, "return_5d": -0.033376, "return_20d": -0.030563, "return_60d": 0.001838, "return_252d": 0.180892, "sma_20": 123.7585, "sma_50": 124.6892, "sma_200": 111.430674, "price_vs_sma20": -0.031178, "price_vs_sma50": -0.038409, "price_vs_sma200": 0.076005, "volatility_20d": 0.331228, "volatility_60d": 0.338747, "drawdown": -0.08738, "max_drawdown_1y": -0.270062, "volume_ratio": 0.795561, "rsi_14": 43.25336, "macd": -0.838287, "macd_signal": -0.286011, "macd_histogram": -0.552277, "bb_width": 0.085227, "bb_position": 0.12241, "stoch_k": 25.1035, "stoch_d": 17.102275, "adx": 12.801359, "atr_14": 3.715406, "last_close": 119.9, "last_date": "2026-02-27"}