{"return_1d": -0.019071, "return_5d": -0.082879, "return_20d": -0.096454, "return_60d": -0.070215, "return_252d": 0.162617, "sma_20": 121.945, "sma_50": 123.7722, "sma_200": 111.754853, "price_vs_sma20": -0.088934, "price_vs_sma50": -0.102383, "price_vs_sma200": -0.00586, "volatility_20d": 0.343355, "volatility_60d": 0.345754, "drawdown": -0.154361, "max_drawdown_1y": -0.270062, "volume_ratio": 1.078596, "rsi_14": 31.488677, "macd": -2.685355, "macd_signal": -1.342868, "macd_histogram": -1.342486, "bb_width": 0.174358, "bb_position": -0.059852, "stoch_k": 6.886228, "stoch_d": 9.964801, "adx": 17.843474, "atr_14": 3.854934, "last_close": 111.1, "last_date": "2026-03-05"}