{"return_1d": -0.03884, "return_5d": -0.109978, "return_20d": -0.123061, "return_60d": -0.156118, "return_252d": 0.047524, "sma_20": 120.770305, "sma_50": 122.950374, "sma_200": 111.404998, "price_vs_sma20": -0.118906, "price_vs_sma50": -0.134529, "price_vs_sma200": -0.044836, "volatility_20d": 0.363804, "volatility_60d": 0.33109, "drawdown": -0.187206, "max_drawdown_1y": -0.270062, "volume_ratio": 1.135445, "rsi_14": 27.085355, "macd": -3.380594, "macd_signal": -1.746639, "macd_histogram": -1.633955, "bb_width": 0.21964, "bb_position": -0.114427, "stoch_k": 5.894825, "stoch_d": 8.125367, "adx": 20.145134, "atr_14": 3.962733, "last_close": 106.41, "last_date": "2026-03-06"}