{"return_1d": -0.016348, "return_5d": 0.057991, "return_20d": -0.176015, "return_60d": -0.048627, "return_252d": 0.062791, "sma_20": 174.2015, "sma_50": 197.0484, "sma_200": 171.39925, "price_vs_sma20": 0.008545, "price_vs_sma50": -0.108392, "price_vs_sma200": 0.025034, "volatility_20d": 0.601486, "volatility_60d": 0.423566, "drawdown": -0.616648, "max_drawdown_1y": -0.782348, "volume_ratio": 0.570657, "rsi_14": 44.759418, "macd": -7.115417, "macd_signal": -9.32205, "macd_histogram": 2.206633, "bb_width": 0.295206, "bb_position": 0.5287, "stoch_k": 79.825992, "stoch_d": 80.136237, "adx": 38.108434, "atr_14": 8.867922, "last_close": 175.69, "last_date": "2026-03-03"}