{"return_1d": 0.000672, "return_5d": 0.092282, "return_20d": -0.151416, "return_60d": 0.02203, "return_252d": 0.083273, "sma_20": 176.078, "sma_50": 197.4542, "sma_200": 171.21555, "price_vs_sma20": 0.01438, "price_vs_sma50": -0.095436, "price_vs_sma200": 0.043188, "volatility_20d": 0.605702, "volatility_60d": 0.438084, "drawdown": -0.610277, "max_drawdown_1y": -0.782348, "volume_ratio": 0.611777, "rsi_14": 47.103631, "macd": -7.872884, "macd_signal": -9.873709, "macd_histogram": 2.000824, "bb_width": 0.347387, "bb_position": 0.540808, "stoch_k": 84.679958, "stoch_d": 75.024142, "adx": 39.373334, "atr_14": 9.045454, "last_close": 178.61, "last_date": "2026-03-02"}