{"return_1d": -0.037834, "return_5d": -0.022578, "return_20d": -0.050299, "return_60d": -0.067657, "return_252d": 0.041241, "sma_20": 171.633, "sma_50": 195.877, "sma_200": 171.96985, "price_vs_sma20": 0.016471, "price_vs_sma50": -0.109339, "price_vs_sma200": 0.01448, "volatility_20d": 0.512902, "volatility_60d": 0.432274, "drawdown": -0.619332, "max_drawdown_1y": -0.782348, "volume_ratio": 0.781399, "rsi_14": 44.206552, "macd": -4.870798, "macd_signal": -7.355806, "macd_histogram": 2.485007, "bb_width": 0.21311, "bb_position": 0.576037, "stoch_k": 77.450441, "stoch_d": 89.888377, "adx": 33.728041, "atr_14": 8.369152, "last_close": 174.46, "last_date": "2026-03-06"}