{"return_1d": 0.009689, "return_5d": 0.033398, "return_20d": -0.100684, "return_60d": -0.016223, "return_252d": 0.103524, "sma_20": 172.095, "sma_50": 196.4482, "sma_200": 171.80445, "price_vs_sma20": 0.053604, "price_vs_sma50": -0.077009, "price_vs_sma200": 0.055386, "volatility_20d": 0.586791, "volatility_60d": 0.426497, "drawdown": -0.604364, "max_drawdown_1y": -0.782348, "volume_ratio": 0.824566, "rsi_14": 50.044374, "macd": -5.15028, "macd_signal": -7.977058, "macd_histogram": 2.826778, "bb_width": 0.212813, "bb_position": 0.739068, "stoch_k": 96.338106, "stoch_d": 90.680228, "adx": 34.778317, "atr_14": 8.366779, "last_close": 181.32, "last_date": "2026-03-05"}