{"return_1d": 0.022141, "return_5d": 0.071735, "return_20d": -0.108386, "return_60d": -0.024234, "return_252d": 0.098349, "sma_20": 173.11, "sma_50": 196.763, "sma_200": 171.6027, "price_vs_sma20": 0.037375, "price_vs_sma50": -0.087328, "price_vs_sma200": 0.046487, "volatility_20d": 0.584793, "volatility_60d": 0.42604, "drawdown": -0.608161, "max_drawdown_1y": -0.782348, "volume_ratio": 0.540743, "rsi_14": 48.440717, "macd": -6.130559, "macd_signal": -8.683752, "macd_histogram": 2.553193, "bb_width": 0.255292, "bb_position": 0.641127, "stoch_k": 95.876586, "stoch_d": 86.794179, "adx": 36.517457, "atr_14": 8.62807, "last_close": 179.58, "last_date": "2026-03-04"}