{"return_1d": 0.017269, "return_5d": 0.056654, "return_20d": -0.156793, "return_60d": 0.013629, "return_252d": 0.062693, "sma_20": 177.6715, "sma_50": 197.7864, "sma_200": 171.0426, "price_vs_sma20": 0.004607, "price_vs_sma50": -0.097562, "price_vs_sma200": 0.043541, "volatility_20d": 0.60499, "volatility_60d": 0.438414, "drawdown": -0.610539, "max_drawdown_1y": -0.782348, "volume_ratio": 0.892266, "rsi_14": 46.997701, "macd": -9.022482, "macd_signal": -10.373915, "macd_histogram": 1.351433, "bb_width": 0.386164, "bb_position": 0.511875, "stoch_k": 75.902761, "stoch_d": 59.573562, "adx": 40.865495, "atr_14": 9.281258, "last_close": 178.49, "last_date": "2026-02-27"}