{"return_1d": 0.022512, "return_5d": 0.0621, "return_20d": -0.152447, "return_60d": 0.018854, "return_252d": 0.068171, "sma_20": 177.7175, "sma_50": 197.8048, "sma_200": 171.0472, "price_vs_sma20": 0.009524, "price_vs_sma50": -0.092995, "price_vs_sma200": 0.048892, "volatility_20d": 0.608147, "volatility_60d": 0.439395, "drawdown": -0.608532, "max_drawdown_1y": -0.782348, "volume_ratio": 0.528188, "rsi_14": 47.742714, "macd": -8.949092, "macd_signal": -10.359237, "macd_histogram": 1.410145, "bb_width": 0.384258, "bb_position": 0.52455, "stoch_k": 78.074109, "stoch_d": 60.297344, "adx": 40.865495, "atr_14": 9.281615, "last_close": 179.41, "last_date": "2026-02-27"}