{"return_1d": -0.015149, "return_5d": 0.006936, "return_20d": -0.016804, "return_60d": -0.218493, "return_252d": -0.336858, "sma_20": 190.1295, "sma_50": 221.9248, "sma_200": 245.185559, "price_vs_sma20": 0.015518, "price_vs_sma50": -0.129976, "price_vs_sma200": -0.212515, "volatility_20d": 0.424083, "volatility_60d": 0.399269, "drawdown": -0.471111, "max_drawdown_1y": -0.511981, "volume_ratio": 0.754416, "rsi_14": 43.591861, "macd": -6.976316, "macd_signal": -9.961611, "macd_histogram": 2.985294, "bb_width": 0.11151, "bb_position": 0.637039, "stoch_k": 69.928221, "stoch_d": 73.504596, "adx": 29.640022, "atr_14": 8.431439, "last_close": 193.08, "last_date": "2026-03-04"}