{"return_1d": 0.043039, "return_5d": 0.009626, "return_20d": 0.009777, "return_60d": -0.22587, "return_252d": -0.294547, "sma_20": 190.227, "sma_50": 220.7544, "sma_200": 244.743928, "price_vs_sma20": 0.058683, "price_vs_sma50": -0.087719, "price_vs_sma200": -0.17714, "volatility_20d": 0.448401, "volatility_60d": 0.393715, "drawdown": -0.448348, "max_drawdown_1y": -0.511981, "volume_ratio": 1.058108, "rsi_14": 50.932687, "macd": -5.758126, "macd_signal": -9.120914, "macd_histogram": 3.362788, "bb_width": 0.110531, "bb_position": 1.001488, "stoch_k": 89.849246, "stoch_d": 80.308646, "adx": 28.448907, "atr_14": 8.639194, "last_close": 201.39, "last_date": "2026-03-05"}