{"return_1d": -0.009446, "return_5d": 0.083015, "return_20d": -0.091102, "return_60d": -0.176595, "return_252d": -0.341439, "sma_20": 191.0325, "sma_50": 224.45368, "sma_200": 246.13309, "price_vs_sma20": 0.010038, "price_vs_sma50": -0.140357, "price_vs_sma200": -0.216075, "volatility_20d": 0.480913, "volatility_60d": 0.407202, "drawdown": -0.471467, "max_drawdown_1y": -0.511981, "volume_ratio": 0.639992, "rsi_14": 42.982128, "macd": -8.550781, "macd_signal": -11.489021, "macd_histogram": 2.93824, "bb_width": 0.145569, "bb_position": 0.568269, "stoch_k": 69.437099, "stoch_d": 79.96474, "adx": 34.111846, "atr_14": 8.717231, "last_close": 192.95, "last_date": "2026-03-02"}