{"return_1d": 0.003575, "return_5d": 0.037579, "return_20d": 0.063905, "return_60d": -0.219989, "return_252d": -0.303252, "sma_20": 190.834, "sma_50": 219.504, "sma_200": 244.32341, "price_vs_sma20": 0.059088, "price_vs_sma50": -0.079242, "price_vs_sma200": -0.172777, "volatility_20d": 0.410399, "volatility_60d": 0.394017, "drawdown": -0.446376, "max_drawdown_1y": -0.511981, "volume_ratio": 0.671967, "rsi_14": 51.521354, "macd": -4.680647, "macd_signal": -8.23286, "macd_histogram": 3.552213, "bb_width": 0.121449, "bb_position": 0.95938, "stoch_k": 92.261307, "stoch_d": 84.012924, "adx": 27.342873, "atr_14": 8.421394, "last_close": 202.11, "last_date": "2026-03-06"}