{"return_1d": -0.027523, "return_5d": 0.047634, "return_20d": -0.09389, "return_60d": -0.165515, "return_252d": -0.364701, "sma_20": 191.959, "sma_50": 225.668464, "sma_200": 246.603019, "price_vs_sma20": 0.010528, "price_vs_sma50": -0.14042, "price_vs_sma200": -0.213392, "volatility_20d": 0.483135, "volatility_60d": 0.408554, "drawdown": -0.468646, "max_drawdown_1y": -0.511981, "volume_ratio": 0.747809, "rsi_14": 43.742377, "macd": -9.409875, "macd_signal": -12.236504, "macd_histogram": 2.826629, "bb_width": 0.173247, "bb_position": 0.560137, "stoch_k": 73.328296, "stoch_d": 78.714851, "adx": 36.199322, "atr_14": 8.98283, "last_close": 193.98, "last_date": "2026-02-27"}