{"return_1d": 0.017045, "return_5d": 0.117545, "return_20d": -0.108078, "return_60d": -0.253258, "return_252d": 0.004517, "sma_20": 396.11025, "sma_50": 436.8336, "sma_200": 469.25105, "price_vs_sma20": -0.011841, "price_vs_sma50": -0.103961, "price_vs_sma200": -0.165862, "volatility_20d": 0.717073, "volatility_60d": 0.475874, "drawdown": -0.297939, "max_drawdown_1y": -0.371783, "volume_ratio": 1.474791, "rsi_14": 44.98655, "macd": -18.388778, "macd_signal": -19.262505, "macd_histogram": 0.873727, "bb_width": 0.242468, "bb_position": 0.45058, "stoch_k": 54.033063, "stoch_d": 44.417323, "adx": 28.64471, "atr_14": 22.015886, "last_close": 391.42, "last_date": "2026-03-03"}