{"return_1d": -0.023931, "return_5d": -0.042769, "return_20d": -0.163375, "return_60d": -0.262135, "return_252d": -0.057228, "sma_20": 401.309, "sma_50": 440.479, "sma_200": 469.75035, "price_vs_sma20": -0.073083, "price_vs_sma50": -0.15551, "price_vs_sma200": -0.208133, "volatility_20d": 0.696225, "volatility_60d": 0.472381, "drawdown": -0.332807, "max_drawdown_1y": -0.371783, "volume_ratio": 1.060952, "rsi_14": 38.247943, "macd": -21.656782, "macd_signal": -19.289372, "macd_histogram": -2.36741, "bb_width": 0.289024, "bb_position": 0.2272, "stoch_k": 32.464218, "stoch_d": 32.630645, "adx": 30.682895, "atr_14": 22.135406, "last_close": 371.98, "last_date": "2026-02-27"}