{"return_1d": 0.034626, "return_5d": 0.098564, "return_20d": -0.128102, "return_60d": -0.254941, "return_252d": 0.01215, "sma_20": 398.48175, "sma_50": 438.4056, "sma_200": 469.47365, "price_vs_sma20": -0.034184, "price_vs_sma50": -0.122137, "price_vs_sma200": -0.180231, "volatility_20d": 0.712453, "volatility_60d": 0.475456, "drawdown": -0.309705, "max_drawdown_1y": -0.371783, "volume_ratio": 0.770762, "rsi_14": 42.774626, "macd": -20.247196, "macd_signal": -19.480937, "macd_histogram": -0.766259, "bb_width": 0.264484, "bb_position": 0.366177, "stoch_k": 46.754688, "stoch_d": 40.600614, "adx": 29.855937, "atr_14": 21.637877, "last_close": 384.86, "last_date": "2026-03-02"}