{"return_1d": 0.04533, "return_5d": 0.118237, "return_20d": 0.026002, "return_60d": -0.167705, "return_252d": 0.09227, "sma_20": 395.94775, "sma_50": 434.3396, "sma_200": 469.06475, "price_vs_sma20": 0.076304, "price_vs_sma50": -0.018832, "price_vs_sma200": -0.091469, "volatility_20d": 0.738602, "volatility_60d": 0.493927, "drawdown": -0.235629, "max_drawdown_1y": -0.371783, "volume_ratio": 1.090871, "rsi_14": 55.254017, "macd": -11.454928, "macd_signal": -17.087165, "macd_histogram": 5.632237, "bb_width": 0.222795, "bb_position": 0.818204, "stoch_k": 92.577388, "stoch_d": 72.894708, "adx": 25.647131, "atr_14": 22.480841, "last_close": 426.16, "last_date": "2026-03-05"}