{"return_1d": 0.041541, "return_5d": 0.122127, "return_20d": -0.033315, "return_60d": -0.205488, "return_252d": 0.06519, "sma_20": 395.40775, "sma_50": 435.442, "sma_200": 469.13025, "price_vs_sma20": 0.031037, "price_vs_sma50": -0.063756, "price_vs_sma200": -0.130988, "volatility_20d": 0.722942, "volatility_60d": 0.483741, "drawdown": -0.268775, "max_drawdown_1y": -0.371783, "volume_ratio": 1.543267, "rsi_14": 50.131801, "macd": -15.426099, "macd_signal": -18.495224, "macd_histogram": 3.069125, "bb_width": 0.227226, "bb_position": 0.632479, "stoch_k": 72.073671, "stoch_d": 57.620474, "adx": 26.804036, "atr_14": 22.464751, "last_close": 407.68, "last_date": "2026-03-04"}