{"return_1d": -0.006708, "return_5d": -0.057758, "return_20d": -0.024328, "return_60d": -0.008243, "return_252d": 0.052963, "sma_20": 39.2045, "sma_50": 39.3834, "sma_200": 40.18215, "price_vs_sma20": -0.01797, "price_vs_sma50": -0.022431, "price_vs_sma200": -0.041863, "volatility_20d": 0.257771, "volatility_60d": 0.193336, "drawdown": -0.112903, "max_drawdown_1y": -0.136866, "volume_ratio": 0.077629, "rsi_14": 43.405712, "macd": 0.122372, "macd_signal": 0.185753, "macd_histogram": -0.06338, "bb_width": 0.1111, "bb_position": 0.335295, "stoch_k": 24.146341, "stoch_d": 32.375185, "adx": 20.868936, "atr_14": 0.786704, "last_close": 38.5, "last_date": "2026-03-05"}