{"return_1d": -0.004205, "return_5d": -0.086107, "return_20d": -0.044629, "return_60d": -0.029208, "return_252d": 0.049631, "sma_20": 39.0935, "sma_50": 39.31, "sma_200": 40.16275, "price_vs_sma20": -0.030785, "price_vs_sma50": -0.036123, "price_vs_sma200": -0.056589, "volatility_20d": 0.263234, "volatility_60d": 0.196281, "drawdown": -0.126959, "max_drawdown_1y": -0.136866, "volume_ratio": 1.230139, "rsi_14": 39.720409, "macd": -0.038724, "macd_signal": 0.135114, "macd_histogram": -0.173838, "bb_width": 0.117983, "bb_position": 0.230783, "stoch_k": 12.676056, "stoch_d": 20.008976, "adx": 21.629143, "atr_14": 0.828725, "last_close": 37.89, "last_date": "2026-03-06"}