{"return_1d": 0.017414, "return_5d": 0.003283, "return_20d": 0.013133, "return_60d": 0.050568, "return_252d": 0.270141, "sma_20": 80.311, "sma_50": 77.758348, "sma_200": 70.898168, "price_vs_sma20": -0.010596, "price_vs_sma50": 0.021884, "price_vs_sma200": 0.120762, "volatility_20d": 0.531064, "volatility_60d": 0.33744, "drawdown": -0.084351, "max_drawdown_1y": -0.174577, "volume_ratio": 0.938674, "rsi_14": 51.716179, "macd": 0.127073, "macd_signal": 0.452408, "macd_histogram": -0.325335, "bb_width": 0.16751, "bb_position": 0.436065, "stoch_k": 40.893703, "stoch_d": 37.057098, "adx": 24.143455, "atr_14": 2.216227, "last_close": 79.46, "last_date": "2026-02-27"}