{"return_1d": -0.010634, "return_5d": 0.024456, "return_20d": -0.01417, "return_60d": 0.031655, "return_252d": 0.295511, "sma_20": 80.1125, "sma_50": 77.998034, "sma_200": 71.261303, "price_vs_sma20": -0.001279, "price_vs_sma50": 0.025795, "price_vs_sma200": 0.122769, "volatility_20d": 0.5106, "volatility_60d": 0.340634, "drawdown": -0.078013, "max_drawdown_1y": -0.174577, "volume_ratio": 0.995477, "rsi_14": 52.823629, "macd": 0.298398, "macd_signal": 0.319217, "macd_histogram": -0.020819, "bb_width": 0.162407, "bb_position": 0.492112, "stoch_k": 85.032258, "stoch_d": 74.739211, "adx": 20.05662, "atr_14": 2.18012, "last_close": 80.01, "last_date": "2026-03-05"}