{"return_1d": -0.000503, "return_5d": 0.02161, "return_20d": 0.014045, "return_60d": 0.038701, "return_252d": 0.274873, "sma_20": 80.366, "sma_50": 77.804004, "sma_200": 70.991682, "price_vs_sma20": -0.011771, "price_vs_sma50": 0.02077, "price_vs_sma200": 0.118723, "volatility_20d": 0.531015, "volatility_60d": 0.336826, "drawdown": -0.084812, "max_drawdown_1y": -0.174577, "volume_ratio": 0.642264, "rsi_14": 51.598859, "macd": 0.149969, "macd_signal": 0.39192, "macd_histogram": -0.241951, "bb_width": 0.166367, "bb_position": 0.428403, "stoch_k": 40.622884, "stoch_d": 37.734146, "adx": 23.474753, "atr_14": 2.188639, "last_close": 79.42, "last_date": "2026-03-02"}