{"return_1d": 0.024189, "return_5d": 0.022118, "return_20d": -0.026952, "return_60d": 0.04556, "return_252d": 0.304898, "sma_20": 80.17, "sma_50": 77.957886, "sma_200": 71.173881, "price_vs_sma20": 0.008731, "price_vs_sma50": 0.037355, "price_vs_sma200": 0.136231, "volatility_20d": 0.516082, "volatility_60d": 0.339825, "drawdown": -0.068103, "max_drawdown_1y": -0.174577, "volume_ratio": 0.738571, "rsi_14": 55.612738, "macd": 0.264359, "macd_signal": 0.324421, "macd_histogram": -0.060062, "bb_width": 0.161068, "bb_position": 0.55374, "stoch_k": 98.806366, "stoch_d": 59.936086, "adx": 21.489828, "atr_14": 2.184745, "last_close": 80.87, "last_date": "2026-03-04"}