{"return_1d": -0.017123, "return_5d": -0.01032, "return_20d": -0.045168, "return_60d": 0.002546, "return_252d": 0.259393, "sma_20": 79.9265, "sma_50": 78.016948, "sma_200": 71.340401, "price_vs_sma20": -0.016096, "price_vs_sma50": 0.007986, "price_vs_sma200": 0.102321, "volatility_20d": 0.510751, "volatility_60d": 0.341839, "drawdown": -0.0938, "max_drawdown_1y": -0.174577, "volume_ratio": 0.770195, "rsi_14": 48.638773, "macd": 0.212378, "macd_signal": 0.297849, "macd_histogram": -0.085471, "bb_width": 0.163831, "bb_position": 0.400145, "stoch_k": 46.055437, "stoch_d": 76.631354, "adx": 19.104174, "atr_14": 2.142969, "last_close": 78.64, "last_date": "2026-03-06"}