{"return_1d": -0.009889, "return_5d": -0.106577, "return_20d": -0.280559, "return_60d": -0.344972, "return_252d": -0.420762, "sma_20": 49.63475, "sma_50": 58.7047, "sma_200": 74.829625, "price_vs_sma20": -0.102343, "price_vs_sma50": -0.241032, "price_vs_sma200": -0.404581, "volatility_20d": 0.757474, "volatility_60d": 0.548783, "drawdown": -0.553289, "max_drawdown_1y": -0.553289, "volume_ratio": 0.696816, "rsi_14": 30.423025, "macd": -4.029883, "macd_signal": -4.06251, "macd_histogram": 0.032627, "bb_width": 0.415013, "bb_position": 0.225284, "stoch_k": 15.087146, "stoch_d": 16.961285, "adx": 34.013693, "atr_14": 2.766754, "last_close": 44.555, "last_date": "2026-02-27"}