{"return_1d": 0.012099, "return_5d": -0.056403, "return_20d": -0.265528, "return_60d": -0.337683, "return_252d": -0.39255, "sma_20": 48.822, "sma_50": 58.3372, "sma_200": 74.67995, "price_vs_sma20": -0.074802, "price_vs_sma50": -0.225708, "price_vs_sma200": -0.395152, "volatility_20d": 0.763364, "volatility_60d": 0.549754, "drawdown": -0.547123, "max_drawdown_1y": -0.552537, "volume_ratio": 0.806429, "rsi_14": 32.43754, "macd": -3.936577, "macd_signal": -4.036367, "macd_histogram": 0.09979, "bb_width": 0.338698, "bb_position": 0.261292, "stoch_k": 21.8716, "stoch_d": 19.236793, "adx": 34.584528, "atr_14": 2.7277, "last_close": 45.17, "last_date": "2026-03-02"}