{"return_1d": 0.035643, "return_5d": -0.04822, "return_20d": -0.235371, "return_60d": -0.322225, "return_252d": -0.386492, "sma_20": 48.102, "sma_50": 57.9762, "sma_200": 74.5354, "price_vs_sma20": -0.027483, "price_vs_sma50": -0.193117, "price_vs_sma200": -0.372379, "volatility_20d": 0.783222, "volatility_60d": 0.555207, "drawdown": -0.530981, "max_drawdown_1y": -0.552537, "volume_ratio": 0.713135, "rsi_14": 37.90231, "macd": -3.694867, "macd_signal": -3.968067, "macd_histogram": 0.2732, "bb_width": 0.221044, "bb_position": 0.372152, "stoch_k": 40.58296, "stoch_d": 26.119566, "adx": 34.179467, "atr_14": 2.717864, "last_close": 46.78, "last_date": "2026-03-03"}