{"return_1d": 0.017529, "return_5d": 0.062975, "return_20d": -0.079838, "return_60d": -0.30195, "return_252d": -0.368617, "sma_20": 47.8955, "sma_50": 57.6306, "sma_200": 74.39315, "price_vs_sma20": -0.00617, "price_vs_sma50": -0.17405, "price_vs_sma200": -0.360156, "volatility_20d": 0.580242, "volatility_60d": 0.557099, "drawdown": -0.522759, "max_drawdown_1y": -0.552537, "volume_ratio": 0.585006, "rsi_14": 40.540234, "macd": -3.397973, "macd_signal": -3.854048, "macd_histogram": 0.456075, "bb_width": 0.205747, "bb_position": 0.469827, "stoch_k": 49.775785, "stoch_d": 37.410115, "adx": 33.416067, "atr_14": 2.628731, "last_close": 47.6, "last_date": "2026-03-04"}