{"return_1d": -0.01148, "return_5d": 0.000982, "return_20d": -0.001414, "return_60d": -0.010492, "return_252d": 0.126917, "sma_20": 625.899, "sma_50": 629.00464, "sma_200": 604.11121, "price_vs_sma20": -0.001615, "price_vs_sma50": -0.006545, "price_vs_sma200": 0.034392, "volatility_20d": 0.099574, "volatility_60d": 0.104749, "drawdown": -0.029204, "max_drawdown_1y": -0.233675, "volume_ratio": 1.032481, "rsi_14": 47.53525, "macd": 0.47038, "macd_signal": -0.125671, "macd_histogram": 0.596051, "bb_width": 0.025813, "bb_position": 0.437324, "stoch_k": 47.724138, "stoch_d": 76.072687, "adx": 16.291373, "atr_14": 6.979283, "last_close": 624.888, "last_date": "2026-03-06"}