{"return_1d": -0.00491, "return_5d": -0.001559, "return_20d": -0.019499, "return_60d": -0.011829, "return_252d": 0.07005, "sma_20": 624.67855, "sma_50": 628.48272, "sma_200": 602.49354, "price_vs_sma20": -0.005553, "price_vs_sma50": -0.011572, "price_vs_sma200": 0.031065, "volatility_20d": 0.09429, "volatility_60d": 0.099386, "drawdown": -0.034918, "max_drawdown_1y": -0.233675, "volume_ratio": 1.088736, "rsi_14": 44.486038, "macd": -0.903096, "macd_signal": -1.08572, "macd_histogram": 0.182624, "bb_width": 0.022491, "bb_position": 0.251748, "stoch_k": 37.656811, "stoch_d": 56.120475, "adx": 19.829505, "atr_14": 6.519438, "last_close": 621.21, "last_date": "2026-03-02"}