{"return_1d": 0.001367, "return_5d": -0.002722, "return_20d": 0.003267, "return_60d": -0.005354, "return_252d": 0.10371, "sma_20": 625.11245, "sma_50": 628.83354, "sma_200": 603.27037, "price_vs_sma20": 0.005146, "price_vs_sma50": -0.000802, "price_vs_sma200": 0.041538, "volatility_20d": 0.094561, "volatility_60d": 0.100184, "drawdown": -0.023858, "max_drawdown_1y": -0.233675, "volume_ratio": 0.240357, "rsi_14": 52.087281, "macd": 0.042774, "macd_signal": -0.622126, "macd_histogram": 0.6649, "bb_width": 0.022515, "bb_position": 0.727371, "stoch_k": 76.999171, "stoch_d": 77.454177, "adx": 17.644263, "atr_14": 6.586558, "last_close": 628.329, "last_date": "2026-03-04"}