{"return_1d": -0.006197, "return_5d": -0.004549, "return_20d": -0.002729, "return_60d": -0.006577, "return_252d": 0.03958, "sma_20": 625.29625, "sma_50": 628.35712, "sma_200": 602.200765, "price_vs_sma20": -0.001633, "price_vs_sma50": -0.006496, "price_vs_sma200": 0.036656, "volatility_20d": 0.103735, "volatility_60d": 0.098901, "drawdown": -0.030156, "max_drawdown_1y": -0.233675, "volume_ratio": 1.171837, "rsi_14": 47.71382, "macd": -0.600751, "macd_signal": -1.131376, "macd_histogram": 0.530625, "bb_width": 0.024952, "bb_position": 0.434439, "stoch_k": 54.595192, "stoch_d": 73.671512, "adx": 19.59925, "atr_14": 6.662933, "last_close": 624.275, "last_date": "2026-02-27"}