{"return_1d": -0.000721, "return_5d": 0.011876, "return_20d": 0.009454, "return_60d": 0.000277, "return_252d": 0.139182, "sma_20": 626.23905, "sma_50": 629.14066, "sma_200": 604.145215, "price_vs_sma20": 0.008703, "price_vs_sma50": 0.004051, "price_vs_sma200": 0.045591, "volatility_20d": 0.090067, "volatility_60d": 0.102067, "drawdown": -0.018638, "max_drawdown_1y": -0.233675, "volume_ratio": 0.055148, "rsi_14": 54.954283, "macd": 1.01291, "macd_signal": -0.017165, "macd_histogram": 1.030075, "bb_width": 0.026694, "bb_position": 0.823198, "stoch_k": 81.226601, "stoch_d": 87.240175, "adx": 15.953784, "atr_14": 6.353068, "last_close": 631.689, "last_date": "2026-03-06"}