{"return_1d": 0.00873, "return_5d": 0.004611, "return_20d": 0.010644, "return_60d": 0.00196, "return_252d": 0.111826, "sma_20": 625.34345, "sma_50": 628.92594, "sma_200": 603.29347, "price_vs_sma20": 0.012162, "price_vs_sma50": 0.006397, "price_vs_sma200": 0.049156, "volatility_20d": 0.099281, "volatility_60d": 0.10176, "drawdown": -0.01668, "max_drawdown_1y": -0.233675, "volume_ratio": 0.036238, "rsi_14": 56.682366, "macd": 0.411321, "macd_signal": -0.548417, "macd_histogram": 0.959738, "bb_width": 0.024482, "bb_position": 0.990806, "stoch_k": 93.982068, "stoch_d": 83.115143, "adx": 17.309007, "atr_14": 6.953486, "last_close": 632.949, "last_date": "2026-03-05"}