{"return_1d": -0.005934, "return_5d": 0.000448, "return_20d": -0.005348, "return_60d": -0.005093, "return_252d": 0.102763, "sma_20": 624.92155, "sma_50": 628.72146, "sma_200": 602.879165, "price_vs_sma20": 0.001244, "price_vs_sma50": -0.004807, "price_vs_sma200": 0.037851, "volatility_20d": 0.097499, "volatility_60d": 0.10111, "drawdown": -0.027944, "max_drawdown_1y": -0.233675, "volume_ratio": 0.111509, "rsi_14": 49.227218, "macd": -0.265069, "macd_signal": -0.816622, "macd_histogram": 0.551554, "bb_width": 0.021925, "bb_position": 0.556673, "stoch_k": 62.464769, "stoch_d": 66.721931, "adx": 18.306077, "atr_14": 6.772101, "last_close": 625.699, "last_date": "2026-03-03"}