{"return_1d": -0.000117, "return_5d": 0.007918, "return_20d": 0.126089, "return_60d": 0.223673, "return_252d": 0.354855, "sma_20": 40.92475, "sma_50": 38.1815, "sma_200": 35.014861, "price_vs_sma20": 0.042034, "price_vs_sma50": 0.116902, "price_vs_sma200": 0.217911, "volatility_20d": 0.151761, "volatility_60d": 0.182424, "drawdown": -0.000117, "max_drawdown_1y": -0.294423, "volume_ratio": 0.553974, "rsi_14": 74.812203, "macd": 1.339085, "macd_signal": 1.296241, "macd_histogram": 0.042844, "bb_width": 0.125859, "bb_position": 0.820509, "stoch_k": 93.923611, "stoch_d": 91.030033, "adx": 47.835428, "atr_14": 0.808589, "last_close": 42.645, "last_date": "2026-02-27"}