{"return_1d": -0.038102, "return_5d": -0.031992, "return_20d": 0.036023, "return_60d": 0.137344, "return_252d": 0.338991, "sma_20": 41.555615, "sma_50": 38.536472, "sma_200": 35.138014, "price_vs_sma20": -0.009761, "price_vs_sma50": 0.06782, "price_vs_sma200": 0.171096, "volatility_20d": 0.203843, "volatility_60d": 0.197123, "drawdown": -0.046792, "max_drawdown_1y": -0.294424, "volume_ratio": 1.528993, "rsi_14": 53.408625, "macd": 1.13163, "macd_signal": 1.27729, "macd_histogram": -0.14566, "bb_width": 0.090581, "bb_position": 0.391181, "stoch_k": 36.441902, "stoch_d": 66.680149, "adx": 47.418935, "atr_14": 0.901917, "last_close": 41.15, "last_date": "2026-03-05"}