{"return_1d": 0.002813, "return_5d": 0.016601, "return_20d": 0.096319, "return_60d": 0.186317, "return_252d": 0.360207, "sma_20": 41.484075, "sma_50": 38.441076, "sma_200": 35.086516, "price_vs_sma20": 0.031239, "price_vs_sma50": 0.112872, "price_vs_sma200": 0.219272, "volatility_20d": 0.147347, "volatility_60d": 0.178311, "drawdown": -0.009034, "max_drawdown_1y": -0.294424, "volume_ratio": 0.675823, "rsi_14": 71.356075, "macd": 1.303471, "macd_signal": 1.313705, "macd_histogram": -0.010234, "bb_width": 0.0946, "bb_position": 0.82022, "stoch_k": 83.532675, "stoch_d": 86.132779, "adx": 50.501677, "atr_14": 0.821295, "last_close": 42.78, "last_date": "2026-03-04"}