{"return_1d": -0.029162, "return_5d": -0.064184, "return_20d": 0.005307, "return_60d": 0.102656, "return_252d": 0.311715, "sma_20": 41.56616, "sma_50": 38.60707, "sma_200": 35.184054, "price_vs_sma20": -0.038882, "price_vs_sma50": 0.034785, "price_vs_sma200": 0.135458, "volatility_20d": 0.231732, "volatility_60d": 0.207353, "drawdown": -0.074589, "max_drawdown_1y": -0.294424, "volume_ratio": 1.131292, "rsi_14": 44.529026, "macd": 0.888374, "macd_signal": 1.199507, "macd_histogram": -0.311133, "bb_width": 0.091337, "bb_position": 0.057082, "stoch_k": 5.555556, "stoch_d": 41.843377, "adx": 44.897862, "atr_14": 0.937494, "last_close": 39.95, "last_date": "2026-03-06"}