{"return_1d": 0.014374, "return_5d": 0.005549, "return_20d": 0.062972, "return_60d": 0.087163, "return_252d": -0.007109, "sma_20": 195.8757, "sma_50": 192.582548, "sma_200": 202.211798, "price_vs_sma20": 0.026825, "price_vs_sma50": 0.044383, "price_vs_sma200": -0.00535, "volatility_20d": 0.163983, "volatility_60d": 0.162888, "drawdown": -0.110568, "max_drawdown_1y": -0.198758, "volume_ratio": 1.064004, "rsi_14": 62.691504, "macd": 2.030479, "macd_signal": 1.807855, "macd_histogram": 0.222623, "bb_width": 0.063997, "bb_position": 0.908208, "stoch_k": 82.441315, "stoch_d": 63.855786, "adx": 18.656968, "atr_14": 3.774767, "last_close": 201.13, "last_date": "2026-02-27"}