{"return_1d": -0.004498, "return_5d": 0.01233, "return_20d": 0.051354, "return_60d": 0.115304, "return_252d": 0.000335, "sma_20": 198.56882, "sma_50": 193.965292, "sma_200": 201.849902, "price_vs_sma20": 0.025388, "price_vs_sma50": 0.049724, "price_vs_sma200": 0.00872, "volatility_20d": 0.17847, "volatility_60d": 0.160044, "drawdown": -0.099601, "max_drawdown_1y": -0.198758, "volume_ratio": 1.24971, "rsi_14": 63.909774, "macd": 2.637452, "macd_signal": 2.22585, "macd_histogram": 0.411603, "bb_width": 0.058356, "bb_position": 0.924279, "stoch_k": 65.575834, "stoch_d": 70.445643, "adx": 24.860441, "atr_14": 4.489895, "last_close": 203.61, "last_date": "2026-03-06"}