{"return_1d": 0.002337, "return_5d": 0.016488, "return_20d": 0.055769, "return_60d": 0.09704, "return_252d": -0.000189, "sma_20": 196.40816, "sma_50": 192.870758, "sma_200": 202.152317, "price_vs_sma20": 0.026434, "price_vs_sma50": 0.04526, "price_vs_sma200": -0.002732, "volatility_20d": 0.162417, "volatility_60d": 0.162011, "drawdown": -0.108489, "max_drawdown_1y": -0.198758, "volume_ratio": 0.612498, "rsi_14": 63.4599, "macd": 2.198576, "macd_signal": 1.886, "macd_histogram": 0.312576, "bb_width": 0.064284, "bb_position": 0.900615, "stoch_k": 86.85446, "stoch_d": 76.840861, "adx": 19.322773, "atr_14": 3.779427, "last_close": 201.6, "last_date": "2026-03-02"}