{"return_1d": -0.000248, "return_5d": 0.01511, "return_20d": 0.058161, "return_60d": 0.09368, "return_252d": -0.020332, "sma_20": 196.962065, "sma_50": 193.162958, "sma_200": 202.098239, "price_vs_sma20": 0.023293, "price_vs_sma50": 0.04342, "price_vs_sma200": -0.002713, "volatility_20d": 0.16164, "volatility_60d": 0.162034, "drawdown": -0.10871, "max_drawdown_1y": -0.198758, "volume_ratio": 0.774137, "rsi_14": 63.310514, "macd": 2.301233, "macd_signal": 1.969046, "macd_histogram": 0.332186, "bb_width": 0.06197, "bb_position": 0.867324, "stoch_k": 86.384977, "stoch_d": 85.226917, "adx": 20.103433, "atr_14": 3.819468, "last_close": 201.55, "last_date": "2026-03-03"}