{"return_1d": -0.007095, "return_5d": 0.016973, "return_20d": 0.051645, "return_60d": 0.089933, "return_252d": -0.026954, "sma_20": 197.45345, "sma_50": 193.376272, "sma_200": 202.013718, "price_vs_sma20": 0.013505, "price_vs_sma50": 0.034874, "price_vs_sma200": -0.009374, "volatility_20d": 0.165009, "volatility_60d": 0.162654, "drawdown": -0.115034, "max_drawdown_1y": -0.198758, "volume_ratio": 0.751864, "rsi_14": 59.030566, "macd": 2.241363, "macd_signal": 2.023509, "macd_histogram": 0.217853, "bb_width": 0.055763, "bb_position": 0.738953, "stoch_k": 72.957746, "stoch_d": 82.065728, "adx": 20.828334, "atr_14": 3.762363, "last_close": 200.12, "last_date": "2026-03-04"}