{"return_1d": 0.022037, "return_5d": 0.031521, "return_20d": 0.064329, "return_60d": 0.097726, "return_252d": 0.008441, "sma_20": 198.07155, "sma_50": 193.72408, "sma_200": 201.939522, "price_vs_sma20": 0.032607, "price_vs_sma50": 0.05578, "price_vs_sma200": 0.012828, "volatility_20d": 0.177344, "volatility_60d": 0.165836, "drawdown": -0.095532, "max_drawdown_1y": -0.198758, "volume_ratio": 2.085637, "rsi_14": 66.542381, "macd": 2.520708, "macd_signal": 2.122949, "macd_histogram": 0.397759, "bb_width": 0.057045, "bb_position": 1.053542, "stoch_k": 72.803347, "stoch_d": 77.382023, "adx": 22.919055, "atr_14": 4.392194, "last_close": 204.53, "last_date": "2026-03-05"}