{"return_1d": 0.01964, "return_5d": 0.037987, "return_20d": 0.021646, "return_60d": 0.137276, "return_252d": 0.218158, "sma_20": 30.8615, "sma_50": 28.275, "sma_200": 25.449278, "price_vs_sma20": 0.009348, "price_vs_sma50": 0.10168, "price_vs_sma200": 0.224003, "volatility_20d": 0.281628, "volatility_60d": 0.30252, "drawdown": -0.01766, "max_drawdown_1y": -0.284996, "volume_ratio": 0.936967, "rsi_14": 58.942551, "macd": 0.681198, "macd_signal": 0.842901, "macd_histogram": -0.161703, "bb_width": 0.065626, "bb_position": 0.641128, "stoch_k": 54.626866, "stoch_d": 46.169154, "adx": 39.556363, "atr_14": 0.992868, "last_close": 31.15, "last_date": "2026-03-05"}