{"return_1d": -0.003852, "return_5d": 0.014384, "return_20d": 0.023755, "return_60d": 0.167858, "return_252d": 0.23067, "sma_20": 30.8975, "sma_50": 28.3852, "sma_200": 25.484062, "price_vs_sma20": 0.004288, "price_vs_sma50": 0.093175, "price_vs_sma200": 0.217624, "volatility_20d": 0.281033, "volatility_60d": 0.295275, "drawdown": -0.021444, "max_drawdown_1y": -0.284996, "volume_ratio": 1.101972, "rsi_14": 57.858981, "macd": 0.653871, "macd_signal": 0.805095, "macd_histogram": -0.151224, "bb_width": 0.063949, "bb_position": 0.566773, "stoch_k": 51.044776, "stoch_d": 47.462687, "adx": 38.71058, "atr_14": 0.99052, "last_close": 31.03, "last_date": "2026-03-06"}