{"return_1d": 0.022992, "return_5d": -0.018542, "return_20d": 0.094084, "return_60d": 0.139147, "return_252d": 0.182689, "sma_20": 30.466, "sma_50": 27.8356, "sma_200": 25.314629, "price_vs_sma20": 0.007681, "price_vs_sma50": 0.102904, "price_vs_sma200": 0.212738, "volatility_20d": 0.373693, "volatility_60d": 0.30029, "drawdown": -0.031851, "max_drawdown_1y": -0.284996, "volume_ratio": 0.422887, "rsi_14": 58.658593, "macd": 0.785387, "macd_signal": 1.017949, "macd_histogram": -0.232562, "bb_width": 0.125763, "bb_position": 0.560607, "stoch_k": 41.19403, "stoch_d": 22.524453, "adx": 44.419533, "atr_14": 0.949583, "last_close": 30.7, "last_date": "2026-02-27"}