{"return_1d": 0.019327, "return_5d": -0.022059, "return_20d": 0.090164, "return_60d": 0.135065, "return_252d": 0.178451, "sma_20": 30.4605, "sma_50": 27.8334, "sma_200": 25.314079, "price_vs_sma20": 0.004251, "price_vs_sma50": 0.099039, "price_vs_sma200": 0.208418, "volatility_20d": 0.371542, "volatility_60d": 0.299306, "drawdown": -0.03532, "max_drawdown_1y": -0.284996, "volume_ratio": 0.713108, "rsi_14": 57.941213, "macd": 0.776612, "macd_signal": 1.016194, "macd_histogram": -0.239582, "bb_width": 0.126079, "bb_position": 0.533577, "stoch_k": 37.910448, "stoch_d": 21.429925, "adx": 44.424707, "atr_14": 0.949941, "last_close": 30.59, "last_date": "2026-02-27"}