{"return_1d": -0.011327, "return_5d": 0.021739, "return_20d": 0.055632, "return_60d": 0.11741, "return_252d": 0.203334, "sma_20": 30.8285, "sma_50": 28.1596, "sma_200": 25.415367, "price_vs_sma20": -0.009034, "price_vs_sma50": 0.084888, "price_vs_sma200": 0.202029, "volatility_20d": 0.33224, "volatility_60d": 0.30036, "drawdown": -0.036582, "max_drawdown_1y": -0.284996, "volume_ratio": 0.652908, "rsi_14": 55.032622, "macd": 0.693951, "macd_signal": 0.883327, "macd_histogram": -0.189376, "bb_width": 0.067126, "bb_position": 0.364192, "stoch_k": 36.716418, "stoch_d": 49.751244, "adx": 40.79255, "atr_14": 0.998473, "last_close": 30.55, "last_date": "2026-03-04"}