{"return_1d": 0.007297, "return_5d": 0.028403, "return_20d": -0.133301, "return_60d": -0.174859, "return_252d": -0.199872, "sma_20": 66.34827, "sma_50": 76.306064, "sma_200": 74.147888, "price_vs_sma20": -0.00133, "price_vs_sma50": -0.131655, "price_vs_sma200": -0.10638, "volatility_20d": 0.485746, "volatility_60d": 0.396587, "drawdown": -0.253869, "max_drawdown_1y": -0.312425, "volume_ratio": 0.522159, "rsi_14": 41.819354, "macd": -3.344985, "macd_signal": -4.058931, "macd_histogram": 0.713946, "bb_width": 0.25429, "bb_position": 0.494761, "stoch_k": 87.605634, "stoch_d": 71.768211, "adx": 44.692551, "atr_14": 2.523644, "last_close": 66.26, "last_date": "2026-03-06"}