{"return_1d": -0.008081, "return_5d": -0.008996, "return_20d": -0.214398, "return_60d": -0.163465, "return_252d": -0.220494, "sma_20": 69.650525, "sma_50": 78.19647, "sma_200": 74.518891, "price_vs_sma20": -0.074738, "price_vs_sma50": -0.175858, "price_vs_sma200": -0.135186, "volatility_20d": 0.595496, "volatility_60d": 0.396499, "drawdown": -0.274307, "max_drawdown_1y": -0.312425, "volume_ratio": 0.417858, "rsi_14": 34.516598, "macd": -4.73512, "macd_signal": -4.47444, "macd_histogram": -0.26068, "bb_width": 0.411538, "bb_position": 0.303725, "stoch_k": 28.049107, "stoch_d": 20.929043, "adx": 51.004051, "atr_14": 2.791426, "last_close": 64.445, "last_date": "2026-02-27"}