{"return_1d": 0.012123, "return_5d": 0.061797, "return_20d": -0.121458, "return_60d": -0.183899, "return_252d": -0.206293, "sma_20": 67.3849, "sma_50": 77.060388, "sma_200": 74.289975, "price_vs_sma20": -0.033611, "price_vs_sma50": -0.154948, "price_vs_sma200": -0.123435, "volatility_20d": 0.497923, "volatility_60d": 0.395617, "drawdown": -0.266706, "max_drawdown_1y": -0.312425, "volume_ratio": 0.676543, "rsi_14": 38.175875, "macd": -4.025673, "macd_signal": -4.374509, "macd_histogram": 0.348836, "bb_width": 0.317568, "bb_position": 0.390479, "stoch_k": 49.888536, "stoch_d": 34.075191, "adx": 48.422594, "atr_14": 2.604403, "last_close": 65.12, "last_date": "2026-03-04"}