{"return_1d": -0.019747, "return_5d": 0.014592, "return_20d": 0.080707, "return_60d": 0.211451, "return_252d": 0.268965, "sma_20": 76.021275, "sma_50": 72.03917, "sma_200": 69.651414, "price_vs_sma20": 0.038262, "price_vs_sma50": 0.095654, "price_vs_sma200": 0.133215, "volatility_20d": 0.234722, "volatility_60d": 0.203259, "drawdown": -0.019747, "max_drawdown_1y": -0.207101, "volume_ratio": 1.107165, "rsi_14": 65.69102, "macd": 2.136511, "macd_signal": 1.907047, "macd_histogram": 0.229465, "bb_width": 0.115325, "bb_position": 0.819547, "stoch_k": 72.573254, "stoch_d": 88.672716, "adx": 45.756863, "atr_14": 1.621595, "last_close": 78.93, "last_date": "2026-03-03"}