{"return_1d": 0.007255, "return_5d": 0.055471, "return_20d": 0.108534, "return_60d": 0.230203, "return_252d": 0.297824, "sma_20": 75.72655, "sma_50": 71.786186, "sma_200": 69.591433, "price_vs_sma20": 0.063299, "price_vs_sma50": 0.121664, "price_vs_sma200": 0.157039, "volatility_20d": 0.217319, "volatility_60d": 0.198233, "drawdown": 0.0, "max_drawdown_1y": -0.207101, "volume_ratio": 0.90542, "rsi_14": 75.49764, "macd": 2.175065, "macd_signal": 1.849681, "macd_histogram": 0.325384, "bb_width": 0.112346, "bb_position": 1.029892, "stoch_k": 94.697554, "stoch_d": 97.76717, "adx": 46.37904, "atr_14": 1.530948, "last_close": 80.52, "last_date": "2026-03-02"}