{"return_1d": -0.018077, "return_5d": -0.026104, "return_20d": 0.021865, "return_60d": 0.163068, "return_252d": 0.293322, "sma_20": 76.259645, "sma_50": 72.471558, "sma_200": 69.746507, "price_vs_sma20": 0.004332, "price_vs_sma50": 0.056828, "price_vs_sma200": 0.09812, "volatility_20d": 0.238176, "volatility_60d": 0.207994, "drawdown": -0.048808, "max_drawdown_1y": -0.207101, "volume_ratio": 0.901737, "rsi_14": 54.048423, "macd": 1.771545, "macd_signal": 1.896062, "macd_histogram": -0.124517, "bb_width": 0.119213, "bb_position": 0.536181, "stoch_k": 40.077767, "stoch_d": 57.436467, "adx": 42.885039, "atr_14": 1.669717, "last_close": 76.59, "last_date": "2026-03-05"}