{"return_1d": -0.011783, "return_5d": 0.00651, "return_20d": 0.041786, "return_60d": 0.179297, "return_252d": 0.304049, "sma_20": 76.177705, "sma_50": 72.262978, "sma_200": 69.703277, "price_vs_sma20": 0.023922, "price_vs_sma50": 0.079391, "price_vs_sma200": 0.119029, "volatility_20d": 0.227072, "volatility_60d": 0.204032, "drawdown": -0.031297, "max_drawdown_1y": -0.207101, "volume_ratio": 1.030692, "rsi_14": 60.722721, "macd": 2.00777, "macd_signal": 1.927191, "macd_histogram": 0.080579, "bb_width": 0.11788, "bb_position": 0.698191, "stoch_k": 59.658381, "stoch_d": 75.643063, "adx": 45.179128, "atr_14": 1.649695, "last_close": 78.0, "last_date": "2026-03-04"}