{"return_1d": -0.052614, "return_5d": -0.003981, "return_20d": -0.215609, "return_60d": -0.106539, "return_252d": 0.441259, "sma_20": 365.5175, "sma_50": 414.4936, "sma_200": 365.00415, "price_vs_sma20": -0.082725, "price_vs_sma50": -0.191109, "price_vs_sma200": -0.081435, "volatility_20d": 0.664994, "volatility_60d": 0.652752, "drawdown": -0.299237, "max_drawdown_1y": -0.56074, "volume_ratio": 0.702221, "rsi_14": 38.58415, "macd": -24.343766, "macd_signal": -23.417151, "macd_histogram": -0.926615, "bb_width": 0.365603, "bb_position": 0.253323, "stoch_k": 20.546787, "stoch_d": 26.255794, "adx": 39.472384, "atr_14": 27.15814, "last_close": 335.28, "last_date": "2026-02-27"}