{"return_1d": -0.008558, "return_5d": -0.05563, "return_20d": -0.229311, "return_60d": -0.20707, "return_252d": 0.441148, "sma_20": 352.4115, "sma_50": 406.2954, "sma_200": 365.31045, "price_vs_sma20": -0.102583, "price_vs_sma50": -0.221601, "price_vs_sma200": -0.134271, "volatility_20d": 0.635555, "volatility_60d": 0.651536, "drawdown": -0.33899, "max_drawdown_1y": -0.56074, "volume_ratio": 0.594908, "rsi_14": 34.662026, "macd": -25.112552, "macd_signal": -24.179705, "macd_histogram": -0.932847, "bb_width": 0.365828, "bb_position": 0.187532, "stoch_k": 23.657414, "stoch_d": 17.69437, "adx": 39.794138, "atr_14": 25.494619, "last_close": 316.26, "last_date": "2026-03-04"}