{"return_1d": 0.019356, "return_5d": 0.036902, "return_20d": 0.068243, "return_60d": 0.013581, "return_252d": 0.292729, "sma_20": 76.8225, "sma_50": 78.015686, "sma_200": 72.038886, "price_vs_sma20": 0.035113, "price_vs_sma50": 0.019282, "price_vs_sma200": 0.103848, "volatility_20d": 0.290285, "volatility_60d": 0.39092, "drawdown": -0.174835, "max_drawdown_1y": -0.400239, "volume_ratio": 1.12712, "rsi_14": 56.203079, "macd": -0.102255, "macd_signal": -0.327359, "macd_histogram": 0.225104, "bb_width": 0.069202, "bb_position": 0.990191, "stoch_k": 96.632504, "stoch_d": 73.011225, "adx": 19.060447, "atr_14": 2.43748, "last_close": 79.52, "last_date": "2026-02-27"}