{"return_1d": -0.014328, "return_5d": 0.085063, "return_20d": 0.067224, "return_60d": 0.082029, "return_252d": 0.271464, "sma_20": 77.452, "sma_50": 78.168374, "sma_200": 72.264999, "price_vs_sma20": 0.039224, "price_vs_sma50": 0.0297, "price_vs_sma200": 0.113817, "volatility_20d": 0.307153, "volatility_60d": 0.386926, "drawdown": -0.164769, "max_drawdown_1y": -0.400239, "volume_ratio": 0.818628, "rsi_14": 57.263252, "macd": 0.455848, "macd_signal": -0.069964, "macd_histogram": 0.525812, "bb_width": 0.08729, "bb_position": 0.932394, "stoch_k": 86.31699, "stoch_d": 95.362893, "adx": 17.24677, "atr_14": 2.453292, "last_close": 80.49, "last_date": "2026-03-03"}