{"return_1d": 0.024228, "return_5d": 0.041857, "return_20d": 0.073348, "return_60d": 0.018425, "return_252d": 0.298906, "sma_20": 76.8415, "sma_50": 78.023286, "sma_200": 72.040786, "price_vs_sma20": 0.039803, "price_vs_sma50": 0.024053, "price_vs_sma200": 0.109094, "volatility_20d": 0.294309, "volatility_60d": 0.392047, "drawdown": -0.170891, "max_drawdown_1y": -0.400239, "volume_ratio": 1.683999, "rsi_14": 57.087788, "macd": -0.071942, "macd_signal": -0.321296, "macd_histogram": 0.249355, "bb_width": 0.070835, "bb_position": 1.040398, "stoch_k": 100.0, "stoch_d": 74.133724, "adx": 18.982974, "atr_14": 2.448551, "last_close": 79.9, "last_date": "2026-02-27"}