{"return_1d": -0.009785, "return_5d": -0.024781, "return_20d": 0.020831, "return_60d": 0.02654, "return_252d": 0.226575, "sma_20": 77.891, "sma_50": 78.272744, "sma_200": 72.546909, "price_vs_sma20": 0.000372, "price_vs_sma50": -0.004507, "price_vs_sma200": 0.074064, "volatility_20d": 0.30413, "volatility_60d": 0.386192, "drawdown": -0.191438, "max_drawdown_1y": -0.400239, "volume_ratio": 0.838306, "rsi_14": 49.343194, "macd": 0.445267, "macd_signal": 0.217488, "macd_histogram": 0.227779, "bb_width": 0.090955, "bb_position": 0.504092, "stoch_k": 57.012543, "stoch_d": 70.011403, "adx": 15.415244, "atr_14": 2.340117, "last_close": 77.92, "last_date": "2026-03-06"}