{"return_1d": 0.020803, "return_5d": 0.031169, "return_20d": 0.05809, "return_60d": 0.278384, "return_252d": 0.305565, "sma_20": 183.867995, "sma_50": 170.370836, "sma_200": 153.457618, "price_vs_sma20": 0.032806, "price_vs_sma50": 0.114627, "price_vs_sma200": 0.237475, "volatility_20d": 0.182645, "volatility_60d": 0.232604, "drawdown": 0.0, "max_drawdown_1y": -0.219447, "volume_ratio": 1.308645, "rsi_14": 69.008249, "macd": 5.005636, "macd_signal": 5.313835, "macd_histogram": -0.308199, "bb_width": 0.069803, "bb_position": 0.955054, "stoch_k": 87.051482, "stoch_d": 74.050962, "adx": 47.993549, "atr_14": 3.66808, "last_close": 189.9, "last_date": "2026-03-05"}