{"return_1d": 0.015207, "return_5d": 0.025364, "return_20d": 0.082276, "return_60d": 0.274242, "return_252d": 0.264647, "sma_20": 182.039675, "sma_50": 167.889822, "sma_200": 152.672535, "price_vs_sma20": 0.041531, "price_vs_sma50": 0.129312, "price_vs_sma200": 0.241874, "volatility_20d": 0.193044, "volatility_60d": 0.229696, "drawdown": 0.0, "max_drawdown_1y": -0.219447, "volume_ratio": 1.453082, "rsi_14": 74.342488, "macd": 5.314255, "macd_signal": 5.542406, "macd_histogram": -0.228151, "bb_width": 0.081278, "bb_position": 0.990604, "stoch_k": 85.511811, "stoch_d": 78.942475, "adx": 51.172495, "atr_14": 3.528662, "last_close": 189.6, "last_date": "2026-03-02"}