{"return_1d": 0.016507, "return_5d": 0.017779, "return_20d": 0.104219, "return_60d": 0.239225, "return_252d": 0.260953, "sma_20": 181.34099, "sma_50": 167.013188, "sma_200": 152.407834, "price_vs_sma20": 0.032309, "price_vs_sma50": 0.12087, "price_vs_sma200": 0.228283, "volatility_20d": 0.217829, "volatility_60d": 0.232334, "drawdown": 0.0, "max_drawdown_1y": -0.219447, "volume_ratio": 0.5519, "rsi_14": 71.527247, "macd": 5.221191, "macd_signal": 5.606464, "macd_histogram": -0.385273, "bb_width": 0.080127, "bb_position": 0.890609, "stoch_k": 92.778517, "stoch_d": 75.237464, "adx": 51.392917, "atr_14": 3.422955, "last_close": 187.2, "last_date": "2026-02-27"}