{"return_1d": -0.014515, "return_5d": 0.009825, "return_20d": 0.055099, "return_60d": 0.233743, "return_252d": 0.269853, "sma_20": 183.34671, "sma_50": 169.499208, "sma_200": 153.188021, "price_vs_sma20": 0.014635, "price_vs_sma50": 0.097527, "price_vs_sma200": 0.21439, "volatility_20d": 0.179145, "volatility_60d": 0.233211, "drawdown": -0.018829, "max_drawdown_1y": -0.219447, "volume_ratio": 1.0533, "rsi_14": 63.781927, "macd": 4.988408, "macd_signal": 5.390885, "macd_histogram": -0.402477, "bb_width": 0.067504, "bb_position": 0.713675, "stoch_k": 56.864275, "stoch_d": 73.537738, "adx": 49.236334, "atr_14": 3.647163, "last_close": 186.03, "last_date": "2026-03-04"}