{"return_1d": 0.00381, "return_5d": 0.001584, "return_20d": 0.022295, "return_60d": 0.093667, "return_252d": 0.223093, "sma_20": 63.48074, "sma_50": 60.8706, "sma_200": 58.390872, "price_vs_sma20": -0.003792, "price_vs_sma50": 0.038925, "price_vs_sma200": 0.083046, "volatility_20d": 0.188361, "volatility_60d": 0.194978, "drawdown": -0.136694, "max_drawdown_1y": -0.352091, "volume_ratio": 0.682215, "rsi_14": 55.32939, "macd": 0.520498, "macd_signal": 0.778987, "macd_histogram": -0.258489, "bb_width": 0.068818, "bb_position": 0.444683, "stoch_k": 40.574949, "stoch_d": 35.59206, "adx": 21.727907, "atr_14": 1.313367, "last_close": 63.24, "last_date": "2026-03-06"}