{"return_1d": 0.006872, "return_5d": 0.005073, "return_20d": 0.02152, "return_60d": 0.088587, "return_252d": 0.213293, "sma_20": 63.41178, "sma_50": 60.738132, "sma_200": 58.343233, "price_vs_sma20": -0.006494, "price_vs_sma50": 0.03724, "price_vs_sma200": 0.079817, "volatility_20d": 0.188239, "volatility_60d": 0.194983, "drawdown": -0.13997, "max_drawdown_1y": -0.352091, "volume_ratio": 0.888613, "rsi_14": 53.791714, "macd": 0.547369, "macd_signal": 0.843609, "macd_histogram": -0.29624, "bb_width": 0.072595, "bb_position": 0.409964, "stoch_k": 36.632444, "stoch_d": 32.525667, "adx": 22.989934, "atr_14": 1.30978, "last_close": 63.0, "last_date": "2026-03-05"}