{"return_1d": 0.007307, "return_5d": -0.032552, "return_20d": 0.049036, "return_60d": 0.061403, "return_252d": 0.170642, "sma_20": 62.916155, "sma_50": 60.441334, "sma_200": 58.13144, "price_vs_sma20": 0.003558, "price_vs_sma50": 0.044649, "price_vs_sma200": 0.086159, "volatility_20d": 0.211388, "volatility_60d": 0.1972, "drawdown": -0.138059, "max_drawdown_1y": -0.352091, "volume_ratio": 2.117596, "rsi_14": 54.803406, "macd": 0.890264, "macd_signal": 1.139499, "macd_histogram": -0.249235, "bb_width": 0.110431, "bb_position": 0.532103, "stoch_k": 36.855604, "stoch_d": 32.901896, "adx": 26.916043, "atr_14": 1.308056, "last_close": 63.14, "last_date": "2026-02-27"}