{"return_1d": -0.005868, "return_5d": -0.006151, "return_20d": 0.055272, "return_60d": 0.067184, "return_252d": 0.158308, "sma_20": 63.25603, "sma_50": 60.592124, "sma_200": 58.244904, "price_vs_sma20": -0.009106, "price_vs_sma50": 0.034458, "price_vs_sma200": 0.076146, "volatility_20d": 0.207666, "volatility_60d": 0.196565, "drawdown": -0.144339, "max_drawdown_1y": -0.352091, "volume_ratio": 0.686694, "rsi_14": 51.731165, "macd": 0.698027, "macd_signal": 0.997551, "macd_histogram": -0.299524, "bb_width": 0.084085, "bb_position": 0.390705, "stoch_k": 31.37577, "stoch_d": 31.691177, "adx": 24.976337, "atr_14": 1.342763, "last_close": 62.68, "last_date": "2026-03-03"}