{"return_1d": -0.001755, "return_5d": -0.005242, "return_20d": 0.029413, "return_60d": 0.068694, "return_252d": 0.151193, "sma_20": 63.34542, "sma_50": 60.654198, "sma_200": 58.294737, "price_vs_sma20": -0.012241, "price_vs_sma50": 0.031586, "price_vs_sma200": 0.073339, "volatility_20d": 0.193342, "volatility_60d": 0.196454, "drawdown": -0.145841, "max_drawdown_1y": -0.352091, "volume_ratio": 0.772417, "rsi_14": 50.984683, "macd": 0.598141, "macd_signal": 0.917669, "macd_histogram": -0.319528, "bb_width": 0.076864, "bb_position": 0.338769, "stoch_k": 29.568789, "stoch_d": 29.262238, "adx": 24.033987, "atr_14": 1.328994, "last_close": 62.57, "last_date": "2026-03-04"}