{"return_1d": -0.001425, "return_5d": -0.00791, "return_20d": 0.059032, "return_60d": 0.067793, "return_252d": 0.182013, "sma_20": 63.09188, "sma_50": 60.528048, "sma_200": 58.189552, "price_vs_sma20": -0.000664, "price_vs_sma50": 0.041666, "price_vs_sma200": 0.083528, "volatility_20d": 0.206085, "volatility_60d": 0.196482, "drawdown": -0.139288, "max_drawdown_1y": -0.352091, "volume_ratio": 1.037912, "rsi_14": 54.210212, "macd": 0.804164, "macd_signal": 1.072432, "macd_histogram": -0.268268, "bb_width": 0.099041, "bb_position": 0.493293, "stoch_k": 26.842156, "stoch_d": 30.924636, "adx": 25.991174, "atr_14": 1.256052, "last_close": 63.05, "last_date": "2026-03-02"}