{"return_1d": -0.03948, "return_5d": -0.130478, "return_20d": -0.132422, "return_60d": -0.083807, "return_252d": 0.134824, "sma_20": 68.818025, "sma_50": 69.158296, "sma_200": 59.934637, "price_vs_sma20": -0.1091, "price_vs_sma50": -0.113483, "price_vs_sma200": 0.022948, "volatility_20d": 0.544772, "volatility_60d": 0.401062, "drawdown": -0.184119, "max_drawdown_1y": -0.479185, "volume_ratio": 2.212323, "rsi_14": 35.034822, "macd": -1.503162, "macd_signal": -0.624962, "macd_histogram": -0.8782, "bb_width": 0.23506, "bb_position": -0.020973, "stoch_k": 17.271994, "stoch_d": 21.338603, "adx": 24.372361, "atr_14": 3.172516, "last_close": 61.31, "last_date": "2026-03-05"}