{"return_1d": -0.02207, "return_5d": -0.036714, "return_20d": -0.022241, "return_60d": -0.010983, "return_252d": 0.088531, "sma_20": 69.82152, "sma_50": 69.570664, "sma_200": 59.737828, "price_vs_sma20": -0.079797, "price_vs_sma50": -0.076479, "price_vs_sma200": 0.075533, "volatility_20d": 0.567212, "volatility_60d": 0.399283, "drawdown": -0.144995, "max_drawdown_1y": -0.479185, "volume_ratio": 1.342047, "rsi_14": 39.823217, "macd": -0.646152, "macd_signal": -0.059541, "macd_histogram": -0.586611, "bb_width": 0.168156, "bb_position": -0.015688, "stoch_k": 18.171844, "stoch_d": 21.645407, "adx": 20.408516, "atr_14": 3.01992, "last_close": 64.25, "last_date": "2026-03-02"}