{"return_1d": -0.068359, "return_5d": -0.051433, "return_20d": -0.010092, "return_60d": 0.026788, "return_252d": 0.08038, "sma_20": 69.894095, "sma_50": 69.704408, "sma_200": 59.679032, "price_vs_sma20": -0.06015, "price_vs_sma50": -0.057592, "price_vs_sma200": 0.100722, "volatility_20d": 0.562904, "volatility_60d": 0.397878, "drawdown": -0.125833, "max_drawdown_1y": -0.479185, "volume_ratio": 1.05195, "rsi_14": 42.316888, "macd": -0.294549, "macd_signal": 0.086952, "macd_histogram": -0.381501, "bb_width": 0.156279, "bb_position": 0.090481, "stoch_k": 3.049062, "stoch_d": 25.732299, "adx": 18.682248, "atr_14": 2.936837, "last_close": 65.69, "last_date": "2026-02-27"}