{"return_1d": -0.068217, "return_5d": -0.051288, "return_20d": -0.009941, "return_60d": 0.026944, "return_252d": 0.080544, "sma_20": 69.894595, "sma_50": 69.704608, "sma_200": 59.679082, "price_vs_sma20": -0.060013, "price_vs_sma50": -0.057451, "price_vs_sma200": 0.100888, "volatility_20d": 0.562675, "volatility_60d": 0.397773, "drawdown": -0.1257, "max_drawdown_1y": -0.479185, "volume_ratio": 1.457483, "rsi_14": 42.333974, "macd": -0.293751, "macd_signal": 0.087112, "macd_histogram": -0.380863, "bb_width": 0.156205, "bb_position": 0.091276, "stoch_k": 3.141458, "stoch_d": 25.763098, "adx": 18.682248, "atr_14": 2.936837, "last_close": 65.7, "last_date": "2026-02-27"}