{"return_1d": 0.013051, "return_5d": 0.0271, "return_20d": -0.12005, "return_60d": -0.196392, "return_252d": -0.102726, "sma_20": 175.3895, "sma_50": 200.8118, "sma_200": 228.87385, "price_vs_sma20": 0.013459, "price_vs_sma50": -0.114843, "price_vs_sma200": -0.223371, "volatility_20d": 0.618997, "volatility_60d": 0.425601, "drawdown": -0.369099, "max_drawdown_1y": -0.430894, "volume_ratio": 0.427108, "rsi_14": 44.837356, "macd": -6.881602, "macd_signal": -9.069771, "macd_histogram": 2.18817, "bb_width": 0.203938, "bb_position": 0.565117, "stoch_k": 70.803757, "stoch_d": 63.234241, "adx": 26.819632, "atr_14": 9.072361, "last_close": 177.75, "last_date": "2026-03-04"}