{"return_1d": -0.00034, "return_5d": 0.071359, "return_20d": -0.137865, "return_60d": -0.186976, "return_252d": -0.099214, "sma_20": 178.2125, "sma_50": 202.7924, "sma_200": 229.0775, "price_vs_sma20": -0.010114, "price_vs_sma50": -0.130096, "price_vs_sma200": -0.229911, "volatility_20d": 0.624561, "volatility_60d": 0.428363, "drawdown": -0.373855, "max_drawdown_1y": -0.430894, "volume_ratio": 0.420019, "rsi_14": 43.249107, "macd": -8.228549, "macd_signal": -10.114903, "macd_histogram": 1.886354, "bb_width": 0.288053, "bb_position": 0.464528, "stoch_k": 56.30486, "stoch_d": 60.443874, "adx": 28.858225, "atr_14": 9.277413, "last_close": 176.41, "last_date": "2026-03-02"}