{"return_1d": -0.02349, "return_5d": 0.0153, "return_20d": -0.025509, "return_60d": -0.205208, "return_252d": -0.081556, "sma_20": 174.5375, "sma_50": 198.682, "sma_200": 228.6662, "price_vs_sma20": 0.026542, "price_vs_sma50": -0.098207, "price_vs_sma200": -0.216456, "volatility_20d": 0.592178, "volatility_60d": 0.431682, "drawdown": -0.364059, "max_drawdown_1y": -0.430894, "volume_ratio": 0.413363, "rsi_14": 46.523113, "macd": -5.16665, "macd_signal": -7.760236, "macd_histogram": 2.593586, "bb_width": 0.174239, "bb_position": 0.64839, "stoch_k": 63.996372, "stoch_d": 70.608507, "adx": 23.632886, "atr_14": 9.198872, "last_close": 179.17, "last_date": "2026-03-06"}