{"return_1d": -0.022283, "return_5d": 0.000567, "return_20d": -0.150664, "return_60d": -0.141989, "return_252d": -0.111833, "sma_20": 179.619, "sma_50": 203.8214, "sma_200": 229.18405, "price_vs_sma20": -0.017977, "price_vs_sma50": -0.134585, "price_vs_sma200": -0.230357, "volatility_20d": 0.624862, "volatility_60d": 0.444917, "drawdown": -0.373926, "max_drawdown_1y": -0.430894, "volume_ratio": 0.309662, "rsi_14": 43.239358, "macd": -8.983009, "macd_signal": -10.587767, "macd_histogram": 1.604759, "bb_width": 0.31596, "bb_position": 0.442062, "stoch_k": 56.243692, "stoch_d": 55.347455, "adx": 30.375226, "atr_14": 9.59106, "last_close": 176.39, "last_date": "2026-02-27"}