{"return_1d": -0.021839, "return_5d": 0.001021, "return_20d": -0.150279, "return_60d": -0.141599, "return_252d": -0.11143, "sma_20": 179.623, "sma_50": 203.823, "sma_200": 229.18445, "price_vs_sma20": -0.017553, "price_vs_sma50": -0.1342, "price_vs_sma200": -0.230009, "volatility_20d": 0.624724, "volatility_60d": 0.444833, "drawdown": -0.373642, "max_drawdown_1y": -0.430894, "volume_ratio": 0.72686, "rsi_14": 43.290101, "macd": -8.976627, "macd_signal": -10.586491, "macd_histogram": 1.609864, "bb_width": 0.315796, "bb_position": 0.443422, "stoch_k": 56.488363, "stoch_d": 55.429012, "adx": 30.375226, "atr_14": 9.59106, "last_close": 176.47, "last_date": "2026-02-27"}