{"return_1d": -0.000827, "return_5d": 0.039587, "return_20d": 0.12634, "return_60d": 0.08682, "return_252d": -0.0474, "sma_20": 222.44, "sma_50": 217.36, "sma_200": 237.409, "price_vs_sma20": 0.086136, "price_vs_sma50": 0.11152, "price_vs_sma200": 0.017653, "volatility_20d": 0.290091, "volatility_60d": 0.273342, "drawdown": -0.163468, "max_drawdown_1y": -0.29608, "volume_ratio": 0.158103, "rsi_14": 74.271075, "macd": 7.191199, "macd_signal": 4.605747, "macd_histogram": 2.585452, "bb_width": 0.189163, "bb_position": 0.91924, "stoch_k": 94.197952, "stoch_d": 94.712213, "adx": 26.403986, "atr_14": 5.57167, "last_close": 241.6, "last_date": "2026-03-06"}