{"return_1d": 0.005458, "return_5d": 0.095608, "return_20d": 0.163186, "return_60d": 0.069196, "return_252d": -0.050514, "sma_20": 219.59, "sma_50": 216.362, "sma_200": 237.86, "price_vs_sma20": 0.090669, "price_vs_sma50": 0.106941, "price_vs_sma200": 0.006895, "volatility_20d": 0.305874, "volatility_60d": 0.275321, "drawdown": -0.170739, "max_drawdown_1y": -0.29608, "volume_ratio": 0.083848, "rsi_14": 73.249393, "macd": 5.89522, "macd_signal": 3.251137, "macd_histogram": 2.644083, "bb_width": 0.159074, "bb_position": 1.022597, "stoch_k": 91.836735, "stoch_d": 91.778958, "adx": 22.012771, "atr_14": 5.856789, "last_close": 239.5, "last_date": "2026-03-04"}