{"return_1d": -0.003739, "return_5d": 0.05872, "return_20d": 0.125293, "return_60d": 0.087528, "return_252d": -0.049325, "sma_20": 220.985, "sma_50": 216.89, "sma_200": 237.6275, "price_vs_sma20": 0.085142, "price_vs_sma50": 0.10563, "price_vs_sma200": 0.009142, "volatility_20d": 0.291157, "volatility_60d": 0.273786, "drawdown": -0.1697, "max_drawdown_1y": -0.29608, "volume_ratio": 0.065291, "rsi_14": 72.391905, "macd": 6.556245, "macd_signal": 3.927475, "macd_histogram": 2.628771, "bb_width": 0.174588, "bb_position": 0.949409, "stoch_k": 90.84507, "stoch_d": 93.314887, "adx": 24.211293, "atr_14": 5.706304, "last_close": 239.8, "last_date": "2026-03-05"}