{"return_1d": 0.026049, "return_5d": 0.056844, "return_20d": 0.089545, "return_60d": 0.008243, "return_252d": -0.061423, "sma_20": 215.22, "sma_50": 215.018, "sma_200": 238.6035, "price_vs_sma20": 0.079825, "price_vs_sma50": 0.08084, "price_vs_sma200": -0.025999, "volatility_20d": 0.351778, "volatility_60d": 0.279561, "drawdown": -0.195322, "max_drawdown_1y": -0.29608, "volume_ratio": 1.298391, "rsi_14": 68.401696, "macd": 3.324671, "macd_signal": 1.425725, "macd_histogram": 1.898947, "bb_width": 0.119436, "bb_position": 1.118947, "stoch_k": 95.015576, "stoch_d": 91.768013, "adx": 15.150311, "atr_14": 5.798921, "last_close": 232.4, "last_date": "2026-02-27"}