{"return_1d": 0.001241, "return_5d": 0.041738, "return_20d": 0.128671, "return_60d": 0.089069, "return_252d": -0.045428, "sma_20": 222.465, "sma_50": 217.37, "sma_200": 237.4115, "price_vs_sma20": 0.088261, "price_vs_sma50": 0.113769, "price_vs_sma200": 0.019748, "volatility_20d": 0.289527, "volatility_60d": 0.273298, "drawdown": -0.161736, "max_drawdown_1y": -0.29608, "volume_ratio": 1.979845, "rsi_14": 74.841151, "macd": 7.231085, "macd_signal": 4.613724, "macd_histogram": 2.617361, "bb_width": 0.189472, "bb_position": 0.928047, "stoch_k": 93.666667, "stoch_d": 94.535117, "adx": 26.470145, "atr_14": 5.807385, "last_close": 242.1, "last_date": "2026-03-06"}