{"return_1d": -0.003442, "return_5d": 0.054165, "return_20d": 0.084778, "return_60d": 0.035778, "return_252d": -0.086829, "sma_20": 216.125, "sma_50": 215.358, "sma_200": 238.337, "price_vs_sma20": 0.071602, "price_vs_sma50": 0.075419, "price_vs_sma200": -0.028267, "volatility_20d": 0.352713, "volatility_60d": 0.272511, "drawdown": -0.198092, "max_drawdown_1y": -0.29608, "volume_ratio": 0.119021, "rsi_14": 67.135154, "macd": 3.986413, "macd_signal": 1.937862, "macd_histogram": 2.048551, "bb_width": 0.13445, "bb_position": 0.996971, "stoch_k": 92.523364, "stoch_d": 95.846314, "adx": 16.985818, "atr_14": 5.570427, "last_close": 231.6, "last_date": "2026-03-02"}