{"return_1d": 0.023575, "return_5d": 0.083976, "return_20d": 0.169442, "return_60d": 0.061805, "return_252d": -0.049947, "sma_20": 217.94, "sma_50": 215.876, "sma_200": 238.1095, "price_vs_sma20": 0.095714, "price_vs_sma50": 0.106191, "price_vs_sma200": 0.0029, "volatility_20d": 0.30735, "volatility_60d": 0.276231, "drawdown": -0.173163, "max_drawdown_1y": -0.29608, "volume_ratio": 0.24413, "rsi_14": 72.781235, "macd": 5.138505, "macd_signal": 2.599689, "macd_histogram": 2.538816, "bb_width": 0.148579, "bb_position": 1.087928, "stoch_k": 100.0, "stoch_d": 94.824755, "adx": 19.503931, "atr_14": 5.870498, "last_close": 238.8, "last_date": "2026-03-03"}