{"return_1d": -0.027599, "return_5d": -0.051034, "return_20d": 0.090788, "return_60d": 0.221979, "return_252d": 0.447107, "sma_20": 49.137955, "sma_50": 45.182544, "sma_200": 35.647566, "price_vs_sma20": -0.017664, "price_vs_sma50": 0.068333, "price_vs_sma200": 0.35409, "volatility_20d": 0.429771, "volatility_60d": 0.291412, "drawdown": -0.059504, "max_drawdown_1y": -0.378379, "volume_ratio": 0.710205, "rsi_14": 51.433627, "macd": 1.365049, "macd_signal": 1.726769, "macd_histogram": -0.36172, "bb_width": 0.149681, "bb_position": 0.37987, "stoch_k": 21.282607, "stoch_d": 42.12245, "adx": 40.91204, "atr_14": 1.479919, "last_close": 48.27, "last_date": "2026-03-03"}