{"return_1d": -0.03125, "return_5d": -0.091894, "return_20d": -0.005218, "return_60d": 0.119804, "return_252d": 0.388961, "sma_20": 49.2282, "sma_50": 45.528596, "sma_200": 35.924724, "price_vs_sma20": -0.080608, "price_vs_sma50": -0.0059, "price_vs_sma200": 0.259857, "volatility_20d": 0.375606, "volatility_60d": 0.305408, "drawdown": -0.118151, "max_drawdown_1y": -0.378379, "volume_ratio": 1.351205, "rsi_14": 38.447627, "macd": 0.516129, "macd_signal": 1.273821, "macd_histogram": -0.757691, "bb_width": 0.147144, "bb_position": -0.095849, "stoch_k": 13.178563, "stoch_d": 12.392137, "adx": 35.483636, "atr_14": 1.552063, "last_close": 45.26, "last_date": "2026-03-06"}