{"return_1d": -0.006157, "return_5d": -0.00734, "return_20d": 0.121973, "return_60d": 0.253821, "return_252d": 0.500045, "sma_20": 48.8375, "sma_50": 45.0188, "sma_200": 35.584851, "price_vs_sma20": 0.024622, "price_vs_sma50": 0.111536, "price_vs_sma200": 0.406216, "volatility_20d": 0.418631, "volatility_60d": 0.285049, "drawdown": -0.028915, "max_drawdown_1y": -0.378379, "volume_ratio": 0.761323, "rsi_14": 60.208556, "macd": 1.732843, "macd_signal": 1.880249, "macd_histogram": -0.147407, "bb_width": 0.190169, "bb_position": 0.626365, "stoch_k": 58.609795, "stoch_d": 66.409254, "adx": 45.503552, "atr_14": 1.380914, "last_close": 50.04, "last_date": "2026-02-27"}