{"return_1d": -0.028286, "return_5d": -0.068373, "return_20d": -0.019287, "return_60d": 0.157923, "return_252d": 0.466802, "sma_20": 49.24007, "sma_50": 45.44968, "sma_200": 35.839703, "price_vs_sma20": -0.051179, "price_vs_sma50": 0.02795, "price_vs_sma200": 0.303582, "volatility_20d": 0.39345, "volatility_60d": 0.297415, "drawdown": -0.089705, "max_drawdown_1y": -0.378379, "volume_ratio": 1.11658, "rsi_14": 44.076018, "macd": 0.867249, "macd_signal": 1.463244, "macd_histogram": -0.595994, "bb_width": 0.140173, "bb_position": 0.11519, "stoch_k": 6.293732, "stoch_d": 15.093485, "adx": 36.414156, "atr_14": 1.482991, "last_close": 46.72, "last_date": "2026-03-05"}