{"return_1d": 0.034057, "return_5d": 0.050661, "return_20d": 0.057471, "return_60d": -0.191863, "return_252d": 0.059761, "sma_20": 116.53625, "sma_50": 125.1443, "sma_200": 138.76605, "price_vs_sma20": 0.049974, "price_vs_sma50": -0.022249, "price_vs_sma200": -0.118228, "volatility_20d": 0.856896, "volatility_60d": 0.634308, "drawdown": -0.387342, "max_drawdown_1y": -0.557387, "volume_ratio": 0.64134, "rsi_14": 52.779761, "macd": -3.151358, "macd_signal": -4.255787, "macd_histogram": 1.104429, "bb_width": 0.248137, "bb_position": 0.69181, "stoch_k": 76.524199, "stoch_d": 57.652945, "adx": 17.219932, "atr_14": 7.635772, "last_close": 122.36, "last_date": "2026-03-05"}