{"return_1d": -0.04611, "return_5d": -0.039512, "return_20d": -0.133328, "return_60d": -0.296453, "return_252d": -0.020111, "sma_20": 118.00125, "sma_50": 126.9643, "sma_200": 138.7999, "price_vs_sma20": -0.058569, "price_vs_sma50": -0.12503, "price_vs_sma200": -0.199639, "volatility_20d": 0.873003, "volatility_60d": 0.618522, "drawdown": -0.443771, "max_drawdown_1y": -0.557387, "volume_ratio": 0.40471, "rsi_14": 42.170112, "macd": -4.997599, "macd_signal": -4.575404, "macd_histogram": -0.422194, "bb_width": 0.296841, "bb_position": 0.290416, "stoch_k": 36.917866, "stoch_d": 41.255057, "adx": 19.344457, "atr_14": 7.777975, "last_close": 111.09, "last_date": "2026-02-27"}