{"return_1d": -0.038027, "return_5d": -0.046444, "return_20d": 0.041304, "return_60d": 0.247571, "return_252d": 0.306276, "sma_20": 613.9615, "sma_50": 545.994358, "sma_200": 500.401661, "price_vs_sma20": -0.037904, "price_vs_sma50": 0.081861, "price_vs_sma200": 0.180432, "volatility_20d": 0.516355, "volatility_60d": 0.373219, "drawdown": -0.108379, "max_drawdown_1y": -0.186222, "volume_ratio": 0.819346, "rsi_14": 48.914771, "macd": 19.905992, "macd_signal": 26.934867, "macd_histogram": -7.028875, "bb_width": 0.175161, "bb_position": 0.275081, "stoch_k": 4.99488, "stoch_d": 22.359035, "adx": 52.114721, "atr_14": 19.157433, "last_close": 590.69, "last_date": "2026-03-05"}