{"return_1d": 0.001858, "return_5d": -0.024674, "return_20d": 0.194848, "return_60d": 0.349382, "return_252d": 0.330789, "sma_20": 604.9895, "sma_50": 537.9494, "sma_200": 498.930763, "price_vs_sma20": 0.042795, "price_vs_sma50": 0.17275, "price_vs_sma200": 0.264464, "volatility_20d": 0.500845, "volatility_60d": 0.364114, "drawdown": -0.047714, "max_drawdown_1y": -0.186222, "volume_ratio": 0.467272, "rsi_14": 64.748653, "macd": 28.803761, "macd_signal": 30.700207, "macd_histogram": -1.896446, "bb_width": 0.223338, "bb_position": 0.683751, "stoch_k": 52.196468, "stoch_d": 52.115094, "adx": 57.938851, "atr_14": 18.976143, "last_close": 630.88, "last_date": "2026-03-02"}