{"return_1d": -0.008365, "return_5d": -0.015346, "return_20d": 0.126679, "return_60d": 0.275623, "return_252d": 0.336197, "sma_20": 612.79, "sma_50": 543.559514, "sma_200": 500.078904, "price_vs_sma20": 0.00204, "price_vs_sma50": 0.129665, "price_vs_sma200": 0.227886, "volatility_20d": 0.510099, "volatility_60d": 0.365376, "drawdown": -0.073133, "max_drawdown_1y": -0.186222, "volume_ratio": 0.515338, "rsi_14": 57.507895, "macd": 24.00735, "macd_signal": 28.692086, "macd_histogram": -4.684736, "bb_width": 0.178361, "bb_position": 0.511413, "stoch_k": 27.765101, "stoch_d": 38.092897, "adx": 55.213219, "atr_14": 18.497236, "last_close": 614.04, "last_date": "2026-03-04"}