{"return_1d": 0.016547, "return_5d": -0.04948, "return_20d": 0.187975, "return_60d": 0.349871, "return_252d": 0.333956, "sma_20": 599.8455, "sma_50": 535.007132, "sma_200": 498.244161, "price_vs_sma20": 0.049787, "price_vs_sma50": 0.177012, "price_vs_sma200": 0.263858, "volatility_20d": 0.50241, "volatility_60d": 0.364101, "drawdown": -0.04948, "max_drawdown_1y": -0.186222, "volume_ratio": 0.93323, "rsi_14": 64.466688, "macd": 30.118223, "macd_signal": 31.174318, "macd_histogram": -1.056095, "bb_width": 0.244139, "bb_position": 0.694257, "stoch_k": 55.471018, "stoch_d": 53.12793, "adx": 58.529753, "atr_14": 19.154308, "last_close": 629.71, "last_date": "2026-02-27"}