{"return_1d": -0.018482, "return_5d": -0.039284, "return_20d": 0.163401, "return_60d": 0.289614, "return_252d": 0.305541, "sma_20": 609.338, "sma_50": 540.746962, "sma_200": 499.564363, "price_vs_sma20": 0.016218, "price_vs_sma50": 0.14512, "price_vs_sma200": 0.23952, "volatility_20d": 0.510549, "volatility_60d": 0.364443, "drawdown": -0.065314, "max_drawdown_1y": -0.186222, "volume_ratio": 0.507984, "rsi_14": 59.667153, "macd": 26.515521, "macd_signal": 29.86327, "macd_histogram": -3.347749, "bb_width": 0.200924, "bb_position": 0.579427, "stoch_k": 34.317123, "stoch_d": 47.328203, "adx": 56.525561, "atr_14": 19.168562, "last_close": 619.22, "last_date": "2026-03-03"}