{"return_1d": 0.012522, "return_5d": -0.053243, "return_20d": 0.183272, "return_60d": 0.344527, "return_252d": 0.328675, "sma_20": 599.72084, "sma_50": 534.957268, "sma_200": 498.231698, "price_vs_sma20": 0.045848, "price_vs_sma50": 0.172461, "price_vs_sma200": 0.258886, "volatility_20d": 0.501822, "volatility_60d": 0.363661, "drawdown": -0.053243, "max_drawdown_1y": -0.186222, "volume_ratio": 0.42461, "rsi_14": 63.895249, "macd": 29.919335, "macd_signal": 31.134541, "macd_histogram": -1.215205, "bb_width": 0.244515, "bb_position": 0.679285, "stoch_k": 52.975073, "stoch_d": 52.295948, "adx": 58.313388, "atr_14": 18.883594, "last_close": 627.2168, "last_date": "2026-02-27"}