{"return_1d": -0.023535, "return_5d": -0.030972, "return_20d": -0.040473, "return_60d": 0.247793, "return_252d": -0.173153, "sma_20": 116.415, "sma_50": 108.2956, "sma_200": 104.4078, "price_vs_sma20": -0.016364, "price_vs_sma50": 0.057384, "price_vs_sma200": 0.096757, "volatility_20d": 0.260605, "volatility_60d": 0.502152, "drawdown": -0.486755, "max_drawdown_1y": -0.643494, "volume_ratio": 0.870682, "rsi_14": 51.792861, "macd": 3.098291, "macd_signal": 3.683999, "macd_histogram": -0.585708, "bb_width": 0.08639, "bb_position": 0.307429, "stoch_k": 19.711042, "stoch_d": 45.58272, "adx": 35.634337, "atr_14": 3.949162, "last_close": 114.51, "last_date": "2026-03-02"}