{"return_1d": -0.01767, "return_5d": -0.011711, "return_20d": 0.174174, "return_60d": 0.274723, "return_252d": -0.190867, "sma_20": 116.658, "sma_50": 108.09, "sma_200": 104.48225, "price_vs_sma20": 0.005503, "price_vs_sma50": 0.085207, "price_vs_sma200": 0.122679, "volatility_20d": 0.736394, "volatility_60d": 0.499004, "drawdown": -0.47425, "max_drawdown_1y": -0.643494, "volume_ratio": 0.293697, "rsi_14": 58.091331, "macd": 3.59965, "macd_signal": 3.830905, "macd_histogram": -0.231254, "bb_width": 0.085634, "bb_position": 0.563913, "stoch_k": 43.869516, "stoch_d": 64.642288, "adx": 37.469742, "atr_14": 3.893713, "last_close": 117.3, "last_date": "2026-02-27"}