{"return_1d": -0.000273, "return_5d": -0.010805, "return_20d": 0.269434, "return_60d": 0.047795, "return_252d": 0.534183, "sma_20": 128.37, "sma_50": 123.404018, "sma_200": 128.942527, "price_vs_sma20": 0.141077, "price_vs_sma50": 0.186995, "price_vs_sma200": 0.13601, "volatility_20d": 0.93976, "volatility_60d": 0.650203, "drawdown": -0.158247, "max_drawdown_1y": -0.595877, "volume_ratio": 0.742392, "rsi_14": 65.293309, "macd": 7.201444, "macd_signal": 4.28204, "macd_histogram": 2.919404, "bb_width": 0.358436, "bb_position": 0.844928, "stoch_k": 82.280959, "stoch_d": 83.030223, "adx": 24.24743, "atr_14": 7.282932, "last_close": 146.48, "last_date": "2026-03-06"}