{"return_1d": -0.05451, "return_5d": 0.212055, "return_20d": 0.218362, "return_60d": 0.091186, "return_252d": 0.439034, "sma_20": 124.094, "sma_50": 122.088664, "sma_200": 128.418486, "price_vs_sma20": 0.16992, "price_vs_sma50": 0.189136, "price_vs_sma200": 0.130523, "volatility_20d": 0.979681, "volatility_60d": 0.654713, "drawdown": -0.165717, "max_drawdown_1y": -0.595877, "volume_ratio": 1.543596, "rsi_14": 64.942071, "macd": 5.451827, "macd_signal": 1.833028, "macd_histogram": 3.618799, "bb_width": 0.302216, "bb_position": 0.980585, "stoch_k": 79.915334, "stoch_d": 92.481453, "adx": 20.838258, "atr_14": 7.594531, "last_close": 145.18, "last_date": "2026-03-03"}