{"return_1d": 0.013225, "return_5d": 0.191286, "return_20d": 0.255655, "return_60d": 0.06298, "return_252d": 0.567924, "sma_20": 125.5915, "sma_50": 122.582574, "sma_200": 128.606249, "price_vs_sma20": 0.171258, "price_vs_sma50": 0.200007, "price_vs_sma200": 0.143801, "volatility_20d": 0.973884, "volatility_60d": 0.650377, "drawdown": -0.154684, "max_drawdown_1y": -0.595877, "volume_ratio": 0.862136, "rsi_14": 65.948168, "macd": 6.303419, "macd_signal": 2.727106, "macd_histogram": 3.576313, "bb_width": 0.32418, "bb_position": 0.951036, "stoch_k": 84.430856, "stoch_d": 87.982126, "adx": 22.362345, "atr_14": 7.357779, "last_close": 147.1, "last_date": "2026-03-04"}