{"return_1d": 0.223796, "return_5d": 0.215588, "return_20d": 0.254367, "return_60d": 0.130141, "return_252d": 0.309029, "sma_20": 120.865, "sma_50": 121.33507, "sma_200": 128.008882, "price_vs_sma20": 0.229719, "price_vs_sma50": 0.224955, "price_vs_sma200": 0.161091, "volatility_20d": 0.978462, "volatility_60d": 0.650268, "drawdown": -0.145891, "max_drawdown_1y": -0.595877, "volume_ratio": 3.115553, "rsi_14": 71.64514, "macd": 2.368524, "macd_signal": 0.048916, "macd_histogram": 2.319608, "bb_width": 0.193112, "bb_position": 1.467347, "stoch_k": 99.389272, "stoch_d": 77.673055, "adx": 16.2583, "atr_14": 7.176024, "last_close": 148.63, "last_date": "2026-02-27"}