{"return_1d": 0.036939, "return_5d": 0.28882, "return_20d": 0.341751, "return_60d": 0.134401, "return_252d": 0.450436, "sma_20": 122.793, "sma_50": 121.731722, "sma_200": 128.241064, "price_vs_sma20": 0.250478, "price_vs_sma50": 0.26138, "price_vs_sma200": 0.197354, "volatility_20d": 0.952548, "volatility_60d": 0.645277, "drawdown": -0.117618, "max_drawdown_1y": -0.595877, "volume_ratio": 1.318662, "rsi_14": 73.764461, "macd": 4.481077, "macd_signal": 0.928328, "macd_histogram": 3.552749, "bb_width": 0.257371, "bb_position": 1.278278, "stoch_k": 99.600188, "stoch_d": 86.107935, "adx": 19.196934, "atr_14": 7.21488, "last_close": 153.55, "last_date": "2026-03-02"}