{"return_1d": 0.219267, "return_5d": 0.21109, "return_20d": 0.249726, "return_60d": 0.125959, "return_252d": 0.304185, "sma_20": 120.8375, "sma_50": 121.32407, "sma_200": 128.006131, "price_vs_sma20": 0.225447, "price_vs_sma50": 0.220533, "price_vs_sma200": 0.15682, "volatility_20d": 0.965574, "volatility_60d": 0.643729, "drawdown": -0.149052, "max_drawdown_1y": -0.595877, "volume_ratio": 3.549239, "rsi_14": 71.40728, "macd": 2.32465, "macd_signal": 0.040141, "macd_histogram": 2.284509, "bb_width": 0.190961, "bb_position": 1.463401, "stoch_k": 97.928837, "stoch_d": 77.186243, "adx": 16.2583, "atr_14": 7.176024, "last_close": 148.08, "last_date": "2026-02-27"}