{"return_1d": 0.014545, "return_5d": 0.037175, "return_20d": 0.101989, "return_60d": 0.435031, "return_252d": 1.152369, "sma_20": 149.749, "sma_50": 145.128066, "sma_200": 116.303107, "price_vs_sma20": 0.043346, "price_vs_sma50": 0.076566, "price_vs_sma200": 0.343386, "volatility_20d": 0.250904, "volatility_60d": 0.42843, "drawdown": -0.360894, "max_drawdown_1y": -0.712274, "volume_ratio": 1.283204, "rsi_14": 64.510094, "macd": 3.160164, "macd_signal": 2.930884, "macd_histogram": 0.22928, "bb_width": 0.096014, "bb_position": 0.932698, "stoch_k": 85.704023, "stoch_d": 80.359046, "adx": 35.298602, "atr_14": 4.372245, "last_close": 156.24, "last_date": "2026-02-27"}