{"return_1d": 0.002752, "return_5d": -0.005976, "return_20d": 0.066407, "return_60d": 0.398605, "return_252d": 1.10857, "sma_20": 150.685, "sma_50": 145.834724, "sma_200": 116.97197, "price_vs_sma20": 0.015629, "price_vs_sma50": 0.049407, "price_vs_sma200": 0.308348, "volatility_20d": 0.268293, "volatility_60d": 0.432484, "drawdown": -0.373983, "max_drawdown_1y": -0.712274, "volume_ratio": 1.023233, "rsi_14": 57.063296, "macd": 2.781394, "macd_signal": 2.903698, "macd_histogram": -0.122304, "bb_width": 0.083473, "bb_position": 0.684348, "stoch_k": 62.715517, "stoch_d": 69.372605, "adx": 33.844961, "atr_14": 4.526426, "last_close": 153.04, "last_date": "2026-03-03"}