{"return_1d": -0.033311, "return_5d": -0.048377, "return_20d": -0.01809, "return_60d": 0.111846, "return_252d": 1.05404, "sma_20": 150.728, "sma_50": 146.341794, "sma_200": 117.544249, "price_vs_sma20": -0.027719, "price_vs_sma50": 0.001423, "price_vs_sma200": 0.246765, "volatility_20d": 0.27677, "volatility_60d": 0.320536, "drawdown": -0.400531, "max_drawdown_1y": -0.705029, "volume_ratio": 1.42852, "rsi_14": 44.820087, "macd": 1.856032, "macd_signal": 2.630281, "macd_histogram": -0.774249, "bb_width": 0.089039, "bb_position": 0.179815, "stoch_k": 14.80671, "stoch_d": 41.191977, "adx": 31.161175, "atr_14": 4.738908, "last_close": 146.55, "last_date": "2026-03-05"}