{"return_1d": 0.013571, "return_5d": 0.036179, "return_20d": 0.100931, "return_60d": 0.433653, "return_252d": 1.150302, "sma_20": 149.7415, "sma_50": 145.125066, "sma_200": 116.302357, "price_vs_sma20": 0.042396, "price_vs_sma50": 0.075555, "price_vs_sma200": 0.342105, "volatility_20d": 0.250435, "volatility_60d": 0.428355, "drawdown": -0.361507, "max_drawdown_1y": -0.712274, "volume_ratio": 0.586849, "rsi_14": 64.312302, "macd": 3.148198, "macd_signal": 2.92849, "macd_histogram": 0.219708, "bb_width": 0.095777, "bb_position": 0.924655, "stoch_k": 84.626437, "stoch_d": 79.999851, "adx": 35.298602, "atr_14": 4.369388, "last_close": 156.09, "last_date": "2026-02-27"}