{"return_1d": -0.023169, "return_5d": -0.001831, "return_20d": 0.064073, "return_60d": 0.392992, "return_252d": 1.108465, "sma_20": 150.2085, "sma_50": 145.50169, "sma_200": 116.638582, "price_vs_sma20": 0.016054, "price_vs_sma50": 0.048923, "price_vs_sma200": 0.308486, "volatility_20d": 0.268471, "volatility_60d": 0.43269, "drawdown": -0.375701, "max_drawdown_1y": -0.712274, "volume_ratio": 0.927398, "rsi_14": 56.38783, "macd": 2.947837, "macd_signal": 2.934274, "macd_histogram": 0.013563, "bb_width": 0.091803, "bb_position": 0.672115, "stoch_k": 59.698276, "stoch_d": 71.671456, "adx": 35.034602, "atr_14": 4.449228, "last_close": 152.62, "last_date": "2026-03-02"}