{"return_1d": -0.009691, "return_5d": -0.066737, "return_20d": 0.088043, "return_60d": 0.098388, "return_252d": 0.192367, "sma_20": 137.0325, "sma_50": 126.593, "sma_200": 122.01777, "price_vs_sma20": -0.030522, "price_vs_sma50": 0.049426, "price_vs_sma200": 0.088776, "volatility_20d": 0.397732, "volatility_60d": 0.290375, "drawdown": -0.066737, "max_drawdown_1y": -0.127701, "volume_ratio": 0.074175, "rsi_14": 48.733382, "macd": 2.887811, "macd_signal": 4.167055, "macd_histogram": -1.279244, "bb_width": 0.100987, "bb_position": 0.188249, "stoch_k": 3.286385, "stoch_d": 8.607199, "adx": 45.505018, "atr_14": 2.66496, "last_close": 132.85, "last_date": "2026-03-05"}