{"return_1d": -0.026288, "return_5d": -0.027324, "return_20d": 0.125667, "return_60d": 0.147822, "return_252d": 0.215395, "sma_20": 135.3975, "sma_50": 125.76, "sma_200": 121.928842, "price_vs_sma20": 0.012205, "price_vs_sma50": 0.089774, "price_vs_sma200": 0.124016, "volatility_20d": 0.381775, "volatility_60d": 0.281413, "drawdown": -0.037232, "max_drawdown_1y": -0.127701, "volume_ratio": 0.180466, "rsi_14": 60.690347, "macd": 4.73148, "macd_signal": 4.883344, "macd_histogram": -0.151864, "bb_width": 0.175806, "bb_position": 0.568585, "stoch_k": 42.723005, "stoch_d": 71.421259, "adx": 54.712778, "atr_14": 2.509491, "last_close": 137.05, "last_date": "2026-03-02"}