{"return_1d": -0.020231, "return_5d": -0.043386, "return_20d": 0.106487, "return_60d": 0.134728, "return_252d": 0.187865, "sma_20": 136.1175, "sma_50": 126.094, "sma_200": 121.972332, "price_vs_sma20": -0.003802, "price_vs_sma50": 0.075388, "price_vs_sma200": 0.111728, "volatility_20d": 0.384413, "volatility_60d": 0.281795, "drawdown": -0.047418, "max_drawdown_1y": -0.127701, "volume_ratio": 0.083074, "rsi_14": 55.856662, "macd": 4.253547, "macd_signal": 4.774615, "macd_histogram": -0.521068, "bb_width": 0.155612, "bb_position": 0.475475, "stoch_k": 25.980392, "stoch_d": 53.252611, "adx": 52.77679, "atr_14": 2.537384, "last_close": 135.6, "last_date": "2026-03-03"}