{"return_1d": -0.003797, "return_5d": -0.067851, "return_20d": -0.022355, "return_60d": 0.090154, "return_252d": 0.191944, "sma_20": 136.825, "sma_50": 126.798, "sma_200": 122.030972, "price_vs_sma20": -0.041111, "price_vs_sma50": 0.034717, "price_vs_sma200": 0.075137, "volatility_20d": 0.19082, "volatility_60d": 0.292238, "drawdown": -0.078328, "max_drawdown_1y": -0.127701, "volume_ratio": 0.048745, "rsi_14": 45.091227, "macd": 2.183905, "macd_signal": 3.755747, "macd_histogram": -1.571842, "bb_width": 0.110151, "bb_position": 0.110775, "stoch_k": 4.780876, "stoch_d": 8.678384, "adx": 41.868334, "atr_14": 2.758024, "last_close": 131.2, "last_date": "2026-03-06"}