{"return_1d": 0.044451, "return_5d": -0.105078, "return_20d": -0.01134, "return_60d": -0.039432, "return_252d": -0.233959, "sma_20": 1768.4, "sma_50": 1690.99, "sma_200": 1829.171689, "price_vs_sma20": -0.063278, "price_vs_sma50": -0.020396, "price_vs_sma200": -0.094399, "volatility_20d": 0.580805, "volatility_60d": 0.400684, "drawdown": -0.595857, "max_drawdown_1y": -0.615253, "volume_ratio": 2.415509, "rsi_14": 42.957423, "macd": 1.592278, "macd_signal": 25.520532, "macd_histogram": -23.928253, "bb_width": 0.189537, "bb_position": 0.143595, "stoch_k": 24.779192, "stoch_d": 13.981655, "adx": 16.464695, "atr_14": 66.739012, "last_close": 1656.5, "last_date": "2026-02-27"}