{"return_1d": 0.002303, "return_5d": -0.039407, "return_20d": -0.147215, "return_60d": -0.073579, "return_252d": -0.312004, "sma_20": 1732.925, "sma_50": 1682.3, "sma_200": 1817.955606, "price_vs_sma20": -0.120851, "price_vs_sma50": -0.094395, "price_vs_sma200": -0.161971, "volatility_20d": 0.568654, "volatility_60d": 0.402483, "drawdown": -0.628306, "max_drawdown_1y": -0.62916, "volume_ratio": 0.049877, "rsi_14": 34.464097, "macd": -41.936067, "macd_signal": -6.708835, "macd_histogram": -35.227232, "bb_width": 0.305777, "bb_position": 0.050446, "stoch_k": 3.671769, "stoch_d": 4.053707, "adx": 20.207451, "atr_14": 64.822976, "last_close": 1523.5, "last_date": "2026-03-05"}