{"return_1d": 0.002556, "return_5d": -0.040954, "return_20d": -0.115558, "return_60d": -0.06076, "return_252d": -0.28695, "sma_20": 1748.525, "sma_50": 1685.15, "sma_200": 1820.885326, "price_vs_sma20": -0.102672, "price_vs_sma50": -0.068926, "price_vs_sma200": -0.138331, "volatility_20d": 0.564966, "volatility_60d": 0.399495, "drawdown": -0.617205, "max_drawdown_1y": -0.618181, "volume_ratio": 0.056209, "rsi_14": 37.205166, "macd": -28.941603, "macd_signal": 2.87974, "macd_histogram": -31.821342, "bb_width": 0.259331, "bb_position": 0.058788, "stoch_k": 6.816822, "stoch_d": 7.619342, "adx": 18.757326, "atr_14": 62.647271, "last_close": 1569.0, "last_date": "2026-03-04"}