{"return_1d": -0.003562, "return_5d": -0.071235, "return_20d": -0.125852, "return_60d": -0.039938, "return_252d": -0.29294, "sma_20": 1722.875, "sma_50": 1681.72, "sma_200": 1815.648333, "price_vs_sma20": -0.107016, "price_vs_sma50": -0.085163, "price_vs_sma200": -0.152644, "volatility_20d": 0.572918, "volatility_60d": 0.400624, "drawdown": -0.624646, "max_drawdown_1y": -0.62916, "volume_ratio": 0.034168, "rsi_14": 36.367779, "macd": -46.117352, "macd_signal": -14.328886, "macd_histogram": -31.788466, "bb_width": 0.317444, "bb_position": 0.122482, "stoch_k": 7.470151, "stoch_d": 6.372841, "adx": 21.25384, "atr_14": 61.407049, "last_close": 1538.5, "last_date": "2026-03-06"}