{"return_1d": 0.048235, "return_5d": -0.101837, "return_20d": -0.007759, "return_60d": -0.035952, "return_252d": -0.231184, "sma_20": 1768.7, "sma_50": 1691.11, "sma_200": 1829.201689, "price_vs_sma20": -0.060044, "price_vs_sma50": -0.016918, "price_vs_sma200": -0.091134, "volatility_20d": 0.584778, "volatility_60d": 0.402561, "drawdown": -0.594393, "max_drawdown_1y": -0.615253, "volume_ratio": 2.416929, "rsi_14": 43.51632, "macd": 2.070911, "macd_signal": 25.616258, "macd_histogram": -23.545347, "bb_width": 0.187848, "bb_position": 0.159939, "stoch_k": 26.603427, "stoch_d": 14.589734, "adx": 16.464695, "atr_14": 66.739012, "last_close": 1662.5, "last_date": "2026-02-27"}