{"return_1d": 0.000432, "return_5d": 0.003128, "return_20d": 0.125722, "return_60d": 0.136943, "return_252d": 0.199898, "sma_20": 204.073, "sma_50": 189.59331, "sma_200": 180.762543, "price_vs_sma20": 0.021448, "price_vs_sma50": 0.099459, "price_vs_sma200": 0.15317, "volatility_20d": 0.312865, "volatility_60d": 0.26282, "drawdown": -0.016328, "max_drawdown_1y": -0.098051, "volume_ratio": 0.450231, "rsi_14": 63.974986, "macd": 5.873751, "macd_signal": 6.149225, "macd_histogram": -0.275474, "bb_width": 0.1354, "bb_position": 0.65508, "stoch_k": 59.792994, "stoch_d": 67.941043, "adx": 34.850349, "atr_14": 4.557244, "last_close": 208.45, "last_date": "2026-03-04"}