{"return_1d": -0.008989, "return_5d": -0.005631, "return_20d": 0.12627, "return_60d": 0.146223, "return_252d": 0.227475, "sma_20": 202.909, "sma_50": 188.93129, "sma_200": 180.590499, "price_vs_sma20": 0.026864, "price_vs_sma50": 0.102835, "price_vs_sma200": 0.153771, "volatility_20d": 0.312752, "volatility_60d": 0.263108, "drawdown": -0.016752, "max_drawdown_1y": -0.098051, "volume_ratio": 0.681408, "rsi_14": 63.865939, "macd": 6.191061, "macd_signal": 6.218093, "macd_histogram": -0.027032, "bb_width": 0.155181, "bb_position": 0.668587, "stoch_k": 59.076433, "stoch_d": 79.298626, "adx": 35.698015, "atr_14": 4.703955, "last_close": 208.36, "last_date": "2026-03-03"}