{"return_1d": 0.0027, "return_5d": 0.045749, "return_20d": 0.16079, "return_60d": 0.157081, "return_252d": 0.242948, "sma_20": 200.568, "sma_50": 187.676954, "sma_200": 180.207801, "price_vs_sma20": 0.055353, "price_vs_sma50": 0.127842, "price_vs_sma200": 0.174588, "volatility_20d": 0.317085, "volatility_60d": 0.261871, "drawdown": 0.0, "max_drawdown_1y": -0.098051, "volume_ratio": 0.463178, "rsi_14": 71.324134, "macd": 6.622516, "macd_signal": 6.148441, "macd_histogram": 0.474075, "bb_width": 0.173311, "bb_position": 0.802632, "stoch_k": 92.939815, "stoch_d": 87.888603, "adx": 35.546125, "atr_14": 4.633995, "last_close": 211.67, "last_date": "2026-02-27"}