{"return_1d": -0.018468, "return_5d": -0.057181, "return_20d": -0.05001, "return_60d": -0.052405, "return_252d": 0.204318, "sma_20": 160.1225, "sma_50": 154.226196, "sma_200": 149.638298, "price_vs_sma20": -0.063967, "price_vs_sma50": -0.028181, "price_vs_sma200": 0.001615, "volatility_20d": 0.331154, "volatility_60d": 0.356644, "drawdown": -0.226334, "max_drawdown_1y": -0.41279, "volume_ratio": 0.841078, "rsi_14": 37.977661, "macd": -0.506079, "macd_signal": 1.312615, "macd_histogram": -1.818694, "bb_width": 0.142146, "bb_position": 0.019242, "stoch_k": 6.540698, "stoch_d": 15.503876, "adx": 17.706757, "atr_14": 5.26012, "last_close": 149.88, "last_date": "2026-03-05"}