{"return_1d": -0.017481, "return_5d": -0.081863, "return_20d": -0.068741, "return_60d": -0.031162, "return_252d": 0.151711, "sma_20": 159.579, "sma_50": 154.272066, "sma_200": 149.755256, "price_vs_sma20": -0.077197, "price_vs_sma50": -0.045453, "price_vs_sma200": -0.016662, "volatility_20d": 0.334892, "volatility_60d": 0.349403, "drawdown": -0.239858, "max_drawdown_1y": -0.41279, "volume_ratio": 0.903229, "rsi_14": 34.988073, "macd": -1.229437, "macd_signal": 0.804205, "macd_histogram": -2.033642, "bb_width": 0.163309, "bb_position": -0.012247, "stoch_k": 10.094378, "stoch_d": 12.279521, "adx": 19.0981, "atr_14": 5.247254, "last_close": 147.26, "last_date": "2026-03-06"}