{"return_1d": 0.011889, "return_5d": -0.019864, "return_20d": 0.072456, "return_60d": 0.025093, "return_252d": 0.266199, "sma_20": 160.11266, "sma_50": 154.123342, "sma_200": 149.059406, "price_vs_sma20": 0.004668, "price_vs_sma50": 0.04371, "price_vs_sma200": 0.079167, "volatility_20d": 0.325634, "volatility_60d": 0.361305, "drawdown": -0.169656, "max_drawdown_1y": -0.41279, "volume_ratio": 0.642247, "rsi_14": 53.078041, "macd": 2.168346, "macd_signal": 2.817305, "macd_histogram": -0.648959, "bb_width": 0.138749, "bb_position": 0.533484, "stoch_k": 47.637051, "stoch_d": 41.073036, "adx": 14.665499, "atr_14": 5.279064, "last_close": 160.86, "last_date": "2026-02-27"}