{"return_1d": -0.037346, "return_5d": -0.05997, "return_20d": 0.040314, "return_60d": -0.022842, "return_252d": 0.235535, "sma_20": 160.388325, "sma_50": 154.108366, "sma_200": 149.202625, "price_vs_sma20": -0.037336, "price_vs_sma50": 0.001892, "price_vs_sma200": 0.034834, "volatility_20d": 0.352979, "volatility_60d": 0.368971, "drawdown": -0.203002, "max_drawdown_1y": -0.41279, "volume_ratio": 0.833888, "rsi_14": 43.595606, "macd": 1.426551, "macd_signal": 2.533155, "macd_histogram": -1.106604, "bb_width": 0.131657, "bb_position": 0.205412, "stoch_k": 7.860262, "stoch_d": 31.538038, "adx": 15.014742, "atr_14": 5.419845, "last_close": 154.4, "last_date": "2026-03-02"}