{"return_1d": 0.00059, "return_5d": -0.03023, "return_20d": -0.004515, "return_60d": -0.04725, "return_252d": 0.22932, "sma_20": 160.517, "sma_50": 154.163824, "sma_200": 149.512305, "price_vs_sma20": -0.048699, "price_vs_sma50": -0.009495, "price_vs_sma200": 0.021321, "volatility_20d": 0.342658, "volatility_60d": 0.355671, "drawdown": -0.211777, "max_drawdown_1y": -0.41279, "volume_ratio": 0.701589, "rsi_14": 41.523762, "macd": 0.157787, "macd_signal": 1.767289, "macd_histogram": -1.609502, "bb_width": 0.126293, "bb_position": 0.094657, "stoch_k": 20.203488, "stoch_d": 15.943731, "adx": 16.875038, "atr_14": 5.408591, "last_close": 152.7, "last_date": "2026-03-04"}