{"return_1d": 0.00562, "return_5d": 0.003003, "return_20d": 0.058749, "return_60d": 0.117555, "return_252d": 0.396956, "sma_20": 49.574, "sma_50": 48.073, "sma_200": 42.2621, "price_vs_sma20": 0.01061, "price_vs_sma50": 0.042165, "price_vs_sma200": 0.185459, "volatility_20d": 0.233917, "volatility_60d": 0.190766, "drawdown": -0.092856, "max_drawdown_1y": -0.43798, "volume_ratio": 2.414551, "rsi_14": 59.598962, "macd": 0.559698, "macd_signal": 0.637139, "macd_histogram": -0.077441, "bb_width": 0.066759, "bb_position": 0.657267, "stoch_k": 49.375, "stoch_d": 39.583333, "adx": 27.714982, "atr_14": 0.826405, "last_close": 50.1, "last_date": "2026-02-27"}