{"return_1d": 0.010267, "return_5d": -0.044701, "return_20d": -0.046821, "return_60d": 0.049789, "return_252d": 0.280244, "sma_20": 49.433, "sma_50": 48.1256, "sma_200": 42.38985, "price_vs_sma20": -0.044565, "price_vs_sma50": -0.01861, "price_vs_sma200": 0.114182, "volatility_20d": 0.276487, "volatility_60d": 0.215558, "drawdown": -0.144822, "max_drawdown_1y": -0.43798, "volume_ratio": 0.074223, "rsi_14": 40.88828, "macd": 0.041221, "macd_signal": 0.423386, "macd_histogram": -0.382165, "bb_width": 0.089544, "bb_position": -0.020905, "stoch_k": 23.421053, "stoch_d": 13.953528, "adx": 25.772447, "atr_14": 0.96421, "last_close": 47.23, "last_date": "2026-03-04"}