{"return_1d": 0.03029, "return_5d": -0.056287, "return_20d": -0.048692, "return_60d": 0.037297, "return_252d": 0.154184, "sma_20": 49.1775, "sma_50": 48.1408, "sma_200": 42.47665, "price_vs_sma20": -0.038585, "price_vs_sma50": -0.017881, "price_vs_sma200": 0.113082, "volatility_20d": 0.356041, "volatility_60d": 0.249528, "drawdown": -0.143917, "max_drawdown_1y": -0.43798, "volume_ratio": 0.284454, "rsi_14": 44.577494, "macd": -0.216022, "macd_signal": 0.215273, "macd_histogram": -0.431295, "bb_width": 0.111979, "bb_position": 0.141602, "stoch_k": 44.140625, "stoch_d": 35.991639, "adx": 26.39937, "atr_14": 1.203907, "last_close": 47.28, "last_date": "2026-03-06"}