{"return_1d": -0.021779, "return_5d": -0.030544, "return_20d": -0.015305, "return_60d": 0.05753, "return_252d": 0.34501, "sma_20": 49.592, "sma_50": 48.1222, "sma_200": 42.3533, "price_vs_sma20": -0.039966, "price_vs_sma50": -0.010644, "price_vs_sma200": 0.124115, "volatility_20d": 0.264763, "volatility_60d": 0.203324, "drawdown": -0.137942, "max_drawdown_1y": -0.43798, "volume_ratio": 0.11994, "rsi_14": 41.475078, "macd": 0.267499, "macd_signal": 0.532648, "macd_histogram": -0.265149, "bb_width": 0.068092, "bb_position": -0.111376, "stoch_k": 1.674641, "stoch_d": 20.622785, "adx": 24.83283, "atr_14": 0.912665, "last_close": 47.61, "last_date": "2026-03-03"}