{"return_1d": -0.051538, "return_5d": -0.083902, "return_20d": -0.077421, "return_60d": 0.002857, "return_252d": 0.083445, "sma_20": 49.286, "sma_50": 48.1238, "sma_200": 42.4291, "price_vs_sma20": -0.073976, "price_vs_sma50": -0.051613, "price_vs_sma200": 0.075677, "volatility_20d": 0.345191, "volatility_60d": 0.246289, "drawdown": -0.173612, "max_drawdown_1y": -0.43798, "volume_ratio": 0.422616, "rsi_14": 36.222965, "macd": -0.154804, "macd_signal": 0.319108, "macd_histogram": -0.473912, "bb_width": 0.112888, "bb_position": -0.207659, "stoch_k": 12.109375, "stoch_d": 22.190766, "adx": 26.065567, "atr_14": 1.185746, "last_close": 45.64, "last_date": "2026-03-05"}