{"return_1d": -0.00966, "return_5d": -0.024762, "return_20d": -0.086877, "return_60d": -0.105785, "return_252d": -0.011881, "sma_20": 212.3855, "sma_50": 224.325096, "sma_200": 209.65043, "price_vs_sma20": -0.039435, "price_vs_sma50": -0.090561, "price_vs_sma200": -0.026904, "volatility_20d": 0.225099, "volatility_60d": 0.237617, "drawdown": -0.293621, "max_drawdown_1y": -0.398172, "volume_ratio": 1.069011, "rsi_14": 32.457279, "macd": -5.130187, "macd_signal": -4.968313, "macd_histogram": -0.161874, "bb_width": 0.091857, "bb_position": 0.053061, "stoch_k": 16.708354, "stoch_d": 30.141455, "adx": 38.63511, "atr_14": 5.388495, "last_close": 204.01, "last_date": "2026-03-03"}