{"return_1d": 0.006114, "return_5d": 0.005442, "return_20d": -0.040889, "return_60d": -0.058929, "return_252d": 0.012048, "sma_20": 214.0005, "sma_50": 225.059128, "sma_200": 209.513444, "price_vs_sma20": -0.015703, "price_vs_sma50": -0.064068, "price_vs_sma200": 0.005377, "volatility_20d": 0.230222, "volatility_60d": 0.235306, "drawdown": -0.270665, "max_drawdown_1y": -0.398172, "volume_ratio": 1.177508, "rsi_14": 39.662264, "macd": -4.832806, "macd_signal": -4.924276, "macd_histogram": 0.091471, "bb_width": 0.089065, "bb_position": 0.320875, "stoch_k": 48.539778, "stoch_d": 44.511581, "adx": 36.712749, "atr_14": 5.34861, "last_close": 210.64, "last_date": "2026-02-27"}