{"return_1d": -0.013335, "return_5d": -0.035155, "return_20d": -0.079852, "return_60d": -0.105946, "return_252d": -0.012826, "sma_20": 210.9155, "sma_50": 223.488314, "sma_200": 209.757928, "price_vs_sma20": -0.04227, "price_vs_sma50": -0.09615, "price_vs_sma200": -0.036985, "volatility_20d": 0.19804, "volatility_60d": 0.238881, "drawdown": -0.30058, "max_drawdown_1y": -0.398172, "volume_ratio": 1.109209, "rsi_14": 31.152235, "macd": -5.345229, "macd_signal": -5.074628, "macd_histogram": -0.270602, "bb_width": 0.098355, "bb_position": 0.051258, "stoch_k": 11.981083, "stoch_d": 16.712292, "adx": 39.928358, "atr_14": 5.252121, "last_close": 202.0, "last_date": "2026-03-05"}