{"return_1d": -0.000287, "return_5d": -0.000955, "return_20d": -0.04699, "return_60d": -0.064916, "return_252d": 0.005609, "sma_20": 213.9335, "sma_50": 225.032328, "sma_200": 209.506744, "price_vs_sma20": -0.021659, "price_vs_sma50": -0.069911, "price_vs_sma200": -0.000987, "volatility_20d": 0.228349, "volatility_60d": 0.234856, "drawdown": -0.275304, "max_drawdown_1y": -0.398172, "volume_ratio": 0.653003, "rsi_14": 37.149826, "macd": -4.9397, "macd_signal": -4.945655, "macd_histogram": 0.005955, "bb_width": 0.09072, "bb_position": 0.255973, "stoch_k": 41.792548, "stoch_d": 42.262504, "adx": 36.712748, "atr_14": 5.254681, "last_close": 209.3, "last_date": "2026-02-27"}