{"return_1d": -0.008495, "return_5d": -0.042437, "return_20d": -0.032676, "return_60d": -0.0502, "return_252d": -0.060809, "sma_20": 105.379, "sma_50": 109.265, "sma_200": 112.448748, "price_vs_sma20": -0.03643, "price_vs_sma50": -0.0707, "price_vs_sma200": -0.097011, "volatility_20d": 0.314732, "volatility_60d": 0.291526, "drawdown": -0.48526, "max_drawdown_1y": -0.590265, "volume_ratio": 0.901565, "rsi_14": 37.629173, "macd": -1.700639, "macd_signal": -1.472868, "macd_histogram": -0.227771, "bb_width": 0.084211, "bb_position": 0.051034, "stoch_k": 20.332481, "stoch_d": 22.346948, "adx": 24.009927, "atr_14": 2.704777, "last_close": 101.54, "last_date": "2026-03-06"}