{"return_1d": -0.006114, "return_5d": -0.029749, "return_20d": -0.043344, "return_60d": -0.020865, "return_252d": -0.050155, "sma_20": 105.5505, "sma_50": 109.4818, "sma_200": 112.498186, "price_vs_sma20": -0.029754, "price_vs_sma50": -0.064593, "price_vs_sma200": -0.089674, "volatility_20d": 0.320312, "volatility_60d": 0.294761, "drawdown": -0.480849, "max_drawdown_1y": -0.590265, "volume_ratio": 1.008053, "rsi_14": 39.420883, "macd": -1.571851, "macd_signal": -1.415925, "macd_histogram": -0.155925, "bb_width": 0.076257, "bb_position": 0.097862, "stoch_k": 18.417047, "stoch_d": 24.157025, "adx": 22.624786, "atr_14": 2.723606, "last_close": 102.41, "last_date": "2026-03-05"}