{"return_1d": -0.002517, "return_5d": -0.019134, "return_20d": -0.011322, "return_60d": -0.01643, "return_252d": -0.076341, "sma_20": 105.7825, "sma_50": 109.6584, "sma_200": 112.547033, "price_vs_sma20": -0.025926, "price_vs_sma50": -0.060355, "price_vs_sma200": -0.084472, "volatility_20d": 0.336052, "volatility_60d": 0.294519, "drawdown": -0.477656, "max_drawdown_1y": -0.590265, "volume_ratio": 0.803918, "rsi_14": 40.724764, "macd": -1.473188, "macd_signal": -1.376944, "macd_histogram": -0.096244, "bb_width": 0.07134, "bb_position": 0.126917, "stoch_k": 28.291317, "stoch_d": 28.952929, "adx": 21.642595, "atr_14": 2.705422, "last_close": 103.04, "last_date": "2026-03-04"}