{"return_1d": -0.016126, "return_5d": -0.000766, "return_20d": -0.075089, "return_60d": 0.001964, "return_252d": -0.052342, "sma_20": 105.899, "sma_50": 109.9816, "sma_200": 112.628819, "price_vs_sma20": -0.014816, "price_vs_sma50": -0.051387, "price_vs_sma200": -0.073683, "volatility_20d": 0.425432, "volatility_60d": 0.294346, "drawdown": -0.471116, "max_drawdown_1y": -0.590265, "volume_ratio": 1.013183, "rsi_14": 43.292094, "macd": -1.290023, "macd_signal": -1.34361, "macd_histogram": 0.053587, "bb_width": 0.065181, "bb_position": 0.269277, "stoch_k": 32.804757, "stoch_d": 42.484308, "adx": 20.197785, "atr_14": 2.870548, "last_close": 104.33, "last_date": "2026-03-02"}