{"return_1d": -0.009873, "return_5d": -0.025931, "return_20d": -0.01101, "return_60d": -0.016466, "return_252d": -0.082228, "sma_20": 105.8415, "sma_50": 109.835, "sma_200": 112.586796, "price_vs_sma20": -0.024012, "price_vs_sma50": -0.059498, "price_vs_sma200": -0.082486, "volatility_20d": 0.336027, "volatility_60d": 0.29452, "drawdown": -0.476338, "max_drawdown_1y": -0.590265, "volume_ratio": 1.064541, "rsi_14": 41.247591, "macd": -1.389976, "macd_signal": -1.352883, "macd_histogram": -0.037093, "bb_width": 0.068394, "bb_position": 0.140276, "stoch_k": 25.762712, "stoch_d": 36.106566, "adx": 20.946945, "atr_14": 2.821223, "last_close": 103.3, "last_date": "2026-03-03"}