{"return_1d": 0.004642, "return_5d": 0.004357, "return_20d": -0.04965, "return_60d": -0.000118, "return_252d": -0.041289, "sma_20": 106.3225, "sma_50": 110.1274, "sma_200": 112.657978, "price_vs_sma20": -0.002657, "price_vs_sma50": -0.037115, "price_vs_sma200": -0.058744, "volatility_20d": 0.425664, "volatility_60d": 0.29486, "drawdown": -0.462448, "max_drawdown_1y": -0.590265, "volume_ratio": 0.98352, "rsi_14": 46.873831, "macd": -1.248554, "macd_signal": -1.357006, "macd_histogram": 0.108453, "bb_width": 0.084087, "bb_position": 0.468317, "stoch_k": 49.75223, "stoch_d": 44.862901, "adx": 19.627543, "atr_14": 2.846744, "last_close": 106.04, "last_date": "2026-02-27"}