{"return_1d": 0.025206, "return_5d": 0.016872, "return_20d": 0.11049, "return_60d": 0.143223, "return_252d": 0.212087, "sma_20": 175.9495, "sma_50": 165.5328, "sma_200": 166.891551, "price_vs_sma20": 0.037911, "price_vs_sma50": 0.103225, "price_vs_sma200": 0.094244, "volatility_20d": 0.248968, "volatility_60d": 0.233522, "drawdown": -0.03171, "max_drawdown_1y": -0.293995, "volume_ratio": 0.858364, "rsi_14": 68.332128, "macd": 3.991573, "macd_signal": 4.142838, "macd_histogram": -0.151264, "bb_width": 0.097495, "bb_position": 0.874651, "stoch_k": 80.272727, "stoch_d": 64.413825, "adx": 32.281544, "atr_14": 4.341599, "last_close": 182.62, "last_date": "2026-03-04"}