{"return_1d": -0.019805, "return_5d": -0.0057, "return_20d": 0.070088, "return_60d": 0.084384, "return_252d": 0.154762, "sma_20": 177.1745, "sma_50": 166.5816, "sma_200": 167.004076, "price_vs_sma20": -0.005557, "price_vs_sma50": 0.05768, "price_vs_sma200": 0.055004, "volatility_20d": 0.264478, "volatility_60d": 0.23603, "drawdown": -0.065804, "max_drawdown_1y": -0.293995, "volume_ratio": 1.238718, "rsi_14": 53.961016, "macd": 3.436451, "macd_signal": 3.956985, "macd_histogram": -0.520534, "bb_width": 0.066027, "bb_position": 0.415372, "stoch_k": 25.559105, "stoch_d": 56.434537, "adx": 32.202016, "atr_14": 4.507195, "last_close": 176.19, "last_date": "2026-03-06"}