{"return_1d": 0.00326, "return_5d": 0.007201, "return_20d": 0.056767, "return_60d": 0.140491, "return_252d": 0.14443, "sma_20": 173.74025, "sma_50": 163.6709, "sma_200": 166.635146, "price_vs_sma20": 0.018446, "price_vs_sma50": 0.081102, "price_vs_sma200": 0.061871, "volatility_20d": 0.243709, "volatility_60d": 0.231406, "drawdown": -0.0618, "max_drawdown_1y": -0.293995, "volume_ratio": 0.433112, "rsi_14": 60.869097, "macd": 4.037986, "macd_signal": 4.348005, "macd_histogram": -0.31002, "bb_width": 0.122888, "bb_position": 0.647382, "stoch_k": 53.852941, "stoch_d": 61.236151, "adx": 33.112477, "atr_14": 4.101392, "last_close": 176.945, "last_date": "2026-02-27"}