{"return_1d": 0.004706, "return_5d": 0.008652, "return_20d": 0.05829, "return_60d": 0.142135, "return_252d": 0.146079, "sma_20": 173.753, "sma_50": 163.676, "sma_200": 166.636421, "price_vs_sma20": 0.019839, "price_vs_sma50": 0.082627, "price_vs_sma200": 0.063393, "volatility_20d": 0.243793, "volatility_60d": 0.23145, "drawdown": -0.060448, "max_drawdown_1y": -0.293995, "volume_ratio": 1.482165, "rsi_14": 61.25295, "macd": 4.058328, "macd_signal": 4.352074, "macd_histogram": -0.293746, "bb_width": 0.122887, "bb_position": 0.658296, "stoch_k": 55.352941, "stoch_d": 61.736151, "adx": 33.113577, "atr_14": 4.101178, "last_close": 177.2, "last_date": "2026-02-27"}