{"return_1d": 0.008409, "return_5d": 0.014765, "return_20d": 0.07677, "return_60d": 0.150929, "return_252d": 0.171222, "sma_20": 174.39, "sma_50": 164.2442, "sma_200": 166.718879, "price_vs_sma20": 0.024657, "price_vs_sma50": 0.087953, "price_vs_sma200": 0.071804, "volatility_20d": 0.240356, "volatility_60d": 0.231759, "drawdown": -0.052548, "max_drawdown_1y": -0.293995, "volume_ratio": 0.698544, "rsi_14": 63.50564, "macd": 3.966015, "macd_signal": 4.274862, "macd_histogram": -0.308847, "bb_width": 0.117185, "bb_position": 0.70535, "stoch_k": 62.229102, "stoch_d": 56.9607, "adx": 32.463019, "atr_14": 4.179665, "last_close": 178.69, "last_date": "2026-03-02"}