{"return_1d": -0.015716, "return_5d": 0.019164, "return_20d": 0.077703, "return_60d": 0.099914, "return_252d": 0.190279, "sma_20": 176.5975, "sma_50": 166.128, "sma_200": 166.958522, "price_vs_sma20": 0.017851, "price_vs_sma50": 0.081997, "price_vs_sma200": 0.076615, "volatility_20d": 0.257382, "volatility_60d": 0.232352, "drawdown": -0.046928, "max_drawdown_1y": -0.293995, "volume_ratio": 1.401944, "rsi_14": 61.338518, "macd": 3.864239, "macd_signal": 4.087118, "macd_histogram": -0.222879, "bb_width": 0.08879, "bb_position": 0.697525, "stoch_k": 63.471778, "stoch_d": 64.82805, "adx": 32.640914, "atr_14": 4.380056, "last_close": 179.75, "last_date": "2026-03-05"}