{"return_1d": -0.007208, "return_5d": -0.063006, "return_20d": 0.074376, "return_60d": 0.14692, "return_252d": 0.69996, "sma_20": 125.81425, "sma_50": 127.5497, "sma_200": 108.950125, "price_vs_sma20": 0.001755, "price_vs_sma50": -0.011875, "price_vs_sma200": 0.156814, "volatility_20d": 0.314417, "volatility_60d": 0.371219, "drawdown": -0.275994, "max_drawdown_1y": -0.644301, "volume_ratio": 0.398609, "rsi_14": 47.983866, "macd": 0.938366, "macd_signal": 0.943254, "macd_histogram": -0.004888, "bb_width": 0.161245, "bb_position": 0.510862, "stoch_k": 28.788717, "stoch_d": 36.160101, "adx": 17.312104, "atr_14": 4.509307, "last_close": 126.035, "last_date": "2026-02-27"}