{"return_1d": -0.052182, "return_5d": -0.080745, "return_20d": 0.019474, "return_60d": 0.099917, "return_252d": 0.6386, "sma_20": 125.951, "sma_50": 127.3332, "sma_200": 109.1232, "price_vs_sma20": -0.048201, "price_vs_sma50": -0.058533, "price_vs_sma200": 0.098575, "volatility_20d": 0.371188, "volatility_60d": 0.386977, "drawdown": -0.311351, "max_drawdown_1y": -0.644301, "volume_ratio": 1.023469, "rsi_14": 39.514502, "macd": 0.232052, "macd_signal": 0.806694, "macd_histogram": -0.574641, "bb_width": 0.164118, "bb_position": 0.191427, "stoch_k": 0.366492, "stoch_d": 22.415401, "adx": 17.251394, "atr_14": 4.663642, "last_close": 119.88, "last_date": "2026-03-02"}