{"return_1d": -0.016462, "return_5d": -0.086963, "return_20d": -0.048592, "return_60d": -0.053332, "return_252d": 0.738302, "sma_20": 125.6225, "sma_50": 126.7148, "sma_200": 109.5883, "price_vs_sma20": -0.077315, "price_vs_sma50": -0.085269, "price_vs_sma200": 0.057686, "volatility_20d": 0.363975, "volatility_60d": 0.360889, "drawdown": -0.334157, "max_drawdown_1y": -0.644301, "volume_ratio": 0.869581, "rsi_14": 34.881548, "macd": -1.661549, "macd_signal": -0.148549, "macd_histogram": -1.513, "bb_width": 0.18465, "bb_position": 0.046203, "stoch_k": 4.365904, "stoch_d": 7.968545, "adx": 19.343622, "atr_14": 4.480904, "last_close": 115.91, "last_date": "2026-03-05"}