{"return_1d": -0.013598, "return_5d": -0.005711, "return_20d": 0.044084, "return_60d": 0.04186, "return_252d": -0.08353, "sma_20": 17.12498, "sma_50": 16.898216, "sma_200": 17.094919, "price_vs_sma20": 0.016644, "price_vs_sma50": 0.030286, "price_vs_sma200": 0.018431, "volatility_20d": 0.252704, "volatility_60d": 0.232135, "drawdown": -0.397936, "max_drawdown_1y": -0.460874, "volume_ratio": 0.55047, "rsi_14": 54.368021, "macd": 0.178915, "macd_signal": 0.137218, "macd_histogram": 0.041697, "bb_width": 0.092349, "bb_position": 0.677274, "stoch_k": 67.664671, "stoch_d": 75.611729, "adx": 12.765367, "atr_14": 0.444974, "last_close": 17.41, "last_date": "2026-03-05"}