{"return_1d": 0.009148, "return_5d": 0.007995, "return_20d": 0.079715, "return_60d": 0.046385, "return_252d": -0.077727, "sma_20": 17.088225, "sma_50": 16.865966, "sma_200": 17.091492, "price_vs_sma20": 0.032875, "price_vs_sma50": 0.046486, "price_vs_sma200": 0.032678, "volatility_20d": 0.252903, "volatility_60d": 0.231165, "drawdown": -0.389637, "max_drawdown_1y": -0.460874, "volume_ratio": 0.712722, "rsi_14": 59.778596, "macd": 0.190425, "macd_signal": 0.126794, "macd_histogram": 0.063631, "bb_width": 0.092413, "bb_position": 0.844417, "stoch_k": 83.883099, "stoch_d": 80.659718, "adx": 13.640908, "atr_14": 0.446895, "last_close": 17.65, "last_date": "2026-03-04"}