{"return_1d": 0.009138, "return_5d": 0.040024, "return_20d": 0.037422, "return_60d": -0.0106, "return_252d": -0.059156, "sma_20": 16.96387, "sma_50": 16.775884, "sma_200": 17.070631, "price_vs_sma20": 0.041626, "price_vs_sma50": 0.053298, "price_vs_sma200": 0.035111, "volatility_20d": 0.283085, "volatility_60d": 0.246507, "drawdown": -0.388943, "max_drawdown_1y": -0.460873, "volume_ratio": 0.692266, "rsi_14": 61.37031, "macd": 0.155135, "macd_signal": 0.073592, "macd_histogram": 0.081543, "bb_width": 0.085614, "bb_position": 0.966771, "stoch_k": 84.957559, "stoch_d": 89.922815, "adx": 15.892591, "atr_14": 0.434715, "last_close": 17.67, "last_date": "2026-02-27"}