{"return_1d": -0.007941, "return_5d": 0.013913, "return_20d": 0.040205, "return_60d": 0.030302, "return_252d": -0.088768, "sma_20": 17.02307, "sma_50": 16.835198, "sma_200": 17.084884, "price_vs_sma20": 0.027429, "price_vs_sma50": 0.038895, "price_vs_sma200": 0.023712, "volatility_20d": 0.275796, "volatility_60d": 0.230975, "drawdown": -0.39517, "max_drawdown_1y": -0.460874, "volume_ratio": 0.640934, "rsi_14": 57.138038, "macd": 0.17791, "macd_signal": 0.110886, "macd_histogram": 0.067025, "bb_width": 0.095326, "bb_position": 0.780061, "stoch_k": 75.287418, "stoch_d": 81.196949, "adx": 14.550677, "atr_14": 0.448964, "last_close": 17.49, "last_date": "2026-03-03"}