{"return_1d": 0.009709, "return_5d": 0.040612, "return_20d": 0.038009, "return_60d": -0.01004, "return_252d": -0.058623, "sma_20": 16.96437, "sma_50": 16.776084, "sma_200": 17.070681, "price_vs_sma20": 0.042184, "price_vs_sma50": 0.053881, "price_vs_sma200": 0.035694, "volatility_20d": 0.283284, "volatility_60d": 0.246601, "drawdown": -0.388599, "max_drawdown_1y": -0.460874, "volume_ratio": 1.221413, "rsi_14": 61.506924, "macd": 0.155933, "macd_signal": 0.073752, "macd_histogram": 0.082181, "bb_width": 0.085778, "bb_position": 0.97188, "stoch_k": 85.494789, "stoch_d": 90.101892, "adx": 15.892593, "atr_14": 0.434715, "last_close": 17.68, "last_date": "2026-02-27"}