{"return_1d": -0.033213, "return_5d": -0.075743, "return_20d": -0.039769, "return_60d": 0.092107, "return_252d": 0.110466, "sma_20": 226.581855, "sma_50": 212.924732, "sma_200": 187.240082, "price_vs_sma20": -0.080156, "price_vs_sma50": -0.021156, "price_vs_sma200": 0.113116, "volatility_20d": 0.250617, "volatility_60d": 0.253838, "drawdown": -0.104632, "max_drawdown_1y": -0.265915, "volume_ratio": 1.424824, "rsi_14": 34.38502, "macd": 1.131448, "macd_signal": 4.19683, "macd_histogram": -3.065382, "bb_width": 0.118251, "bb_position": -0.236913, "stoch_k": 5.261701, "stoch_d": 12.468114, "adx": 26.250572, "atr_14": 5.805424, "last_close": 208.42, "last_date": "2026-03-06"}