{"return_1d": -0.004942, "return_5d": -0.031257, "return_20d": 0.11597, "return_60d": 0.222443, "return_252d": 0.15618, "sma_20": 224.712745, "sma_50": 210.71065, "sma_200": 186.363782, "price_vs_sma20": 0.003503, "price_vs_sma50": 0.070188, "price_vs_sma200": 0.209999, "volatility_20d": 0.247159, "volatility_60d": 0.230044, "drawdown": -0.031257, "max_drawdown_1y": -0.265915, "volume_ratio": 1.049541, "rsi_14": 57.544869, "macd": 5.637498, "macd_signal": 6.833116, "macd_histogram": -1.195617, "bb_width": 0.15879, "bb_position": 0.521986, "stoch_k": 25.372127, "stoch_d": 39.955181, "adx": 30.431242, "atr_14": 5.064308, "last_close": 225.5, "last_date": "2026-02-27"}