{"return_1d": -0.009796, "return_5d": -0.035982, "return_20d": 0.110527, "return_60d": 0.21648, "return_252d": 0.15054, "sma_20": 225.17325, "sma_50": 211.1721, "sma_200": 186.785906, "price_vs_sma20": -0.001147, "price_vs_sma50": 0.065079, "price_vs_sma200": 0.204133, "volatility_20d": 0.250486, "volatility_60d": 0.231013, "drawdown": -0.035982, "max_drawdown_1y": -0.265915, "volume_ratio": 0.533757, "rsi_14": 55.575749, "macd": 5.562489, "macd_signal": 6.831205, "macd_histogram": -1.268716, "bb_width": 0.159539, "bb_position": 0.492803, "stoch_k": 18.543132, "stoch_d": 37.678926, "adx": 30.310455, "atr_14": 5.112249, "last_close": 224.915, "last_date": "2026-02-27"}