{"return_1d": -0.028219, "return_5d": -0.048716, "return_20d": -0.017932, "return_60d": 0.130748, "return_252d": 0.183998, "sma_20": 227.013455, "sma_50": 212.737396, "sma_200": 187.119996, "price_vs_sma20": -0.050365, "price_vs_sma50": 0.013362, "price_vs_sma200": 0.152095, "volatility_20d": 0.225038, "volatility_60d": 0.243264, "drawdown": -0.073873, "max_drawdown_1y": -0.265915, "volume_ratio": 1.19433, "rsi_14": 41.765049, "macd": 2.558344, "macd_signal": 4.963176, "macd_histogram": -2.404832, "bb_width": 0.094292, "bb_position": -0.062461, "stoch_k": 8.781228, "stoch_d": 16.680982, "adx": 25.467603, "atr_14": 5.582764, "last_close": 215.58, "last_date": "2026-03-05"}