{"return_1d": -0.024912, "return_5d": -0.043585, "return_20d": 0.067271, "return_60d": 0.162908, "return_252d": 0.12272, "sma_20": 226.67704, "sma_50": 211.816634, "sma_200": 186.768168, "price_vs_sma20": -0.026103, "price_vs_sma50": 0.042222, "price_vs_sma200": 0.182, "volatility_20d": 0.251815, "volatility_60d": 0.234837, "drawdown": -0.05162, "max_drawdown_1y": -0.265915, "volume_ratio": 1.006581, "rsi_14": 48.848983, "macd": 4.269985, "macd_signal": 6.052142, "macd_histogram": -1.782157, "bb_width": 0.104387, "bb_position": 0.243234, "stoch_k": 17.900304, "stoch_d": 29.462491, "adx": 27.169327, "atr_14": 5.602082, "last_close": 220.76, "last_date": "2026-03-03"}