{"return_1d": 0.003991, "return_5d": -0.016515, "return_20d": 0.126207, "return_60d": 0.210366, "return_252d": 0.167706, "sma_20": 225.98131, "sma_50": 211.315452, "sma_200": 186.577824, "price_vs_sma20": 0.001853, "price_vs_sma50": 0.071384, "price_vs_sma200": 0.213435, "volatility_20d": 0.243997, "volatility_60d": 0.228995, "drawdown": -0.027391, "max_drawdown_1y": -0.265915, "volume_ratio": 0.881582, "rsi_14": 58.830274, "macd": 5.155944, "macd_signal": 6.497681, "macd_histogram": -1.341738, "bb_width": 0.125704, "bb_position": 0.514712, "stoch_k": 45.115041, "stoch_d": 38.280784, "adx": 28.688711, "atr_14": 5.326857, "last_close": 226.4, "last_date": "2026-03-02"}