{"return_1d": 0.025753, "return_5d": 0.004915, "return_20d": 0.129234, "return_60d": 0.286493, "return_252d": -0.151539, "sma_20": 31.1685, "sma_50": 27.791, "sma_200": 25.310517, "price_vs_sma20": -0.015994, "price_vs_sma50": 0.103595, "price_vs_sma200": 0.211749, "volatility_20d": 0.536445, "volatility_60d": 0.446941, "drawdown": -0.460964, "max_drawdown_1y": -0.64372, "volume_ratio": 0.625961, "rsi_14": 53.691284, "macd": 0.694516, "macd_signal": 1.115083, "macd_histogram": -0.420566, "bb_width": 0.194221, "bb_position": 0.416313, "stoch_k": 26.33716, "stoch_d": 16.261704, "adx": 22.634414, "atr_14": 1.34207, "last_close": 30.67, "last_date": "2026-02-27"}