{"return_1d": -0.00423, "return_5d": 0.021863, "return_20d": 0.123864, "return_60d": 0.297671, "return_252d": -0.134089, "sma_20": 30.99322, "sma_50": 27.634612, "sma_200": 25.025236, "price_vs_sma20": -0.012687, "price_vs_sma50": 0.107307, "price_vs_sma200": 0.222766, "volatility_20d": 0.546251, "volatility_60d": 0.451049, "drawdown": -0.455824, "max_drawdown_1y": -0.643719, "volume_ratio": 1.008806, "rsi_14": 54.875169, "macd": 0.675928, "macd_signal": 1.022156, "macd_histogram": -0.346228, "bb_width": 0.159075, "bb_position": 0.419219, "stoch_k": 31.518317, "stoch_d": 25.937384, "adx": 21.684579, "atr_14": 1.334628, "last_close": 30.6, "last_date": "2026-03-02"}