{"return_1d": 0.004575, "return_5d": 0.001743, "return_20d": 0.077013, "return_60d": 0.309093, "return_252d": -0.1388, "sma_20": 31.103125, "sma_50": 27.793414, "sma_200": 25.037647, "price_vs_sma20": -0.011675, "price_vs_sma50": 0.106017, "price_vs_sma200": 0.227751, "volatility_20d": 0.523382, "volatility_60d": 0.450665, "drawdown": -0.453334, "max_drawdown_1y": -0.643719, "volume_ratio": 1.010913, "rsi_14": 55.593213, "macd": 0.645012, "macd_signal": 0.946727, "macd_histogram": -0.301715, "bb_width": 0.140846, "bb_position": 0.41613, "stoch_k": 34.066134, "stoch_d": 33.156199, "adx": 20.186972, "atr_14": 1.354655, "last_close": 30.74, "last_date": "2026-03-03"}