{"return_1d": -0.013049, "return_5d": 0.082981, "return_20d": 0.100464, "return_60d": 0.473062, "return_252d": -0.059496, "sma_20": 31.450345, "sma_50": 28.402136, "sma_200": 25.111933, "price_vs_sma20": 0.058176, "price_vs_sma50": 0.171743, "price_vs_sma200": 0.325266, "volatility_20d": 0.446899, "volatility_60d": 0.459372, "drawdown": -0.408164, "max_drawdown_1y": -0.643719, "volume_ratio": 1.514908, "rsi_14": 64.829617, "macd": 1.011016, "macd_signal": 0.928662, "macd_histogram": 0.082355, "bb_width": 0.151109, "bb_position": 0.863827, "stoch_k": 70.231936, "stoch_d": 74.098933, "adx": 21.274477, "atr_14": 1.492744, "last_close": 33.28, "last_date": "2026-03-06"}