{"return_1d": 0.052049, "return_5d": 0.090041, "return_20d": 0.073238, "return_60d": 0.430828, "return_252d": -0.042467, "sma_20": 31.21347, "sma_50": 27.984808, "sma_200": 25.059324, "price_vs_sma20": 0.036091, "price_vs_sma50": 0.155627, "price_vs_sma200": 0.290538, "volatility_20d": 0.518695, "volatility_60d": 0.45207, "drawdown": -0.424882, "max_drawdown_1y": -0.64372, "volume_ratio": 1.042189, "rsi_14": 62.865764, "macd": 0.741075, "macd_signal": 0.905597, "macd_histogram": -0.164522, "bb_width": 0.134861, "bb_position": 0.758296, "stoch_k": 67.29923, "stoch_d": 44.29456, "adx": 19.717661, "atr_14": 1.375751, "last_close": 32.34, "last_date": "2026-03-04"}