{"return_1d": 0.042672, "return_5d": 0.141117, "return_20d": 0.053069, "return_60d": 0.486039, "return_252d": 0.010725, "sma_20": 31.298435, "sma_50": 28.199454, "sma_200": 25.086542, "price_vs_sma20": 0.07737, "price_vs_sma50": 0.195768, "price_vs_sma200": 0.344147, "volatility_20d": 0.492979, "volatility_60d": 0.458104, "drawdown": -0.400339, "max_drawdown_1y": -0.643719, "volume_ratio": 1.938569, "rsi_14": 67.768727, "macd": 0.917978, "macd_signal": 0.908073, "macd_histogram": 0.009905, "bb_width": 0.143491, "bb_position": 1.000478, "stoch_k": 84.765632, "stoch_d": 62.043665, "adx": 20.401348, "atr_14": 1.43834, "last_close": 33.72, "last_date": "2026-03-05"}