{"return_1d": 0.008064, "return_5d": 0.046541, "return_20d": -0.011226, "return_60d": -0.046505, "return_252d": -0.146477, "sma_20": 394.02, "sma_50": 406.5654, "sma_200": 431.675043, "price_vs_sma20": 0.021547, "price_vs_sma50": -0.009975, "price_vs_sma200": -0.067562, "volatility_20d": 0.279719, "volatility_60d": 0.254304, "drawdown": -0.246394, "max_drawdown_1y": -0.300708, "volume_ratio": 0.772552, "rsi_14": 52.999161, "macd": -1.351342, "macd_signal": -4.180467, "macd_histogram": 2.829126, "bb_width": 0.112846, "bb_position": 0.686915, "stoch_k": 67.652063, "stoch_d": 66.383099, "adx": 23.986045, "atr_14": 11.806722, "last_close": 402.51, "last_date": "2026-02-27"}