{"return_1d": -0.00964, "return_5d": 0.00854, "return_20d": 0.002415, "return_60d": -0.029337, "return_252d": -0.150788, "sma_20": 393.854, "sma_50": 404.2428, "sma_200": 430.141355, "price_vs_sma20": 0.02246, "price_vs_sma50": -0.003817, "price_vs_sma200": -0.063796, "volatility_20d": 0.27878, "volatility_60d": 0.249577, "drawdown": -0.246038, "max_drawdown_1y": -0.300709, "volume_ratio": 0.737273, "rsi_14": 52.180573, "macd": 0.843904, "macd_signal": -1.510137, "macd_histogram": 2.35404, "bb_width": 0.110295, "bb_position": 0.699164, "stoch_k": 68.056146, "stoch_d": 74.861761, "adx": 20.931147, "atr_14": 11.253189, "last_close": 402.7, "last_date": "2026-03-05"}