{"return_1d": -0.002832, "return_5d": 0.002523, "return_20d": -0.021836, "return_60d": -0.050975, "return_252d": -0.154488, "sma_20": 393.572, "sma_50": 405.9148, "sma_200": 431.288209, "price_vs_sma20": 0.019813, "price_vs_sma50": -0.011196, "price_vs_sma200": -0.069369, "volatility_20d": 0.27804, "volatility_60d": 0.254286, "drawdown": -0.248529, "max_drawdown_1y": -0.300709, "volume_ratio": 0.959896, "rsi_14": 52.193712, "macd": -0.8636, "macd_signal": -3.517094, "macd_histogram": 2.653494, "bb_width": 0.108324, "bb_position": 0.679355, "stoch_k": 65.227563, "stoch_d": 64.56118, "adx": 22.835802, "atr_14": 11.73767, "last_close": 401.37, "last_date": "2026-03-02"}