{"return_1d": 0.017465, "return_5d": -0.014051, "return_20d": -0.002053, "return_60d": -0.050169, "return_252d": -0.152774, "sma_20": 393.53, "sma_50": 405.314, "sma_200": 430.94221, "price_vs_sma20": 0.037735, "price_vs_sma50": 0.007565, "price_vs_sma200": -0.052356, "volatility_20d": 0.285479, "volatility_60d": 0.254543, "drawdown": -0.235404, "max_drawdown_1y": -0.300708, "volume_ratio": 0.759128, "rsi_14": 56.564975, "macd": 0.087577, "macd_signal": -2.79616, "macd_histogram": 2.883737, "bb_width": 0.105886, "bb_position": 0.843419, "stoch_k": 80.136112, "stoch_d": 71.005246, "adx": 22.325889, "atr_14": 11.998551, "last_close": 408.38, "last_date": "2026-03-03"}