{"return_1d": 0.004032, "return_5d": 0.042355, "return_20d": -0.015181, "return_60d": -0.050319, "return_252d": -0.149891, "sma_20": 393.9395, "sma_50": 406.5332, "sma_200": 431.666993, "price_vs_sma20": 0.017669, "price_vs_sma50": -0.013857, "price_vs_sma200": -0.071275, "volatility_20d": 0.27846, "volatility_60d": 0.253846, "drawdown": -0.249409, "max_drawdown_1y": -0.300709, "volume_ratio": 0.430756, "rsi_14": 52.028336, "macd": -1.479775, "macd_signal": -4.206154, "macd_histogram": 2.726379, "bb_width": 0.112752, "bb_position": 0.653986, "stoch_k": 64.227988, "stoch_d": 65.241741, "adx": 23.986045, "atr_14": 11.802079, "last_close": 400.9, "last_date": "2026-02-27"}