{"return_1d": -0.004562, "return_5d": -0.015741, "return_20d": 0.072844, "return_60d": 0.238622, "return_252d": 0.135238, "sma_20": 212.3715, "sma_50": 202.94626, "sma_200": 197.723492, "price_vs_sma20": 0.006962, "price_vs_sma50": 0.053727, "price_vs_sma200": 0.081561, "volatility_20d": 0.269637, "volatility_60d": 0.271678, "drawdown": -0.031309, "max_drawdown_1y": -0.239196, "volume_ratio": 0.944845, "rsi_14": 55.710278, "macd": 3.392162, "macd_signal": 4.077272, "macd_histogram": -0.68511, "bb_width": 0.093258, "bb_position": 0.574135, "stoch_k": 45.686901, "stoch_d": 43.530351, "adx": 24.030846, "atr_14": 5.360653, "last_close": 213.85, "last_date": "2026-02-27"}