{"return_1d": -0.034141, "return_5d": -0.04079, "return_20d": -0.010122, "return_60d": 0.162646, "return_252d": 0.069509, "sma_20": 213.2785, "sma_50": 204.149198, "sma_200": 197.804849, "price_vs_sma20": -0.04627, "price_vs_sma50": -0.003621, "price_vs_sma200": 0.028337, "volatility_20d": 0.297846, "volatility_60d": 0.284255, "drawdown": -0.0786, "max_drawdown_1y": -0.239196, "volume_ratio": 1.44875, "rsi_14": 42.266331, "macd": 1.5434, "macd_signal": 3.15434, "macd_histogram": -1.610941, "bb_width": 0.065502, "bb_position": -0.240665, "stoch_k": 5.013774, "stoch_d": 20.667757, "adx": 21.823136, "atr_14": 5.814859, "last_close": 203.41, "last_date": "2026-03-04"}