{"return_1d": -0.014694, "return_5d": -0.049895, "return_20d": -0.048605, "return_60d": 0.137897, "return_252d": 0.075105, "sma_20": 212.459, "sma_50": 204.810566, "sma_200": 197.796615, "price_vs_sma20": -0.043674, "price_vs_sma50": -0.007961, "price_vs_sma200": 0.027217, "volatility_20d": 0.279126, "volatility_60d": 0.28646, "drawdown": -0.079642, "max_drawdown_1y": -0.239196, "volume_ratio": 1.061857, "rsi_14": 42.795434, "macd": 0.38186, "macd_signal": 2.260631, "macd_histogram": -1.878771, "bb_width": 0.083434, "bb_position": -0.047365, "stoch_k": 22.527716, "stoch_d": 17.943471, "adx": 22.243382, "atr_14": 6.088578, "last_close": 203.18, "last_date": "2026-03-06"}