{"return_1d": 0.003478, "return_5d": -0.01552, "return_20d": 0.048283, "return_60d": 0.196547, "return_252d": 0.08218, "sma_20": 213.3825, "sma_50": 203.910024, "sma_200": 197.809573, "price_vs_sma20": -0.01304, "price_vs_sma50": 0.032808, "price_vs_sma200": 0.06466, "volatility_20d": 0.280247, "volatility_60d": 0.274365, "drawdown": -0.046031, "max_drawdown_1y": -0.239196, "volume_ratio": 0.608399, "rsi_14": 51.051402, "macd": 2.455892, "macd_signal": 3.557076, "macd_histogram": -1.101183, "bb_width": 0.05776, "bb_position": 0.271257, "stoch_k": 43.091733, "stoch_d": 34.225466, "adx": 22.119716, "atr_14": 5.569849, "last_close": 210.6, "last_date": "2026-03-03"}