{"return_1d": -0.018611, "return_5d": -0.020489, "return_20d": 0.052772, "return_60d": 0.210697, "return_252d": 0.10908, "sma_20": 212.8975, "sma_50": 203.460546, "sma_200": 197.770623, "price_vs_sma20": -0.01422, "price_vs_sma50": 0.031502, "price_vs_sma200": 0.061179, "volatility_20d": 0.280859, "volatility_60d": 0.275502, "drawdown": -0.049338, "max_drawdown_1y": -0.239196, "volume_ratio": 0.78669, "rsi_14": 50.07305, "macd": 2.85277, "macd_signal": 3.832371, "macd_histogram": -0.979602, "bb_width": 0.077223, "bb_position": 0.313197, "stoch_k": 13.897764, "stoch_d": 37.699681, "adx": 22.527671, "atr_14": 5.370606, "last_close": 209.87, "last_date": "2026-03-02"}