{"return_1d": -0.005423, "return_5d": -0.016592, "return_20d": 0.071916, "return_60d": 0.23755, "return_252d": 0.134256, "sma_20": 212.36225, "sma_50": 202.94256, "sma_200": 197.722567, "price_vs_sma20": 0.006135, "price_vs_sma50": 0.052835, "price_vs_sma200": 0.08063, "volatility_20d": 0.270002, "volatility_60d": 0.271796, "drawdown": -0.032147, "max_drawdown_1y": -0.239196, "volume_ratio": 0.519156, "rsi_14": 55.44088, "macd": 3.377404, "macd_signal": 4.07432, "macd_histogram": -0.696916, "bb_width": 0.09329, "bb_position": 0.565357, "stoch_k": 44.209265, "stoch_d": 43.037806, "adx": 24.030846, "atr_14": 5.360653, "last_close": 213.665, "last_date": "2026-02-27"}