{"return_1d": -0.006602, "return_5d": -0.017949, "return_20d": -0.206722, "return_60d": -0.232029, "return_252d": -0.548378, "sma_20": 18.41975, "sma_50": 21.5903, "sma_200": 26.307825, "price_vs_sma20": -0.019802, "price_vs_sma50": -0.163745, "price_vs_sma200": -0.313702, "volatility_20d": 0.885067, "volatility_60d": 0.546429, "drawdown": -0.67127, "max_drawdown_1y": -0.709414, "volume_ratio": 0.02975, "rsi_14": 37.296729, "macd": -1.032661, "macd_signal": -1.267879, "macd_histogram": 0.235218, "bb_width": 0.390706, "bb_position": 0.448293, "stoch_k": 74.457429, "stoch_d": 78.909293, "adx": 40.213389, "atr_14": 0.732546, "last_close": 18.055, "last_date": "2026-03-05"}