{"return_1d": 0.004558, "return_5d": 0.009973, "return_20d": -0.157978, "return_60d": -0.197645, "return_252d": -0.515371, "sma_20": 18.27375, "sma_50": 21.5035, "sma_200": 26.236275, "price_vs_sma20": 0.025241, "price_vs_sma50": -0.128746, "price_vs_sma200": -0.285912, "volatility_20d": 0.893694, "volatility_60d": 0.549981, "drawdown": -0.658889, "max_drawdown_1y": -0.709414, "volume_ratio": 0.795042, "rsi_14": 43.795585, "macd": -0.884387, "macd_signal": -1.183586, "macd_histogram": 0.2992, "bb_width": 0.327729, "bb_position": 0.575122, "stoch_k": 94.480519, "stoch_d": 89.0895, "adx": 37.839359, "atr_14": 0.743078, "last_close": 18.735, "last_date": "2026-03-06"}