{"return_1d": -0.00379, "return_5d": 0.055651, "return_20d": -0.176734, "return_60d": -0.225589, "return_252d": -0.541343, "sma_20": 18.8975, "sma_50": 21.8158, "sma_200": 26.4607, "price_vs_sma20": -0.026326, "price_vs_sma50": -0.156575, "price_vs_sma200": -0.304629, "volatility_20d": 0.894976, "volatility_60d": 0.546554, "drawdown": -0.664989, "max_drawdown_1y": -0.709414, "volume_ratio": 0.023909, "rsi_14": 39.545591, "macd": -1.15636, "macd_signal": -1.384597, "macd_histogram": 0.228237, "bb_width": 0.478481, "bb_position": 0.443492, "stoch_k": 85.976628, "stoch_d": 71.194641, "adx": 42.34319, "atr_14": 0.777027, "last_close": 18.4, "last_date": "2026-03-03"}