{"return_1d": -0.004363, "return_5d": 0.01276, "return_20d": -0.204922, "return_60d": -0.232338, "return_252d": -0.53306, "sma_20": 18.659, "sma_50": 21.7056, "sma_200": 26.385, "price_vs_sma20": -0.021652, "price_vs_sma50": -0.158973, "price_vs_sma200": -0.30813, "volatility_20d": 0.885212, "volatility_60d": 0.546528, "drawdown": -0.667629, "max_drawdown_1y": -0.709414, "volume_ratio": 0.042793, "rsi_14": 38.610875, "macd": -1.084501, "macd_signal": -1.325407, "macd_histogram": 0.240907, "bb_width": 0.437494, "bb_position": 0.449414, "stoch_k": 81.135225, "stoch_d": 84.418475, "adx": 41.22256, "atr_14": 0.750709, "last_close": 18.255, "last_date": "2026-03-04"}