{"return_1d": -0.00398, "return_5d": 0.012341, "return_20d": 0.09875, "return_60d": 0.132552, "return_252d": 0.157721, "sma_20": 141.574, "sma_50": 135.6866, "sma_200": 134.819156, "price_vs_sma20": 0.042917, "price_vs_sma50": 0.088169, "price_vs_sma200": 0.095171, "volatility_20d": 0.177884, "volatility_60d": 0.151106, "drawdown": -0.00398, "max_drawdown_1y": -0.10134, "volume_ratio": 0.812376, "rsi_14": 72.89175, "macd": 3.487045, "macd_signal": 3.093498, "macd_histogram": 0.393547, "bb_width": 0.134169, "bb_position": 0.806712, "stoch_k": 63.777893, "stoch_d": 64.57645, "adx": 41.266305, "atr_14": 2.788903, "last_close": 147.65, "last_date": "2026-03-02"}