{"return_1d": 0.003115, "return_5d": 0.013827, "return_20d": 0.114195, "return_60d": 0.122176, "return_252d": 0.145172, "sma_20": 142.333, "sma_50": 136.071, "sma_200": 134.912703, "price_vs_sma20": 0.040588, "price_vs_sma50": 0.088476, "price_vs_sma200": 0.097821, "volatility_20d": 0.168334, "volatility_60d": 0.149601, "drawdown": -0.000877, "max_drawdown_1y": -0.10134, "volume_ratio": 1.227333, "rsi_14": 73.742837, "macd": 3.49044, "macd_signal": 3.172886, "macd_histogram": 0.317554, "bb_width": 0.127682, "bb_position": 0.805485, "stoch_k": 62.827822, "stoch_d": 65.195433, "adx": 40.910112, "atr_14": 2.973267, "last_close": 148.11, "last_date": "2026-03-03"}