{"return_1d": 0.010024, "return_5d": 0.01275, "return_20d": 0.102762, "return_60d": 0.165305, "return_252d": 0.175294, "sma_20": 144.4015, "sma_50": 137.3316, "sma_200": 135.143596, "price_vs_sma20": 0.039671, "price_vs_sma50": 0.093193, "price_vs_sma200": 0.110892, "volatility_20d": 0.170338, "volatility_60d": 0.149747, "drawdown": 0.0, "max_drawdown_1y": -0.10134, "volume_ratio": 1.158773, "rsi_14": 72.746197, "macd": 3.579766, "macd_signal": 3.370973, "macd_histogram": 0.208793, "bb_width": 0.118521, "bb_position": 0.821943, "stoch_k": 64.114833, "stoch_d": 63.564423, "adx": 39.681514, "atr_14": 2.969719, "last_close": 150.13, "last_date": "2026-03-06"}