{"return_1d": 0.011256, "return_5d": 0.022345, "return_20d": 0.102648, "return_60d": 0.122402, "return_252d": 0.15525, "sma_20": 140.9105, "sma_50": 135.3068, "sma_200": 134.728636, "price_vs_sma20": 0.052015, "price_vs_sma50": 0.095584, "price_vs_sma200": 0.100286, "volatility_20d": 0.176009, "volatility_60d": 0.15373, "drawdown": 0.0, "max_drawdown_1y": -0.10134, "volume_ratio": 0.9972, "rsi_14": 75.818676, "macd": 3.478828, "macd_signal": 2.995111, "macd_histogram": 0.483717, "bb_width": 0.134454, "bb_position": 0.867734, "stoch_k": 68.980583, "stoch_d": 62.718447, "adx": 39.987583, "atr_14": 2.868819, "last_close": 148.24, "last_date": "2026-02-27"}