{"return_1d": 0.010423, "return_5d": -0.020796, "return_20d": 0.084924, "return_60d": 0.211765, "return_252d": -0.000406, "sma_20": 32.323, "sma_50": 29.5312, "sma_200": 29.8228, "price_vs_sma20": 0.019707, "price_vs_sma50": 0.116108, "price_vs_sma200": 0.105195, "volatility_20d": 0.337424, "volatility_60d": 0.285664, "drawdown": -0.053662, "max_drawdown_1y": -0.244595, "volume_ratio": 0.065335, "rsi_14": 60.30423, "macd": 1.13759, "macd_signal": 1.255244, "macd_histogram": -0.117654, "bb_width": 0.146108, "bb_position": 0.632275, "stoch_k": 44.88189, "stoch_d": 57.834866, "adx": 34.60668, "atr_14": 0.835446, "last_close": 32.96, "last_date": "2026-03-04"}