{"return_1d": 0.004848, "return_5d": 0.007596, "return_20d": 0.08366, "return_60d": 0.210661, "return_252d": 0.032742, "sma_20": 32.453, "sma_50": 29.6604, "sma_200": 29.81735, "price_vs_sma20": 0.021785, "price_vs_sma50": 0.117989, "price_vs_sma200": 0.112104, "volatility_20d": 0.337583, "volatility_60d": 0.285723, "drawdown": -0.04792, "max_drawdown_1y": -0.244595, "volume_ratio": 0.088122, "rsi_14": 61.434867, "macd": 1.085715, "macd_signal": 1.221849, "macd_histogram": -0.136134, "bb_width": 0.138683, "bb_position": 0.653739, "stoch_k": 48.051948, "stoch_d": 48.589715, "adx": 34.160221, "atr_14": 0.81021, "last_close": 33.16, "last_date": "2026-03-05"}