{"return_1d": 0.012536, "return_5d": 0.032103, "return_20d": 0.091607, "return_60d": 0.092873, "return_252d": 0.164848, "sma_20": 124.743045, "sma_50": 119.975362, "sma_200": 118.845332, "price_vs_sma20": 0.048956, "price_vs_sma50": 0.090641, "price_vs_sma200": 0.101011, "volatility_20d": 0.170349, "volatility_60d": 0.147529, "drawdown": 0.0, "max_drawdown_1y": -0.108804, "volume_ratio": 0.955513, "rsi_14": 74.742027, "macd": 2.835553, "macd_signal": 2.40804, "macd_histogram": 0.427513, "bb_width": 0.108423, "bb_position": 0.930455, "stoch_k": 94.062982, "stoch_d": 95.364111, "adx": 33.108502, "atr_14": 2.150097, "last_close": 130.85, "last_date": "2026-02-27"}