{"return_1d": 0.003424, "return_5d": 0.022881, "return_20d": 0.093147, "return_60d": 0.127433, "return_252d": 0.150669, "sma_20": 126.517615, "sma_50": 120.921974, "sma_200": 119.171071, "price_vs_sma20": 0.042384, "price_vs_sma50": 0.090621, "price_vs_sma200": 0.106644, "volatility_20d": 0.147708, "volatility_60d": 0.143891, "drawdown": 0.0, "max_drawdown_1y": -0.108805, "volume_ratio": 0.767596, "rsi_14": 75.862105, "macd": 3.097398, "macd_signal": 2.721345, "macd_histogram": 0.376053, "bb_width": 0.108546, "bb_position": 0.874599, "stoch_k": 90.723341, "stoch_d": 92.63482, "adx": 34.825181, "atr_14": 2.225814, "last_close": 131.88, "last_date": "2026-03-04"}