{"return_1d": -0.001519, "return_5d": 0.02312, "return_20d": 0.109293, "return_60d": 0.117428, "return_252d": 0.158259, "sma_20": 125.95574, "sma_50": 120.61552, "sma_200": 119.071547, "price_vs_sma20": 0.043462, "price_vs_sma50": 0.089661, "price_vs_sma200": 0.10379, "volatility_20d": 0.155437, "volatility_60d": 0.144681, "drawdown": -0.001519, "max_drawdown_1y": -0.108805, "volume_ratio": 0.738562, "rsi_14": 74.991131, "macd": 3.045787, "macd_signal": 2.627332, "macd_histogram": 0.418455, "bb_width": 0.1088, "bb_position": 0.882827, "stoch_k": 91.649149, "stoch_d": 93.748034, "adx": 34.7642, "atr_14": 2.235492, "last_close": 131.43, "last_date": "2026-03-03"}