{"return_1d": -0.014843, "return_5d": 0.017848, "return_20d": 0.408268, "return_60d": 0.291995, "return_252d": 0.049339, "sma_20": 145.4445, "sma_50": 124.591, "sma_200": 130.4844, "price_vs_sma20": 0.058686, "price_vs_sma50": 0.235884, "price_vs_sma200": 0.180064, "volatility_20d": 0.836704, "volatility_60d": 0.536037, "drawdown": -0.131773, "max_drawdown_1y": -0.414322, "volume_ratio": 0.661655, "rsi_14": 69.476698, "macd": 9.042885, "macd_signal": 9.063596, "macd_histogram": -0.020711, "bb_width": 0.249926, "bb_position": 0.721796, "stoch_k": 73.933876, "stoch_d": 85.272273, "adx": 47.036248, "atr_14": 5.218285, "last_close": 153.98, "last_date": "2026-03-02"}