{"return_1d": -0.011105, "return_5d": 0.009012, "return_20d": 0.369458, "return_60d": 0.287696, "return_252d": 0.029686, "sma_20": 147.4985, "sma_50": 125.268, "sma_200": 130.54625, "price_vs_sma20": 0.032349, "price_vs_sma50": 0.215554, "price_vs_sma200": 0.166407, "volatility_20d": 0.84328, "volatility_60d": 0.536411, "drawdown": -0.141415, "max_drawdown_1y": -0.414322, "volume_ratio": 0.458857, "rsi_14": 66.417628, "macd": 8.627456, "macd_signal": 8.976368, "macd_histogram": -0.348912, "bb_width": 0.148609, "bb_position": 0.710861, "stoch_k": 64.621475, "stoch_d": 77.047609, "adx": 46.183543, "atr_14": 5.23555, "last_close": 152.27, "last_date": "2026-03-03"}