{"return_1d": 0.01655, "return_5d": 0.035315, "return_20d": 0.14889, "return_60d": 0.319833, "return_252d": 0.081691, "sma_20": 148.5015, "sma_50": 126.0408, "sma_200": 130.6022, "price_vs_sma20": 0.042346, "price_vs_sma50": 0.228094, "price_vs_sma200": 0.185202, "volatility_20d": 0.428228, "volatility_60d": 0.536258, "drawdown": -0.127206, "max_drawdown_1y": -0.414322, "volume_ratio": 0.461488, "rsi_14": 68.611022, "macd": 8.404685, "macd_signal": 8.862031, "macd_histogram": -0.457346, "bb_width": 0.130503, "bb_position": 0.811303, "stoch_k": 69.297082, "stoch_d": 69.284144, "adx": 45.666629, "atr_14": 5.203725, "last_close": 154.79, "last_date": "2026-03-04"}