{"return_1d": -0.031333, "return_5d": -0.017045, "return_20d": 0.05547, "return_60d": 0.277281, "return_252d": 0.058824, "sma_20": 148.8955, "sma_50": 126.7356, "sma_200": 130.62485, "price_vs_sma20": 0.007015, "price_vs_sma50": 0.183093, "price_vs_sma200": 0.147867, "volatility_20d": 0.410962, "volatility_60d": 0.541395, "drawdown": -0.154553, "max_drawdown_1y": -0.414322, "volume_ratio": 0.820592, "rsi_14": 60.430395, "macd": 7.747475, "macd_signal": 8.63912, "macd_histogram": -0.891645, "bb_width": 0.128986, "bb_position": 0.554007, "stoch_k": 29.359165, "stoch_d": 54.425907, "adx": 44.604707, "atr_14": 5.307745, "last_close": 149.94, "last_date": "2026-03-05"}