{"return_1d": 0.030222, "return_5d": 0.042593, "return_20d": 0.465405, "return_60d": 0.31793, "return_252d": 0.076739, "sma_20": 143.255, "sma_50": 123.8872, "sma_200": 130.43865, "price_vs_sma20": 0.096995, "price_vs_sma50": 0.268493, "price_vs_sma200": 0.204781, "volatility_20d": 0.828032, "volatility_60d": 0.535591, "drawdown": -0.113899, "max_drawdown_1y": -0.414322, "volume_ratio": 0.415191, "rsi_14": 74.295082, "macd": 9.335287, "macd_signal": 9.082335, "macd_histogram": 0.252952, "bb_width": 0.31201, "bb_position": 0.783385, "stoch_k": 97.037037, "stoch_d": 86.359879, "adx": 46.440708, "atr_14": 5.1784, "last_close": 157.15, "last_date": "2026-02-27"}