{"return_1d": 0.024649, "return_5d": 0.036953, "return_20d": 0.457479, "return_60d": 0.310802, "return_252d": 0.070915, "sma_20": 143.2125, "sma_50": 123.8702, "sma_200": 130.4344, "price_vs_sma20": 0.091385, "price_vs_sma50": 0.261805, "price_vs_sma200": 0.198304, "volatility_20d": 0.827398, "volatility_60d": 0.534596, "drawdown": -0.118692, "max_drawdown_1y": -0.414322, "volume_ratio": 0.727663, "rsi_14": 73.756395, "macd": 9.267481, "macd_signal": 9.068774, "macd_histogram": 0.198707, "bb_width": 0.312507, "bb_position": 0.76794, "stoch_k": 92.587477, "stoch_d": 84.876692, "adx": 46.450693, "atr_14": 5.186614, "last_close": 156.3, "last_date": "2026-02-27"}