{"return_1d": -0.000898, "return_5d": 0.021824, "return_20d": 0.030345, "return_60d": 0.191545, "return_252d": 0.358276, "sma_20": 43.954, "sma_50": 40.2616, "sma_200": 35.321139, "price_vs_sma20": 0.011967, "price_vs_sma50": 0.104775, "price_vs_sma200": 0.259303, "volatility_20d": 0.274114, "volatility_60d": 0.355357, "drawdown": -0.33645, "max_drawdown_1y": -0.608256, "volume_ratio": 1.163573, "rsi_14": 60.378097, "macd": 1.015303, "macd_signal": 1.202619, "macd_histogram": -0.187316, "bb_width": 0.059949, "bb_position": 0.697261, "stoch_k": 62.131519, "stoch_d": 54.950869, "adx": 31.124095, "atr_14": 1.420071, "last_close": 44.48, "last_date": "2026-03-06"}