{"return_1d": 0.020394, "return_5d": -0.019374, "return_20d": 0.089885, "return_60d": 0.157165, "return_252d": 0.26179, "sma_20": 43.283, "sma_50": 39.4334, "sma_200": 35.03505, "price_vs_sma20": 0.005707, "price_vs_sma50": 0.103887, "price_vs_sma200": 0.24247, "volatility_20d": 0.301298, "volatility_60d": 0.345616, "drawdown": -0.350622, "max_drawdown_1y": -0.608256, "volume_ratio": 0.794428, "rsi_14": 59.520341, "macd": 1.141769, "macd_signal": 1.488804, "macd_histogram": -0.347036, "bb_width": 0.122704, "bb_position": 0.546243, "stoch_k": 40.589569, "stoch_d": 25.734346, "adx": 34.098119, "atr_14": 1.365631, "last_close": 43.53, "last_date": "2026-02-27"}