{"return_1d": -0.021135, "return_5d": 0.016636, "return_20d": 0.096163, "return_60d": 0.174934, "return_252d": 0.248652, "sma_20": 43.713, "sma_50": 39.7716, "sma_200": 35.145428, "price_vs_sma20": 0.006566, "price_vs_sma50": 0.106317, "price_vs_sma200": 0.251941, "volatility_20d": 0.33072, "volatility_60d": 0.351973, "drawdown": -0.343611, "max_drawdown_1y": -0.608256, "volume_ratio": 1.376693, "rsi_14": 59.179867, "macd": 1.133901, "macd_signal": 1.369605, "macd_histogram": -0.235704, "bb_width": 0.081146, "bb_position": 0.580382, "stoch_k": 51.247166, "stoch_d": 54.875283, "adx": 33.391644, "atr_14": 1.444294, "last_close": 44.0, "last_date": "2026-03-03"}