{"return_1d": -0.011591, "return_5d": 0.020413, "return_20d": 0.057893, "return_60d": 0.160699, "return_252d": 0.299101, "sma_20": 43.832, "sma_50": 39.927, "sma_200": 35.199243, "price_vs_sma20": -0.007803, "price_vs_sma50": 0.089238, "price_vs_sma200": 0.235538, "volatility_20d": 0.327295, "volatility_60d": 0.3532, "drawdown": -0.351219, "max_drawdown_1y": -0.608256, "volume_ratio": 0.949884, "rsi_14": 55.882318, "macd": 1.038352, "macd_signal": 1.303354, "macd_histogram": -0.265003, "bb_width": 0.061444, "bb_position": 0.372016, "stoch_k": 39.68254, "stoch_d": 54.57294, "adx": 32.042351, "atr_14": 1.433987, "last_close": 43.49, "last_date": "2026-03-04"}