{"return_1d": 0.004766, "return_5d": 0.007098, "return_20d": 0.010131, "return_60d": 0.144763, "return_252d": -0.159777, "sma_20": 71.3045, "sma_50": 70.2148, "sma_200": 73.79775, "price_vs_sma20": 0.034717, "price_vs_sma50": 0.050776, "price_vs_sma200": -0.000241, "volatility_20d": 0.380659, "volatility_60d": 0.297367, "drawdown": -0.546848, "max_drawdown_1y": -0.663176, "volume_ratio": 0.726745, "rsi_14": 59.110738, "macd": 0.998666, "macd_signal": 0.735331, "macd_histogram": 0.263334, "bb_width": 0.124112, "bb_position": 0.770341, "stoch_k": 93.895099, "stoch_d": 94.611637, "adx": 19.073718, "atr_14": 2.338324, "last_close": 73.78, "last_date": "2026-03-02"}