{"return_1d": -0.014789, "return_5d": 0.002737, "return_20d": -0.00973, "return_60d": 0.153652, "return_252d": -0.184963, "sma_20": 71.26, "sma_50": 70.0636, "sma_200": 73.84865, "price_vs_sma20": 0.028347, "price_vs_sma50": 0.045907, "price_vs_sma200": -0.0077, "volatility_20d": 0.384337, "volatility_60d": 0.298858, "drawdown": -0.549919, "max_drawdown_1y": -0.663176, "volume_ratio": 0.467634, "rsi_14": 57.377917, "macd": 0.946771, "macd_signal": 0.667104, "macd_histogram": 0.279667, "bb_width": 0.12269, "bb_position": 0.724676, "stoch_k": 89.595873, "stoch_d": 92.4047, "adx": 20.522558, "atr_14": 2.338195, "last_close": 73.28, "last_date": "2026-02-27"}