{"return_1d": -0.030316, "return_5d": -0.04961, "return_20d": -0.001836, "return_60d": 0.079401, "return_252d": -0.14232, "sma_20": 71.389, "sma_50": 70.5938, "sma_200": 73.59275, "price_vs_sma20": -0.009791, "price_vs_sma50": 0.001363, "price_vs_sma200": -0.039443, "volatility_20d": 0.392592, "volatility_60d": 0.305523, "drawdown": -0.565826, "max_drawdown_1y": -0.663176, "volume_ratio": 1.037788, "rsi_14": 46.123147, "macd": 0.680676, "macd_signal": 0.781332, "macd_histogram": -0.100656, "bb_width": 0.13204, "bb_position": 0.425112, "stoch_k": 67.325881, "stoch_d": 80.510175, "adx": 17.027621, "atr_14": 2.305965, "last_close": 70.69, "last_date": "2026-03-05"}