{"return_1d": -0.009488, "return_5d": -0.000137, "return_20d": 0.007583, "return_60d": 0.126908, "return_252d": -0.173023, "sma_20": 71.332, "sma_50": 70.3614, "sma_200": 73.73055, "price_vs_sma20": 0.024505, "price_vs_sma50": 0.038638, "price_vs_sma200": -0.008823, "volatility_20d": 0.381439, "volatility_60d": 0.298253, "drawdown": -0.551147, "max_drawdown_1y": -0.663176, "volume_ratio": 0.471828, "rsi_14": 55.922126, "macd": 0.962727, "macd_signal": 0.78081, "macd_histogram": 0.181917, "bb_width": 0.126274, "bb_position": 0.689421, "stoch_k": 87.876182, "stoch_d": 90.885641, "adx": 17.728367, "atr_14": 2.280587, "last_close": 73.08, "last_date": "2026-03-03"}