{"return_1d": -0.036639, "return_5d": -0.072586, "return_20d": -0.025612, "return_60d": 0.037793, "return_252d": -0.169107, "sma_20": 71.2995, "sma_50": 70.6072, "sma_200": 73.49845, "price_vs_sma20": -0.044874, "price_vs_sma50": -0.035509, "price_vs_sma200": -0.07345, "volatility_20d": 0.411582, "volatility_60d": 0.315333, "drawdown": -0.581734, "max_drawdown_1y": -0.663176, "volume_ratio": 0.813475, "rsi_14": 38.257373, "macd": 0.287235, "macd_signal": 0.682513, "macd_histogram": -0.395278, "bb_width": 0.142256, "bb_position": 0.169734, "stoch_k": 6.715328, "stoch_d": 53.456557, "adx": 18.142324, "atr_14": 2.359111, "last_close": 68.1, "last_date": "2026-03-06"}