{"return_1d": -0.013748, "return_5d": -0.012813, "return_20d": 0.0013, "return_60d": -0.02625, "return_252d": 0.483395, "sma_20": 200.620175, "sma_50": 202.346742, "sma_200": 182.722261, "price_vs_sma20": -0.01306, "price_vs_sma50": -0.021482, "price_vs_sma200": 0.083612, "volatility_20d": 0.091095, "volatility_60d": 0.075509, "drawdown": -0.032241, "max_drawdown_1y": -0.20894, "volume_ratio": 1.857365, "rsi_14": 36.054409, "macd": -0.502312, "macd_signal": -0.480497, "macd_histogram": -0.021814, "bb_width": 0.020129, "bb_position": -0.157427, "stoch_k": 11.699779, "stoch_d": 49.270646, "adx": 22.73602, "atr_14": 1.411275, "last_close": 198.0, "last_date": "2026-03-06"}