{"return_1d": -0.002487, "return_5d": 0.001795, "return_20d": -0.015642, "return_60d": -0.008254, "return_252d": 0.535407, "sma_20": 200.61823, "sma_50": 202.66087, "sma_200": 181.431844, "price_vs_sma20": -0.00024, "price_vs_sma50": -0.010317, "price_vs_sma200": 0.105484, "volatility_20d": 0.118036, "volatility_60d": 0.069793, "drawdown": -0.01968, "max_drawdown_1y": -0.229294, "volume_ratio": 0.766202, "rsi_14": 46.112245, "macd": -0.506385, "macd_signal": -0.676907, "macd_histogram": 0.170522, "bb_width": 0.032451, "bb_position": 0.49259, "stoch_k": 38.764789, "stoch_d": 61.049929, "adx": 27.202574, "atr_14": 1.294315, "last_close": 200.57, "last_date": "2026-02-27"}