{"return_1d": -0.004808, "return_5d": -0.001542, "return_20d": 0.02088, "return_60d": -0.014565, "return_252d": 0.529516, "sma_20": 200.60732, "sma_50": 202.45869, "sma_200": 182.481447, "price_vs_sma20": 0.000761, "price_vs_sma50": -0.00839, "price_vs_sma200": 0.100167, "volatility_20d": 0.076879, "volatility_60d": 0.070311, "drawdown": -0.018751, "max_drawdown_1y": -0.20894, "volume_ratio": 0.742387, "rsi_14": 47.075515, "macd": -0.286004, "macd_signal": -0.475044, "macd_histogram": 0.18904, "bb_width": 0.020545, "bb_position": 0.537017, "stoch_k": 59.585425, "stoch_d": 66.1169, "adx": 21.670467, "atr_14": 1.266757, "last_close": 200.76, "last_date": "2026-03-05"}