{"return_1d": -0.002686, "return_5d": 0.001595, "return_20d": -0.015839, "return_60d": -0.008452, "return_252d": 0.5351, "sma_20": 200.616225, "sma_50": 202.660068, "sma_200": 181.431643, "price_vs_sma20": -0.00043, "price_vs_sma50": -0.010511, "price_vs_sma200": 0.105264, "volatility_20d": 0.118077, "volatility_60d": 0.069823, "drawdown": -0.019876, "max_drawdown_1y": -0.229294, "volume_ratio": 0.179922, "rsi_14": 45.935532, "macd": -0.509584, "macd_signal": -0.677547, "macd_histogram": 0.167963, "bb_width": 0.032459, "bb_position": 0.486738, "stoch_k": 37.815902, "stoch_d": 60.733633, "adx": 26.957532, "atr_14": 1.2736, "last_close": 200.5299, "last_date": "2026-02-27"}