{"return_1d": 0.002443, "return_5d": 0.003842, "return_20d": -0.013092, "return_60d": -0.008864, "return_252d": 0.54777, "sma_20": 200.48487, "sma_50": 202.60193, "sma_200": 181.695024, "price_vs_sma20": 0.002869, "price_vs_sma50": -0.007611, "price_vs_sma200": 0.10658, "volatility_20d": 0.118572, "volatility_60d": 0.069684, "drawdown": -0.017285, "max_drawdown_1y": -0.229294, "volume_ratio": 0.608197, "rsi_14": 48.7088, "macd": -0.44685, "macd_signal": -0.630895, "macd_histogram": 0.184046, "bb_width": 0.029214, "bb_position": 0.597914, "stoch_k": 50.359678, "stoch_d": 50.165519, "adx": 25.929153, "atr_14": 1.294006, "last_close": 201.06, "last_date": "2026-03-02"}