{"return_1d": 0.000796, "return_5d": 0.002042, "return_20d": -0.010754, "return_60d": -0.008856, "return_252d": 0.565078, "sma_20": 200.375495, "sma_50": 202.55758, "sma_200": 181.96812, "price_vs_sma20": 0.004215, "price_vs_sma50": -0.006603, "price_vs_sma200": 0.105798, "volatility_20d": 0.118621, "volatility_60d": 0.069685, "drawdown": -0.016503, "max_drawdown_1y": -0.228637, "volume_ratio": 0.672345, "rsi_14": 49.563397, "macd": -0.382349, "macd_signal": -0.581186, "macd_histogram": 0.198837, "bb_width": 0.026255, "bb_position": 0.659854, "stoch_k": 62.238542, "stoch_d": 50.454337, "adx": 24.746751, "atr_14": 1.279435, "last_close": 201.22, "last_date": "2026-03-03"}