{"return_1d": 0.033675, "return_5d": 0.031679, "return_20d": -0.037602, "return_60d": 0.098271, "return_252d": 0.334234, "sma_20": 86.2225, "sma_50": 88.3866, "sma_200": 85.444001, "price_vs_sma20": 0.053785, "price_vs_sma50": 0.027984, "price_vs_sma200": 0.063387, "volatility_20d": 0.532234, "volatility_60d": 0.36236, "drawdown": -0.092325, "max_drawdown_1y": -0.209362, "volume_ratio": 0.936861, "rsi_14": 56.979674, "macd": -0.649455, "macd_signal": -1.273483, "macd_histogram": 0.624027, "bb_width": 0.166612, "bb_position": 0.80634, "stoch_k": 99.766719, "stoch_d": 84.487316, "adx": 23.832982, "atr_14": 3.496577, "last_close": 90.86, "last_date": "2026-02-27"}