{"return_1d": -0.000216, "return_5d": 0.023772, "return_20d": 0.075127, "return_60d": 0.109361, "return_252d": 0.419112, "sma_20": 86.222255, "sma_50": 88.865518, "sma_200": 85.687797, "price_vs_sma20": 0.075244, "price_vs_sma50": 0.043262, "price_vs_sma200": 0.081951, "volatility_20d": 0.448916, "volatility_60d": 0.367523, "drawdown": -0.070748, "max_drawdown_1y": -0.209362, "volume_ratio": 0.641664, "rsi_14": 59.857751, "macd": 0.863387, "macd_signal": -0.18515, "macd_histogram": 1.048538, "bb_width": 0.166131, "bb_position": 0.921228, "stoch_k": 92.359621, "stoch_d": 93.713143, "adx": 18.972103, "atr_14": 3.375811, "last_close": 92.71, "last_date": "2026-03-06"}