{"return_1d": 0.009574, "return_5d": 0.050762, "return_20d": -0.044253, "return_60d": 0.093049, "return_252d": 0.405623, "sma_20": 85.893, "sma_50": 88.6672, "sma_200": 85.651775, "price_vs_sma20": 0.043508, "price_vs_sma50": 0.010859, "price_vs_sma200": 0.046446, "volatility_20d": 0.515302, "volatility_60d": 0.365334, "drawdown": -0.104612, "max_drawdown_1y": -0.209362, "volume_ratio": 0.618864, "rsi_14": 54.306341, "macd": -0.160549, "macd_signal": -0.913699, "macd_histogram": 0.75315, "bb_width": 0.148133, "bb_position": 0.781461, "stoch_k": 90.202177, "stoch_d": 91.187144, "adx": 21.486122, "atr_14": 3.485518, "last_close": 89.63, "last_date": "2026-03-03"}