{"return_1d": -0.022892, "return_5d": 0.053019, "return_20d": -0.026749, "return_60d": 0.0708, "return_252d": 0.419928, "sma_20": 86.1005, "sma_50": 88.5288, "sma_200": 85.545714, "price_vs_sma20": 0.031121, "price_vs_sma50": 0.002837, "price_vs_sma200": 0.037808, "volatility_20d": 0.524785, "volatility_60d": 0.365881, "drawdown": -0.113104, "max_drawdown_1y": -0.209362, "volume_ratio": 0.639268, "rsi_14": 52.848294, "macd": -0.416002, "macd_signal": -1.101987, "macd_histogram": 0.685985, "bb_width": 0.164846, "bb_position": 0.683088, "stoch_k": 83.592535, "stoch_d": 89.48182, "adx": 22.645446, "atr_14": 3.41825, "last_close": 88.78, "last_date": "2026-03-02"}