{"return_1d": 0.01562, "return_5d": 0.066799, "return_20d": -0.014614, "return_60d": 0.108365, "return_252d": 0.417072, "sma_20": 85.8255, "sma_50": 88.8146, "sma_200": 85.757664, "price_vs_sma20": 0.06064, "price_vs_sma50": 0.024944, "price_vs_sma200": 0.061479, "volatility_20d": 0.516351, "volatility_60d": 0.366438, "drawdown": -0.090627, "max_drawdown_1y": -0.209362, "volume_ratio": 0.662699, "rsi_14": 56.68227, "macd": 0.153102, "macd_signal": -0.700339, "macd_histogram": 0.853441, "bb_width": 0.140534, "bb_position": 0.906831, "stoch_k": 96.296296, "stoch_d": 90.030336, "adx": 20.035304, "atr_14": 3.417267, "last_close": 91.03, "last_date": "2026-03-04"}