{"return_1d": 0.022081, "return_5d": 0.058476, "return_20d": 0.083877, "return_60d": 0.128168, "return_252d": 0.416863, "sma_20": 86.1855, "sma_50": 88.9822, "sma_200": 85.867469, "price_vs_sma20": 0.079532, "price_vs_sma50": 0.045602, "price_vs_sma200": 0.08353, "volatility_20d": 0.448828, "volatility_60d": 0.368727, "drawdown": -0.070547, "max_drawdown_1y": -0.209362, "volume_ratio": 0.881454, "rsi_14": 59.905663, "macd": 0.557437, "macd_signal": -0.448784, "macd_histogram": 1.006221, "bb_width": 0.15322, "bb_position": 0.98083, "stoch_k": 92.483056, "stoch_d": 92.993843, "adx": 19.484026, "atr_14": 3.424605, "last_close": 93.04, "last_date": "2026-03-05"}