{"return_1d": 0.025711, "return_5d": 0.023731, "return_20d": -0.045016, "return_60d": 0.08981, "return_252d": 0.323955, "sma_20": 86.1875, "sma_50": 88.3726, "sma_200": 85.440501, "price_vs_sma20": 0.046091, "price_vs_sma50": 0.020226, "price_vs_sma200": 0.055237, "volatility_20d": 0.525993, "volatility_60d": 0.359728, "drawdown": -0.099318, "max_drawdown_1y": -0.209362, "volume_ratio": 0.355524, "rsi_14": 55.902392, "macd": -0.705296, "macd_signal": -1.284651, "macd_histogram": 0.579355, "bb_width": 0.16613, "bb_position": 0.765217, "stoch_k": 99.263502, "stoch_d": 84.319577, "adx": 23.646805, "atr_14": 3.450963, "last_close": 90.16, "last_date": "2026-02-27"}