{"return_1d": -0.016477, "return_5d": -0.031477, "return_20d": 0.052212, "return_60d": 0.132284, "return_252d": 0.120888, "sma_20": 299.411, "sma_50": 283.3838, "sma_200": 271.167834, "price_vs_sma20": -0.003176, "price_vs_sma50": 0.053201, "price_vs_sma200": 0.100647, "volatility_20d": 0.212699, "volatility_60d": 0.180333, "drawdown": -0.032074, "max_drawdown_1y": -0.161538, "volume_ratio": 1.063754, "rsi_14": 53.913737, "macd": 6.232992, "macd_signal": 7.194705, "macd_histogram": -0.961713, "bb_width": 0.102264, "bb_position": 0.468842, "stoch_k": 35.845697, "stoch_d": 69.091687, "adx": 36.253116, "atr_14": 6.251404, "last_close": 298.46, "last_date": "2026-03-03"}