{"return_1d": 0.000929, "return_5d": 0.009485, "return_20d": 0.085617, "return_60d": 0.128439, "return_252d": 0.164121, "sma_20": 297.53175, "sma_50": 281.7477, "sma_200": 270.640845, "price_vs_sma20": 0.031974, "price_vs_sma50": 0.089787, "price_vs_sma200": 0.134511, "volatility_20d": 0.189036, "volatility_60d": 0.181557, "drawdown": -0.003618, "max_drawdown_1y": -0.161538, "volume_ratio": 0.51478, "rsi_14": 70.778246, "macd": 7.555485, "macd_signal": 7.490875, "macd_histogram": 0.06461, "bb_width": 0.116768, "bb_position": 0.765339, "stoch_k": 90.899796, "stoch_d": 89.795501, "adx": 40.58691, "atr_14": 5.490366, "last_close": 307.045, "last_date": "2026-02-27"}