{"return_1d": -0.03676, "return_5d": -0.064643, "return_20d": -0.004268, "return_60d": 0.107992, "return_252d": 0.082576, "sma_20": 300.1225, "sma_50": 284.5498, "sma_200": 271.536508, "price_vs_sma20": -0.043957, "price_vs_sma50": 0.008365, "price_vs_sma200": 0.05669, "volatility_20d": 0.243557, "volatility_60d": 0.193118, "drawdown": -0.069467, "max_drawdown_1y": -0.161538, "volume_ratio": 1.533577, "rsi_14": 39.942307, "macd": 3.836751, "macd_signal": 6.238167, "macd_histogram": -2.401415, "bb_width": 0.093371, "bb_position": 0.007573, "stoch_k": 9.591259, "stoch_d": 25.946839, "adx": 33.833221, "atr_14": 6.577129, "last_close": 286.93, "last_date": "2026-03-05"}