{"return_1d": -0.015859, "return_5d": -0.00723, "return_20d": 0.076137, "return_60d": 0.123374, "return_252d": 0.147472, "sma_20": 298.6705, "sma_50": 282.6524, "sma_200": 270.916753, "price_vs_sma20": 0.016036, "price_vs_sma50": 0.073616, "price_vs_sma200": 0.120123, "volatility_20d": 0.200515, "volatility_60d": 0.184397, "drawdown": -0.015859, "max_drawdown_1y": -0.161538, "volume_ratio": 1.01295, "rsi_14": 62.059907, "macd": 7.128885, "macd_signal": 7.435134, "macd_histogram": -0.306248, "bb_width": 0.110322, "bb_position": 0.643062, "stoch_k": 75.192143, "stoch_d": 87.054505, "adx": 38.627098, "atr_14": 5.883051, "last_close": 303.46, "last_date": "2026-03-02"}