{"return_1d": 0.005183, "return_5d": 0.013776, "return_20d": 0.090231, "return_60d": 0.133235, "return_252d": 0.169069, "sma_20": 297.597, "sma_50": 281.7738, "sma_200": 270.64737, "price_vs_sma20": 0.036133, "price_vs_sma50": 0.094317, "price_vs_sma200": 0.139305, "volatility_20d": 0.188667, "volatility_60d": 0.181652, "drawdown": 0.0, "max_drawdown_1y": -0.161538, "volume_ratio": 1.305908, "rsi_14": 71.929921, "macd": 7.659587, "macd_signal": 7.511696, "macd_histogram": 0.147892, "bb_width": 0.117227, "bb_position": 0.79748, "stoch_k": 96.237219, "stoch_d": 91.574642, "adx": 40.58691, "atr_14": 5.532516, "last_close": 308.35, "last_date": "2026-02-27"}