{"return_1d": -0.014777, "return_5d": -0.083217, "return_20d": -0.015669, "return_60d": 0.102401, "return_252d": 0.059221, "sma_20": 299.8975, "sma_50": 284.856, "sma_200": 271.653117, "price_vs_sma20": -0.057378, "price_vs_sma50": -0.007604, "price_vs_sma200": 0.040629, "volatility_20d": 0.248895, "volatility_60d": 0.194661, "drawdown": -0.083217, "max_drawdown_1y": -0.161538, "volume_ratio": 1.249412, "rsi_14": 36.212515, "macd": 2.219229, "macd_signal": 5.434379, "macd_histogram": -3.21515, "bb_width": 0.101682, "bb_position": -0.098635, "stoch_k": 10.263336, "stoch_d": 17.419385, "adx": 34.213068, "atr_14": 6.627334, "last_close": 282.69, "last_date": "2026-03-06"}