{"return_1d": -0.004088, "return_5d": -0.000713, "return_20d": 0.05918, "return_60d": 0.165896, "return_252d": 0.158935, "sma_20": 109.76311, "sma_50": 104.240838, "sma_200": 99.934108, "price_vs_sma20": 0.020926, "price_vs_sma50": 0.075011, "price_vs_sma200": 0.121339, "volatility_20d": 0.2013, "volatility_60d": 0.16263, "drawdown": -0.008599, "max_drawdown_1y": -0.142267, "volume_ratio": 1.005418, "rsi_14": 63.102696, "macd": 2.249863, "macd_signal": 2.414802, "macd_histogram": -0.164939, "bb_width": 0.090239, "bb_position": 0.727141, "stoch_k": 73.513638, "stoch_d": 71.259185, "adx": 27.81551, "atr_14": 2.256846, "last_close": 112.06, "last_date": "2026-03-02"}