{"return_1d": 0.014181, "return_5d": -0.002133, "return_20d": 0.039424, "return_60d": 0.185564, "return_252d": 0.157966, "sma_20": 110.816745, "sma_50": 105.322902, "sma_200": 100.167989, "price_vs_sma20": 0.013204, "price_vs_sma50": 0.066055, "price_vs_sma200": 0.120917, "volatility_20d": 0.199942, "volatility_60d": 0.165046, "drawdown": -0.006653, "max_drawdown_1y": -0.142267, "volume_ratio": 0.848385, "rsi_14": 60.798931, "macd": 1.878438, "macd_signal": 2.175076, "macd_histogram": -0.296638, "bb_width": 0.072324, "bb_position": 0.680192, "stoch_k": 60.85116, "stoch_d": 53.228002, "adx": 23.28825, "atr_14": 2.333011, "last_close": 112.28, "last_date": "2026-03-06"}