{"return_1d": 0.001157, "return_5d": 0.013423, "return_20d": 0.055131, "return_60d": 0.178276, "return_252d": 0.117528, "sma_20": 110.445075, "sma_50": 104.765048, "sma_200": 100.076169, "price_vs_sma20": 0.018515, "price_vs_sma50": 0.073736, "price_vs_sma200": 0.124044, "volatility_20d": 0.18525, "volatility_60d": 0.161669, "drawdown": -0.004795, "max_drawdown_1y": -0.142267, "volume_ratio": 0.833133, "rsi_14": 64.256764, "macd": 2.146893, "macd_signal": 2.326912, "macd_histogram": -0.180019, "bb_width": 0.077944, "bb_position": 0.733227, "stoch_k": 67.651352, "stoch_d": 71.58455, "adx": 25.537491, "atr_14": 2.321362, "last_close": 112.49, "last_date": "2026-03-04"}