{"return_1d": 0.016522, "return_5d": 0.025316, "return_20d": 0.070919, "return_60d": 0.159323, "return_252d": 0.163951, "sma_20": 109.45355, "sma_50": 103.96362, "sma_200": 99.860811, "price_vs_sma20": 0.028656, "price_vs_sma50": 0.082975, "price_vs_sma200": 0.127469, "volatility_20d": 0.200388, "volatility_60d": 0.164445, "drawdown": -0.00391, "max_drawdown_1y": -0.142267, "volume_ratio": 0.78075, "rsi_14": 65.303252, "macd": 2.316436, "macd_signal": 2.457154, "macd_histogram": -0.140718, "bb_width": 0.092893, "bb_position": 0.799885, "stoch_k": 80.596127, "stoch_d": 68.039125, "adx": 27.452379, "atr_14": 2.282317, "last_close": 112.59, "last_date": "2026-02-27"}