{"return_1d": -0.024047, "return_5d": -0.081008, "return_20d": -0.019898, "return_60d": 0.067861, "return_252d": 0.366543, "sma_20": 60.908, "sma_50": 58.8234, "sma_200": 52.493361, "price_vs_sma20": -0.053819, "price_vs_sma50": -0.020288, "price_vs_sma200": 0.097853, "volatility_20d": 0.275992, "volatility_60d": 0.200724, "drawdown": -0.089717, "max_drawdown_1y": -0.24641, "volume_ratio": 1.683042, "rsi_14": 37.9584, "macd": 0.219898, "macd_signal": 0.815967, "macd_histogram": -0.596069, "bb_width": 0.104417, "bb_position": -0.044739, "stoch_k": 9.652928, "stoch_d": 17.642805, "adx": 31.77708, "atr_14": 1.482569, "last_close": 57.63, "last_date": "2026-03-05"}