{"return_1d": -0.005379, "return_5d": -0.084052, "return_20d": -0.020673, "return_60d": 0.06445, "return_252d": 0.319773, "sma_20": 60.8475, "sma_50": 58.8896, "sma_200": 52.553624, "price_vs_sma20": -0.057973, "price_vs_sma50": -0.026653, "price_vs_sma200": 0.090695, "volatility_20d": 0.276147, "volatility_60d": 0.201058, "drawdown": -0.094614, "max_drawdown_1y": -0.24641, "volume_ratio": 1.158406, "rsi_14": 36.867418, "macd": -0.04359, "macd_signal": 0.644056, "macd_histogram": -0.687646, "bb_width": 0.112965, "bb_position": -0.044775, "stoch_k": 8.085106, "stoch_d": 14.264088, "adx": 30.567845, "atr_14": 1.4581, "last_close": 57.32, "last_date": "2026-03-06"}