{"return_1d": -0.050081, "return_5d": -0.067071, "return_20d": -0.014507, "return_60d": 0.090469, "return_252d": 0.384636, "sma_20": 60.994, "sma_50": 58.6282, "sma_200": 52.361805, "price_vs_sma20": -0.042201, "price_vs_sma50": -0.003551, "price_vs_sma200": 0.115699, "volatility_20d": 0.264266, "volatility_60d": 0.193209, "drawdown": -0.077239, "max_drawdown_1y": -0.24641, "volume_ratio": 2.236098, "rsi_14": 39.856354, "macd": 0.754159, "macd_signal": 1.07587, "macd_histogram": -0.321711, "bb_width": 0.093221, "bb_position": 0.027355, "stoch_k": 18.221258, "stoch_d": 28.648274, "adx": 35.585636, "atr_14": 1.437418, "last_close": 58.42, "last_date": "2026-03-03"}