{"return_1d": -0.007691, "return_5d": 0.06232, "return_20d": 0.036451, "return_60d": -0.015828, "return_252d": -0.152817, "sma_20": 195.6895, "sma_50": 207.5046, "sma_200": 232.846756, "price_vs_sma20": 0.054885, "price_vs_sma50": -0.005179, "price_vs_sma200": -0.113451, "volatility_20d": 0.628455, "volatility_60d": 0.431189, "drawdown": -0.320662, "max_drawdown_1y": -0.42393, "volume_ratio": 0.651331, "rsi_14": 54.560438, "macd": -0.029706, "macd_signal": -2.506135, "macd_histogram": 2.476429, "bb_width": 0.166086, "bb_position": 0.81327, "stoch_k": 82.357595, "stoch_d": 89.324163, "adx": 20.128429, "atr_14": 7.812806, "last_close": 206.43, "last_date": "2026-03-03"}