{"return_1d": 0.000601, "return_5d": 0.053251, "return_20d": 0.019485, "return_60d": -0.004619, "return_252d": -0.140941, "sma_20": 194.94575, "sma_50": 207.9291, "sma_200": 233.476642, "price_vs_sma20": 0.066835, "price_vs_sma50": 0.000221, "price_vs_sma200": -0.109226, "volatility_20d": 0.631074, "volatility_60d": 0.430777, "drawdown": -0.315577, "max_drawdown_1y": -0.42393, "volume_ratio": 0.333266, "rsi_14": 56.266151, "macd": -1.474646, "macd_signal": -3.781775, "macd_histogram": 2.307129, "bb_width": 0.149609, "bb_position": 0.918745, "stoch_k": 92.877907, "stoch_d": 88.574244, "adx": 22.907398, "atr_14": 7.768072, "last_close": 207.975, "last_date": "2026-02-27"}