{"return_1d": 0.004592, "return_5d": -0.005408, "return_20d": 0.088058, "return_60d": -0.011698, "return_252d": -0.146096, "sma_20": 199.3985, "sma_50": 206.7496, "sma_200": 231.807349, "price_vs_sma20": 0.042285, "price_vs_sma50": 0.005226, "price_vs_sma200": -0.103437, "volatility_20d": 0.376014, "volatility_60d": 0.430867, "drawdown": -0.316054, "max_drawdown_1y": -0.42393, "volume_ratio": 0.754583, "rsi_14": 55.82057, "macd": 1.100779, "macd_signal": -0.891178, "macd_histogram": 1.991957, "bb_width": 0.130728, "bb_position": 0.810332, "stoch_k": 86.23431, "stoch_d": 83.801705, "adx": 16.933263, "atr_14": 7.430216, "last_close": 207.83, "last_date": "2026-03-06"}