{"return_1d": -0.004451, "return_5d": 0.104017, "return_20d": 0.03292, "return_60d": -0.003067, "return_252d": -0.137172, "sma_20": 195.3265, "sma_50": 207.7388, "sma_200": 233.161479, "price_vs_sma20": 0.065037, "price_vs_sma50": 0.001402, "price_vs_sma200": -0.107786, "volatility_20d": 0.629301, "volatility_60d": 0.431002, "drawdown": -0.315396, "max_drawdown_1y": -0.42393, "volume_ratio": 0.436751, "rsi_14": 56.068426, "macd": -0.561971, "macd_signal": -3.125242, "macd_histogram": 2.563271, "bb_width": 0.158759, "bb_position": 0.884643, "stoch_k": 88.686709, "stoch_d": 94.443395, "adx": 21.67586, "atr_14": 7.777637, "last_close": 208.03, "last_date": "2026-03-02"}