{"return_1d": 0.00534, "return_5d": 0.05824, "return_20d": 0.024314, "return_60d": 9.6e-05, "return_252d": -0.136872, "sma_20": 194.995, "sma_50": 207.9488, "sma_200": 233.481567, "price_vs_sma20": 0.071617, "price_vs_sma50": 0.004863, "price_vs_sma200": -0.105026, "volatility_20d": 0.631184, "volatility_60d": 0.430901, "drawdown": -0.312336, "max_drawdown_1y": -0.42393, "volume_ratio": 0.549382, "rsi_14": 56.917497, "macd": -1.39607, "macd_signal": -3.76606, "macd_histogram": 2.369989, "bb_width": 0.150531, "bb_position": 0.943968, "stoch_k": 96.928186, "stoch_d": 89.924337, "adx": 22.908765, "atr_14": 7.768994, "last_close": 208.96, "last_date": "2026-02-27"}