{"return_1d": 0.000678, "return_5d": 0.042651, "return_20d": 0.180063, "return_60d": -0.022293, "return_252d": -0.14985, "sma_20": 197.2655, "sma_50": 207.2478, "sma_200": 232.512412, "price_vs_sma20": 0.047167, "price_vs_sma50": -0.00327, "price_vs_sma200": -0.111574, "volatility_20d": 0.426986, "volatility_60d": 0.430932, "drawdown": -0.320201, "max_drawdown_1y": -0.42393, "volume_ratio": 0.474218, "rsi_14": 54.675308, "macd": 0.398818, "macd_signal": -1.925144, "macd_histogram": 2.323962, "bb_width": 0.144391, "bb_position": 0.81195, "stoch_k": 82.911392, "stoch_d": 84.651899, "adx": 18.691528, "atr_14": 7.514748, "last_close": 206.57, "last_date": "2026-03-04"}