{"return_1d": 0.003816, "return_5d": -0.004113, "return_20d": 0.025223, "return_60d": 0.083366, "return_252d": -0.057691, "sma_20": 336.3435, "sma_50": 332.5854, "sma_200": 334.331829, "price_vs_sma20": -0.006641, "price_vs_sma50": 0.004584, "price_vs_sma200": -0.000664, "volatility_20d": 0.188197, "volatility_60d": 0.195573, "drawdown": -0.165431, "max_drawdown_1y": -0.238369, "volume_ratio": 0.84375, "rsi_14": 49.429604, "macd": 1.152768, "macd_signal": 2.102842, "macd_histogram": -0.950074, "bb_width": 0.067077, "bb_position": 0.400339, "stoch_k": 40.882598, "stoch_d": 36.992973, "adx": 15.854229, "atr_14": 7.799047, "last_close": 334.11, "last_date": "2026-03-06"}