{"return_1d": -0.01325, "return_5d": -0.013308, "return_20d": 0.010158, "return_60d": 0.067191, "return_252d": -0.040311, "sma_20": 335.7475, "sma_50": 332.554, "sma_200": 334.493989, "price_vs_sma20": -0.001839, "price_vs_sma50": 0.007746, "price_vs_sma200": 0.001901, "volatility_20d": 0.209906, "volatility_60d": 0.19741, "drawdown": -0.162883, "max_drawdown_1y": -0.238369, "volume_ratio": 1.061076, "rsi_14": 50.424054, "macd": 2.278826, "macd_signal": 2.747558, "macd_histogram": -0.468732, "bb_width": 0.073514, "bb_position": 0.474936, "stoch_k": 42.294221, "stoch_d": 54.667536, "adx": 12.664087, "atr_14": 8.143598, "last_close": 335.13, "last_date": "2026-03-03"}