{"return_1d": -0.003044, "return_5d": -0.005062, "return_20d": 0.012976, "return_60d": 0.065028, "return_252d": -0.050969, "sma_20": 335.9615, "sma_50": 332.5858, "sma_200": 334.455093, "price_vs_sma20": -0.005511, "price_vs_sma50": 0.004583, "price_vs_sma200": -0.001032, "volatility_20d": 0.209013, "volatility_60d": 0.197549, "drawdown": -0.165431, "max_drawdown_1y": -0.238369, "volume_ratio": 0.970447, "rsi_14": 49.276021, "macd": 1.864768, "macd_signal": 2.571, "macd_histogram": -0.706232, "bb_width": 0.072104, "bb_position": 0.423145, "stoch_k": 37.828371, "stoch_d": 49.043778, "adx": 13.463561, "atr_14": 7.881912, "last_close": 334.11, "last_date": "2026-03-04"}