{"return_1d": 0.01234, "return_5d": 0.005507, "return_20d": 0.025205, "return_60d": 0.087826, "return_252d": -0.011159, "sma_20": 335.579, "sma_50": 332.424, "sma_200": 334.51342, "price_vs_sma20": 0.012072, "price_vs_sma50": 0.021677, "price_vs_sma200": 0.015296, "volatility_20d": 0.203439, "volatility_60d": 0.195323, "drawdown": -0.151642, "max_drawdown_1y": -0.238369, "volume_ratio": 0.871036, "rsi_14": 55.744507, "macd": 2.670314, "macd_signal": 2.864741, "macd_histogram": -0.194427, "bb_width": 0.073251, "bb_position": 0.662833, "stoch_k": 67.008742, "stoch_d": 61.547084, "adx": 11.803114, "atr_14": 7.680798, "last_close": 339.63, "last_date": "2026-03-02"}