{"return_1d": -0.0074, "return_5d": -0.020906, "return_20d": 0.017293, "return_60d": 0.074434, "return_252d": -0.012825, "sma_20": 335.153, "sma_50": 332.175, "sma_200": 334.5351, "price_vs_sma20": 0.000498, "price_vs_sma50": 0.009468, "price_vs_sma200": 0.002346, "volatility_20d": 0.200083, "volatility_60d": 0.194109, "drawdown": -0.162408, "max_drawdown_1y": -0.238369, "volume_ratio": 0.402844, "rsi_14": 51.166865, "macd": 2.659411, "macd_signal": 2.910635, "macd_histogram": -0.251225, "bb_width": 0.07412, "bb_position": 0.506719, "stoch_k": 54.09894, "stoch_d": 62.474994, "adx": 12.381225, "atr_14": 7.754541, "last_close": 335.32, "last_date": "2026-02-27"}