{"return_1d": 0.00511, "return_5d": 0.013697, "return_20d": 0.202348, "return_60d": 0.304845, "return_252d": 0.510144, "sma_20": 68.7135, "sma_50": 63.57635, "sma_200": 55.891853, "price_vs_sma20": 0.08785, "price_vs_sma50": 0.175752, "price_vs_sma200": 0.337404, "volatility_20d": 0.291568, "volatility_60d": 0.252624, "drawdown": -0.091261, "max_drawdown_1y": -0.438826, "volume_ratio": 0.555235, "rsi_14": 76.004944, "macd": 3.618531, "macd_signal": 3.1541, "macd_histogram": 0.464431, "bb_width": 0.27144, "bb_position": 0.797509, "stoch_k": 93.936944, "stoch_d": 94.141587, "adx": 46.018828, "atr_14": 1.719886, "last_close": 74.75, "last_date": "2026-02-27"}