{"return_1d": 0.004975, "return_5d": 0.013561, "return_20d": 0.202188, "return_60d": 0.30467, "return_252d": 0.509942, "sma_20": 68.713, "sma_50": 63.57615, "sma_200": 55.891804, "price_vs_sma20": 0.087713, "price_vs_sma50": 0.175598, "price_vs_sma200": 0.337226, "volatility_20d": 0.291595, "volatility_60d": 0.252623, "drawdown": -0.091382, "max_drawdown_1y": -0.438826, "volume_ratio": 1.351596, "rsi_14": 75.986789, "macd": 3.617733, "macd_signal": 3.15394, "macd_histogram": 0.463793, "bb_width": 0.271444, "bb_position": 0.797076, "stoch_k": 93.856103, "stoch_d": 94.11464, "adx": 46.018828, "atr_14": 1.719886, "last_close": 74.74, "last_date": "2026-02-27"}