{"return_1d": -0.004282, "return_5d": -0.003081, "return_20d": 0.194926, "return_60d": 0.321591, "return_252d": 0.540669, "sma_20": 69.32, "sma_50": 63.915074, "sma_200": 55.995558, "price_vs_sma20": 0.073572, "price_vs_sma50": 0.164358, "price_vs_sma200": 0.329034, "volatility_20d": 0.294474, "volatility_60d": 0.249297, "drawdown": -0.095272, "max_drawdown_1y": -0.438826, "volume_ratio": 0.921961, "rsi_14": 74.055764, "macd": 3.528689, "macd_signal": 3.22889, "macd_histogram": 0.299799, "bb_width": 0.26829, "bb_position": 0.755432, "stoch_k": 90.689655, "stoch_d": 91.803585, "adx": 46.295293, "atr_14": 1.672037, "last_close": 74.42, "last_date": "2026-03-02"}