{"return_1d": 0.007582, "return_5d": -0.039872, "return_20d": 0.126354, "return_60d": 0.2996, "return_252d": 0.381967, "sma_20": 71.3865, "sma_50": 64.99065, "sma_200": 56.347692, "price_vs_sma20": 0.005232, "price_vs_sma50": 0.104159, "price_vs_sma200": 0.273522, "volatility_20d": 0.306028, "volatility_60d": 0.25103, "drawdown": -0.12761, "max_drawdown_1y": -0.438826, "volume_ratio": 1.096231, "rsi_14": 58.33248, "macd": 2.562553, "macd_signal": 3.047356, "macd_histogram": -0.484804, "bb_width": 0.202226, "bb_position": 0.525738, "stoch_k": 37.037037, "stoch_d": 53.220121, "adx": 37.999449, "atr_14": 1.842648, "last_close": 71.76, "last_date": "2026-03-06"}