{"return_1d": -0.007525, "return_5d": -0.018341, "return_20d": 0.215802, "return_60d": 0.307984, "return_252d": 0.442004, "sma_20": 69.9755, "sma_50": 64.218752, "sma_200": 56.095557, "price_vs_sma20": 0.055512, "price_vs_sma50": 0.150131, "price_vs_sma200": 0.316682, "volatility_20d": 0.274139, "volatility_60d": 0.250542, "drawdown": -0.10208, "max_drawdown_1y": -0.438826, "volume_ratio": 0.9648, "rsi_14": 70.671109, "macd": 3.37404, "macd_signal": 3.25792, "macd_histogram": 0.11612, "bb_width": 0.253115, "bb_position": 0.707782, "stoch_k": 83.778437, "stoch_d": 89.441399, "adx": 44.905474, "atr_14": 1.732606, "last_close": 73.86, "last_date": "2026-03-03"}