{"return_1d": 0.000406, "return_5d": -0.01742, "return_20d": 0.201854, "return_60d": 0.30283, "return_252d": 0.420926, "sma_20": 70.596, "sma_50": 64.510614, "sma_200": 56.189879, "price_vs_sma20": 0.04666, "price_vs_sma50": 0.145393, "price_vs_sma200": 0.315006, "volatility_20d": 0.276074, "volatility_60d": 0.250689, "drawdown": -0.101716, "max_drawdown_1y": -0.438826, "volume_ratio": 1.045387, "rsi_14": 70.74824, "macd": 3.216818, "macd_signal": 3.2497, "macd_histogram": -0.032881, "bb_width": 0.233574, "bb_position": 0.69086, "stoch_k": 80.461165, "stoch_d": 84.976419, "adx": 43.765206, "atr_14": 1.68242, "last_close": 73.89, "last_date": "2026-03-04"}