{"return_1d": -0.014772, "return_5d": -0.141125, "return_20d": -0.16622, "return_60d": -0.029504, "return_252d": 0.39456, "sma_20": 107.889355, "sma_50": 110.13698, "sma_200": 92.607809, "price_vs_sma20": -0.085081, "price_vs_sma50": -0.103752, "price_vs_sma200": 0.065893, "volatility_20d": 0.821803, "volatility_60d": 0.533971, "drawdown": -0.71587, "max_drawdown_1y": -0.858166, "volume_ratio": 1.134927, "rsi_14": 35.604699, "macd": -1.219408, "macd_signal": -0.154493, "macd_histogram": -1.064915, "bb_width": 0.267838, "bb_position": 0.152801, "stoch_k": 17.15773, "stoch_d": 30.332914, "adx": 19.941692, "atr_14": 4.968372, "last_close": 98.71, "last_date": "2026-03-03"}