{"return_1d": 0.005065, "return_5d": -0.118657, "return_20d": -0.14405, "return_60d": -0.041406, "return_252d": 0.436176, "sma_20": 107.05454, "sma_50": 109.969132, "sma_200": 92.7905, "price_vs_sma20": -0.073276, "price_vs_sma50": -0.097838, "price_vs_sma200": 0.069183, "volatility_20d": 0.8214, "volatility_60d": 0.532842, "drawdown": -0.714431, "max_drawdown_1y": -0.858166, "volume_ratio": 0.695339, "rsi_14": 36.50273, "macd": -1.802839, "macd_signal": -0.484162, "macd_histogram": -1.318677, "bb_width": 0.266049, "bb_position": 0.202799, "stoch_k": 19.397643, "stoch_d": 16.059317, "adx": 20.069371, "atr_14": 4.951345, "last_close": 99.21, "last_date": "2026-03-04"}