{"return_1d": -0.025648, "return_5d": -0.045522, "return_20d": -0.053641, "return_60d": 0.151198, "return_252d": 0.514095, "sma_20": 109.9145, "sma_50": 110.6702, "sma_200": 92.536627, "price_vs_sma20": -0.008047, "price_vs_sma50": -0.014821, "price_vs_sma200": 0.178236, "volatility_20d": 0.779917, "volatility_60d": 0.516411, "drawdown": -0.687147, "max_drawdown_1y": -0.858166, "volume_ratio": 0.673989, "rsi_14": 47.316218, "macd": 0.42624, "macd_signal": 0.229452, "macd_histogram": 0.196788, "bb_width": 0.237289, "bb_position": 0.465812, "stoch_k": 58.402338, "stoch_d": 71.135846, "adx": 18.937119, "atr_14": 4.630709, "last_close": 109.03, "last_date": "2026-02-27"}