{"return_1d": -0.018646, "return_5d": -0.038663, "return_20d": -0.04684, "return_60d": 0.15947, "return_252d": 0.524977, "sma_20": 109.60975, "sma_50": 110.339662, "sma_200": 92.251094, "price_vs_sma20": -0.001275, "price_vs_sma50": -0.007882, "price_vs_sma200": 0.186653, "volatility_20d": 0.77743, "volatility_60d": 0.514955, "drawdown": -0.684898, "max_drawdown_1y": -0.858166, "volume_ratio": 1.182016, "rsi_14": 48.455219, "macd": 0.487211, "macd_signal": 0.241193, "macd_histogram": 0.246018, "bb_width": 0.235483, "bb_position": 0.494579, "stoch_k": 62.218433, "stoch_d": 72.407772, "adx": 18.861783, "atr_14": 4.592254, "last_close": 109.47, "last_date": "2026-02-27"}