{"return_1d": 0.000912, "return_5d": -0.063966, "return_20d": -0.142243, "return_60d": -0.276055, "return_252d": -0.178587, "sma_20": 242.85, "sma_50": 257.982, "sma_200": 268.13, "price_vs_sma20": -0.09615, "price_vs_sma50": -0.149165, "price_vs_sma200": -0.181367, "volatility_20d": 0.366825, "volatility_60d": 0.298426, "drawdown": -0.31556, "max_drawdown_1y": -0.316183, "volume_ratio": 0.095453, "rsi_14": 26.445749, "macd": -10.355668, "macd_signal": -8.665546, "macd_histogram": -1.690122, "bb_width": 0.234183, "bb_position": 0.045749, "stoch_k": 16.911765, "stoch_d": 11.176471, "adx": 26.930854, "atr_14": 8.030487, "last_close": 219.5, "last_date": "2026-03-03"}