{"return_1d": -0.000926, "return_5d": -0.042185, "return_20d": -0.154449, "return_60d": -0.246594, "return_252d": -0.174565, "sma_20": 236.425, "sma_50": 254.548, "sma_200": 267.567, "price_vs_sma20": -0.08766, "price_vs_sma50": -0.152616, "price_vs_sma200": -0.193847, "volatility_20d": 0.375158, "volatility_60d": 0.287686, "drawdown": -0.327409, "max_drawdown_1y": -0.331462, "volume_ratio": 0.033828, "rsi_14": 28.299894, "macd": -11.600616, "macd_signal": -10.040921, "macd_histogram": -1.559696, "bb_width": 0.263768, "bb_position": 0.135731, "stoch_k": 17.865429, "stoch_d": 17.853265, "adx": 29.839047, "atr_14": 7.521059, "last_close": 215.7, "last_date": "2026-03-06"}