{"return_1d": -0.020426, "return_5d": -0.065254, "return_20d": -0.140631, "return_60d": -0.285622, "return_252d": -0.200102, "sma_20": 244.735, "sma_50": 259.144, "sma_200": 268.352, "price_vs_sma20": -0.098617, "price_vs_sma50": -0.148736, "price_vs_sma200": -0.177945, "volatility_20d": 0.362558, "volatility_60d": 0.297839, "drawdown": -0.31213, "max_drawdown_1y": -0.31213, "volume_ratio": 0.151198, "rsi_14": 26.752402, "macd": -9.634259, "macd_signal": -8.222275, "macd_histogram": -1.411985, "bb_width": 0.214443, "bb_position": -0.010187, "stoch_k": 18.529412, "stoch_d": 12.019167, "adx": 25.479193, "atr_14": 8.402063, "last_close": 220.6, "last_date": "2026-03-02"}