{"return_1d": -0.0114, "return_5d": -0.094024, "return_20d": -0.16164, "return_60d": -0.28496, "return_252d": -0.194034, "sma_20": 238.44, "sma_50": 255.654, "sma_200": 267.759, "price_vs_sma20": -0.090757, "price_vs_sma50": -0.151979, "price_vs_sma200": -0.190317, "volatility_20d": 0.373932, "volatility_60d": 0.305623, "drawdown": -0.323979, "max_drawdown_1y": -0.331462, "volume_ratio": 0.071497, "rsi_14": 28.819785, "macd": -11.351722, "macd_signal": -9.636638, "macd_histogram": -1.715085, "bb_width": 0.255925, "bb_position": 0.109981, "stoch_k": 17.6, "stoch_d": 15.635377, "adx": 28.940538, "atr_14": 7.844108, "last_close": 216.8, "last_date": "2026-03-05"}