{"return_1d": 0.006996, "return_5d": -0.089414, "return_20d": -0.171527, "return_60d": -0.286517, "return_252d": -0.193544, "sma_20": 240.36, "sma_50": 256.702, "sma_200": 267.934, "price_vs_sma20": -0.101764, "price_vs_sma50": -0.158947, "price_vs_sma200": -0.194205, "volatility_20d": 0.360233, "volatility_60d": 0.301216, "drawdown": -0.326785, "max_drawdown_1y": -0.331462, "volume_ratio": 0.071287, "rsi_14": 26.046768, "macd": -11.322903, "macd_signal": -9.262111, "macd_histogram": -2.060792, "bb_width": 0.257196, "bb_position": 0.059507, "stoch_k": 13.908451, "stoch_d": 13.312621, "adx": 28.278825, "atr_14": 7.814534, "last_close": 215.9, "last_date": "2026-03-04"}