{"return_1d": -0.058922, "return_5d": -0.054576, "return_20d": -0.126793, "return_60d": -0.267404, "return_252d": -0.198301, "sma_20": 246.54, "sma_50": 260.206, "sma_200": 268.551, "price_vs_sma20": -0.086558, "price_vs_sma50": -0.134532, "price_vs_sma200": -0.161426, "volatility_20d": 0.359292, "volatility_60d": 0.29686, "drawdown": -0.297786, "max_drawdown_1y": -0.297786, "volume_ratio": 3.010783, "rsi_14": 28.955843, "macd": -8.787539, "macd_signal": -7.869279, "macd_histogram": -0.918261, "bb_width": 0.19018, "bb_position": 0.001733, "stoch_k": 0.0, "stoch_d": 10.037453, "adx": 23.915866, "atr_14": 7.725298, "last_close": 225.2, "last_date": "2026-02-27"}