{"return_1d": -0.014358, "return_5d": -0.055062, "return_20d": -0.165817, "return_60d": -0.256724, "return_252d": -0.185663, "sma_20": 236.28, "sma_50": 254.49, "sma_200": 267.5525, "price_vs_sma20": -0.099374, "price_vs_sma50": -0.163818, "price_vs_sma200": -0.204642, "volatility_20d": 0.374788, "volatility_60d": 0.288281, "drawdown": -0.336452, "max_drawdown_1y": -0.336452, "volume_ratio": 0.763122, "rsi_14": 26.939187, "macd": -11.831955, "macd_signal": -10.087188, "macd_histogram": -1.744767, "bb_width": 0.271565, "bb_position": 0.093695, "stoch_k": 11.136891, "stoch_d": 15.610419, "adx": 30.284046, "atr_14": 8.035345, "last_close": 212.8, "last_date": "2026-03-06"}