{"return_1d": -0.081031, "return_5d": -0.124453, "return_20d": -0.149448, "return_60d": -0.106776, "return_252d": -0.236998, "sma_20": 333.5655, "sma_50": 348.4866, "sma_200": 336.709854, "price_vs_sma20": -0.118404, "price_vs_sma50": -0.156151, "price_vs_sma200": -0.126637, "volatility_20d": 0.38962, "volatility_60d": 0.446034, "drawdown": -0.463103, "max_drawdown_1y": -0.503819, "volume_ratio": 2.49374, "rsi_14": 27.665714, "macd": -8.989847, "macd_signal": -5.678334, "macd_histogram": -3.311513, "bb_width": 0.165608, "bb_position": -0.310988, "stoch_k": 6.609705, "stoch_d": 12.042658, "adx": 31.986382, "atr_14": 13.037503, "last_close": 294.07, "last_date": "2026-03-02"}