{"return_1d": -0.002972, "return_5d": -0.06077, "return_20d": -0.071733, "return_60d": -0.017987, "return_252d": -0.149709, "sma_20": 336.2535, "sma_50": 349.685, "sma_200": 337.099044, "price_vs_sma20": -0.042121, "price_vs_sma50": -0.078914, "price_vs_sma200": -0.044524, "volatility_20d": 0.27648, "volatility_60d": 0.413733, "drawdown": -0.411945, "max_drawdown_1y": -0.503819, "volume_ratio": 1.374799, "rsi_14": 37.997352, "macd": -6.168464, "macd_signal": -4.817111, "macd_histogram": -1.351353, "bb_width": 0.102264, "bb_position": 0.069997, "stoch_k": 27.04878, "stoch_d": 22.000509, "adx": 30.023747, "atr_14": 11.656816, "last_close": 322.09, "last_date": "2026-02-27"}