{"return_1d": -0.034142, "return_5d": -0.131778, "return_20d": -0.16909, "return_60d": -0.136829, "return_252d": -0.270494, "sma_20": 330.6755, "sma_50": 347.248, "sma_200": 336.286381, "price_vs_sma20": -0.141061, "price_vs_sma50": -0.182054, "price_vs_sma200": -0.155392, "volatility_20d": 0.400646, "volatility_60d": 0.451022, "drawdown": -0.481433, "max_drawdown_1y": -0.503819, "volume_ratio": 2.654192, "rsi_14": 25.025887, "macd": -11.768171, "macd_signal": -6.896302, "macd_histogram": -4.87187, "bb_width": 0.226712, "bb_position": -0.224386, "stoch_k": 0.875018, "stoch_d": 9.811981, "adx": 34.028239, "atr_14": 12.907681, "last_close": 284.03, "last_date": "2026-03-03"}