{"return_1d": -0.028894, "return_5d": -0.108478, "return_20d": -0.007913, "return_60d": 0.192952, "return_252d": 0.725247, "sma_20": 770.9065, "sma_50": 702.603992, "sma_200": 621.92463, "price_vs_sma20": -0.060042, "price_vs_sma50": 0.031335, "price_vs_sma200": 0.165125, "volatility_20d": 0.482348, "volatility_60d": 0.37336, "drawdown": -0.108478, "max_drawdown_1y": -0.361891, "volume_ratio": 1.538756, "rsi_14": 43.20335, "macd": 19.357863, "macd_signal": 28.706419, "macd_histogram": -9.348556, "bb_width": 0.191251, "bb_position": 0.166005, "stoch_k": 9.591285, "stoch_d": 37.395243, "adx": 31.051737, "atr_14": 30.651189, "last_close": 724.62, "last_date": "2026-02-27"}