{"return_1d": -0.029506, "return_5d": -0.036412, "return_20d": 0.014662, "return_60d": 0.15365, "return_252d": 0.856577, "sma_20": 772.227, "sma_50": 712.36637, "sma_200": 627.229341, "price_vs_sma20": -0.068914, "price_vs_sma50": 0.009326, "price_vs_sma200": 0.146327, "volatility_20d": 0.455199, "volatility_60d": 0.370233, "drawdown": -0.11538, "max_drawdown_1y": -0.361891, "volume_ratio": 1.324267, "rsi_14": 42.367121, "macd": 4.689585, "macd_signal": 17.026661, "macd_histogram": -12.337076, "bb_width": 0.181835, "bb_position": 0.092959, "stoch_k": 12.642214, "stoch_d": 19.186459, "adx": 27.593823, "atr_14": 30.415374, "last_close": 719.01, "last_date": "2026-03-05"}