{"return_1d": 0.000707, "return_5d": -0.087382, "return_20d": 0.006328, "return_60d": 0.203823, "return_252d": 0.804373, "sma_20": 771.8905, "sma_50": 707.639562, "sma_200": 624.596925, "price_vs_sma20": -0.046108, "price_vs_sma50": 0.040501, "price_vs_sma200": 0.17884, "volatility_20d": 0.479877, "volatility_60d": 0.373851, "drawdown": -0.094108, "max_drawdown_1y": -0.361891, "volume_ratio": 1.177943, "rsi_14": 46.202247, "macd": 11.210339, "macd_signal": 22.991972, "macd_histogram": -11.781633, "bb_width": 0.181654, "bb_position": 0.233907, "stoch_k": 20.620878, "stoch_d": 16.314749, "adx": 29.020739, "atr_14": 31.011025, "last_close": 736.3, "last_date": "2026-03-03"}