{"return_1d": -0.018386, "return_5d": -0.025986, "return_20d": -0.016567, "return_60d": 0.12236, "return_252d": 0.801459, "sma_20": 771.6325, "sma_50": 714.052788, "sma_200": 628.411668, "price_vs_sma20": -0.085329, "price_vs_sma50": -0.011572, "price_vs_sma200": 0.123133, "volatility_20d": 0.458043, "volatility_60d": 0.372477, "drawdown": -0.131645, "max_drawdown_1y": -0.361891, "volume_ratio": 0.89987, "rsi_14": 39.601012, "macd": 0.528209, "macd_signal": 13.726971, "macd_histogram": -13.198762, "bb_width": 0.191345, "bb_position": 0.012457, "stoch_k": 4.749795, "stoch_d": 13.896098, "adx": 27.555422, "atr_14": 29.600704, "last_close": 705.79, "last_date": "2026-03-06"}