{"return_1d": 0.006207, "return_5d": -0.075992, "return_20d": -0.004916, "return_60d": 0.166759, "return_252d": 0.876041, "sma_20": 771.7075, "sma_50": 710.207074, "sma_200": 625.98311, "price_vs_sma20": -0.03996, "price_vs_sma50": 0.043175, "price_vs_sma200": 0.18353, "volatility_20d": 0.476274, "volatility_60d": 0.366815, "drawdown": -0.088485, "max_drawdown_1y": -0.361891, "volume_ratio": 0.844212, "rsi_14": 47.456869, "macd": 8.586764, "macd_signal": 20.11093, "macd_histogram": -11.524166, "bb_width": 0.181391, "bb_position": 0.270533, "stoch_k": 24.296284, "stoch_d": 21.216415, "adx": 27.762531, "atr_14": 29.928095, "last_close": 740.87, "last_date": "2026-03-04"}