{"return_1d": 0.008823, "return_5d": 0.045152, "return_20d": 0.038816, "return_60d": 0.157952, "return_252d": 0.288422, "sma_20": 151.54138, "sma_50": 145.677678, "sma_200": 134.733078, "price_vs_sma20": 0.003554, "price_vs_sma50": 0.043949, "price_vs_sma200": 0.12875, "volatility_20d": 0.457493, "volatility_60d": 0.337901, "drawdown": -0.05582, "max_drawdown_1y": -0.296148, "volume_ratio": 0.578083, "rsi_14": 53.43837, "macd": 1.084597, "macd_signal": 1.450863, "macd_histogram": -0.366266, "bb_width": 0.110609, "bb_position": 0.53202, "stoch_k": 39.965633, "stoch_d": 38.855477, "adx": 14.725911, "atr_14": 4.963361, "last_close": 152.08, "last_date": "2026-03-02"}