{"return_1d": -0.013554, "return_5d": 0.013659, "return_20d": 0.003377, "return_60d": 0.146195, "return_252d": 0.277797, "sma_20": 151.25225, "sma_50": 145.305612, "sma_200": 134.569685, "price_vs_sma20": -0.003982, "price_vs_sma50": 0.03678, "price_vs_sma200": 0.119494, "volatility_20d": 0.46698, "volatility_60d": 0.337857, "drawdown": -0.064698, "max_drawdown_1y": -0.296148, "volume_ratio": 0.352014, "rsi_14": 51.799672, "macd": 1.012894, "macd_signal": 1.540834, "macd_histogram": -0.52794, "bb_width": 0.115487, "bb_position": 0.465384, "stoch_k": 33.063356, "stoch_d": 32.838107, "adx": 15.61853, "atr_14": 4.973675, "last_close": 150.65, "last_date": "2026-02-27"}