{"return_1d": -0.020591, "return_5d": -0.068753, "return_20d": -0.092509, "return_60d": 0.039133, "return_252d": 0.267969, "sma_20": 150.426555, "sma_50": 146.463614, "sma_200": 135.118465, "price_vs_sma20": -0.054555, "price_vs_sma50": -0.028974, "price_vs_sma200": 0.052558, "volatility_20d": 0.452839, "volatility_60d": 0.347075, "drawdown": -0.117035, "max_drawdown_1y": -0.296148, "volume_ratio": 1.010756, "rsi_14": 42.163854, "macd": -0.327812, "macd_signal": 0.804881, "macd_histogram": -1.132693, "bb_width": 0.132163, "bb_position": 0.063394, "stoch_k": 12.636505, "stoch_d": 12.118425, "adx": 14.311011, "atr_14": 5.032443, "last_close": 142.22, "last_date": "2026-03-05"}