{"return_1d": -0.009279, "return_5d": -0.02176, "return_20d": -0.04163, "return_60d": 0.066804, "return_252d": 0.259933, "sma_20": 151.151445, "sma_50": 146.268632, "sma_200": 135.00316, "price_vs_sma20": -0.039308, "price_vs_sma50": -0.007238, "price_vs_sma200": 0.075604, "volatility_20d": 0.468558, "volatility_60d": 0.344289, "drawdown": -0.098472, "max_drawdown_1y": -0.296148, "volume_ratio": 0.642628, "rsi_14": 45.34055, "macd": 0.251413, "macd_signal": 1.088054, "macd_histogram": -0.836641, "bb_width": 0.123705, "bb_position": 0.169244, "stoch_k": 10.348624, "stoch_d": 21.228134, "adx": 13.886864, "atr_14": 5.064939, "last_close": 145.21, "last_date": "2026-03-04"}