{"return_1d": -0.012899, "return_5d": 0.014332, "return_20d": 0.004043, "return_60d": 0.146956, "return_252d": 0.278645, "sma_20": 151.25725, "sma_50": 145.307612, "sma_200": 134.570185, "price_vs_sma20": -0.003354, "price_vs_sma50": 0.037454, "price_vs_sma200": 0.120233, "volatility_20d": 0.466722, "volatility_60d": 0.337727, "drawdown": -0.064077, "max_drawdown_1y": -0.296148, "volume_ratio": 0.653717, "rsi_14": 51.917779, "macd": 1.020871, "macd_signal": 1.542429, "macd_histogram": -0.521558, "bb_width": 0.115393, "bb_position": 0.47084, "stoch_k": 33.546033, "stoch_d": 32.998999, "adx": 15.620799, "atr_14": 4.974389, "last_close": 150.75, "last_date": "2026-02-27"}