{"return_1d": -0.022399, "return_5d": 0.002726, "return_20d": 0.104913, "return_60d": 0.196283, "return_252d": 0.556216, "sma_20": 49.898, "sma_50": 47.0194, "sma_200": 41.09845, "price_vs_sma20": 0.032105, "price_vs_sma50": 0.095293, "price_vs_sma200": 0.253089, "volatility_20d": 0.215181, "volatility_60d": 0.199074, "drawdown": -0.023141, "max_drawdown_1y": -0.10048, "volume_ratio": 0.120798, "rsi_14": 66.925746, "macd": 1.610115, "macd_signal": 1.522395, "macd_histogram": 0.087719, "bb_width": 0.140839, "bb_position": 0.720868, "stoch_k": 61.411765, "stoch_d": 82.848756, "adx": 50.533473, "atr_14": 1.147237, "last_close": 51.5, "last_date": "2026-03-02"}