{"return_1d": -0.004647, "return_5d": -0.06492, "return_20d": 0.020933, "return_60d": 0.127231, "return_252d": 0.475416, "sma_20": 50.5015, "sma_50": 47.4658, "sma_200": 41.3107, "price_vs_sma20": -0.024583, "price_vs_sma50": 0.0378, "price_vs_sma200": 0.192427, "volatility_20d": 0.203735, "volatility_60d": 0.205247, "drawdown": -0.06563, "max_drawdown_1y": -0.10048, "volume_ratio": 0.040653, "rsi_14": 48.139209, "macd": 0.922355, "macd_signal": 1.31856, "macd_histogram": -0.396206, "bb_width": 0.098656, "bb_position": 0.244538, "stoch_k": 7.177033, "stoch_d": 16.192103, "adx": 42.366198, "atr_14": 1.174709, "last_close": 49.26, "last_date": "2026-03-06"}