{"return_1d": -0.011922, "return_5d": -0.071754, "return_20d": 0.013472, "return_60d": 0.118993, "return_252d": 0.464633, "sma_20": 50.4835, "sma_50": 47.4586, "sma_200": 41.3089, "price_vs_sma20": -0.031367, "price_vs_sma50": 0.030372, "price_vs_sma200": 0.183764, "volatility_20d": 0.208054, "volatility_60d": 0.206801, "drawdown": -0.072458, "max_drawdown_1y": -0.10048, "volume_ratio": 0.987921, "rsi_14": 45.836587, "macd": 0.893637, "macd_signal": 1.312817, "macd_histogram": -0.41918, "bb_width": 0.10108, "bb_position": 0.179636, "stoch_k": 21.335807, "stoch_d": 20.911694, "adx": 42.734636, "atr_14": 1.261138, "last_close": 48.9, "last_date": "2026-03-06"}