{"return_1d": -0.000759, "return_5d": 0.028103, "return_20d": 0.15501, "return_60d": 0.211592, "return_252d": 0.656953, "sma_20": 49.6535, "sma_50": 46.8688, "sma_200": 41.0381, "price_vs_sma20": 0.060952, "price_vs_sma50": 0.123989, "price_vs_sma200": 0.283685, "volatility_20d": 0.196824, "volatility_60d": 0.19382, "drawdown": -0.000759, "max_drawdown_1y": -0.10048, "volume_ratio": 2.406392, "rsi_14": 80.652325, "macd": 1.690819, "macd_signal": 1.500465, "macd_histogram": 0.190354, "bb_width": 0.144875, "bb_position": 0.896552, "stoch_k": 91.033138, "stoch_d": 93.453865, "adx": 50.385641, "atr_14": 1.112409, "last_close": 52.68, "last_date": "2026-02-27"}