{"return_1d": -0.003553, "return_5d": -0.061885, "return_20d": 0.005166, "return_60d": 0.107909, "return_252d": 0.504204, "sma_20": 9.56735, "sma_50": 9.239854, "sma_200": 8.272228, "price_vs_sma20": -0.003381, "price_vs_sma50": 0.031943, "price_vs_sma200": 0.152652, "volatility_20d": 0.397056, "volatility_60d": 0.25735, "drawdown": -0.064646, "max_drawdown_1y": -0.127567, "volume_ratio": 0.087102, "rsi_14": 50.829641, "macd": 0.141582, "macd_signal": 0.161155, "macd_histogram": -0.019573, "bb_width": 0.140846, "bb_position": 0.475912, "stoch_k": 48.40213, "stoch_d": 47.736352, "adx": 24.015777, "atr_14": 0.25773, "last_close": 9.535, "last_date": "2026-03-05"}