{"return_1d": 0.008983, "return_5d": -0.063469, "return_20d": 0.00728, "return_60d": 0.115499, "return_252d": 0.520368, "sma_20": 9.56715, "sma_50": 9.258848, "sma_200": 8.281247, "price_vs_sma20": -0.002106, "price_vs_sma50": 0.031122, "price_vs_sma200": 0.152846, "volatility_20d": 0.400212, "volatility_60d": 0.258477, "drawdown": -0.063469, "max_drawdown_1y": -0.127567, "volume_ratio": 0.057799, "rsi_14": 51.165626, "macd": 0.118138, "macd_signal": 0.15162, "macd_histogram": -0.033482, "bb_width": 0.140746, "bb_position": 0.485004, "stoch_k": 49.201065, "stoch_d": 47.802929, "adx": 22.324889, "atr_14": 0.256356, "last_close": 9.547, "last_date": "2026-03-06"}