{"return_1d": -0.018442, "return_5d": 0.031546, "return_20d": 0.073836, "return_60d": 0.151293, "return_252d": 0.501343, "sma_20": 9.5609, "sma_50": 9.176466, "sma_200": 8.243633, "price_vs_sma20": 0.046554, "price_vs_sma50": 0.090398, "price_vs_sma200": 0.213785, "volatility_20d": 0.346135, "volatility_60d": 0.232706, "drawdown": -0.018442, "max_drawdown_1y": -0.127567, "volume_ratio": 0.185593, "rsi_14": 63.702984, "macd": 0.22833, "macd_signal": 0.161029, "macd_histogram": 0.067301, "bb_width": 0.135392, "bb_position": 0.828553, "stoch_k": 79.76032, "stoch_d": 89.402499, "adx": 30.605022, "atr_14": 0.242081, "last_close": 10.006, "last_date": "2026-03-02"}