{"return_1d": -0.03305, "return_5d": -0.014695, "return_20d": 0.026036, "return_60d": 0.105437, "return_252d": 0.464032, "sma_20": 9.5721, "sma_50": 9.19788, "sma_200": 8.253971, "price_vs_sma20": 0.008661, "price_vs_sma50": 0.049698, "price_vs_sma200": 0.16974, "volatility_20d": 0.370471, "volatility_60d": 0.244503, "drawdown": -0.052874, "max_drawdown_1y": -0.127567, "volume_ratio": 0.174683, "rsi_14": 53.622206, "macd": 0.203547, "macd_signal": 0.169264, "macd_histogram": 0.034283, "bb_width": 0.139249, "bb_position": 0.561661, "stoch_k": 56.391478, "stoch_d": 75.676875, "adx": 28.612786, "atr_14": 0.261121, "last_close": 9.655, "last_date": "2026-03-03"}