{"return_1d": 0.014254, "return_5d": -0.038919, "return_20d": 0.008081, "return_60d": 0.11352, "return_252d": 0.484011, "sma_20": 9.56675, "sma_50": 9.218116, "sma_200": 8.262886, "price_vs_sma20": 0.004103, "price_vs_sma50": 0.042078, "price_vs_sma200": 0.162548, "volatility_20d": 0.398725, "volatility_60d": 0.25793, "drawdown": -0.057681, "max_drawdown_1y": -0.127567, "volume_ratio": 0.11172, "rsi_14": 52.39135, "macd": 0.167881, "macd_signal": 0.166639, "macd_histogram": 0.001242, "bb_width": 0.140023, "bb_position": 0.529181, "stoch_k": 53.129161, "stoch_d": 58.544163, "adx": 25.818572, "atr_14": 0.272786, "last_close": 9.606, "last_date": "2026-03-04"}