{"return_1d": -0.006024, "return_5d": -0.077398, "return_20d": -0.007702, "return_60d": 0.098908, "return_252d": 0.497755, "sma_20": 9.56005, "sma_50": 9.256008, "sma_200": 8.280537, "price_vs_sma20": -0.016219, "price_vs_sma50": 0.016097, "price_vs_sma200": 0.135796, "volatility_20d": 0.399619, "volatility_60d": 0.258563, "drawdown": -0.077398, "max_drawdown_1y": -0.127567, "volume_ratio": 0.777521, "rsi_14": 47.888373, "macd": 0.10681, "macd_signal": 0.149355, "macd_histogram": -0.042545, "bb_width": 0.143657, "bb_position": 0.385241, "stoch_k": 39.747004, "stoch_d": 44.651576, "adx": 22.901639, "atr_14": 0.269856, "last_close": 9.405, "last_date": "2026-03-06"}