{"return_1d": 0.032764, "return_5d": 0.086491, "return_20d": 0.178862, "return_60d": 0.25479, "return_252d": 0.572169, "sma_20": 18.4046, "sma_50": 17.18964, "sma_200": 15.155944, "price_vs_sma20": 0.102985, "price_vs_sma50": 0.180944, "price_vs_sma200": 0.339408, "volatility_20d": 0.16899, "volatility_60d": 0.197596, "drawdown": 0.0, "max_drawdown_1y": -0.235013, "volume_ratio": 0.633099, "rsi_14": 88.619159, "macd": 0.696768, "macd_signal": 0.561632, "macd_histogram": 0.135136, "bb_width": 0.142143, "bb_position": 1.15687, "stoch_k": 83.531885, "stoch_d": 91.176704, "adx": 43.625753, "atr_14": 0.374023, "last_close": 20.3, "last_date": "2026-03-02"}