{"return_1d": -0.000982, "return_5d": 0.085333, "return_20d": 0.174671, "return_60d": 0.257104, "return_252d": 0.576505, "sma_20": 18.5594, "sma_50": 17.28604, "sma_200": 15.194842, "price_vs_sma20": 0.096479, "price_vs_sma50": 0.177251, "price_vs_sma200": 0.33927, "volatility_20d": 0.179179, "volatility_60d": 0.200081, "drawdown": -0.000982, "max_drawdown_1y": -0.235013, "volume_ratio": 0.271913, "rsi_14": 88.248571, "macd": 0.761225, "macd_signal": 0.602444, "macd_histogram": 0.15878, "bb_width": 0.157344, "bb_position": 1.059223, "stoch_k": 85.283812, "stoch_d": 87.281108, "adx": 46.051147, "atr_14": 0.36445, "last_close": 20.35, "last_date": "2026-03-03"}