{"return_1d": 0.007171, "return_5d": 0.03607, "return_20d": 0.141664, "return_60d": 0.26475, "return_252d": 0.653352, "sma_20": 18.92635, "sma_50": 17.54558, "sma_200": 15.307695, "price_vs_sma20": 0.076013, "price_vs_sma50": 0.160691, "price_vs_sma200": 0.330377, "volatility_20d": 0.190263, "volatility_60d": 0.201328, "drawdown": -0.000245, "max_drawdown_1y": -0.235013, "volume_ratio": 0.114669, "rsi_14": 80.257775, "macd": 0.789773, "macd_signal": 0.682888, "macd_histogram": 0.106885, "bb_width": 0.166901, "bb_position": 0.923265, "stoch_k": 85.410663, "stoch_d": 79.072254, "adx": 50.07912, "atr_14": 0.378612, "last_close": 20.365, "last_date": "2026-03-06"}