{"return_1d": 0.015394, "return_5d": 0.058026, "return_20d": 0.141066, "return_60d": 0.218448, "return_252d": 0.498502, "sma_20": 18.2506, "sma_50": 17.1012, "sma_200": 15.117956, "price_vs_sma20": 0.077006, "price_vs_sma50": 0.149393, "price_vs_sma200": 0.300176, "volatility_20d": 0.144561, "volatility_60d": 0.188197, "drawdown": 0.0, "max_drawdown_1y": -0.235013, "volume_ratio": 1.650522, "rsi_14": 85.383661, "macd": 0.614958, "macd_signal": 0.527848, "macd_histogram": 0.087109, "bb_width": 0.126629, "bb_position": 1.064638, "stoch_k": 90.574929, "stoch_d": 96.666076, "adx": 41.013789, "atr_14": 0.317101, "last_close": 19.656, "last_date": "2026-02-27"}