{"return_1d": -0.000322, "return_5d": -0.079029, "return_20d": 0.051297, "return_60d": 0.367931, "return_252d": 1.823247, "sma_20": 160.409815, "sma_50": 143.219798, "sma_200": 109.375569, "price_vs_sma20": -0.031543, "price_vs_sma50": 0.084696, "price_vs_sma200": 0.420335, "volatility_20d": 0.492262, "volatility_60d": 0.409219, "drawdown": -0.079029, "max_drawdown_1y": -0.236478, "volume_ratio": 0.104547, "rsi_14": 50.029392, "macd": 4.927843, "macd_signal": 6.940756, "macd_histogram": -2.012913, "bb_width": 0.154301, "bb_position": 0.288916, "stoch_k": 24.489479, "stoch_d": 31.109189, "adx": 27.791015, "atr_14": 6.471464, "last_close": 155.35, "last_date": "2026-03-04"}