{"return_1d": -0.021881, "return_5d": -0.10033, "return_20d": -0.010602, "return_60d": 0.284823, "return_252d": 1.701913, "sma_20": 161.09305, "sma_50": 144.654142, "sma_200": 110.113387, "price_vs_sma20": -0.070413, "price_vs_sma50": 0.035228, "price_vs_sma200": 0.359962, "volatility_20d": 0.547527, "volatility_60d": 0.440009, "drawdown": -0.112228, "max_drawdown_1y": -0.236478, "volume_ratio": 1.638111, "rsi_14": 44.797058, "macd": 3.23008, "macd_signal": 5.869782, "macd_histogram": -2.639702, "bb_width": 0.139236, "bb_position": -0.044014, "stoch_k": 14.186639, "stoch_d": 29.380006, "adx": 25.120488, "atr_14": 7.42299, "last_close": 149.75, "last_date": "2026-03-06"}