{"return_1d": 0.017309, "return_5d": -0.064284, "return_20d": 0.02904, "return_60d": 0.336302, "return_252d": 1.81017, "sma_20": 161.39305, "sma_50": 144.774142, "sma_200": 110.143387, "price_vs_sma20": -0.034965, "price_vs_sma50": 0.075814, "price_vs_sma200": 0.414066, "volatility_20d": 0.544392, "volatility_60d": 0.437272, "drawdown": -0.076658, "max_drawdown_1y": -0.236478, "volume_ratio": 0.105051, "rsi_14": 50.082335, "macd": 3.708712, "macd_signal": 5.965509, "macd_histogram": -2.256796, "bb_width": 0.120668, "bb_position": 0.199743, "stoch_k": 26.42924, "stoch_d": 33.460873, "adx": 24.300842, "atr_14": 6.919418, "last_close": 155.75, "last_date": "2026-03-06"}