{"return_1d": -0.011982, "return_5d": -0.020408, "return_20d": 0.107204, "return_60d": 0.379041, "return_252d": 1.761383, "sma_20": 161.55828, "sma_50": 144.205938, "sma_200": 109.809903, "price_vs_sma20": -0.004694, "price_vs_sma50": 0.115072, "price_vs_sma200": 0.464349, "volatility_20d": 0.513799, "volatility_60d": 0.417307, "drawdown": -0.04672, "max_drawdown_1y": -0.236478, "volume_ratio": 0.125595, "rsi_14": 54.962286, "macd": 5.02751, "macd_signal": 6.652557, "macd_histogram": -1.625047, "bb_width": 0.116873, "bb_position": 0.459651, "stoch_k": 50.918719, "stoch_d": 45.341907, "adx": 25.571008, "atr_14": 6.646461, "last_close": 160.8, "last_date": "2026-03-05"}