{"return_1d": -0.02313, "return_5d": -0.014524, "return_20d": 0.103706, "return_60d": 0.450852, "return_252d": 1.944345, "sma_20": 159.985415, "sma_50": 141.765518, "sma_200": 108.609217, "price_vs_sma20": 0.016343, "price_vs_sma50": 0.146964, "price_vs_sma200": 0.497111, "volatility_20d": 0.513965, "volatility_60d": 0.402124, "drawdown": -0.036049, "max_drawdown_1y": -0.236478, "volume_ratio": 0.185626, "rsi_14": 58.982553, "macd": 6.99203, "macd_signal": 7.842571, "macd_histogram": -0.850541, "bb_width": 0.161575, "bb_position": 0.59952, "stoch_k": 45.736439, "stoch_d": 64.243649, "adx": 28.590592, "atr_14": 6.088671, "last_close": 162.6, "last_date": "2026-03-02"}