{"return_1d": 0.014012, "return_5d": 0.011557, "return_20d": 0.156415, "return_60d": 0.449782, "return_252d": 2.042589, "sma_20": 159.221505, "sma_50": 140.868476, "sma_200": 108.185258, "price_vs_sma20": 0.045399, "price_vs_sma50": 0.181599, "price_vs_sma200": 0.538565, "volatility_20d": 0.506193, "volatility_60d": 0.402353, "drawdown": -0.013224, "max_drawdown_1y": -0.236478, "volume_ratio": 1.076582, "rsi_14": 64.703344, "macd": 7.575331, "macd_signal": 8.055206, "macd_histogram": -0.479876, "bb_width": 0.17032, "bb_position": 0.754976, "stoch_k": 78.919352, "stoch_d": 79.418934, "adx": 30.466094, "atr_14": 6.007031, "last_close": 166.45, "last_date": "2026-02-27"}