{"return_1d": 0.0029, "return_5d": 0.059075, "return_20d": 0.168193, "return_60d": 0.199264, "return_252d": 0.118433, "sma_20": 122.334, "sma_50": 113.05576, "sma_200": 112.416697, "price_vs_sma20": 0.07419, "price_vs_sma50": 0.162347, "price_vs_sma200": 0.168954, "volatility_20d": 0.274748, "volatility_60d": 0.294119, "drawdown": -0.005792, "max_drawdown_1y": -0.237235, "volume_ratio": 1.176594, "rsi_14": 73.850861, "macd": 4.842094, "macd_signal": 4.269761, "macd_histogram": 0.572333, "bb_width": 0.160318, "bb_position": 0.930809, "stoch_k": 84.022209, "stoch_d": 85.500628, "adx": 44.141182, "atr_14": 3.610617, "last_close": 131.41, "last_date": "2026-03-06"}