{"return_1d": -0.004975, "return_5d": 0.034842, "return_20d": 0.180795, "return_60d": 0.158913, "return_252d": 0.045809, "sma_20": 119.7005, "sma_50": 111.3516, "sma_200": 112.145475, "price_vs_sma20": 0.069419, "price_vs_sma50": 0.149602, "price_vs_sma200": 0.141464, "volatility_20d": 0.305653, "volatility_60d": 0.292549, "drawdown": -0.031515, "max_drawdown_1y": -0.237235, "volume_ratio": 1.445062, "rsi_14": 70.16433, "macd": 4.344582, "macd_signal": 3.88817, "macd_histogram": 0.456412, "bb_width": 0.160148, "bb_position": 0.90533, "stoch_k": 81.031519, "stoch_d": 88.27258, "adx": 42.507798, "atr_14": 3.587398, "last_close": 128.01, "last_date": "2026-03-03"}