{"return_1d": 0.036831, "return_5d": 0.051835, "return_20d": 0.147329, "return_60d": 0.190871, "return_252d": 0.021505, "sma_20": 118.7205, "sma_50": 110.86642, "sma_200": 112.067819, "price_vs_sma20": 0.083638, "price_vs_sma50": 0.160405, "price_vs_sma200": 0.147966, "volatility_20d": 0.336954, "volatility_60d": 0.294898, "drawdown": -0.026673, "max_drawdown_1y": -0.237235, "volume_ratio": 1.610006, "rsi_14": 71.958083, "macd": 4.180443, "macd_signal": 3.774067, "macd_histogram": 0.406376, "bb_width": 0.165193, "bb_position": 0.967226, "stoch_k": 98.918269, "stoch_d": 82.693998, "adx": 41.025972, "atr_14": 3.522582, "last_close": 128.65, "last_date": "2026-03-02"}