{"return_1d": 0.025113, "return_5d": 0.08173, "return_20d": 0.14267, "return_60d": 0.179273, "return_252d": 0.112825, "sma_20": 121.388, "sma_50": 112.476428, "sma_200": 112.314061, "price_vs_sma20": 0.079431, "price_vs_sma50": 0.164955, "price_vs_sma200": 0.166639, "volatility_20d": 0.290632, "volatility_60d": 0.296181, "drawdown": -0.008667, "max_drawdown_1y": -0.237235, "volume_ratio": 1.136944, "rsi_14": 73.431605, "macd": 4.664431, "macd_signal": 4.126677, "macd_histogram": 0.537754, "bb_width": 0.160294, "bb_position": 0.95907, "stoch_k": 93.83416, "stoch_d": 84.503731, "adx": 43.249172, "atr_14": 3.640665, "last_close": 131.03, "last_date": "2026-03-05"}