{"return_1d": 0.024354, "return_5d": 0.008125, "return_20d": 0.107066, "return_60d": 0.141763, "return_252d": -0.008939, "sma_20": 117.8945, "sma_50": 110.309798, "sma_200": 111.992122, "price_vs_sma20": 0.052466, "price_vs_sma50": 0.124832, "price_vs_sma200": 0.107935, "volatility_20d": 0.318639, "volatility_60d": 0.28691, "drawdown": -0.061249, "max_drawdown_1y": -0.237235, "volume_ratio": 1.248471, "rsi_14": 66.234451, "macd": 3.844973, "macd_signal": 3.672473, "macd_histogram": 0.172499, "bb_width": 0.160501, "bb_position": 0.810596, "stoch_k": 84.867951, "stoch_d": 74.793803, "adx": 39.789623, "atr_14": 3.428166, "last_close": 124.08, "last_date": "2026-02-27"}