{"return_1d": 0.000923, "return_5d": 0.074916, "return_20d": -0.231441, "return_60d": -0.300744, "return_252d": -0.290569, "sma_20": 156.838, "sma_50": 189.641, "sma_200": 174.9116, "price_vs_sma20": -0.101621, "price_vs_sma50": -0.257017, "price_vs_sma200": -0.19445, "volatility_20d": 0.843259, "volatility_60d": 0.614995, "drawdown": -0.803621, "max_drawdown_1y": -0.820457, "volume_ratio": 0.465439, "rsi_14": 33.492237, "macd": -16.334849, "macd_signal": -16.410175, "macd_histogram": 0.075326, "bb_width": 0.614799, "bb_position": 0.316012, "stoch_k": 29.250143, "stoch_d": 24.046956, "adx": 44.321821, "atr_14": 9.246059, "last_close": 140.9, "last_date": "2026-03-04"}