{"return_1d": 0.017169, "return_5d": 0.015484, "return_20d": -0.325101, "return_60d": -0.259532, "return_252d": -0.338742, "sma_20": 165.914, "sma_50": 193.5684, "sma_200": 175.5873, "price_vs_sma20": -0.150162, "price_vs_sma50": -0.271575, "price_vs_sma200": -0.196981, "volatility_20d": 0.938529, "volatility_60d": 0.621195, "drawdown": -0.803482, "max_drawdown_1y": -0.820457, "volume_ratio": 1.131686, "rsi_14": 32.696961, "macd": -18.459386, "macd_signal": -15.837321, "macd_histogram": -2.622066, "bb_width": 0.727699, "bb_position": 0.257187, "stoch_k": 22.604747, "stoch_d": 16.598301, "adx": 44.404242, "atr_14": 10.245533, "last_close": 141.0, "last_date": "2026-02-27"}