{"return_1d": 0.008922, "return_5d": 0.034539, "return_20d": -0.178058, "return_60d": -0.283687, "return_252d": -0.271197, "sma_20": 153.248, "sma_50": 187.0348, "sma_200": 174.5271, "price_vs_sma20": -0.048144, "price_vs_sma50": -0.220092, "price_vs_sma200": -0.164199, "volatility_20d": 0.846907, "volatility_60d": 0.618096, "drawdown": -0.796694, "max_drawdown_1y": -0.820457, "volume_ratio": 0.968501, "rsi_14": 38.161925, "macd": -14.077099, "macd_signal": -15.753755, "macd_histogram": 1.676657, "bb_width": 0.554782, "bb_position": 0.40883, "stoch_k": 45.221653, "stoch_d": 38.939919, "adx": 43.14128, "atr_14": 9.017979, "last_close": 145.87, "last_date": "2026-03-06"}