{"return_1d": -0.01305, "return_5d": 0.070791, "return_20d": -0.332886, "return_60d": -0.278926, "return_252d": -0.331957, "sma_20": 162.442, "sma_50": 192.2346, "sma_200": 175.3486, "price_vs_sma20": -0.143325, "price_vs_sma50": -0.276093, "price_vs_sma200": -0.206381, "volatility_20d": 0.936787, "volatility_60d": 0.620348, "drawdown": -0.806046, "max_drawdown_1y": -0.820457, "volume_ratio": 0.630898, "rsi_14": 31.962896, "macd": -17.906334, "macd_signal": -16.251123, "macd_histogram": -1.655211, "bb_width": 0.698555, "bb_position": 0.2605, "stoch_k": 19.909171, "stoch_d": 20.543998, "adx": 44.436424, "atr_14": 9.824423, "last_close": 139.16, "last_date": "2026-03-02"}