{"return_1d": 0.027679, "return_5d": 0.055446, "return_20d": 0.185848, "return_60d": 0.335874, "return_252d": 0.095105, "sma_20": 890.41756, "sma_50": 822.468148, "sma_200": 800.770893, "price_vs_sma20": 0.094161, "price_vs_sma50": 0.184557, "price_vs_sma200": 0.216653, "volatility_20d": 0.446219, "volatility_60d": 0.3003, "drawdown": 0.0, "max_drawdown_1y": -0.245947, "volume_ratio": 1.46714, "rsi_14": 74.656472, "macd": 42.295673, "macd_signal": 37.786162, "macd_histogram": 4.509511, "bb_width": 0.255291, "bb_position": 0.837097, "stoch_k": 91.247504, "stoch_d": 85.175254, "adx": 41.474574, "atr_14": 24.638138, "last_close": 974.26, "last_date": "2026-02-27"}