{"return_1d": -0.016552, "return_5d": 0.005253, "return_20d": 0.194562, "return_60d": 0.292098, "return_252d": 0.07149, "sma_20": 922.53844, "sma_50": 839.824926, "sma_200": 803.109177, "price_vs_sma20": 0.033019, "price_vs_sma50": 0.13476, "price_vs_sma200": 0.186638, "volatility_20d": 0.445354, "volatility_60d": 0.300667, "drawdown": -0.021822, "max_drawdown_1y": -0.245947, "volume_ratio": 0.873299, "rsi_14": 64.702521, "macd": 38.839276, "macd_signal": 39.537608, "macd_histogram": -0.698332, "bb_width": 0.208519, "bb_position": 0.65329, "stoch_k": 65.641991, "stoch_d": 77.264468, "adx": 42.466059, "atr_14": 24.429745, "last_close": 953.0, "last_date": "2026-03-05"}