{"return_1d": -0.003056, "return_5d": 0.00887, "return_20d": 0.215122, "return_60d": 0.341874, "return_252d": 0.088878, "sma_20": 914.777535, "sma_50": 835.852892, "sma_200": 802.624523, "price_vs_sma20": 0.059318, "price_vs_sma50": 0.159343, "price_vs_sma200": 0.207339, "volatility_20d": 0.43629, "volatility_60d": 0.299385, "drawdown": -0.005358, "max_drawdown_1y": -0.245947, "volume_ratio": 0.796446, "rsi_14": 71.14969, "macd": 41.22331, "macd_signal": 39.712191, "macd_histogram": 1.511119, "bb_width": 0.231291, "bb_position": 0.742102, "stoch_k": 77.204309, "stoch_d": 83.778594, "adx": 43.044949, "atr_14": 24.541264, "last_close": 969.04, "last_date": "2026-03-04"}