{"return_1d": 0.006117, "return_5d": 0.026692, "return_20d": 0.205987, "return_60d": 0.333808, "return_252d": 0.099412, "sma_20": 906.19971, "sma_50": 831.273024, "sma_200": 802.01725, "price_vs_sma20": 0.072622, "price_vs_sma50": 0.169303, "price_vs_sma200": 0.211956, "volatility_20d": 0.44009, "volatility_60d": 0.300331, "drawdown": -0.002309, "max_drawdown_1y": -0.245947, "volume_ratio": 1.091748, "rsi_14": 72.389894, "macd": 42.033428, "macd_signal": 39.334411, "macd_histogram": 2.699017, "bb_width": 0.247142, "bb_position": 0.773953, "stoch_k": 88.947103, "stoch_d": 88.459659, "adx": 42.83883, "atr_14": 25.069823, "last_close": 972.01, "last_date": "2026-03-03"}