{"return_1d": -0.00814, "return_5d": 0.000195, "return_20d": -0.041573, "return_60d": -0.039685, "return_252d": 0.058041, "sma_20": 515.865, "sma_50": 524.938, "sma_200": 505.323971, "price_vs_sma20": -0.00788, "price_vs_sma50": -0.025028, "price_vs_sma200": 0.012816, "volatility_20d": 0.147803, "volatility_60d": 0.144037, "drawdown": -0.069182, "max_drawdown_1y": -0.267037, "volume_ratio": 0.294431, "rsi_14": 42.972495, "macd": -2.776582, "macd_signal": -3.326568, "macd_histogram": 0.549986, "bb_width": 0.034829, "bb_position": 0.271956, "stoch_k": 34.466019, "stoch_d": 52.588997, "adx": 21.223903, "atr_14": 7.329445, "last_close": 511.8, "last_date": "2026-03-02"}