{"return_1d": -0.007876, "return_5d": -0.000967, "return_20d": -0.018061, "return_60d": -0.035028, "return_252d": 0.066658, "sma_20": 515.83, "sma_50": 525.058, "sma_200": 505.635315, "price_vs_sma20": 0.001299, "price_vs_sma50": -0.016299, "price_vs_sma200": 0.021487, "volatility_20d": 0.144266, "volatility_60d": 0.14496, "drawdown": -0.060634, "max_drawdown_1y": -0.267038, "volume_ratio": 0.103084, "rsi_14": 47.038082, "macd": -2.014833, "macd_signal": -2.951902, "macd_histogram": 0.937069, "bb_width": 0.030031, "bb_position": 0.543195, "stoch_k": 57.281553, "stoch_d": 63.106796, "adx": 19.549231, "atr_14": 7.497239, "last_close": 516.5, "last_date": "2026-03-03"}