{"return_1d": 0.005256, "return_5d": -0.015752, "return_20d": 0.000476, "return_60d": 0.045061, "return_252d": -0.104167, "sma_20": 63.4765, "sma_50": 62.430604, "sma_200": 63.02494, "price_vs_sma20": -0.005774, "price_vs_sma50": 0.010882, "price_vs_sma200": 0.00135, "volatility_20d": 0.21982, "volatility_60d": 0.208829, "drawdown": -0.211486, "max_drawdown_1y": -0.274648, "volume_ratio": 0.885661, "rsi_14": 51.036071, "macd": 0.195416, "macd_signal": 0.342431, "macd_histogram": -0.147015, "bb_width": 0.051868, "bb_position": 0.388036, "stoch_k": 43.342776, "stoch_d": 33.98638, "adx": 10.224716, "atr_14": 1.367773, "last_close": 63.11, "last_date": "2026-03-05"}