{"return_1d": 0.000957, "return_5d": -0.009779, "return_20d": 0.016022, "return_60d": 0.030317, "return_252d": -0.127621, "sma_20": 63.475, "sma_50": 62.382312, "sma_200": 63.05598, "price_vs_sma20": -0.010949, "price_vs_sma50": 0.006375, "price_vs_sma200": -0.004377, "volatility_20d": 0.231357, "volatility_60d": 0.209563, "drawdown": -0.215609, "max_drawdown_1y": -0.274648, "volume_ratio": 0.544855, "rsi_14": 48.920982, "macd": 0.217533, "macd_signal": 0.379184, "macd_histogram": -0.161651, "bb_width": 0.052185, "bb_position": 0.287861, "stoch_k": 33.994334, "stoch_d": 27.522327, "adx": 10.461196, "atr_14": 1.376064, "last_close": 62.78, "last_date": "2026-03-04"}