{"return_1d": -0.006495, "return_5d": -0.013216, "return_20d": 0.018017, "return_60d": 0.022363, "return_252d": -0.118466, "sma_20": 63.4255, "sma_50": 62.35486, "sma_200": 63.085279, "price_vs_sma20": -0.011123, "price_vs_sma50": 0.005856, "price_vs_sma200": -0.00579, "volatility_20d": 0.231469, "volatility_60d": 0.210102, "drawdown": -0.216359, "max_drawdown_1y": -0.274648, "volume_ratio": 0.553668, "rsi_14": 48.545726, "macd": 0.276199, "macd_signal": 0.419597, "macd_histogram": -0.143398, "bb_width": 0.056548, "bb_position": 0.301082, "stoch_k": 24.62203, "stoch_d": 24.832858, "adx": 10.366212, "atr_14": 1.403453, "last_close": 62.72, "last_date": "2026-03-03"}