{"return_1d": -0.014192, "return_5d": 0.009744, "return_20d": 0.021823, "return_60d": 0.040244, "return_252d": -0.095109, "sma_20": 63.3295, "sma_50": 62.265082, "sma_200": 63.127559, "price_vs_sma20": -0.001887, "price_vs_sma50": 0.015176, "price_vs_sma200": 0.001306, "volatility_20d": 0.235249, "volatility_60d": 0.210238, "drawdown": -0.210236, "max_drawdown_1y": -0.274648, "volume_ratio": 1.081697, "rsi_14": 51.374495, "macd": 0.404529, "macd_signal": 0.481016, "macd_histogram": -0.076487, "bb_width": 0.062441, "bb_position": 0.469723, "stoch_k": 25.925926, "stoch_d": 41.634847, "adx": 10.866877, "atr_14": 1.411993, "last_close": 63.21, "last_date": "2026-02-27"}