{"return_1d": 0.003582, "return_5d": 0.044215, "return_20d": 0.070739, "return_60d": 0.054842, "return_252d": 0.337581, "sma_20": 57.84449, "sma_50": 55.256456, "sma_200": 54.810201, "price_vs_sma20": 0.065616, "price_vs_sma50": 0.115526, "price_vs_sma200": 0.124608, "volatility_20d": 0.324061, "volatility_60d": 0.340139, "drawdown": 0.0, "max_drawdown_1y": -0.183914, "volume_ratio": 0.950898, "rsi_14": 66.283679, "macd": 1.57311, "macd_signal": 1.279214, "macd_histogram": 0.293896, "bb_width": 0.138088, "bb_position": 0.945915, "stoch_k": 88.521734, "stoch_d": 86.450847, "adx": 24.518297, "atr_14": 1.943865, "last_close": 61.64, "last_date": "2026-03-02"}