{"return_1d": 0.004702, "return_5d": 0.008792, "return_20d": 0.122983, "return_60d": 0.059234, "return_252d": 0.250651, "sma_20": 59.14906, "sma_50": 55.88977, "sma_200": 54.933892, "price_vs_sma20": 0.047523, "price_vs_sma50": 0.108611, "price_vs_sma200": 0.127901, "volatility_20d": 0.247998, "volatility_60d": 0.318189, "drawdown": 0.0, "max_drawdown_1y": -0.183914, "volume_ratio": 0.831476, "rsi_14": 66.500765, "macd": 1.681122, "macd_signal": 1.505025, "macd_histogram": 0.176096, "bb_width": 0.132366, "bb_position": 0.842738, "stoch_k": 84.827586, "stoch_d": 80.505747, "adx": 28.971632, "atr_14": 1.865327, "last_close": 61.96, "last_date": "2026-03-06"}