{"return_1d": 0.028122, "return_5d": 0.015207, "return_20d": 0.093433, "return_60d": 0.017732, "return_252d": 0.273801, "sma_20": 57.640875, "sma_50": 55.087058, "sma_200": 54.780529, "price_vs_sma20": 0.065563, "price_vs_sma50": 0.114962, "price_vs_sma200": 0.121201, "volatility_20d": 0.332706, "volatility_60d": 0.346679, "drawdown": 0.0, "max_drawdown_1y": -0.183914, "volume_ratio": 1.273105, "rsi_14": 65.707637, "macd": 1.463701, "macd_signal": 1.20574, "macd_histogram": 0.257961, "bb_width": 0.126454, "bb_position": 0.986576, "stoch_k": 94.856647, "stoch_d": 81.844168, "adx": 23.353621, "atr_14": 1.948778, "last_close": 61.42, "last_date": "2026-02-27"}