{"return_1d": -0.000487, "return_5d": 0.054785, "return_20d": 0.128469, "return_60d": 0.010031, "return_252d": 0.294186, "sma_20": 58.195185, "sma_50": 55.404512, "sma_200": 54.838929, "price_vs_sma20": 0.058679, "price_vs_sma50": 0.112003, "price_vs_sma200": 0.123472, "volatility_20d": 0.251059, "volatility_60d": 0.328273, "drawdown": -0.000487, "max_drawdown_1y": -0.183914, "volume_ratio": 0.906746, "rsi_14": 66.12057, "macd": 1.638509, "macd_signal": 1.351073, "macd_histogram": 0.287436, "bb_width": 0.139043, "bb_position": 0.898628, "stoch_k": 80.502367, "stoch_d": 87.960249, "adx": 25.827121, "atr_14": 1.982161, "last_close": 61.61, "last_date": "2026-03-03"}