{"return_1d": 0.003375, "return_5d": -0.004782, "return_20d": 0.042585, "return_60d": 0.149724, "return_252d": 0.208679, "sma_20": 101.3145, "sma_50": 95.5594, "sma_200": 84.547629, "price_vs_sma20": 0.027, "price_vs_sma50": 0.088852, "price_vs_sma200": 0.230667, "volatility_20d": 0.203538, "volatility_60d": 0.298417, "drawdown": -0.008576, "max_drawdown_1y": -0.346653, "volume_ratio": 0.035113, "rsi_14": 63.280224, "macd": 2.315381, "macd_signal": 2.316655, "macd_histogram": -0.001274, "bb_width": 0.084781, "bb_position": 0.810097, "stoch_k": 79.020979, "stoch_d": 81.998494, "adx": 32.425383, "atr_14": 2.163049, "last_close": 104.05, "last_date": "2026-03-06"}