{"return_1d": 0.029035, "return_5d": 0.024498, "return_20d": 0.081626, "return_60d": 0.143373, "return_252d": 0.273885, "sma_20": 100.1305, "sma_50": 94.1106, "sma_200": 83.982471, "price_vs_sma20": 0.044137, "price_vs_sma50": 0.110927, "price_vs_sma200": 0.244903, "volatility_20d": 0.18579, "volatility_60d": 0.293803, "drawdown": 0.0, "max_drawdown_1y": -0.346654, "volume_ratio": 1.642428, "rsi_14": 70.321813, "macd": 2.256308, "macd_signal": 2.237923, "macd_histogram": 0.018385, "bb_width": 0.061162, "bb_position": 1.191146, "stoch_k": 93.954051, "stoch_d": 79.989113, "adx": 31.608442, "atr_14": 1.999975, "last_close": 104.55, "last_date": "2026-02-27"}