{"return_1d": -0.021521, "return_5d": 0.014378, "return_20d": 0.038579, "return_60d": 0.123188, "return_252d": 0.211157, "sma_20": 100.3205, "sma_50": 94.3742, "sma_200": 84.085998, "price_vs_sma20": 0.019732, "price_vs_sma50": 0.083983, "price_vs_sma200": 0.216612, "volatility_20d": 0.197643, "volatility_60d": 0.297608, "drawdown": -0.021521, "max_drawdown_1y": -0.346654, "volume_ratio": 0.170122, "rsi_14": 61.130351, "macd": 2.203274, "macd_signal": 2.230993, "macd_histogram": -0.027719, "bb_width": 0.063313, "bb_position": 0.805625, "stoch_k": 66.747279, "stoch_d": 80.255925, "adx": 31.606718, "atr_14": 2.121405, "last_close": 102.3, "last_date": "2026-03-02"}