{"return_1d": 0.002754, "return_5d": -0.013185, "return_20d": -0.044878, "return_60d": -0.078004, "return_252d": -0.314324, "sma_20": 276.6905, "sma_50": 280.111048, "sma_200": 316.887839, "price_vs_sma20": -0.026204, "price_vs_sma50": -0.038096, "price_vs_sma200": -0.149731, "volatility_20d": 0.383549, "volatility_60d": 0.313244, "drawdown": -0.494131, "max_drawdown_1y": -0.517468, "volume_ratio": 0.976991, "rsi_14": 44.7134, "macd": -3.963666, "macd_signal": -2.922487, "macd_histogram": -1.041179, "bb_width": 0.118764, "bb_position": 0.273421, "stoch_k": 53.442935, "stoch_d": 50.286583, "adx": 17.349473, "atr_14": 9.253721, "last_close": 269.44, "last_date": "2026-02-27"}