{"return_1d": 0.020281, "return_5d": 0.058947, "return_20d": -0.034654, "return_60d": -0.0764, "return_252d": -0.353352, "sma_20": 275.389, "sma_50": 279.42266, "sma_200": 316.036025, "price_vs_sma20": -0.011725, "price_vs_sma50": -0.025992, "price_vs_sma200": -0.138832, "volatility_20d": 0.392503, "volatility_60d": 0.316358, "drawdown": -0.489024, "max_drawdown_1y": -0.517468, "volume_ratio": 0.789636, "rsi_14": 47.598198, "macd": -3.675874, "macd_signal": -3.256813, "macd_histogram": -0.419061, "bb_width": 0.118404, "bb_position": 0.399798, "stoch_k": 61.491443, "stoch_d": 54.399479, "adx": 18.055524, "atr_14": 9.386116, "last_close": 272.16, "last_date": "2026-03-03"}