{"return_1d": -0.036522, "return_5d": -0.035592, "return_20d": -0.090225, "return_60d": -0.069814, "return_252d": -0.408839, "sma_20": 272.8385, "sma_50": 278.366214, "sma_200": 314.545891, "price_vs_sma20": -0.047605, "price_vs_sma50": -0.066517, "price_vs_sma200": -0.173888, "volatility_20d": 0.403261, "volatility_60d": 0.305201, "drawdown": -0.512136, "max_drawdown_1y": -0.517468, "volume_ratio": 1.221311, "rsi_14": 38.60268, "macd": -3.864848, "macd_signal": -3.378794, "macd_histogram": -0.486054, "bb_width": 0.119128, "bb_position": 0.080413, "stoch_k": 31.393643, "stoch_d": 49.478403, "adx": 18.542259, "atr_14": 9.671406, "last_close": 259.85, "last_date": "2026-03-06"}