{"return_1d": 0.00011, "return_5d": 0.008784, "return_20d": -0.03049, "return_60d": -0.087298, "return_252d": -0.384373, "sma_20": 274.961, "sma_50": 279.11546, "sma_200": 315.581346, "price_vs_sma20": -0.010078, "price_vs_sma50": -0.024812, "price_vs_sma200": -0.137497, "volatility_20d": 0.392405, "volatility_60d": 0.315178, "drawdown": -0.488967, "max_drawdown_1y": -0.517468, "volume_ratio": 0.818945, "rsi_14": 47.624245, "macd": -3.322576, "macd_signal": -3.269965, "macd_histogram": -0.05261, "bb_width": 0.117376, "bb_position": 0.413267, "stoch_k": 61.564792, "stoch_d": 57.106764, "adx": 18.199239, "atr_14": 9.631394, "last_close": 272.19, "last_date": "2026-03-04"}