{"return_1d": -0.009984, "return_5d": 0.011298, "return_20d": -0.057454, "return_60d": -0.093964, "return_252d": -0.33007, "sma_20": 275.8775, "sma_50": 279.725686, "sma_200": 316.448776, "price_vs_sma20": -0.033085, "price_vs_sma50": -0.046387, "price_vs_sma200": -0.157052, "volatility_20d": 0.384021, "volatility_60d": 0.313234, "drawdown": -0.499181, "max_drawdown_1y": -0.517468, "volume_ratio": 0.834034, "rsi_14": 42.83805, "macd": -4.070289, "macd_signal": -3.152047, "macd_histogram": -0.918242, "bb_width": 0.122083, "bb_position": 0.219719, "stoch_k": 48.264059, "stoch_d": 49.729827, "adx": 17.599263, "atr_14": 9.152741, "last_close": 266.75, "last_date": "2026-03-02"}