{"return_1d": -0.009148, "return_5d": 0.003722, "return_20d": -0.058244, "return_60d": -0.08552, "return_252d": -0.377194, "sma_20": 274.127, "sma_50": 278.862516, "sma_200": 315.085209, "price_vs_sma20": -0.016149, "price_vs_sma50": -0.032857, "price_vs_sma200": -0.144041, "volatility_20d": 0.384995, "volatility_60d": 0.314948, "drawdown": -0.493642, "max_drawdown_1y": -0.517468, "volume_ratio": 0.773055, "rsi_14": 45.598345, "macd": -3.206544, "macd_signal": -3.257281, "macd_histogram": 0.050737, "bb_width": 0.112916, "bb_position": 0.35463, "stoch_k": 55.476773, "stoch_d": 59.511002, "adx": 17.89601, "atr_14": 9.558437, "last_close": 269.7, "last_date": "2026-03-05"}