{"return_1d": -0.023488, "return_5d": -0.00601, "return_20d": 0.076522, "return_60d": 0.134892, "return_252d": 0.249605, "sma_20": 71.6595, "sma_50": 69.7212, "sma_200": 66.888164, "price_vs_sma20": 0.038522, "price_vs_sma50": 0.067394, "price_vs_sma200": 0.112603, "volatility_20d": 0.26002, "volatility_60d": 0.21015, "drawdown": -0.081553, "max_drawdown_1y": -0.353381, "volume_ratio": 0.830219, "rsi_14": 61.154029, "macd": 1.707266, "macd_signal": 1.384285, "macd_histogram": 0.322981, "bb_width": 0.161387, "bb_position": 0.729842, "stoch_k": 77.91343, "stoch_d": 90.523728, "adx": 27.369862, "atr_14": 1.699123, "last_close": 74.42, "last_date": "2026-03-02"}