{"return_1d": 0.015789, "return_5d": 0.036365, "return_20d": 0.106138, "return_60d": 0.158377, "return_252d": 0.258901, "sma_20": 71.39625, "sma_50": 69.57604, "sma_200": 66.81998, "price_vs_sma20": 0.067773, "price_vs_sma50": 0.095708, "price_vs_sma200": 0.140901, "volatility_20d": 0.239486, "volatility_60d": 0.203711, "drawdown": -0.059154, "max_drawdown_1y": -0.353381, "volume_ratio": 0.384989, "rsi_14": 71.9602, "macd": 1.775737, "macd_signal": 1.303939, "macd_histogram": 0.471799, "bb_width": 0.156502, "bb_position": 0.905564, "stoch_k": 99.2276, "stoch_d": 96.925541, "adx": 27.025205, "atr_14": 1.672269, "last_close": 76.235, "last_date": "2026-02-27"}