{"return_1d": 0.015456, "return_5d": 0.036025, "return_20d": 0.105775, "return_60d": 0.157997, "return_252d": 0.258488, "sma_20": 71.395, "sma_50": 69.57554, "sma_200": 66.819854, "price_vs_sma20": 0.067442, "price_vs_sma50": 0.095356, "price_vs_sma200": 0.140529, "volatility_20d": 0.239293, "volatility_60d": 0.20362, "drawdown": -0.059462, "max_drawdown_1y": -0.353381, "volume_ratio": 1.057165, "rsi_14": 71.896322, "macd": 1.773743, "macd_signal": 1.30354, "macd_histogram": 0.470203, "bb_width": 0.156447, "bb_position": 0.903847, "stoch_k": 97.961264, "stoch_d": 96.503429, "adx": 27.067445, "atr_14": 1.679055, "last_close": 76.21, "last_date": "2026-02-27"}