{"return_1d": 0.004166, "return_5d": -0.005324, "return_20d": 0.100427, "return_60d": 0.145493, "return_252d": 0.242861, "sma_20": 72.0005, "sma_50": 69.8702, "sma_200": 66.965557, "price_vs_sma20": 0.037909, "price_vs_sma50": 0.069555, "price_vs_sma200": 0.115947, "volatility_20d": 0.247354, "volatility_60d": 0.209629, "drawdown": -0.077727, "max_drawdown_1y": -0.353381, "volume_ratio": 0.717696, "rsi_14": 62.207185, "macd": 1.660457, "macd_signal": 1.439519, "macd_histogram": 0.220938, "bb_width": 0.157587, "bb_position": 0.731776, "stoch_k": 79.487179, "stoch_d": 85.120624, "adx": 26.032193, "atr_14": 1.787042, "last_close": 74.73, "last_date": "2026-03-03"}