{"return_1d": 0.007895, "return_5d": 0.005339, "return_20d": 0.09892, "return_60d": 0.135771, "return_252d": 0.252673, "sma_20": 72.3395, "sma_50": 70.017, "sma_200": 67.037183, "price_vs_sma20": 0.041202, "price_vs_sma50": 0.075739, "price_vs_sma200": 0.123556, "volatility_20d": 0.247079, "volatility_60d": 0.207876, "drawdown": -0.070446, "max_drawdown_1y": -0.353381, "volume_ratio": 0.816022, "rsi_14": 64.196691, "macd": 1.651926, "macd_signal": 1.482001, "macd_histogram": 0.169925, "bb_width": 0.154878, "bb_position": 0.755499, "stoch_k": 82.915361, "stoch_d": 80.105323, "adx": 24.94425, "atr_14": 1.769396, "last_close": 75.32, "last_date": "2026-03-04"}