{"return_1d": -0.008882, "return_5d": -0.005316, "return_20d": 0.093947, "return_60d": 0.131079, "return_252d": 0.293856, "sma_20": 71.899885, "sma_50": 69.432738, "sma_200": 66.39944, "price_vs_sma20": 0.027401, "price_vs_sma50": 0.063907, "price_vs_sma200": 0.112509, "volatility_20d": 0.249813, "volatility_60d": 0.208636, "drawdown": -0.078703, "max_drawdown_1y": -0.353382, "volume_ratio": 0.774621, "rsi_14": 60.31915, "macd": 1.556591, "macd_signal": 1.484515, "macd_histogram": 0.072076, "bb_width": 0.149928, "bb_position": 0.677885, "stoch_k": 69.776528, "stoch_d": 77.393131, "adx": 23.770011, "atr_14": 1.735956, "last_close": 73.87, "last_date": "2026-03-05"}