{"return_1d": 0.003606, "return_5d": 0.002742, "return_20d": 0.016516, "return_60d": -0.008286, "return_252d": -0.125748, "sma_20": 255.4215, "sma_50": 255.181082, "sma_200": 261.688569, "price_vs_sma20": 0.002382, "price_vs_sma50": 0.003327, "price_vs_sma200": -0.021623, "volatility_20d": 0.244983, "volatility_60d": 0.21384, "drawdown": -0.178096, "max_drawdown_1y": -0.214299, "volume_ratio": 0.841463, "rsi_14": 50.627661, "macd": 0.984311, "macd_signal": 0.736645, "macd_histogram": 0.247665, "bb_width": 0.065976, "bb_position": 0.536024, "stoch_k": 38.578978, "stoch_d": 49.91192, "adx": 11.037403, "atr_14": 5.505991, "last_close": 256.03, "last_date": "2026-03-02"}