{"return_1d": -0.00207, "return_5d": -0.011223, "return_20d": 0.028335, "return_60d": -0.00672, "return_252d": -0.149007, "sma_20": 255.7735, "sma_50": 255.093634, "sma_200": 261.612171, "price_vs_sma20": -0.001069, "price_vs_sma50": 0.001593, "price_vs_sma200": -0.023363, "volatility_20d": 0.239314, "volatility_60d": 0.213751, "drawdown": -0.179798, "max_drawdown_1y": -0.214299, "volume_ratio": 0.608692, "rsi_14": 49.892612, "macd": 0.823693, "macd_signal": 0.754055, "macd_histogram": 0.069638, "bb_width": 0.06121, "bb_position": 0.482512, "stoch_k": 37.663074, "stoch_d": 36.472933, "adx": 11.190084, "atr_14": 5.662706, "last_close": 255.5, "last_date": "2026-03-03"}