{"return_1d": 0.008474, "return_5d": -0.017127, "return_20d": 0.022449, "return_60d": 0.021269, "return_252d": -0.128752, "sma_20": 256.481, "sma_50": 255.112472, "sma_200": 261.394004, "price_vs_sma20": 0.006858, "price_vs_sma50": 0.012259, "price_vs_sma200": -0.012066, "volatility_20d": 0.230161, "volatility_60d": 0.212949, "drawdown": -0.171002, "max_drawdown_1y": -0.214299, "volume_ratio": 0.74324, "rsi_14": 53.850285, "macd": 0.828356, "macd_signal": 0.765696, "macd_histogram": 0.06266, "bb_width": 0.051914, "bb_position": 0.631208, "stoch_k": 62.201592, "stoch_d": 48.654803, "adx": 10.951794, "atr_14": 5.50871, "last_close": 258.24, "last_date": "2026-03-05"}