{"return_1d": -0.031324, "return_5d": -3.9e-05, "return_20d": 0.018529, "return_60d": -0.012318, "return_252d": -0.124137, "sma_20": 255.1835, "sma_50": 255.107108, "sma_200": 261.769812, "price_vs_sma20": -0.002639, "price_vs_sma50": -0.002341, "price_vs_sma200": -0.027734, "volatility_20d": 0.249919, "volatility_60d": 0.215112, "drawdown": -0.182976, "max_drawdown_1y": -0.2143, "volume_ratio": 0.678797, "rsi_14": 48.70918, "macd": 1.073173, "macd_signal": 0.665156, "macd_histogram": 0.408016, "bb_width": 0.067463, "bb_position": 0.460774, "stoch_k": 29.653553, "stoch_d": 57.997521, "adx": 11.577939, "atr_14": 5.528045, "last_close": 254.51, "last_date": "2026-02-27"}