{"return_1d": -0.02904, "return_5d": 0.002318, "return_20d": 0.02093, "return_60d": -0.009989, "return_252d": -0.122072, "sma_20": 255.2135, "sma_50": 255.119108, "sma_200": 261.772812, "price_vs_sma20": -0.000406, "price_vs_sma50": -3.6e-05, "price_vs_sma200": -0.025453, "volatility_20d": 0.246099, "volatility_60d": 0.213743, "drawdown": -0.18105, "max_drawdown_1y": -0.2143, "volume_ratio": 1.527595, "rsi_14": 49.426701, "macd": 1.121036, "macd_signal": 0.674729, "macd_histogram": 0.446307, "bb_width": 0.067261, "bb_position": 0.493968, "stoch_k": 33.176747, "stoch_d": 59.171919, "adx": 11.575805, "atr_14": 5.528759, "last_close": 255.11, "last_date": "2026-02-27"}