{"return_1d": -0.000427, "return_5d": 0.002812, "return_20d": 0.056608, "return_60d": 0.102205, "return_252d": 0.27193, "sma_20": 373.9405, "sma_50": 346.8854, "sma_200": 353.1053, "price_vs_sma20": 0.001309, "price_vs_sma50": 0.079405, "price_vs_sma200": 0.060392, "volatility_20d": 0.366318, "volatility_60d": 0.318194, "drawdown": -0.054685, "max_drawdown_1y": -0.34461, "volume_ratio": 0.345849, "rsi_14": 55.861304, "macd": 7.374065, "macd_signal": 9.538678, "macd_histogram": -2.164613, "bb_width": 0.126819, "bb_position": 0.510309, "stoch_k": 30.0144, "stoch_d": 33.310884, "adx": 34.323045, "atr_14": 12.16738, "last_close": 374.43, "last_date": "2026-02-27"}