{"return_1d": 0.003937, "return_5d": 0.042397, "return_20d": 0.073929, "return_60d": 0.132959, "return_252d": 0.312791, "sma_20": 375.314, "sma_50": 347.8646, "sma_200": 353.350801, "price_vs_sma20": 0.005558, "price_vs_sma50": 0.084905, "price_vs_sma200": 0.06806, "volatility_20d": 0.363552, "volatility_60d": 0.315081, "drawdown": -0.047186, "max_drawdown_1y": -0.34461, "volume_ratio": 0.608242, "rsi_14": 57.616519, "macd": 7.185138, "macd_signal": 9.086987, "macd_histogram": -1.901849, "bb_width": 0.113394, "bb_position": 0.548744, "stoch_k": 36.124254, "stoch_d": 34.165933, "adx": 33.186034, "atr_14": 12.168741, "last_close": 377.4, "last_date": "2026-03-02"}