{"return_1d": 0.003551, "return_5d": 0.006803, "return_20d": 0.060812, "return_60d": 0.106591, "return_252d": 0.276991, "sma_20": 374.015, "sma_50": 346.9152, "sma_200": 353.11275, "price_vs_sma20": 0.005093, "price_vs_sma50": 0.083608, "price_vs_sma200": 0.064589, "volatility_20d": 0.366096, "volatility_60d": 0.318178, "drawdown": -0.050923, "max_drawdown_1y": -0.34461, "volume_ratio": 0.693736, "rsi_14": 56.739493, "macd": 7.492925, "macd_signal": 9.56245, "macd_histogram": -2.069525, "bb_width": 0.126396, "bb_position": 0.540093, "stoch_k": 33.079613, "stoch_d": 34.332622, "adx": 34.462604, "atr_14": 12.300951, "last_close": 375.92, "last_date": "2026-02-27"}