{"return_1d": 0.000931, "return_5d": -0.052858, "return_20d": -0.027973, "return_60d": 0.050732, "return_252d": 0.283469, "sma_20": 374.206, "sma_50": 350.1694, "sma_200": 353.764252, "price_vs_sma20": -0.051886, "price_vs_sma50": 0.013195, "price_vs_sma200": 0.0029, "volatility_20d": 0.414454, "volatility_60d": 0.337564, "drawdown": -0.104269, "max_drawdown_1y": -0.34461, "volume_ratio": 1.212168, "rsi_14": 43.247688, "macd": 1.961623, "macd_signal": 6.237124, "macd_histogram": -4.2755, "bb_width": 0.137833, "bb_position": 0.10296, "stoch_k": 17.606871, "stoch_d": 10.790967, "adx": 28.325392, "atr_14": 12.778503, "last_close": 354.79, "last_date": "2026-03-05"}