{"return_1d": 0.013052, "return_5d": 0.029706, "return_20d": 0.122716, "return_60d": 0.139808, "return_252d": 0.277389, "sma_20": 101.2529, "sma_50": 96.319488, "sma_200": 90.081, "price_vs_sma20": 0.057846, "price_vs_sma50": 0.112028, "price_vs_sma200": 0.189041, "volatility_20d": 0.177453, "volatility_60d": 0.181966, "drawdown": 0.0, "max_drawdown_1y": -0.101034, "volume_ratio": 1.007956, "rsi_14": 74.277091, "macd": 3.002044, "macd_signal": 2.62604, "macd_histogram": 0.376004, "bb_width": 0.150065, "bb_position": 0.864396, "stoch_k": 99.02439, "stoch_d": 94.126151, "adx": 39.138066, "atr_14": 2.040219, "last_close": 107.11, "last_date": "2026-02-27"}