{"return_1d": -0.00769, "return_5d": 0.005798, "return_20d": 0.115362, "return_60d": 0.130155, "return_252d": 0.245121, "sma_20": 102.36842, "sma_50": 96.899616, "sma_200": 90.352045, "price_vs_sma20": 0.03362, "price_vs_sma50": 0.091955, "price_vs_sma200": 0.171086, "volatility_20d": 0.182402, "volatility_60d": 0.177657, "drawdown": -0.012137, "max_drawdown_1y": -0.101035, "volume_ratio": 0.920198, "rsi_14": 67.267737, "macd": 2.891125, "macd_signal": 2.738198, "macd_histogram": 0.152928, "bb_width": 0.139175, "bb_position": 0.733706, "stoch_k": 76.259798, "stoch_d": 87.445327, "adx": 39.14156, "atr_14": 2.139628, "last_close": 105.81, "last_date": "2026-03-03"}