{"return_1d": -0.007395, "return_5d": -0.0225, "return_20d": 0.087713, "return_60d": 0.134429, "return_252d": 0.270623, "sma_20": 103.7435, "sma_50": 97.75504, "sma_200": 90.719889, "price_vs_sma20": 0.00922, "price_vs_sma50": 0.071045, "price_vs_sma200": 0.154102, "volatility_20d": 0.183306, "volatility_60d": 0.177196, "drawdown": -0.0225, "max_drawdown_1y": -0.101035, "volume_ratio": 0.690187, "rsi_14": 59.879546, "macd": 2.451947, "macd_signal": 2.681885, "macd_histogram": -0.229938, "bb_width": 0.107366, "bb_position": 0.585088, "stoch_k": 45.439189, "stoch_d": 62.642878, "adx": 35.171921, "atr_14": 2.106018, "last_close": 104.7, "last_date": "2026-03-06"}