{"return_1d": 0.004184, "return_5d": 0.02314, "return_20d": 0.094878, "return_60d": 0.127197, "return_252d": 0.273906, "sma_20": 80.1835, "sma_50": 76.6492, "sma_200": 72.620806, "price_vs_sma20": 0.047722, "price_vs_sma50": 0.096032, "price_vs_sma200": 0.156831, "volatility_20d": 0.203287, "volatility_60d": 0.151523, "drawdown": 0.0, "max_drawdown_1y": -0.080125, "volume_ratio": 0.796322, "rsi_14": 71.558149, "macd": 1.945912, "macd_signal": 1.686969, "macd_histogram": 0.258943, "bb_width": 0.117687, "bb_position": 0.887028, "stoch_k": 93.48711, "stoch_d": 94.006134, "adx": 40.051798, "atr_14": 1.51572, "last_close": 84.01, "last_date": "2026-03-02"}