{"return_1d": 0.004761, "return_5d": 0.023152, "return_20d": 0.111243, "return_60d": 0.136223, "return_252d": 0.273471, "sma_20": 80.606, "sma_50": 76.8656, "sma_200": 72.731604, "price_vs_sma20": 0.047193, "price_vs_sma50": 0.098151, "price_vs_sma200": 0.160568, "volatility_20d": 0.195786, "volatility_60d": 0.151222, "drawdown": 0.0, "max_drawdown_1y": -0.080125, "volume_ratio": 1.187118, "rsi_14": 72.669727, "macd": 2.008145, "macd_signal": 1.751205, "macd_histogram": 0.256941, "bb_width": 0.115418, "bb_position": 0.890457, "stoch_k": 87.669173, "stoch_d": 91.914637, "adx": 39.681652, "atr_14": 1.624597, "last_close": 84.41, "last_date": "2026-03-03"}