{"return_1d": 0.008073, "return_5d": 0.042362, "return_20d": 0.095456, "return_60d": 0.107786, "return_252d": 0.258685, "sma_20": 79.8195, "sma_50": 76.4346, "sma_200": 72.515408, "price_vs_sma20": 0.048115, "price_vs_sma50": 0.09453, "price_vs_sma200": 0.153686, "volatility_20d": 0.203281, "volatility_60d": 0.154592, "drawdown": 0.0, "max_drawdown_1y": -0.080125, "volume_ratio": 1.287916, "rsi_14": 70.586138, "macd": 1.878904, "macd_signal": 1.622234, "macd_histogram": 0.25667, "bb_width": 0.115556, "bb_position": 0.897264, "stoch_k": 94.587629, "stoch_d": 94.284812, "adx": 39.158318, "atr_14": 1.537698, "last_close": 83.66, "last_date": "2026-02-27"}