{"return_1d": -0.001066, "return_5d": 0.018357, "return_20d": 0.083805, "return_60d": 0.142393, "return_252d": 0.26095, "sma_20": 80.932, "sma_50": 77.0862, "sma_200": 72.833984, "price_vs_sma20": 0.041862, "price_vs_sma50": 0.09384, "price_vs_sma200": 0.157701, "volatility_20d": 0.183674, "volatility_60d": 0.150307, "drawdown": -0.001066, "max_drawdown_1y": -0.080125, "volume_ratio": 0.997433, "rsi_14": 71.988002, "macd": 2.026839, "macd_signal": 1.806331, "macd_histogram": 0.220507, "bb_width": 0.117374, "bb_position": 0.842326, "stoch_k": 86.27451, "stoch_d": 89.143598, "adx": 39.337946, "atr_14": 1.623554, "last_close": 84.32, "last_date": "2026-03-04"}