{"return_1d": -0.016841, "return_5d": -0.001084, "return_20d": 0.073417, "return_60d": 0.131277, "return_252d": 0.273044, "sma_20": 81.2155, "sma_50": 77.2948, "sma_200": 72.923288, "price_vs_sma20": 0.020741, "price_vs_sma50": 0.072517, "price_vs_sma200": 0.136811, "volatility_20d": 0.194318, "volatility_60d": 0.154154, "drawdown": -0.017889, "max_drawdown_1y": -0.080125, "volume_ratio": 1.05755, "rsi_14": 62.090778, "macd": 1.905111, "macd_signal": 1.826087, "macd_histogram": 0.079023, "bb_width": 0.113671, "bb_position": 0.678758, "stoch_k": 64.856712, "stoch_d": 79.600132, "adx": 38.391719, "atr_14": 1.625443, "last_close": 82.9, "last_date": "2026-03-05"}