{"return_1d": 0.009519, "return_5d": 0.043857, "return_20d": 0.097028, "return_60d": 0.109375, "return_252d": 0.26049, "sma_20": 79.8255, "sma_50": 76.437, "sma_200": 72.516008, "price_vs_sma20": 0.049539, "price_vs_sma50": 0.096066, "price_vs_sma200": 0.155331, "volatility_20d": 0.203668, "volatility_60d": 0.154873, "drawdown": 0.0, "max_drawdown_1y": -0.080125, "volume_ratio": 0.642427, "rsi_14": 70.902726, "macd": 1.888476, "macd_signal": 1.624148, "macd_histogram": 0.264328, "bb_width": 0.115851, "bb_position": 0.907428, "stoch_k": 96.134021, "stoch_d": 94.800276, "adx": 39.158318, "atr_14": 1.534041, "last_close": 83.78, "last_date": "2026-02-27"}