{"return_1d": -0.021794, "return_5d": 0.034951, "return_20d": 0.031821, "return_60d": 0.01548, "return_252d": 0.190729, "sma_20": 80.6685, "sma_50": 82.9746, "sma_200": 79.98725, "price_vs_sma20": 0.057166, "price_vs_sma50": 0.027784, "price_vs_sma200": 0.06617, "volatility_20d": 0.329976, "volatility_60d": 0.244746, "drawdown": -0.347414, "max_drawdown_1y": -0.486762, "volume_ratio": 1.026629, "rsi_14": 59.675223, "macd": 0.974316, "macd_signal": -0.060187, "macd_histogram": 1.034502, "bb_width": 0.160422, "bb_position": 0.837079, "stoch_k": 83.886256, "stoch_d": 92.958265, "adx": 26.845554, "atr_14": 2.302706, "last_close": 85.28, "last_date": "2026-03-03"}