{"return_1d": -0.000704, "return_5d": 0.021823, "return_20d": 0.038002, "return_60d": -0.006528, "return_252d": 0.193725, "sma_20": 80.8245, "sma_50": 82.983, "sma_200": 80.02895, "price_vs_sma20": 0.054383, "price_vs_sma50": 0.026957, "price_vs_sma200": 0.064865, "volatility_20d": 0.328633, "volatility_60d": 0.240783, "drawdown": -0.347873, "max_drawdown_1y": -0.486762, "volume_ratio": 0.806956, "rsi_14": 59.445257, "macd": 1.058418, "macd_signal": 0.163534, "macd_histogram": 0.894884, "bb_width": 0.166655, "bb_position": 0.809491, "stoch_k": 82.218459, "stoch_d": 88.332957, "adx": 26.278094, "atr_14": 2.251798, "last_close": 85.22, "last_date": "2026-03-04"}