{"return_1d": 0.007101, "return_5d": 0.084357, "return_20d": 0.061603, "return_60d": 0.014542, "return_252d": 0.202196, "sma_20": 80.248, "sma_50": 82.9294, "sma_200": 79.8864, "price_vs_sma20": 0.078033, "price_vs_sma50": 0.043176, "price_vs_sma200": 0.082913, "volatility_20d": 0.321373, "volatility_60d": 0.241073, "drawdown": -0.338001, "max_drawdown_1y": -0.486762, "volume_ratio": 0.575268, "rsi_14": 65.895284, "macd": 0.481212, "macd_signal": -0.609549, "macd_histogram": 1.090761, "bb_width": 0.135446, "bb_position": 1.034418, "stoch_k": 96.419854, "stoch_d": 96.37405, "adx": 26.725083, "atr_14": 2.241758, "last_close": 86.51, "last_date": "2026-02-27"}