{"return_1d": 0.006636, "return_5d": 0.083856, "return_20d": 0.061112, "return_60d": 0.014073, "return_252d": 0.20164, "sma_20": 80.246, "sma_50": 82.9286, "sma_200": 79.8862, "price_vs_sma20": 0.077561, "price_vs_sma50": 0.042704, "price_vs_sma200": 0.082415, "volatility_20d": 0.321302, "volatility_60d": 0.241019, "drawdown": -0.338307, "max_drawdown_1y": -0.486762, "volume_ratio": 1.152547, "rsi_14": 65.812118, "macd": 0.478021, "macd_signal": -0.610187, "macd_histogram": 1.088209, "bb_width": 0.135311, "bb_position": 1.03195, "stoch_k": 96.094386, "stoch_d": 96.26556, "adx": 26.725083, "atr_14": 2.254972, "last_close": 86.47, "last_date": "2026-02-27"}