{"return_1d": -0.031228, "return_5d": -0.054152, "return_20d": -0.043928, "return_60d": 0.01514, "return_252d": 0.171646, "sma_20": 43.7795, "sma_50": 43.354, "sma_200": 41.964994, "price_vs_sma20": -0.050469, "price_vs_sma50": -0.04115, "price_vs_sma200": -0.009412, "volatility_20d": 0.200037, "volatility_60d": 0.147482, "drawdown": -0.067101, "max_drawdown_1y": -0.154923, "volume_ratio": 2.799423, "rsi_14": 31.613272, "macd": -0.021012, "macd_signal": 0.2124, "macd_histogram": -0.233413, "bb_width": 0.065765, "bb_position": -0.308198, "stoch_k": 24.137931, "stoch_d": 34.135909, "adx": 17.084661, "atr_14": 0.667628, "last_close": 41.57, "last_date": "2026-03-03"}