{"return_1d": -0.021853, "return_5d": -0.075853, "return_20d": -0.047861, "return_60d": -0.005554, "return_252d": 0.130564, "sma_20": 43.6055, "sma_50": 43.3388, "sma_200": 41.979527, "price_vs_sma20": -0.055624, "price_vs_sma50": -0.049812, "price_vs_sma200": -0.019046, "volatility_20d": 0.218622, "volatility_60d": 0.155661, "drawdown": -0.075853, "max_drawdown_1y": -0.154923, "volume_ratio": 2.062314, "rsi_14": 32.317785, "macd": -0.299285, "macd_signal": 0.054197, "macd_histogram": -0.353482, "bb_width": 0.092053, "bb_position": -0.139849, "stoch_k": 14.53202, "stoch_d": 25.287356, "adx": 20.06049, "atr_14": 0.704945, "last_close": 41.18, "last_date": "2026-03-05"}