{"return_1d": -0.032251, "return_5d": -0.022551, "return_20d": -0.004639, "return_60d": 0.049401, "return_252d": 0.211767, "sma_20": 43.875, "sma_50": 43.3548, "sma_200": 41.955544, "price_vs_sma20": -0.021994, "price_vs_sma50": -0.01026, "price_vs_sma200": 0.022749, "volatility_20d": 0.171159, "volatility_60d": 0.132049, "drawdown": -0.037029, "max_drawdown_1y": -0.154923, "volume_ratio": 2.047557, "rsi_14": 40.926926, "macd": 0.180998, "macd_signal": 0.270753, "macd_histogram": -0.089755, "bb_width": 0.043564, "bb_position": -0.016233, "stoch_k": 6.451613, "stoch_d": 57.97399, "adx": 15.086675, "atr_14": 0.540523, "last_close": 42.91, "last_date": "2026-03-02"}