{"return_1d": 0.01275, "return_5d": -0.050733, "return_20d": -0.032406, "return_60d": 0.023335, "return_252d": 0.151777, "sma_20": 43.709, "sma_50": 43.3572, "sma_200": 41.974536, "price_vs_sma20": -0.036812, "price_vs_sma50": -0.028996, "price_vs_sma200": 0.002989, "volatility_20d": 0.206788, "volatility_60d": 0.149426, "drawdown": -0.055206, "max_drawdown_1y": -0.154923, "volume_ratio": 1.380666, "rsi_14": 37.656359, "macd": -0.136764, "macd_signal": 0.142567, "macd_histogram": -0.279332, "bb_width": 0.073569, "bb_position": -0.019493, "stoch_k": 37.192118, "stoch_d": 22.593887, "adx": 18.324463, "atr_14": 0.659941, "last_close": 42.1, "last_date": "2026-03-04"}