{"return_1d": -0.008742, "return_5d": -0.079387, "return_20d": -0.047152, "return_60d": -0.012579, "return_252d": 0.077053, "sma_20": 43.5045, "sma_50": 43.3084, "sma_200": 41.979226, "price_vs_sma20": -0.061706, "price_vs_sma50": -0.057458, "price_vs_sma200": -0.027614, "volatility_20d": 0.218318, "volatility_60d": 0.156647, "drawdown": -0.083932, "max_drawdown_1y": -0.154923, "volume_ratio": 2.113114, "rsi_14": 30.495874, "macd": -0.451923, "macd_signal": -0.047027, "macd_histogram": -0.404896, "bb_width": 0.109406, "bb_position": -0.101101, "stoch_k": 14.699332, "stoch_d": 22.141157, "adx": 22.04281, "atr_14": 0.727449, "last_close": 40.82, "last_date": "2026-03-06"}