{"return_1d": -0.004937, "return_5d": 0.000451, "return_20d": 0.020718, "return_60d": 0.094274, "return_252d": 0.227932, "sma_20": 43.885, "sma_50": 43.3372, "sma_200": 41.940625, "price_vs_sma20": 0.010368, "price_vs_sma50": 0.023139, "price_vs_sma200": 0.057209, "volatility_20d": 0.126405, "volatility_60d": 0.11372, "drawdown": -0.004937, "max_drawdown_1y": -0.154923, "volume_ratio": 0.872784, "rsi_14": 57.801689, "macd": 0.299768, "macd_signal": 0.293192, "macd_histogram": 0.006576, "bb_width": 0.040444, "bb_position": 0.753722, "stoch_k": 71.818182, "stoch_d": 84.564949, "adx": 15.066375, "atr_14": 0.462871, "last_close": 44.34, "last_date": "2026-02-27"}