{"return_1d": -0.009307, "return_5d": 0.004614, "return_20d": 0.045395, "return_60d": 0.084056, "return_252d": 0.234387, "sma_20": 46.8605, "sma_50": 45.9346, "sma_200": 43.793439, "price_vs_sma20": 0.022183, "price_vs_sma50": 0.042787, "price_vs_sma200": 0.093771, "volatility_20d": 0.126341, "volatility_60d": 0.110254, "drawdown": -0.009307, "max_drawdown_1y": -0.151595, "volume_ratio": 0.861941, "rsi_14": 64.133148, "macd": 0.631701, "macd_signal": 0.535455, "macd_histogram": 0.096247, "bb_width": 0.069126, "bb_position": 0.813939, "stoch_k": 74.34555, "stoch_d": 90.605268, "adx": 23.929942, "atr_14": 0.473599, "last_close": 47.9, "last_date": "2026-02-27"}