{"return_1d": -0.027157, "return_5d": -0.019372, "return_20d": 0.026902, "return_60d": 0.053246, "return_252d": 0.213807, "sma_20": 46.92, "sma_50": 45.9666, "sma_200": 43.821367, "price_vs_sma20": -0.00746, "price_vs_sma50": 0.013127, "price_vs_sma200": 0.062724, "volatility_20d": 0.159216, "volatility_60d": 0.125021, "drawdown": -0.036815, "max_drawdown_1y": -0.151595, "volume_ratio": 1.524876, "rsi_14": 48.256728, "macd": 0.514739, "macd_signal": 0.530929, "macd_histogram": -0.016189, "bb_width": 0.064777, "bb_position": 0.383977, "stoch_k": 8.542714, "stoch_d": 59.866948, "adx": 22.562881, "atr_14": 0.544771, "last_close": 46.57, "last_date": "2026-03-02"}