{"return_1d": 0.00355, "return_5d": -0.058101, "return_20d": -0.010068, "return_60d": 0.015852, "return_252d": 0.152007, "sma_20": 46.8665, "sma_50": 45.9842, "sma_200": 43.86444, "price_vs_sma20": -0.034918, "price_vs_sma50": -0.016401, "price_vs_sma200": 0.031131, "volatility_20d": 0.197552, "volatility_60d": 0.141524, "drawdown": -0.064529, "max_drawdown_1y": -0.151595, "volume_ratio": 1.657549, "rsi_14": 38.716886, "macd": 0.140133, "macd_signal": 0.415733, "macd_histogram": -0.275601, "bb_width": 0.075421, "bb_position": 0.020268, "stoch_k": 23.300971, "stoch_d": 17.087053, "adx": 24.35716, "atr_14": 0.643705, "last_close": 45.23, "last_date": "2026-03-04"}