{"return_1d": -0.03221, "return_5d": -0.053549, "return_20d": -0.013354, "return_60d": 0.011354, "return_252d": 0.171739, "sma_20": 46.8895, "sma_50": 45.9756, "sma_200": 43.843014, "price_vs_sma20": -0.038804, "price_vs_sma50": -0.019697, "price_vs_sma200": 0.027986, "volatility_20d": 0.197015, "volatility_60d": 0.141382, "drawdown": -0.067839, "max_drawdown_1y": -0.151595, "volume_ratio": 2.843057, "rsi_14": 37.08752, "macd": 0.299453, "macd_signal": 0.484634, "macd_histogram": -0.18518, "bb_width": 0.072215, "bb_position": -0.059034, "stoch_k": 19.417476, "stoch_d": 33.578353, "adx": 23.518105, "atr_14": 0.670144, "last_close": 45.07, "last_date": "2026-03-03"}