{"return_1d": -0.021169, "return_5d": -0.048755, "return_20d": -0.017216, "return_60d": 0.09054, "return_252d": 0.280911, "sma_20": 47.4745, "sma_50": 46.067, "sma_200": 41.901228, "price_vs_sma20": -0.026003, "price_vs_sma50": 0.003755, "price_vs_sma200": 0.103548, "volatility_20d": 0.206935, "volatility_60d": 0.149608, "drawdown": -0.050123, "max_drawdown_1y": -0.126347, "volume_ratio": 1.241887, "rsi_14": 43.234206, "macd": 0.383451, "macd_signal": 0.639294, "macd_histogram": -0.255843, "bb_width": 0.065054, "bb_position": 0.089606, "stoch_k": 11.551155, "stoch_d": 27.992135, "adx": 30.979324, "atr_14": 0.705738, "last_close": 46.24, "last_date": "2026-03-05"}