{"return_1d": -0.011504, "return_5d": 0.004803, "return_20d": 0.042461, "return_60d": 0.140419, "return_252d": 0.363861, "sma_20": 47.4655, "sma_50": 45.8544, "sma_200": 41.757381, "price_vs_sma20": 0.013789, "price_vs_sma50": 0.049409, "price_vs_sma200": 0.152371, "volatility_20d": 0.16383, "volatility_60d": 0.128332, "drawdown": -0.011504, "max_drawdown_1y": -0.126347, "volume_ratio": 1.433046, "rsi_14": 61.563597, "macd": 0.779371, "macd_signal": 0.773815, "macd_histogram": 0.005556, "bb_width": 0.062433, "bb_position": 0.717856, "stoch_k": 63.800905, "stoch_d": 82.810176, "adx": 34.833079, "atr_14": 0.544622, "last_close": 48.12, "last_date": "2026-03-02"}