{"return_1d": -0.028263, "return_5d": -0.025427, "return_20d": 0.004727, "return_60d": 0.096713, "return_252d": 0.313151, "sma_20": 47.4765, "sma_50": 45.9308, "sma_200": 41.80732, "price_vs_sma20": -0.015092, "price_vs_sma50": 0.018053, "price_vs_sma200": 0.118464, "volatility_20d": 0.194208, "volatility_60d": 0.141571, "drawdown": -0.039441, "max_drawdown_1y": -0.126347, "volume_ratio": 1.79058, "rsi_14": 46.881324, "macd": 0.626884, "macd_signal": 0.744428, "macd_histogram": -0.117545, "bb_width": 0.063212, "bb_position": 0.257594, "stoch_k": 28.239203, "stoch_d": 60.652025, "adx": 33.437038, "atr_14": 0.663578, "last_close": 46.76, "last_date": "2026-03-03"}