{"return_1d": 0.00144, "return_5d": 0.013322, "return_20d": 0.048234, "return_60d": 0.155842, "return_252d": 0.377858, "sma_20": 47.3675, "sma_50": 45.7466, "sma_200": 41.701459, "price_vs_sma20": 0.027709, "price_vs_sma50": 0.064123, "price_vs_sma200": 0.167345, "volatility_20d": 0.158864, "volatility_60d": 0.125108, "drawdown": 0.0, "max_drawdown_1y": -0.126347, "volume_ratio": 0.902002, "rsi_14": 69.938376, "macd": 0.824191, "macd_signal": 0.772426, "macd_histogram": 0.051766, "bb_width": 0.064611, "bb_position": 0.917292, "stoch_k": 89.915966, "stoch_d": 94.049118, "adx": 35.839061, "atr_14": 0.517285, "last_close": 48.68, "last_date": "2026-02-27"}