{"return_1d": -0.004758, "return_5d": -0.054643, "return_20d": 0.001741, "return_60d": 0.088878, "return_252d": 0.262378, "sma_20": 47.4785, "sma_50": 46.1116, "sma_200": 41.942275, "price_vs_sma20": -0.030719, "price_vs_sma50": -0.001986, "price_vs_sma200": 0.097222, "volatility_20d": 0.189468, "volatility_60d": 0.149845, "drawdown": -0.054643, "max_drawdown_1y": -0.126347, "volume_ratio": 0.837302, "rsi_14": 41.682124, "macd": 0.240007, "macd_signal": 0.559437, "macd_histogram": -0.319429, "bb_width": 0.064669, "bb_position": 0.009924, "stoch_k": 16.184971, "stoch_d": 23.974058, "adx": 30.707973, "atr_14": 0.711042, "last_close": 46.02, "last_date": "2026-03-06"}