{"return_1d": 0.018029, "return_5d": 0.039544, "return_20d": 0.118662, "return_60d": 0.087323, "return_252d": 0.157765, "sma_20": 46.40049, "sma_50": 44.921196, "sma_200": 44.252781, "price_vs_sma20": 0.070674, "price_vs_sma50": 0.105932, "price_vs_sma200": 0.122637, "volatility_20d": 0.297855, "volatility_60d": 0.211164, "drawdown": 0.0, "max_drawdown_1y": -0.102931, "volume_ratio": 0.525725, "rsi_14": 73.812755, "macd": 1.258687, "macd_signal": 0.967736, "macd_histogram": 0.290951, "bb_width": 0.168568, "bb_position": 0.891586, "stoch_k": 96.85415, "stoch_d": 94.634837, "adx": 34.405334, "atr_14": 0.991122, "last_close": 49.6798, "last_date": "2026-02-27"}