{"return_1d": 0.012098, "return_5d": 0.00632, "return_20d": 0.129884, "return_60d": 0.14892, "return_252d": 0.178893, "sma_20": 47.355615, "sma_50": 45.093718, "sma_200": 44.045888, "price_vs_sma20": 0.042326, "price_vs_sma50": 0.094609, "price_vs_sma200": 0.120649, "volatility_20d": 0.279755, "volatility_60d": 0.203895, "drawdown": 0.0, "max_drawdown_1y": -0.102931, "volume_ratio": 1.177311, "rsi_14": 69.884366, "macd": 1.263095, "macd_signal": 1.172095, "macd_histogram": 0.091, "bb_width": 0.149698, "bb_position": 0.771262, "stoch_k": 94.628169, "stoch_d": 87.983655, "adx": 32.889611, "atr_14": 1.010925, "last_close": 49.36, "last_date": "2026-03-06"}