{"return_1d": 0.005923, "return_5d": 0.019954, "return_20d": 0.128645, "return_60d": 0.131217, "return_252d": 0.144846, "sma_20": 46.786475, "sma_50": 44.86051, "sma_200": 43.986247, "price_vs_sma20": 0.052655, "price_vs_sma50": 0.097848, "price_vs_sma200": 0.119668, "volatility_20d": 0.283419, "volatility_60d": 0.203419, "drawdown": 0.0, "max_drawdown_1y": -0.102931, "volume_ratio": 1.167761, "rsi_14": 72.427605, "macd": 1.304595, "macd_signal": 1.12093, "macd_histogram": 0.183665, "bb_width": 0.170035, "bb_position": 0.794179, "stoch_k": 94.503257, "stoch_d": 92.923807, "adx": 34.906182, "atr_14": 0.984919, "last_close": 49.25, "last_date": "2026-03-04"}