{"return_1d": -0.004271, "return_5d": 0.016242, "return_20d": 0.124556, "return_60d": 0.108648, "return_252d": 0.147117, "sma_20": 46.505795, "sma_50": 44.753592, "sma_200": 43.951556, "price_vs_sma20": 0.052772, "price_vs_sma50": 0.09399, "price_vs_sma200": 0.113954, "volatility_20d": 0.283764, "volatility_60d": 0.205965, "drawdown": -0.004271, "max_drawdown_1y": -0.102931, "volume_ratio": 1.010327, "rsi_14": 71.051745, "macd": 1.289828, "macd_signal": 1.075013, "macd_histogram": 0.214815, "bb_width": 0.173251, "bb_position": 0.78933, "stoch_k": 89.921532, "stoch_d": 92.555415, "adx": 35.464279, "atr_14": 0.993759, "last_close": 48.96, "last_date": "2026-03-03"}