{"return_1d": 0.002446, "return_5d": 0.028859, "return_20d": 0.107437, "return_60d": 0.102022, "return_252d": 0.162824, "sma_20": 46.234655, "sma_50": 44.651284, "sma_200": 43.912566, "price_vs_sma20": 0.063488, "price_vs_sma50": 0.1012, "price_vs_sma200": 0.119725, "volatility_20d": 0.295905, "volatility_60d": 0.207073, "drawdown": 0.0, "max_drawdown_1y": -0.102931, "volume_ratio": 0.926952, "rsi_14": 73.518542, "macd": 1.281747, "macd_signal": 1.02131, "macd_histogram": 0.260437, "bb_width": 0.173772, "bb_position": 0.843542, "stoch_k": 94.346632, "stoch_d": 94.0562, "adx": 36.120201, "atr_14": 0.947125, "last_close": 49.17, "last_date": "2026-03-02"}