{"return_1d": 0.005282, "return_5d": 0.051463, "return_20d": -0.034872, "return_60d": -0.078406, "return_252d": 0.144741, "sma_20": 105.5015, "sma_50": 106.711, "sma_200": 106.61266, "price_vs_sma20": 0.028327, "price_vs_sma50": 0.016671, "price_vs_sma200": 0.017609, "volatility_20d": 0.444257, "volatility_60d": 0.375963, "drawdown": -0.117178, "max_drawdown_1y": -0.229048, "volume_ratio": 0.682403, "rsi_14": 54.62193, "macd": -0.229766, "macd_signal": -0.801532, "macd_histogram": 0.571766, "bb_width": 0.107187, "bb_position": 0.756994, "stoch_k": 77.880184, "stoch_d": 72.893272, "adx": 14.413496, "atr_14": 4.047064, "last_close": 108.49, "last_date": "2026-03-02"}