{"return_1d": 0.012962, "return_5d": 0.009055, "return_20d": -0.017745, "return_60d": -0.127035, "return_252d": 0.098643, "sma_20": 104.754125, "sma_50": 106.034066, "sma_200": 105.969376, "price_vs_sma20": 0.018289, "price_vs_sma50": 0.005997, "price_vs_sma200": 0.006612, "volatility_20d": 0.413044, "volatility_60d": 0.36671, "drawdown": -0.127248, "max_drawdown_1y": -0.229049, "volume_ratio": 0.762051, "rsi_14": 51.971496, "macd": 0.029119, "macd_signal": -0.417998, "macd_histogram": 0.447117, "bb_width": 0.103205, "bb_position": 0.674029, "stoch_k": 68.375125, "stoch_d": 66.749554, "adx": 14.323343, "atr_14": 3.851855, "last_close": 106.67, "last_date": "2026-03-05"}