{"return_1d": 0.001594, "return_5d": -0.004602, "return_20d": -0.017798, "return_60d": -0.097813, "return_252d": 0.090217, "sma_20": 104.657325, "sma_50": 106.02578, "sma_200": 105.950503, "price_vs_sma20": 0.020855, "price_vs_sma50": 0.007679, "price_vs_sma200": 0.008395, "volatility_20d": 0.41304, "volatility_60d": 0.361803, "drawdown": -0.125857, "max_drawdown_1y": -0.229049, "volume_ratio": 0.628256, "rsi_14": 52.312195, "macd": 0.115185, "macd_signal": -0.311361, "macd_histogram": 0.426547, "bb_width": 0.098872, "bb_position": 0.706625, "stoch_k": 69.687937, "stoch_d": 65.299025, "adx": 14.582075, "atr_14": 3.768151, "last_close": 106.84, "last_date": "2026-03-06"}