{"return_1d": 0.015335, "return_5d": -0.001296, "return_20d": -0.018016, "return_60d": -0.112354, "return_252d": 0.08681, "sma_20": 105.6975, "sma_50": 106.6728, "sma_200": 106.621628, "price_vs_sma20": 0.021027, "price_vs_sma50": 0.011692, "price_vs_sma200": 0.012177, "volatility_20d": 0.45206, "volatility_60d": 0.380912, "drawdown": -0.121816, "max_drawdown_1y": -0.229048, "volume_ratio": 1.03199, "rsi_14": 53.660763, "macd": -0.515935, "macd_signal": -0.944473, "macd_histogram": 0.428538, "bb_width": 0.119259, "bb_position": 0.672682, "stoch_k": 83.80035, "stoch_d": 65.358671, "adx": 14.056351, "atr_14": 3.99453, "last_close": 107.92, "last_date": "2026-02-27"}