{"return_1d": -0.019539, "return_5d": -0.001603, "return_20d": -0.024147, "return_60d": -0.132771, "return_252d": 0.110499, "sma_20": 105.423, "sma_50": 106.6428, "sma_200": 106.570485, "price_vs_sma20": 0.004335, "price_vs_sma50": -0.007153, "price_vs_sma200": -0.006479, "volatility_20d": 0.410832, "volatility_60d": 0.365801, "drawdown": -0.138416, "max_drawdown_1y": -0.229048, "volume_ratio": 0.892157, "rsi_14": 49.269183, "macd": -0.064195, "macd_signal": -0.532671, "macd_histogram": 0.468477, "bb_width": 0.108243, "bb_position": 0.539875, "stoch_k": 57.834101, "stoch_d": 69.918075, "adx": 14.398002, "atr_14": 4.001039, "last_close": 105.88, "last_date": "2026-03-04"}