{"return_1d": 0.016549, "return_5d": 0.06634, "return_20d": -0.094833, "return_60d": -0.000338, "return_252d": 0.276786, "sma_20": 152.3875, "sma_50": 155.2484, "sma_200": 130.765818, "price_vs_sma20": -0.028529, "price_vs_sma50": -0.046431, "price_vs_sma200": 0.1321, "volatility_20d": 0.624383, "volatility_60d": 0.387969, "drawdown": -0.103005, "max_drawdown_1y": -0.214012, "volume_ratio": 0.780756, "rsi_14": 45.764815, "macd": -3.379588, "macd_signal": -2.768782, "macd_histogram": -0.610805, "bb_width": 0.238239, "bb_position": 0.376733, "stoch_k": 52.609068, "stoch_d": 46.917366, "adx": 41.256891, "atr_14": 5.554247, "last_close": 148.04, "last_date": "2026-03-03"}