{"return_1d": -0.008038, "return_5d": 0.035103, "return_20d": -0.094748, "return_60d": -0.024252, "return_252d": 0.253809, "sma_20": 151.619, "sma_50": 155.171, "sma_200": 130.93199, "price_vs_sma20": -0.031454, "price_vs_sma50": -0.053625, "price_vs_sma200": 0.121575, "volatility_20d": 0.624376, "volatility_60d": 0.386892, "drawdown": -0.110216, "max_drawdown_1y": -0.214012, "volume_ratio": 0.505321, "rsi_14": 44.481303, "macd": -3.223608, "macd_signal": -2.859748, "macd_histogram": -0.36386, "bb_width": 0.234082, "bb_position": 0.361265, "stoch_k": 50.526932, "stoch_d": 49.624366, "adx": 40.772784, "atr_14": 5.38323, "last_close": 146.85, "last_date": "2026-03-04"}