{"return_1d": 0.000954, "return_5d": 0.012618, "return_20d": -0.103309, "return_60d": -0.008038, "return_252d": 0.258779, "sma_20": 149.863, "sma_50": 154.9248, "sma_200": 131.231771, "price_vs_sma20": -0.020038, "price_vs_sma50": -0.052056, "price_vs_sma200": 0.119089, "volatility_20d": 0.62002, "volatility_60d": 0.38384, "drawdown": -0.110155, "max_drawdown_1y": -0.214012, "volume_ratio": 0.889088, "rsi_14": 44.546522, "macd": -2.912422, "macd_signal": -2.904729, "macd_histogram": -0.007693, "bb_width": 0.205383, "bb_position": 0.400439, "stoch_k": 53.809972, "stoch_d": 52.496121, "adx": 40.365489, "atr_14": 5.057836, "last_close": 146.86, "last_date": "2026-03-06"}