{"return_1d": -0.000885, "return_5d": 0.01382, "return_20d": -0.110357, "return_60d": -0.031359, "return_252d": 0.257154, "sma_20": 150.709, "sma_50": 155.048, "sma_200": 131.081061, "price_vs_sma20": -0.026468, "price_vs_sma50": -0.053712, "price_vs_sma200": 0.119307, "volatility_20d": 0.619702, "volatility_60d": 0.386654, "drawdown": -0.111003, "max_drawdown_1y": -0.214012, "volume_ratio": 0.689906, "rsi_14": 44.335019, "macd": -3.075036, "macd_signal": -2.902805, "macd_histogram": -0.172231, "bb_width": 0.220439, "bb_position": 0.376665, "stoch_k": 53.151458, "stoch_d": 52.095819, "adx": 40.48081, "atr_14": 5.172285, "last_close": 146.72, "last_date": "2026-03-05"}