{"return_1d": -0.006608, "return_5d": 0.063937, "return_20d": -0.206328, "return_60d": -0.16397, "return_252d": 0.093703, "sma_20": 223.217, "sma_50": 260.1832, "sma_200": 219.868863, "price_vs_sma20": -0.030137, "price_vs_sma50": -0.167932, "price_vs_sma200": -0.015368, "volatility_20d": 0.81123, "volatility_60d": 0.539428, "drawdown": -0.281504, "max_drawdown_1y": -0.374365, "volume_ratio": 0.566757, "rsi_14": 42.893817, "macd": -16.006463, "macd_signal": -17.179255, "macd_histogram": 1.172793, "bb_width": 0.413421, "bb_position": 0.424839, "stoch_k": 49.171271, "stoch_d": 43.220205, "adx": 38.122444, "atr_14": 12.716541, "last_close": 216.49, "last_date": "2026-02-27"}