{"return_1d": -0.010279, "return_5d": 0.060006, "return_20d": -0.209261, "return_60d": -0.167059, "return_252d": 0.089662, "sma_20": 223.177, "sma_50": 260.1672, "sma_200": 219.864863, "price_vs_sma20": -0.033547, "price_vs_sma50": -0.170956, "price_vs_sma200": -0.018988, "volatility_20d": 0.81112, "volatility_60d": 0.539603, "drawdown": -0.284159, "max_drawdown_1y": -0.374365, "volume_ratio": 0.945156, "rsi_14": 42.571273, "macd": -16.07028, "macd_signal": -17.192019, "macd_histogram": 1.121738, "bb_width": 0.41519, "bb_position": 0.416395, "stoch_k": 47.908445, "stoch_d": 42.799263, "adx": 38.122444, "atr_14": 12.738684, "last_close": 215.69, "last_date": "2026-02-27"}