{"return_1d": -0.007633, "return_5d": 0.15982, "return_20d": 0.081546, "return_60d": -0.053888, "return_252d": 0.320387, "sma_20": 218.134125, "sma_50": 254.023848, "sma_200": 220.987268, "price_vs_sma20": 0.144342, "price_vs_sma50": -0.017336, "price_vs_sma200": 0.129567, "volatility_20d": 0.768516, "volatility_60d": 0.611278, "drawdown": -0.169754, "max_drawdown_1y": -0.374365, "volume_ratio": 0.878328, "rsi_14": 59.207815, "macd": -5.158394, "macd_signal": -12.093299, "macd_histogram": 6.934905, "bb_width": 0.28533, "bb_position": 0.942067, "stoch_k": 96.121335, "stoch_d": 84.344189, "adx": 32.346693, "atr_14": 13.782246, "last_close": 249.62, "last_date": "2026-03-06"}