{"return_1d": 0.00891, "return_5d": 0.085908, "return_20d": -0.222395, "return_60d": -0.180169, "return_252d": 0.095558, "sma_20": 217.5205, "sma_50": 257.378, "sma_200": 220.323845, "price_vs_sma20": -0.010944, "price_vs_sma50": -0.164109, "price_vs_sma200": -0.023528, "volatility_20d": 0.786019, "volatility_60d": 0.538676, "drawdown": -0.285985, "max_drawdown_1y": -0.374365, "volume_ratio": 0.50945, "rsi_14": 42.699155, "macd": -13.644219, "macd_signal": -16.114153, "macd_histogram": 2.469934, "bb_width": 0.292519, "bb_position": 0.462174, "stoch_k": 47.444674, "stoch_d": 46.46472, "adx": 36.364687, "atr_14": 12.701416, "last_close": 215.14, "last_date": "2026-03-03"}