{"return_1d": -0.011359, "return_5d": 0.131187, "return_20d": -0.194835, "return_60d": -0.191354, "return_252d": 0.110624, "sma_20": 220.597, "sma_50": 258.7316, "sma_200": 220.089231, "price_vs_sma20": -0.03335, "price_vs_sma50": -0.175825, "price_vs_sma200": -0.03112, "volatility_20d": 0.808135, "volatility_60d": 0.538145, "drawdown": -0.29229, "max_drawdown_1y": -0.374365, "volume_ratio": 0.773774, "rsi_14": 41.541048, "macd": -14.890109, "macd_signal": -16.731637, "macd_histogram": 1.841528, "bb_width": 0.381081, "bb_position": 0.409465, "stoch_k": 44.041042, "stoch_d": 47.797948, "adx": 37.323627, "atr_14": 12.733064, "last_close": 213.24, "last_date": "2026-03-02"}