{"return_1d": 0.030631, "return_5d": 0.088299, "return_20d": -0.054295, "return_60d": -0.141845, "return_252d": 0.155141, "sma_20": 216.884, "sma_50": 256.1008, "sma_200": 220.606369, "price_vs_sma20": 0.022344, "price_vs_sma50": -0.134208, "price_vs_sma200": 0.005093, "volatility_20d": 0.595053, "volatility_60d": 0.542295, "drawdown": -0.264113, "max_drawdown_1y": -0.374365, "volume_ratio": 0.629007, "rsi_14": 46.64711, "macd": -11.986906, "macd_signal": -15.288704, "macd_histogram": 3.301798, "bb_width": 0.275761, "bb_position": 0.579255, "stoch_k": 57.936634, "stoch_d": 49.80745, "adx": 34.692177, "atr_14": 12.489887, "last_close": 221.73, "last_date": "2026-03-04"}