{"return_1d": 0.019813, "return_5d": 0.024793, "return_20d": 0.071485, "return_60d": -0.179264, "return_252d": -0.259204, "sma_20": 2579.0, "sma_50": 2928.368684, "sma_200": 3493.76038, "price_vs_sma20": 0.057774, "price_vs_sma50": -0.068423, "price_vs_sma200": -0.219179, "volatility_20d": 0.441233, "volatility_60d": 0.36349, "drawdown": -0.33265, "max_drawdown_1y": -0.419005, "volume_ratio": 0.031516, "rsi_14": 51.216392, "macd": -39.584569, "macd_signal": -87.664046, "macd_histogram": 48.079477, "bb_width": 0.16661, "bb_position": 0.827824, "stoch_k": 77.434679, "stoch_d": 75.173262, "adx": 31.048468, "atr_14": 96.334221, "last_close": 2728.0, "last_date": "2026-03-04"}