{"return_1d": 0.018875, "return_5d": 0.007538, "return_20d": 0.123249, "return_60d": -0.134403, "return_252d": -0.218876, "sma_20": 2598.95, "sma_50": 2903.37493, "sma_200": 3483.375262, "price_vs_sma20": 0.080052, "price_vs_sma50": -0.033194, "price_vs_sma200": -0.194172, "volatility_20d": 0.396353, "volatility_60d": 0.367116, "drawdown": -0.313325, "max_drawdown_1y": -0.419005, "volume_ratio": 0.035956, "rsi_14": 56.285066, "macd": -18.97664, "macd_signal": -65.470151, "macd_histogram": 46.493511, "bb_width": 0.178581, "bb_position": 0.915041, "stoch_k": 95.530726, "stoch_d": 81.252405, "adx": 27.270179, "atr_14": 95.171563, "last_close": 2807.0, "last_date": "2026-03-06"}