{"return_1d": -0.0022, "return_5d": 0.062476, "return_20d": 0.064971, "return_60d": -0.179148, "return_252d": -0.271392, "sma_20": 2572.2, "sma_50": 2942.525554, "sma_200": 3499.752889, "price_vs_sma20": 0.057849, "price_vs_sma50": -0.075284, "price_vs_sma200": -0.222517, "volatility_20d": 0.430714, "volatility_60d": 0.359084, "drawdown": -0.334363, "max_drawdown_1y": -0.419005, "volume_ratio": 0.037725, "rsi_14": 50.65102, "macd": -45.565258, "macd_signal": -98.950012, "macd_histogram": 53.384753, "bb_width": 0.163413, "bb_position": 0.834648, "stoch_k": 78.297872, "stoch_d": 83.333333, "adx": 32.407213, "atr_14": 94.167623, "last_close": 2721.0, "last_date": "2026-03-03"}