{"return_1d": 0.00149, "return_5d": -0.032037, "return_20d": 0.025944, "return_60d": -0.178893, "return_252d": -0.256471, "sma_20": 2580.25, "sma_50": 2913.7318, "sma_200": 3487.947829, "price_vs_sma20": 0.042147, "price_vs_sma50": -0.077129, "price_vs_sma200": -0.22906, "volatility_20d": 0.425872, "volatility_60d": 0.35999, "drawdown": -0.342191, "max_drawdown_1y": -0.419005, "volume_ratio": 0.025326, "rsi_14": 48.735173, "macd": -37.33226, "macd_signal": -78.14652, "macd_histogram": 40.814261, "bb_width": 0.16881, "bb_position": 0.739574, "stoch_k": 62.569832, "stoch_d": 66.100458, "adx": 29.342858, "atr_14": 92.585859, "last_close": 2689.0, "last_date": "2026-03-05"}