{"return_1d": 0.00288, "return_5d": 0.074846, "return_20d": 0.010152, "return_60d": -0.15776, "return_252d": -0.259735, "sma_20": 2564.55, "sma_50": 2969.1593, "sma_200": 3511.837833, "price_vs_sma20": 0.08635, "price_vs_sma50": -0.061687, "price_vs_sma200": -0.206683, "volatility_20d": 0.493491, "volatility_60d": 0.358027, "drawdown": -0.318462, "max_drawdown_1y": -0.419005, "volume_ratio": 1.335121, "rsi_14": 55.067944, "macd": -67.847001, "macd_signal": -126.51039, "macd_histogram": 58.663389, "bb_width": 0.153402, "bb_position": 1.01816, "stoch_k": 92.12766, "stoch_d": 95.693688, "adx": 37.296654, "atr_14": 100.383752, "last_close": 2786.0, "last_date": "2026-02-27"}