{"return_1d": -0.015075, "return_5d": 0.087163, "return_20d": 0.00146, "return_60d": -0.164649, "return_252d": -0.270701, "sma_20": 2564.75, "sma_50": 2956.60241, "sma_200": 3505.855366, "price_vs_sma20": 0.06989, "price_vs_sma50": -0.071908, "price_vs_sma200": -0.217309, "volatility_20d": 0.496139, "volatility_60d": 0.358834, "drawdown": -0.328736, "max_drawdown_1y": -0.419005, "volume_ratio": 0.030013, "rsi_14": 52.150177, "macd": -54.083314, "macd_signal": -112.024975, "macd_histogram": 57.941661, "bb_width": 0.156233, "bb_position": 0.918121, "stoch_k": 83.191489, "stoch_d": 90.932071, "adx": 34.75009, "atr_14": 97.999198, "last_close": 2744.0, "last_date": "2026-03-02"}