{"return_1d": -0.018932, "return_5d": 0.000534, "return_20d": 0.107692, "return_60d": 0.146295, "return_252d": 0.027191, "sma_20": 145.663, "sma_50": 140.4362, "sma_200": 139.813729, "price_vs_sma20": 0.028127, "price_vs_sma50": 0.066392, "price_vs_sma200": 0.071139, "volatility_20d": 0.278958, "volatility_60d": 0.246186, "drawdown": -0.221242, "max_drawdown_1y": -0.363681, "volume_ratio": 0.589818, "rsi_14": 58.337603, "macd": 3.017838, "macd_signal": 2.75626, "macd_histogram": 0.261578, "bb_width": 0.120543, "bb_position": 0.72695, "stoch_k": 64.990329, "stoch_d": 74.695596, "adx": 27.070421, "atr_14": 3.851199, "last_close": 149.76, "last_date": "2026-03-03"}