{"return_1d": -0.019021, "return_5d": -0.000948, "return_20d": 0.040858, "return_60d": 0.15235, "return_252d": 0.006019, "sma_20": 146.5645, "sma_50": 141.1742, "sma_200": 139.851641, "price_vs_sma20": 0.006383, "price_vs_sma50": 0.044808, "price_vs_sma200": 0.054689, "volatility_20d": 0.271734, "volatility_60d": 0.247397, "drawdown": -0.232994, "max_drawdown_1y": -0.363681, "volume_ratio": 0.615853, "rsi_14": 53.361134, "macd": 2.637903, "macd_signal": 2.763841, "macd_histogram": -0.125939, "bb_width": 0.112473, "bb_position": 0.55639, "stoch_k": 47.472678, "stoch_d": 59.823734, "adx": 26.976703, "atr_14": 3.820064, "last_close": 147.5, "last_date": "2026-03-05"}