{"return_1d": 0.010726, "return_5d": 0.014893, "return_20d": 0.1064, "return_60d": 0.165947, "return_252d": 0.040941, "sma_20": 144.935, "sma_50": 140.0786, "sma_200": 139.769553, "price_vs_sma20": 0.053231, "price_vs_sma50": 0.089745, "price_vs_sma200": 0.092155, "volatility_20d": 0.280302, "volatility_60d": 0.242346, "drawdown": -0.206214, "max_drawdown_1y": -0.363681, "volume_ratio": 0.832034, "rsi_14": 64.670866, "macd": 3.119589, "macd_signal": 2.690865, "macd_histogram": 0.428724, "bb_width": 0.12963, "bb_position": 0.889884, "stoch_k": 84.493284, "stoch_d": 71.223088, "adx": 26.966483, "atr_14": 3.725906, "last_close": 152.65, "last_date": "2026-03-02"}