{"return_1d": -0.005966, "return_5d": -0.029199, "return_20d": 0.058323, "return_60d": 0.154565, "return_252d": -0.023346, "sma_20": 146.9685, "sma_50": 141.4914, "sma_200": 139.847353, "price_vs_sma20": -0.002371, "price_vs_sma50": 0.036247, "price_vs_sma200": 0.048429, "volatility_20d": 0.257999, "volatility_60d": 0.247086, "drawdown": -0.23757, "max_drawdown_1y": -0.363681, "volume_ratio": 0.785943, "rsi_14": 51.66474, "macd": 2.291875, "macd_signal": 2.669448, "macd_histogram": -0.377573, "bb_width": 0.101414, "bb_position": 0.476562, "stoch_k": 27.740304, "stoch_d": 47.407059, "adx": 26.03628, "atr_14": 3.753631, "last_close": 146.62, "last_date": "2026-03-06"}