{"return_1d": 0.022961, "return_5d": -0.01126, "return_20d": 0.087564, "return_60d": 0.158644, "return_252d": 0.026816, "sma_20": 144.201, "sma_50": 139.6396, "sma_200": 139.716775, "price_vs_sma20": 0.047358, "price_vs_sma50": 0.08157, "price_vs_sma200": 0.080973, "volatility_20d": 0.282461, "volatility_60d": 0.241794, "drawdown": -0.214638, "max_drawdown_1y": -0.363681, "volume_ratio": 1.188245, "rsi_14": 62.554912, "macd": 2.90983, "macd_signal": 2.583685, "macd_histogram": 0.326145, "bb_width": 0.128071, "bb_position": 0.853056, "stoch_k": 74.603175, "stoch_d": 60.535313, "adx": 25.915668, "atr_14": 3.689438, "last_close": 151.03, "last_date": "2026-02-27"}