{"return_1d": -0.02097, "return_5d": -0.073849, "return_20d": -0.04366, "return_60d": 0.019455, "return_252d": 0.229414, "sma_20": 67.516, "sma_50": 66.4676, "sma_200": 61.652549, "price_vs_sma20": -0.052669, "price_vs_sma50": -0.037727, "price_vs_sma200": 0.037427, "volatility_20d": 0.216853, "volatility_60d": 0.155303, "drawdown": -0.076123, "max_drawdown_1y": -0.150223, "volume_ratio": 1.36791, "rsi_14": 34.059962, "macd": -0.230341, "macd_signal": 0.342264, "macd_histogram": -0.572605, "bb_width": 0.089324, "bb_position": -0.122419, "stoch_k": 14.106583, "stoch_d": 24.242424, "adx": 25.399803, "atr_14": 1.101428, "last_close": 63.96, "last_date": "2026-03-05"}