{"return_1d": -0.006444, "return_5d": -0.000946, "return_20d": 0.020905, "return_60d": 0.106933, "return_252d": 0.327304, "sma_20": 67.88025, "sma_50": 66.3325, "sma_200": 61.470392, "price_vs_sma20": 0.010824, "price_vs_sma50": 0.03441, "price_vs_sma200": 0.116228, "volatility_20d": 0.133856, "volatility_60d": 0.115592, "drawdown": -0.008883, "max_drawdown_1y": -0.150223, "volume_ratio": 0.924659, "rsi_14": 59.290256, "macd": 0.732656, "macd_signal": 0.727128, "macd_histogram": 0.005528, "bb_width": 0.046603, "bb_position": 0.729779, "stoch_k": 66.188525, "stoch_d": 81.962324, "adx": 23.735159, "atr_14": 0.748018, "last_close": 68.615, "last_date": "2026-02-27"}