{"return_1d": -0.00695, "return_5d": -0.001456, "return_20d": 0.020384, "return_60d": 0.106368, "return_252d": 0.326627, "sma_20": 67.8785, "sma_50": 66.3318, "sma_200": 61.470217, "price_vs_sma20": 0.010335, "price_vs_sma50": 0.033893, "price_vs_sma200": 0.115662, "volatility_20d": 0.134244, "volatility_60d": 0.11575, "drawdown": -0.009389, "max_drawdown_1y": -0.150223, "volume_ratio": 1.110153, "rsi_14": 58.950141, "macd": 0.729864, "macd_signal": 0.72657, "macd_histogram": 0.003294, "bb_width": 0.046535, "bb_position": 0.719813, "stoch_k": 64.754098, "stoch_d": 81.484182, "adx": 23.726721, "atr_14": 0.748446, "last_close": 68.58, "last_date": "2026-02-27"}