{"return_1d": -0.034127, "return_5d": -0.058506, "return_20d": -0.040731, "return_60d": 0.027891, "return_252d": 0.269728, "sma_20": 67.749, "sma_50": 66.4266, "sma_200": 61.568691, "price_vs_sma20": -0.047514, "price_vs_sma50": -0.028552, "price_vs_sma200": 0.048098, "volatility_20d": 0.198821, "volatility_60d": 0.146819, "drawdown": -0.06789, "max_drawdown_1y": -0.150223, "volume_ratio": 3.036263, "rsi_14": 33.766767, "macd": 0.22651, "macd_signal": 0.59881, "macd_histogram": -0.3723, "bb_width": 0.066321, "bb_position": -0.252159, "stoch_k": 23.040752, "stoch_d": 32.472281, "adx": 23.765182, "atr_14": 1.04917, "last_close": 64.53, "last_date": "2026-03-03"}