{"return_1d": -0.025809, "return_5d": -0.023674, "return_20d": 0.00225, "return_60d": 0.071478, "return_252d": 0.316098, "sma_20": 67.886, "sma_50": 66.3962, "sma_200": 61.524839, "price_vs_sma20": -0.01585, "price_vs_sma50": 0.006232, "price_vs_sma200": 0.085903, "volatility_20d": 0.162018, "volatility_60d": 0.128398, "drawdown": -0.034956, "max_drawdown_1y": -0.150223, "volume_ratio": 1.294579, "rsi_14": 44.917312, "macd": 0.553147, "macd_signal": 0.691885, "macd_histogram": -0.138738, "bb_width": 0.047117, "bb_position": 0.158186, "stoch_k": 9.621993, "stoch_d": 53.398996, "adx": 22.551974, "atr_14": 0.841414, "last_close": 66.81, "last_date": "2026-03-02"}