{"return_1d": -0.015397, "return_5d": -0.137686, "return_20d": -0.10484, "return_60d": -0.065327, "return_252d": 0.323746, "sma_20": 13.606135, "sma_50": 13.559938, "sma_200": 12.056558, "price_vs_sma20": -0.10702, "price_vs_sma50": -0.103978, "price_vs_sma200": 0.00775, "volatility_20d": 0.386477, "volatility_60d": 0.305566, "drawdown": -0.360641, "max_drawdown_1y": -0.565057, "volume_ratio": 0.77756, "rsi_14": 31.048843, "macd": -0.250935, "macd_signal": -0.029797, "macd_histogram": -0.221138, "bb_width": 0.208983, "bb_position": -0.073475, "stoch_k": 4.33213, "stoch_d": 4.790152, "adx": 22.515025, "atr_14": 0.427272, "last_close": 12.15, "last_date": "2026-03-06"}