{"return_1d": -0.03669, "return_5d": -0.14365, "return_20d": -0.097419, "return_60d": -0.042698, "return_252d": 0.422577, "sma_20": 13.677285, "sma_50": 13.583254, "sma_200": 12.047677, "price_vs_sma20": -0.097774, "price_vs_sma50": -0.091528, "price_vs_sma200": 0.024264, "volatility_20d": 0.384713, "volatility_60d": 0.304653, "drawdown": -0.350643, "max_drawdown_1y": -0.565057, "volume_ratio": 0.921754, "rsi_14": 32.710433, "macd": -0.163064, "macd_signal": 0.025487, "macd_histogram": -0.188551, "bb_width": 0.175139, "bb_position": -0.118764, "stoch_k": 3.90625, "stoch_d": 3.660574, "adx": 20.943385, "atr_14": 0.436293, "last_close": 12.34, "last_date": "2026-03-05"}