{"return_1d": -0.049681, "return_5d": -0.018328, "return_20d": -0.024856, "return_60d": 0.044372, "return_252d": 0.515374, "sma_20": 13.830625, "sma_50": 13.619662, "sma_200": 12.013794, "price_vs_sma20": -0.031859, "price_vs_sma50": -0.016863, "price_vs_sma200": 0.114552, "volatility_20d": 0.318077, "volatility_60d": 0.275816, "drawdown": -0.295389, "max_drawdown_1y": -0.565057, "volume_ratio": 1.458429, "rsi_14": 43.236638, "macd": 0.113085, "macd_signal": 0.133004, "macd_histogram": -0.01992, "bb_width": 0.091635, "bb_position": 0.14089, "stoch_k": 10.759494, "stoch_d": 44.520365, "adx": 18.432889, "atr_14": 0.402175, "last_close": 13.39, "last_date": "2026-03-02"}