{"return_1d": 0.008661, "return_5d": -0.112266, "return_20d": -0.056902, "return_60d": -0.014555, "return_252d": 0.434298, "sma_20": 13.74388, "sma_50": 13.602968, "sma_200": 12.038088, "price_vs_sma20": -0.067949, "price_vs_sma50": -0.058294, "price_vs_sma200": 0.064122, "volatility_20d": 0.36745, "volatility_60d": 0.295699, "drawdown": -0.32591, "max_drawdown_1y": -0.565057, "volume_ratio": 0.949351, "rsi_14": 37.294882, "macd": -0.067881, "macd_signal": 0.072625, "macd_histogram": -0.140506, "bb_width": 0.138973, "bb_position": -0.02458, "stoch_k": 6.132075, "stoch_d": 5.944988, "adx": 19.548286, "atr_14": 0.426008, "last_close": 12.81, "last_date": "2026-03-04"}