{"return_1d": 0.028033, "return_5d": 0.029571, "return_20d": 0.091552, "return_60d": 0.147327, "return_252d": 0.182859, "sma_20": 169.305, "sma_50": 158.3342, "sma_200": 146.628126, "price_vs_sma20": 0.057027, "price_vs_sma50": 0.130267, "price_vs_sma200": 0.220503, "volatility_20d": 0.347963, "volatility_60d": 0.326594, "drawdown": -0.11262, "max_drawdown_1y": -0.420961, "volume_ratio": 2.096931, "rsi_14": 66.184056, "macd": 4.451363, "macd_signal": 4.482731, "macd_histogram": -0.031368, "bb_width": 0.108008, "bb_position": 0.999506, "stoch_k": 78.743961, "stoch_d": 62.208691, "adx": 24.608543, "atr_14": 6.100385, "last_close": 178.96, "last_date": "2026-03-02"}