{"return_1d": 0.04252, "return_5d": -0.010965, "return_20d": 0.067517, "return_60d": 0.114754, "return_252d": 0.174456, "sma_20": 168.5545, "sma_50": 157.7362, "sma_200": 146.449016, "price_vs_sma20": 0.032782, "price_vs_sma50": 0.103615, "price_vs_sma200": 0.188673, "volatility_20d": 0.336859, "volatility_60d": 0.322298, "drawdown": -0.136818, "max_drawdown_1y": -0.420961, "volume_ratio": 1.056638, "rsi_14": 61.546328, "macd": 4.051434, "macd_signal": 4.490573, "macd_histogram": -0.439139, "bb_width": 0.101625, "bb_position": 0.812336, "stoch_k": 78.27279, "stoch_d": 47.635367, "adx": 24.244766, "atr_14": 5.801954, "last_close": 174.08, "last_date": "2026-02-27"}