{"return_1d": 0.038088, "return_5d": -0.01517, "return_20d": 0.062979, "return_60d": 0.110015, "return_252d": 0.169464, "sma_20": 168.5175, "sma_50": 157.7214, "sma_200": 146.445314, "price_vs_sma20": 0.028617, "price_vs_sma50": 0.099027, "price_vs_sma200": 0.18365, "volatility_20d": 0.330352, "volatility_60d": 0.320039, "drawdown": -0.140487, "max_drawdown_1y": -0.420961, "volume_ratio": 0.585789, "rsi_14": 60.789116, "macd": 3.992403, "macd_signal": 4.478766, "macd_histogram": -0.486364, "bb_width": 0.101055, "bb_position": 0.775306, "stoch_k": 73.200822, "stoch_d": 45.944711, "adx": 24.144936, "atr_14": 5.766239, "last_close": 173.34, "last_date": "2026-02-27"}