{"return_1d": 0.019242, "return_5d": 0.078633, "return_20d": 0.065804, "return_60d": 0.135626, "return_252d": 0.277053, "sma_20": 170.47798, "sma_50": 159.08627, "sma_200": 146.320501, "price_vs_sma20": 0.050224, "price_vs_sma50": 0.125427, "price_vs_sma200": 0.223615, "volatility_20d": 0.296201, "volatility_60d": 0.327799, "drawdown": -0.106917, "max_drawdown_1y": -0.420961, "volume_ratio": 1.796677, "rsi_14": 65.733672, "macd": 4.787505, "macd_signal": 4.555685, "macd_histogram": 0.23182, "bb_width": 0.105932, "bb_position": 0.951437, "stoch_k": 83.63641, "stoch_d": 73.598757, "adx": 25.599566, "atr_14": 5.981169, "last_close": 179.04, "last_date": "2026-03-05"}