{"return_1d": 0.018738, "return_5d": 0.035464, "return_20d": -0.020298, "return_60d": 0.146064, "return_252d": 0.301188, "sma_20": 46.223, "sma_50": 44.04841, "sma_200": 43.818575, "price_vs_sma20": 0.0233, "price_vs_sma50": 0.073819, "price_vs_sma200": 0.079451, "volatility_20d": 0.254984, "volatility_60d": 0.270168, "drawdown": -0.051222, "max_drawdown_1y": -0.219021, "volume_ratio": 1.442497, "rsi_14": 61.554439, "macd": 0.583193, "macd_signal": 0.613326, "macd_histogram": -0.030133, "bb_width": 0.063549, "bb_position": 0.8583, "stoch_k": 71.355499, "stoch_d": 60.331351, "adx": 16.319889, "atr_14": 1.233792, "last_close": 47.3, "last_date": "2026-03-05"}