{"return_1d": -0.017759, "return_5d": 0.009123, "return_20d": -0.018382, "return_60d": 0.145026, "return_252d": 0.27362, "sma_20": 46.1795, "sma_50": 44.147204, "sma_200": 43.846154, "price_vs_sma20": 0.006074, "price_vs_sma50": 0.052388, "price_vs_sma200": 0.059614, "volatility_20d": 0.253196, "volatility_60d": 0.270445, "drawdown": -0.068071, "max_drawdown_1y": -0.219021, "volume_ratio": 1.060466, "rsi_14": 55.486215, "macd": 0.564346, "macd_signal": 0.60353, "macd_histogram": -0.039184, "bb_width": 0.061143, "bb_position": 0.598744, "stoch_k": 49.872123, "stoch_d": 59.686316, "adx": 16.034668, "atr_14": 1.242807, "last_close": 46.46, "last_date": "2026-03-06"}