{"return_1d": 0.011165, "return_5d": -0.000649, "return_20d": 0.066251, "return_60d": 0.1568, "return_252d": 0.276499, "sma_20": 46.055, "sma_50": 43.685022, "sma_200": 43.688907, "price_vs_sma20": 0.002931, "price_vs_sma50": 0.057342, "price_vs_sma200": 0.057248, "volatility_20d": 0.333199, "volatility_60d": 0.271818, "drawdown": -0.073487, "max_drawdown_1y": -0.219021, "volume_ratio": 0.455283, "rsi_14": 55.85897, "macd": 0.505358, "macd_signal": 0.729779, "macd_histogram": -0.224421, "bb_width": 0.094764, "bb_position": 0.530842, "stoch_k": 50.60241, "stoch_d": 28.39562, "adx": 16.465453, "atr_14": 1.158977, "last_close": 46.19, "last_date": "2026-02-27"}