{"return_1d": -0.049598, "return_5d": -0.08365, "return_20d": 0.012932, "return_60d": 0.389736, "return_252d": 0.820395, "sma_20": 64.4405, "sma_50": 60.277436, "sma_200": 46.734272, "price_vs_sma20": -0.02763, "price_vs_sma50": 0.039527, "price_vs_sma200": 0.340772, "volatility_20d": 0.474616, "volatility_60d": 0.441869, "drawdown": -0.089509, "max_drawdown_1y": -0.46341, "volume_ratio": 1.314853, "rsi_14": 47.68858, "macd": 1.729181, "macd_signal": 2.165687, "macd_histogram": -0.436506, "bb_width": 0.176976, "bb_position": 0.33944, "stoch_k": 32.796209, "stoch_d": 52.322275, "adx": 25.285279, "atr_14": 3.127311, "last_close": 62.66, "last_date": "2026-03-05"}