{"return_1d": -0.004387, "return_5d": 0.058129, "return_20d": 0.045294, "return_60d": 0.584623, "return_252d": 0.818896, "sma_20": 63.694, "sma_50": 58.867468, "sma_200": 46.189899, "price_vs_sma20": 0.06886, "price_vs_sma50": 0.156496, "price_vs_sma200": 0.473915, "volatility_20d": 0.570351, "volatility_60d": 0.420097, "drawdown": -0.010753, "max_drawdown_1y": -0.46341, "volume_ratio": 0.985517, "rsi_14": 63.993736, "macd": 2.518854, "macd_signal": 2.240257, "macd_histogram": 0.278597, "bb_width": 0.165701, "bb_position": 0.888799, "stoch_k": 84.170616, "stoch_d": 87.703972, "adx": 30.343855, "atr_14": 2.777015, "last_close": 68.08, "last_date": "2026-02-27"}