{"return_1d": -0.052665, "return_5d": -0.128085, "return_20d": 0.002364, "return_60d": 0.322397, "return_252d": 0.577197, "sma_20": 64.4475, "sma_50": 60.454354, "sma_200": 46.838879, "price_vs_sma20": -0.07894, "price_vs_sma50": -0.018102, "price_vs_sma200": 0.267323, "volatility_20d": 0.487964, "volatility_60d": 0.45746, "drawdown": -0.13746, "max_drawdown_1y": -0.46341, "volume_ratio": 1.46159, "rsi_14": 40.766328, "macd": 1.116383, "macd_signal": 1.955826, "macd_histogram": -0.839443, "bb_width": 0.185935, "bb_position": 0.039056, "stoch_k": 5.972851, "stoch_d": 34.186843, "adx": 24.966095, "atr_14": 3.186788, "last_close": 59.36, "last_date": "2026-03-06"}