{"return_1d": -0.005265, "return_5d": 0.057196, "return_20d": 0.044373, "return_60d": 0.583226, "return_252d": 0.817293, "sma_20": 63.691, "sma_50": 58.866268, "sma_200": 46.1896, "price_vs_sma20": 0.067969, "price_vs_sma50": 0.1555, "price_vs_sma200": 0.472626, "volatility_20d": 0.570507, "volatility_60d": 0.420212, "drawdown": -0.011625, "max_drawdown_1y": -0.46341, "volume_ratio": 0.553995, "rsi_14": 63.801583, "macd": 2.514068, "macd_signal": 2.2393, "macd_histogram": 0.274768, "bb_width": 0.165574, "bb_position": 0.884378, "stoch_k": 83.601896, "stoch_d": 87.514399, "adx": 30.343855, "atr_14": 2.777373, "last_close": 68.02, "last_date": "2026-02-27"}