{"return_1d": -0.03983, "return_5d": -0.034031, "return_20d": 0.079164, "return_60d": 0.47616, "return_252d": 0.801195, "sma_20": 64.3375, "sma_50": 59.64221, "sma_200": 46.47021, "price_vs_sma20": 0.019157, "price_vs_sma50": 0.099389, "price_vs_sma200": 0.411011, "volatility_20d": 0.517253, "volatility_60d": 0.426793, "drawdown": -0.047225, "max_drawdown_1y": -0.46341, "volume_ratio": 1.369114, "rsi_14": 55.680228, "macd": 2.323312, "macd_signal": 2.305971, "macd_histogram": 0.017341, "bb_width": 0.169731, "bb_position": 0.610744, "stoch_k": 60.379147, "stoch_d": 76.903633, "adx": 27.992735, "atr_14": 3.073804, "last_close": 65.57, "last_date": "2026-03-03"}