{"return_1d": 0.00549, "return_5d": -0.041994, "return_20d": 0.019484, "return_60d": 0.481603, "return_252d": 0.88143, "sma_20": 64.4005, "sma_50": 60.004792, "sma_200": 46.609302, "price_vs_sma20": 0.02375, "price_vs_sma50": 0.098746, "price_vs_sma200": 0.414525, "volatility_20d": 0.466342, "volatility_60d": 0.426673, "drawdown": -0.041994, "max_drawdown_1y": -0.46341, "volume_ratio": 0.969533, "rsi_14": 56.519193, "macd": 2.150182, "macd_signal": 2.274813, "macd_histogram": -0.124631, "bb_width": 0.170079, "bb_position": 0.636401, "stoch_k": 63.791469, "stoch_d": 70.110585, "adx": 26.25649, "atr_14": 3.017104, "last_close": 65.93, "last_date": "2026-03-04"}