{"return_1d": -0.00213, "return_5d": 0.05512, "return_20d": 0.002886, "return_60d": -0.222102, "return_252d": -0.486899, "sma_20": 205.750665, "sma_50": 249.684134, "sma_200": 325.601939, "price_vs_sma20": 0.093168, "price_vs_sma50": -0.099182, "price_vs_sma200": -0.309218, "volatility_20d": 0.583131, "volatility_60d": 0.4993, "drawdown": -0.53765, "max_drawdown_1y": -0.611314, "volume_ratio": 0.775449, "rsi_14": 51.430947, "macd": -6.967647, "macd_signal": -13.009866, "macd_histogram": 6.042218, "bb_width": 0.19865, "bb_position": 0.929033, "stoch_k": 88.8864, "stoch_d": 93.358063, "adx": 44.085426, "atr_14": 10.884356, "last_close": 224.92, "last_date": "2026-03-05"}