{"return_1d": 0.011352, "return_5d": 0.096521, "return_20d": 0.017712, "return_60d": -0.187713, "return_252d": -0.500812, "sma_20": 205.7183, "sma_50": 250.926908, "sma_200": 326.810064, "price_vs_sma20": 0.095673, "price_vs_sma50": -0.10173, "price_vs_sma200": -0.310303, "volatility_20d": 0.584499, "volatility_60d": 0.507993, "drawdown": -0.536663, "max_drawdown_1y": -0.611314, "volume_ratio": 0.741896, "rsi_14": 51.763076, "macd": -8.514284, "macd_signal": -14.52042, "macd_histogram": 6.006136, "bb_width": 0.197255, "bb_position": 0.942671, "stoch_k": 93.551992, "stoch_d": 95.82835, "adx": 47.119876, "atr_14": 10.950076, "last_close": 225.4, "last_date": "2026-03-04"}