{"return_1d": 0.014437, "return_5d": 0.161962, "return_20d": -0.130858, "return_60d": -0.205567, "return_252d": -0.508158, "sma_20": 206.7528, "sma_50": 253.293434, "sma_200": 329.148604, "price_vs_sma20": 0.063782, "price_vs_sma50": -0.131679, "price_vs_sma200": -0.331791, "volatility_20d": 0.693798, "volatility_60d": 0.506157, "drawdown": -0.547887, "max_drawdown_1y": -0.611314, "volume_ratio": 0.580145, "rsi_14": 48.376819, "macd": -12.428257, "macd_signal": -17.424097, "macd_histogram": 4.99584, "bb_width": 0.249387, "bb_position": 0.740422, "stoch_k": 96.29726, "stoch_d": 95.465108, "adx": 52.815906, "atr_14": 11.296183, "last_close": 219.94, "last_date": "2026-03-02"}