{"return_1d": 0.004224, "return_5d": 0.041788, "return_20d": 0.08536, "return_60d": -0.208632, "return_252d": -0.485542, "sma_20": 206.63886, "sma_50": 248.412606, "sma_200": 324.413, "price_vs_sma20": 0.093066, "price_vs_sma50": -0.090747, "price_vs_sma200": -0.303758, "volatility_20d": 0.515643, "volatility_60d": 0.499185, "drawdown": -0.535697, "max_drawdown_1y": -0.611314, "volume_ratio": 0.653176, "rsi_14": 52.086209, "macd": -5.600708, "macd_signal": -11.528034, "macd_histogram": 5.927326, "bb_width": 0.21247, "bb_position": 0.900727, "stoch_k": 90.952529, "stoch_d": 91.130307, "adx": 41.299197, "atr_14": 10.631902, "last_close": 225.87, "last_date": "2026-03-06"}