{"return_1d": 0.017076, "return_5d": 0.117297, "return_20d": -0.137906, "return_60d": -0.213623, "return_252d": -0.514057, "sma_20": 208.40851, "sma_50": 254.72455, "sma_200": 330.273744, "price_vs_sma20": 0.040313, "price_vs_sma50": -0.148845, "price_vs_sma200": -0.343545, "volatility_20d": 0.691186, "volatility_60d": 0.505054, "drawdown": -0.554321, "max_drawdown_1y": -0.611314, "volume_ratio": 0.875868, "rsi_14": 46.444397, "macd": -14.520866, "macd_signal": -18.673057, "macd_histogram": 4.152191, "bb_width": 0.310798, "bb_position": 0.624681, "stoch_k": 97.413001, "stoch_d": 77.975126, "adx": 55.334854, "atr_14": 11.523581, "last_close": 216.81, "last_date": "2026-02-27"}