{"return_1d": 0.009614, "return_5d": 0.1091, "return_20d": -0.14423, "return_60d": -0.219392, "return_252d": -0.517622, "sma_20": 209.404, "sma_50": 256.007, "sma_200": 331.970026, "price_vs_sma20": 0.033075, "price_vs_sma50": -0.154984, "price_vs_sma200": -0.348345, "volatility_20d": 0.688317, "volatility_60d": 0.503987, "drawdown": -0.557591, "max_drawdown_1y": -0.611314, "volume_ratio": 0.487102, "rsi_14": 45.481399, "macd": -14.723337, "macd_signal": -18.794923, "macd_histogram": 4.071586, "bb_width": 0.312423, "bb_position": 0.602476, "stoch_k": 99.20836, "stoch_d": 78.57363, "adx": 55.632833, "atr_14": 11.494637, "last_close": 216.33, "last_date": "2026-02-27"}