{"return_1d": 0.013322, "return_5d": 0.111817, "return_20d": -0.099453, "return_60d": -0.197492, "return_252d": -0.510317, "sma_20": 205.522155, "sma_50": 251.858638, "sma_200": 327.996516, "price_vs_sma20": 0.084409, "price_vs_sma50": -0.115099, "price_vs_sma200": -0.320511, "volatility_20d": 0.694355, "volatility_60d": 0.507142, "drawdown": -0.541864, "max_drawdown_1y": -0.611314, "volume_ratio": 0.615788, "rsi_14": 50.188712, "macd": -10.413383, "macd_signal": -16.021954, "macd_histogram": 5.608571, "bb_width": 0.193769, "bb_position": 0.901708, "stoch_k": 97.635797, "stoch_d": 97.115353, "adx": 50.152299, "atr_14": 11.109313, "last_close": 222.87, "last_date": "2026-03-03"}