{"return_1d": 0.000646, "return_5d": 0.009226, "return_20d": 0.201707, "return_60d": 0.439638, "return_252d": 0.533274, "sma_20": 373.657, "sma_50": 331.2738, "sma_200": 260.12833, "price_vs_sma20": 0.036378, "price_vs_sma50": 0.168973, "price_vs_sma200": 0.488688, "volatility_20d": 0.265321, "volatility_60d": 0.224032, "drawdown": -0.003166, "max_drawdown_1y": -0.35852, "volume_ratio": 0.737364, "rsi_14": 76.426333, "macd": 17.324303, "macd_signal": 18.471714, "macd_histogram": -1.147411, "bb_width": 0.138603, "bb_position": 0.753252, "stoch_k": 81.678641, "stoch_d": 82.684476, "adx": 60.279355, "atr_14": 8.614947, "last_close": 387.25, "last_date": "2026-03-02"}