{"return_1d": 0.004078, "return_5d": 0.003921, "return_20d": 0.08675, "return_60d": 0.408716, "return_252d": 0.519411, "sma_20": 377.5515, "sma_50": 335.2196, "sma_200": 261.688023, "price_vs_sma20": 0.017318, "price_vs_sma50": 0.145786, "price_vs_sma200": 0.46774, "volatility_20d": 0.174809, "volatility_60d": 0.226392, "drawdown": -0.0113, "max_drawdown_1y": -0.35852, "volume_ratio": 1.055887, "rsi_14": 70.603223, "macd": 15.336852, "macd_signal": 17.4883, "macd_histogram": -2.151448, "bb_width": 0.093292, "bb_position": 0.682475, "stoch_k": 71.198686, "stoch_d": 72.984287, "adx": 56.787694, "atr_14": 8.87248, "last_close": 384.09, "last_date": "2026-03-04"}