{"return_1d": -0.038168, "return_5d": -0.072093, "return_20d": -0.013353, "return_60d": 0.30473, "return_252d": 0.467979, "sma_20": 377.849, "sma_50": 338.2374, "sma_200": 263.11262, "price_vs_sma20": -0.04962, "price_vs_sma50": 0.06168, "price_vs_sma200": 0.364815, "volatility_20d": 0.236403, "volatility_60d": 0.252692, "drawdown": -0.075628, "max_drawdown_1y": -0.35852, "volume_ratio": 1.569559, "rsi_14": 45.591655, "macd": 10.937964, "macd_signal": 15.555245, "macd_histogram": -4.617281, "bb_width": 0.098099, "bb_position": -0.032228, "stoch_k": 13.413696, "stoch_d": 38.500502, "adx": 51.079185, "atr_14": 9.901934, "last_close": 359.1, "last_date": "2026-03-06"}