{"return_1d": -0.027962, "return_5d": -0.036963, "return_20d": 0.029817, "return_60d": 0.368127, "return_252d": 0.542681, "sma_20": 378.092, "sma_50": 336.911, "sma_200": 262.427623, "price_vs_sma20": -0.012542, "price_vs_sma50": 0.108156, "price_vs_sma200": 0.422678, "volatility_20d": 0.190328, "volatility_60d": 0.236571, "drawdown": -0.038947, "max_drawdown_1y": -0.35852, "volume_ratio": 1.059257, "rsi_14": 57.594594, "macd": 13.59463, "macd_signal": 16.709566, "macd_histogram": -3.114936, "bb_width": 0.089363, "bb_position": 0.357869, "stoch_k": 30.889125, "stoch_d": 56.054448, "adx": 53.83263, "atr_14": 9.16516, "last_close": 373.35, "last_date": "2026-03-05"}