{"return_1d": -0.001754, "return_5d": -0.00381, "return_20d": 0.20964, "return_60d": 0.423076, "return_252d": 0.546763, "sma_20": 370.407, "sma_50": 329.178, "sma_200": 259.327286, "price_vs_sma20": 0.044797, "price_vs_sma50": 0.175656, "price_vs_sma200": 0.492323, "volatility_20d": 0.263473, "volatility_60d": 0.226478, "drawdown": -0.00381, "max_drawdown_1y": -0.35852, "volume_ratio": 1.36064, "rsi_14": 76.313534, "macd": 17.970652, "macd_signal": 18.758567, "macd_histogram": -0.787915, "bb_width": 0.176738, "bb_position": 0.742597, "stoch_k": 80.862182, "stoch_d": 80.012526, "adx": 60.400823, "atr_14": 8.822251, "last_close": 387.0, "last_date": "2026-02-27"}