{"return_1d": 0.005752, "return_5d": 0.003681, "return_20d": 0.218735, "return_60d": 0.433777, "return_252d": 0.558393, "sma_20": 370.5525, "sma_50": 329.2362, "sma_200": 259.341836, "price_vs_sma20": 0.05224, "price_vs_sma50": 0.184287, "price_vs_sma200": 0.50346, "volatility_20d": 0.260479, "volatility_60d": 0.225902, "drawdown": 0.0, "max_drawdown_1y": -0.35852, "volume_ratio": 0.668586, "rsi_14": 78.124693, "macd": 18.202788, "macd_signal": 18.804994, "macd_histogram": -0.602206, "bb_width": 0.176981, "bb_position": 0.780517, "stoch_k": 90.365774, "stoch_d": 83.18039, "adx": 60.400823, "atr_14": 8.822608, "last_close": 389.91, "last_date": "2026-02-27"}