{"return_1d": 0.011447, "return_5d": 0.020313, "return_20d": 0.092528, "return_60d": 0.113707, "return_252d": 0.238232, "sma_20": 48.600395, "sma_50": 46.519266, "sma_200": 43.60579, "price_vs_sma20": 0.053895, "price_vs_sma50": 0.101043, "price_vs_sma200": 0.174608, "volatility_20d": 0.167578, "volatility_60d": 0.145852, "drawdown": 0.0, "max_drawdown_1y": -0.129943, "volume_ratio": 0.334925, "rsi_14": 76.896291, "macd": 1.279303, "macd_signal": 1.098039, "macd_histogram": 0.181265, "bb_width": 0.135908, "bb_position": 0.876273, "stoch_k": 97.594, "stoch_d": 95.450426, "adx": 42.372948, "atr_14": 0.883228, "last_close": 51.2197, "last_date": "2026-02-27"}