{"return_1d": 0.010334, "return_5d": -0.006255, "return_20d": 0.092276, "return_60d": 0.146951, "return_252d": 0.373234, "sma_20": 49.6535, "sma_50": 47.194284, "sma_200": 43.851976, "price_vs_sma20": 0.023896, "price_vs_sma50": 0.077249, "price_vs_sma200": 0.159355, "volatility_20d": 0.165205, "volatility_60d": 0.14199, "drawdown": -0.006255, "max_drawdown_1y": -0.129943, "volume_ratio": 0.829036, "rsi_14": 66.84009, "macd": 1.082102, "macd_signal": 1.136645, "macd_histogram": -0.054543, "bb_width": 0.107672, "bb_position": 0.71675, "stoch_k": 79.007634, "stoch_d": 73.666532, "adx": 37.062858, "atr_14": 0.925244, "last_close": 50.84, "last_date": "2026-03-06"}