{"return_1d": -0.009449, "return_5d": -0.006319, "return_20d": 0.094851, "return_60d": 0.131175, "return_252d": 0.333238, "sma_20": 49.43875, "sma_50": 47.05747, "sma_200": 43.805786, "price_vs_sma20": 0.017825, "price_vs_sma50": 0.069331, "price_vs_sma200": 0.148707, "volatility_20d": 0.166536, "volatility_60d": 0.141498, "drawdown": -0.016419, "max_drawdown_1y": -0.129943, "volume_ratio": 1.107508, "rsi_14": 63.296545, "macd": 1.114365, "macd_signal": 1.15028, "macd_histogram": -0.035915, "bb_width": 0.118957, "bb_position": 0.64722, "stoch_k": 59.925094, "stoch_d": 73.655441, "adx": 38.319531, "atr_14": 0.898725, "last_close": 50.32, "last_date": "2026-03-05"}