{"return_1d": -0.003518, "return_5d": 0.010706, "return_20d": 0.087186, "return_60d": 0.127188, "return_252d": 0.376658, "sma_20": 48.801825, "sma_50": 46.665412, "sma_200": 43.660247, "price_vs_sma20": 0.044633, "price_vs_sma50": 0.092458, "price_vs_sma200": 0.167653, "volatility_20d": 0.168745, "volatility_60d": 0.140872, "drawdown": -0.003518, "max_drawdown_1y": -0.129943, "volume_ratio": 0.635914, "rsi_14": 74.008919, "macd": 1.273529, "macd_signal": 1.132375, "macd_histogram": 0.141154, "bb_width": 0.138364, "bb_position": 0.808795, "stoch_k": 91.239316, "stoch_d": 93.386895, "adx": 43.098609, "atr_14": 0.857283, "last_close": 50.98, "last_date": "2026-03-02"}