{"return_1d": 0.010269, "return_5d": 0.019124, "return_20d": 0.091255, "return_60d": 0.112408, "return_252d": 0.236788, "sma_20": 48.59741, "sma_50": 46.518072, "sma_200": 43.605492, "price_vs_sma20": 0.052731, "price_vs_sma50": 0.099788, "price_vs_sma200": 0.173247, "volatility_20d": 0.16698, "volatility_60d": 0.14554, "drawdown": 0.0, "max_drawdown_1y": -0.129943, "volume_ratio": 0.786897, "rsi_14": 76.64304, "macd": 1.274541, "macd_signal": 1.097086, "macd_histogram": 0.177455, "bb_width": 0.135719, "bb_position": 0.869069, "stoch_k": 96.4, "stoch_d": 95.052426, "adx": 42.372934, "atr_14": 0.883228, "last_close": 51.16, "last_date": "2026-02-27"}