{"return_1d": -0.056218, "return_5d": -0.056865, "return_20d": 0.008055, "return_60d": 0.035038, "return_252d": 0.570078, "sma_20": 72.0605, "sma_50": 68.9168, "sma_200": 59.815657, "price_vs_sma20": -0.04483, "price_vs_sma50": -0.001259, "price_vs_sma200": 0.150702, "volatility_20d": 0.32771, "volatility_60d": 0.245554, "drawdown": -0.074617, "max_drawdown_1y": -0.122246, "volume_ratio": 1.324858, "rsi_14": 41.617758, "macd": 0.96275, "macd_signal": 1.343132, "macd_histogram": -0.380382, "bb_width": 0.114098, "bb_position": 0.088648, "stoch_k": 8.307692, "stoch_d": 49.984312, "adx": 25.777772, "atr_14": 1.657067, "last_close": 68.83, "last_date": "2026-03-03"}