{"return_1d": -0.016208, "return_5d": -0.110514, "return_20d": -0.037533, "return_60d": -0.007798, "return_252d": 0.455951, "sma_20": 71.9565, "sma_50": 69.0182, "sma_200": 60.082614, "price_vs_sma20": -0.080556, "price_vs_sma50": -0.041412, "price_vs_sma200": 0.10115, "volatility_20d": 0.349702, "volatility_60d": 0.255816, "drawdown": -0.110514, "max_drawdown_1y": -0.122246, "volume_ratio": 0.991596, "rsi_14": 35.205196, "macd": -0.14943, "macd_signal": 0.785472, "macd_histogram": -0.934901, "bb_width": 0.134613, "bb_position": -0.150855, "stoch_k": 12.296748, "stoch_d": 12.63268, "adx": 25.527737, "atr_14": 1.761639, "last_close": 66.16, "last_date": "2026-03-06"}