{"return_1d": 0.00459, "return_5d": 0.022677, "return_20d": 0.092497, "return_60d": 0.149679, "return_252d": 0.668917, "sma_20": 71.7875, "sma_50": 68.755, "sma_200": 59.596223, "price_vs_sma20": 0.036531, "price_vs_sma50": 0.082249, "price_vs_sma200": 0.248569, "volatility_20d": 0.235378, "volatility_60d": 0.213729, "drawdown": 0.0, "max_drawdown_1y": -0.122246, "volume_ratio": 0.477938, "rsi_14": 65.763538, "macd": 1.480707, "macd_signal": 1.452901, "macd_histogram": 0.027806, "bb_width": 0.117413, "bb_position": 0.80017, "stoch_k": 90.231362, "stoch_d": 80.953714, "adx": 27.541809, "atr_14": 1.366658, "last_close": 74.41, "last_date": "2026-02-27"}