{"return_1d": -0.008668, "return_5d": 0.022052, "return_20d": 0.02586, "return_60d": 0.143157, "return_252d": 0.012602, "sma_20": 276.5825, "sma_50": 271.4142, "sma_200": 286.99905, "price_vs_sma20": 0.025517, "price_vs_sma50": 0.045045, "price_vs_sma200": -0.011704, "volatility_20d": 0.407192, "volatility_60d": 0.370002, "drawdown": -0.173471, "max_drawdown_1y": -0.347291, "volume_ratio": 0.790296, "rsi_14": 56.2137, "macd": 2.822367, "macd_signal": 2.203294, "macd_histogram": 0.619073, "bb_width": 0.079812, "bb_position": 0.811754, "stoch_k": 83.804523, "stoch_d": 85.664829, "adx": 12.84314, "atr_14": 9.586792, "last_close": 283.64, "last_date": "2026-03-05"}