{"return_1d": 0.012734, "return_5d": 0.034959, "return_20d": 0.002921, "return_60d": 0.170012, "return_252d": -0.03724, "sma_20": 275.6505, "sma_50": 270.3394, "sma_200": 286.9882, "price_vs_sma20": 0.021366, "price_vs_sma50": 0.041432, "price_vs_sma200": -0.018984, "volatility_20d": 0.410812, "volatility_60d": 0.37028, "drawdown": -0.17959, "max_drawdown_1y": -0.347291, "volume_ratio": 0.873198, "rsi_14": 55.464268, "macd": 1.89292, "macd_signal": 1.92535, "macd_histogram": -0.03243, "bb_width": 0.070056, "bb_position": 0.798602, "stoch_k": 78.387097, "stoch_d": 61.995221, "adx": 12.676693, "atr_14": 9.630008, "last_close": 281.54, "last_date": "2026-03-03"}