{"return_1d": -0.029421, "return_5d": -0.032454, "return_20d": -0.046632, "return_60d": 0.12904, "return_252d": -0.086375, "sma_20": 275.38975, "sma_50": 269.3951, "sma_200": 287.004575, "price_vs_sma20": -0.021913, "price_vs_sma50": -0.000149, "price_vs_sma200": -0.061496, "volatility_20d": 0.418427, "volatility_60d": 0.369562, "drawdown": -0.215097, "max_drawdown_1y": -0.347291, "volume_ratio": 0.5707, "rsi_14": 47.270732, "macd": 1.18675, "macd_signal": 2.008774, "macd_histogram": -0.822025, "bb_width": 0.073628, "bb_position": 0.195707, "stoch_k": 34.713262, "stoch_d": 55.454002, "adx": 14.022138, "atr_14": 9.502316, "last_close": 269.355, "last_date": "2026-02-27"}