{"return_1d": 0.009096, "return_5d": 0.054761, "return_20d": 0.055345, "return_60d": 0.153136, "return_252d": 0.012344, "sma_20": 277.333, "sma_50": 271.9306, "sma_200": 287.00165, "price_vs_sma20": 0.032045, "price_vs_sma50": 0.052548, "price_vs_sma200": -0.002724, "volatility_20d": 0.400432, "volatility_60d": 0.37022, "drawdown": -0.165953, "max_drawdown_1y": -0.347291, "volume_ratio": 0.869598, "rsi_14": 57.904157, "macd": 3.216281, "macd_signal": 2.405891, "macd_histogram": 0.81039, "bb_width": 0.082285, "bb_position": 0.87734, "stoch_k": 93.370422, "stoch_d": 90.659271, "adx": 12.559836, "atr_14": 9.682736, "last_close": 286.22, "last_date": "2026-03-06"}