{"return_1d": 0.028759, "return_5d": 0.179525, "return_20d": -0.001992, "return_60d": -0.178358, "return_252d": -0.232369, "sma_20": 1357.385, "sma_50": 1514.692796, "sma_200": 1613.755097, "price_vs_sma20": 0.066772, "price_vs_sma50": -0.044017, "price_vs_sma200": -0.102702, "volatility_20d": 0.572613, "volatility_60d": 0.409696, "drawdown": -0.392201, "max_drawdown_1y": -0.484709, "volume_ratio": 0.676148, "rsi_14": 54.191189, "macd": -33.858727, "macd_signal": -55.863617, "macd_histogram": 22.00489, "bb_width": 0.130409, "bb_position": 0.979969, "stoch_k": 93.517772, "stoch_d": 94.937658, "adx": 38.25361, "atr_14": 65.373521, "last_close": 1448.02, "last_date": "2026-03-03"}