{"return_1d": 0.011043, "return_5d": 0.125348, "return_20d": 0.102359, "return_60d": -0.173749, "return_252d": -0.214958, "sma_20": 1364.182005, "sma_50": 1508.744796, "sma_200": 1610.172948, "price_vs_sma20": 0.073178, "price_vs_sma50": -0.02965, "price_vs_sma200": -0.090775, "volatility_20d": 0.476478, "volatility_60d": 0.410349, "drawdown": -0.385489, "max_drawdown_1y": -0.484709, "volume_ratio": 0.632195, "rsi_14": 55.848077, "macd": -24.256303, "macd_signal": -49.542154, "macd_histogram": 25.285851, "bb_width": 0.142179, "bb_position": 0.979593, "stoch_k": 98.038542, "stoch_d": 95.354969, "adx": 35.821409, "atr_14": 64.533284, "last_close": 1464.01, "last_date": "2026-03-04"}