{"return_1d": 0.0054, "return_5d": 0.044897, "return_20d": -0.103602, "return_60d": -0.229712, "return_252d": -0.277103, "sma_20": 49.4805, "sma_50": 57.8884, "sma_200": 67.80963, "price_vs_sma20": 0.015956, "price_vs_sma50": -0.131605, "price_vs_sma200": -0.25866, "volatility_20d": 0.471237, "volatility_60d": 0.326438, "drawdown": -0.640183, "max_drawdown_1y": -0.66502, "volume_ratio": 0.917979, "rsi_14": 41.948764, "macd": -2.111886, "macd_signal": -2.877074, "macd_histogram": 0.765188, "bb_width": 0.123663, "bb_position": 0.627, "stoch_k": 82.696177, "stoch_d": 82.134611, "adx": 48.022927, "atr_14": 1.740955, "last_close": 50.27, "last_date": "2026-03-03"}