{"return_1d": 0.009984, "return_5d": -0.009207, "return_20d": -0.019197, "return_60d": -0.236589, "return_252d": -0.259845, "sma_20": 49.388, "sma_50": 57.2626, "sma_200": 67.533323, "price_vs_sma20": 0.024135, "price_vs_sma50": -0.116701, "price_vs_sma200": -0.251036, "volatility_20d": 0.341572, "volatility_60d": 0.324824, "drawdown": -0.637964, "max_drawdown_1y": -0.66502, "volume_ratio": 0.907857, "rsi_14": 43.789501, "macd": -1.745408, "macd_signal": -2.500996, "macd_histogram": 0.755588, "bb_width": 0.116238, "bb_position": 0.702745, "stoch_k": 88.421053, "stoch_d": 83.330156, "adx": 45.848659, "atr_14": 1.662252, "last_close": 50.58, "last_date": "2026-03-05"}