{"return_1d": -0.005583, "return_5d": 0.033279, "return_20d": -0.080344, "return_60d": -0.228473, "return_252d": -0.246573, "sma_20": 50.02375, "sma_50": 58.5375, "sma_200": 68.072951, "price_vs_sma20": 0.014818, "price_vs_sma50": -0.132778, "price_vs_sma200": -0.254256, "volatility_20d": 0.472565, "volatility_60d": 0.326638, "drawdown": -0.63664, "max_drawdown_1y": -0.66502, "volume_ratio": 0.484122, "rsi_14": 43.186836, "macd": -2.536353, "macd_signal": -3.258973, "macd_histogram": 0.722619, "bb_width": 0.191239, "bb_position": 0.576353, "stoch_k": 84.9631, "stoch_d": 71.043946, "adx": 51.109439, "atr_14": 1.727481, "last_close": 50.765, "last_date": "2026-02-27"}