{"return_1d": 0.017991, "return_5d": 0.0104, "return_20d": 0.013184, "return_60d": -0.213653, "return_252d": -0.24404, "sma_20": 49.4215, "sma_50": 56.9546, "sma_200": 67.392635, "price_vs_sma20": 0.041854, "price_vs_sma50": -0.095947, "price_vs_sma200": -0.23597, "volatility_20d": 0.343661, "volatility_60d": 0.327614, "drawdown": -0.631451, "max_drawdown_1y": -0.66502, "volume_ratio": 1.206572, "rsi_14": 48.117522, "macd": -1.499551, "macd_signal": -2.300707, "macd_histogram": 0.801156, "bb_width": 0.117241, "bb_position": 0.842651, "stoch_k": 93.491124, "stoch_d": 86.928472, "adx": 43.848596, "atr_14": 1.726377, "last_close": 51.49, "last_date": "2026-03-06"}