{"return_1d": -0.00378, "return_5d": 0.020583, "return_20d": -0.016883, "return_60d": -0.231453, "return_252d": -0.290607, "sma_20": 49.4375, "sma_50": 57.572, "sma_200": 67.673054, "price_vs_sma20": 0.012996, "price_vs_sma50": -0.130133, "price_vs_sma200": -0.259971, "volatility_20d": 0.342669, "volatility_60d": 0.326394, "drawdown": -0.641543, "max_drawdown_1y": -0.66502, "volume_ratio": 1.113021, "rsi_14": 41.290773, "macd": -1.941168, "macd_signal": -2.689893, "macd_histogram": 0.748725, "bb_width": 0.121787, "bb_position": 0.605343, "stoch_k": 78.873239, "stoch_d": 78.905396, "adx": 46.895529, "atr_14": 1.710887, "last_close": 50.08, "last_date": "2026-03-04"}