{"return_1d": -0.018838, "return_5d": 0.053519, "return_20d": -0.095023, "return_60d": -0.246924, "return_252d": -0.26157, "sma_20": 49.771, "sma_50": 58.209, "sma_200": 67.942013, "price_vs_sma20": 0.004601, "price_vs_sma50": -0.141026, "price_vs_sma200": -0.264078, "volatility_20d": 0.475281, "volatility_60d": 0.326884, "drawdown": -0.642116, "max_drawdown_1y": -0.66502, "volume_ratio": 0.909928, "rsi_14": 40.70186, "macd": -2.31841, "macd_signal": -3.068371, "macd_histogram": 0.749961, "bb_width": 0.16928, "bb_position": 0.527056, "stoch_k": 75.146771, "stoch_d": 82.528053, "adx": 49.237049, "atr_14": 1.701029, "last_close": 50.0, "last_date": "2026-03-02"}