{"return_1d": -0.001763, "return_5d": 0.037248, "return_20d": -0.076812, "return_60d": -0.22551, "return_252d": -0.243679, "sma_20": 50.0335, "sma_50": 58.5414, "sma_200": 68.073926, "price_vs_sma20": 0.018518, "price_vs_sma50": -0.129505, "price_vs_sma200": -0.251402, "volatility_20d": 0.472563, "volatility_60d": 0.326658, "drawdown": -0.635244, "max_drawdown_1y": -0.66502, "volume_ratio": 1.020971, "rsi_14": 43.808591, "macd": -2.520798, "macd_signal": -3.255861, "macd_histogram": 0.735064, "bb_width": 0.19077, "bb_position": 0.595303, "stoch_k": 88.560886, "stoch_d": 72.243208, "adx": 51.109439, "atr_14": 1.730339, "last_close": 50.96, "last_date": "2026-02-27"}