{"return_1d": -0.004611, "return_5d": 0.016069, "return_20d": 0.077082, "return_60d": -0.052377, "return_252d": -0.734397, "sma_20": 61.065, "sma_50": 64.3946, "sma_200": 111.33875, "price_vs_sma20": 0.025137, "price_vs_sma50": -0.027869, "price_vs_sma200": -0.437752, "volatility_20d": 0.466062, "volatility_60d": 0.360752, "drawdown": -0.736743, "max_drawdown_1y": -0.755583, "volume_ratio": 0.595552, "rsi_14": 50.582241, "macd": -0.570496, "macd_signal": -1.039585, "macd_histogram": 0.469089, "bb_width": 0.102569, "bb_position": 0.739066, "stoch_k": 72.307692, "stoch_d": 69.948718, "adx": 18.03587, "atr_14": 2.353825, "last_close": 62.6, "last_date": "2026-03-04"}