{"return_1d": 0.020128, "return_5d": 0.031831, "return_20d": 0.069324, "return_60d": -0.036512, "return_252d": -0.731444, "sma_20": 61.272, "sma_50": 64.313, "sma_200": 110.8624, "price_vs_sma20": 0.042238, "price_vs_sma50": -0.007044, "price_vs_sma200": -0.423971, "volatility_20d": 0.461855, "volatility_60d": 0.363176, "drawdown": -0.731444, "max_drawdown_1y": -0.755583, "volume_ratio": 0.748141, "rsi_14": 54.336431, "macd": -0.361895, "macd_signal": -0.904047, "macd_histogram": 0.542151, "bb_width": 0.105446, "bb_position": 0.884332, "stoch_k": 90.030211, "stoch_d": 79.702378, "adx": 17.707568, "atr_14": 2.35498, "last_close": 63.86, "last_date": "2026-03-05"}