{"return_1d": 0.002101, "return_5d": 0.008947, "return_20d": -0.022229, "return_60d": -0.010688, "return_252d": -0.73311, "sma_20": 60.924, "sma_50": 64.723, "sma_200": 113.2391, "price_vs_sma20": 0.01799, "price_vs_sma50": -0.041763, "price_vs_sma200": -0.452309, "volatility_20d": 0.544591, "volatility_60d": 0.379943, "drawdown": -0.739182, "max_drawdown_1y": -0.755583, "volume_ratio": 0.389809, "rsi_14": 48.907055, "macd": -1.02369, "macd_signal": -1.371849, "macd_histogram": 0.348159, "bb_width": 0.114953, "bb_position": 0.65373, "stoch_k": 63.384615, "stoch_d": 60.615385, "adx": 21.679157, "atr_14": 2.39443, "last_close": 62.02, "last_date": "2026-02-27"}