{"return_1d": 0.016815, "return_5d": 0.063589, "return_20d": -0.000794, "return_60d": -0.060642, "return_252d": -0.728431, "sma_20": 60.841, "sma_50": 64.5026, "sma_200": 111.97505, "price_vs_sma20": 0.033678, "price_vs_sma50": -0.025001, "price_vs_sma200": -0.438357, "volatility_20d": 0.546956, "volatility_60d": 0.361598, "drawdown": -0.735523, "max_drawdown_1y": -0.755583, "volume_ratio": 0.52347, "rsi_14": 51.486903, "macd": -0.700157, "macd_signal": -1.156857, "macd_histogram": 0.4567, "bb_width": 0.10723, "bb_position": 0.803839, "stoch_k": 76.769231, "stoch_d": 68.358974, "adx": 19.22287, "atr_14": 2.447965, "last_close": 62.89, "last_date": "2026-03-03"}