{"return_1d": -0.011901, "return_5d": 0.013004, "return_20d": 0.07974, "return_60d": -0.040012, "return_252d": -0.718203, "sma_20": 61.505, "sma_50": 64.2026, "sma_200": 110.3446, "price_vs_sma20": 0.025933, "price_vs_sma50": -0.017174, "price_vs_sma200": -0.428155, "volatility_20d": 0.456163, "volatility_60d": 0.363587, "drawdown": -0.73464, "max_drawdown_1y": -0.755583, "volume_ratio": 0.638792, "rsi_14": 51.781184, "macd": -0.254965, "macd_signal": -0.77423, "macd_histogram": 0.519266, "bb_width": 0.101144, "bb_position": 0.749915, "stoch_k": 78.549849, "stoch_d": 80.295918, "adx": 16.95758, "atr_14": 2.367482, "last_close": 63.1, "last_date": "2026-03-06"}