{"return_1d": 0.007479, "return_5d": -0.017156, "return_20d": -0.007567, "return_60d": 0.149393, "return_252d": 0.201917, "sma_20": 52.692, "sma_50": 50.439366, "sma_200": 44.069002, "price_vs_sma20": -0.054126, "price_vs_sma50": -0.011883, "price_vs_sma200": 0.130954, "volatility_20d": 0.366482, "volatility_60d": 0.305339, "drawdown": -0.095134, "max_drawdown_1y": -0.29945, "volume_ratio": 0.782164, "rsi_14": 43.00493, "macd": -0.008035, "macd_signal": 0.571974, "macd_histogram": -0.580009, "bb_width": 0.127847, "bb_position": 0.05241, "stoch_k": 19.770774, "stoch_d": 23.969507, "adx": 27.834397, "atr_14": 1.654476, "last_close": 49.84, "last_date": "2026-03-02"}