{"return_1d": -0.005417, "return_5d": -0.01255, "return_20d": -0.045813, "return_60d": 0.112635, "return_252d": 0.181929, "sma_20": 52.573, "sma_50": 50.483804, "sma_200": 44.125102, "price_vs_sma20": -0.057121, "price_vs_sma50": -0.018101, "price_vs_sma200": 0.123397, "volatility_20d": 0.343184, "volatility_60d": 0.301276, "drawdown": -0.100036, "max_drawdown_1y": -0.29945, "volume_ratio": 0.757906, "rsi_14": 42.028413, "macd": -0.161089, "macd_signal": 0.425362, "macd_histogram": -0.58645, "bb_width": 0.139375, "bb_position": 0.065337, "stoch_k": 18.810512, "stoch_d": 16.71228, "adx": 27.280766, "atr_14": 1.662014, "last_close": 49.57, "last_date": "2026-03-03"}