{"return_1d": -0.048105, "return_5d": -0.077396, "return_20d": -0.006427, "return_60d": 0.13982, "return_252d": 0.197172, "sma_20": 52.711, "sma_50": 50.386356, "sma_200": 44.011844, "price_vs_sma20": -0.061486, "price_vs_sma50": -0.018187, "price_vs_sma200": 0.124016, "volatility_20d": 0.366824, "volatility_60d": 0.305239, "drawdown": -0.101852, "max_drawdown_1y": -0.29945, "volume_ratio": 0.982245, "rsi_14": 41.268485, "macd": 0.159944, "macd_signal": 0.716977, "macd_histogram": -0.557033, "bb_width": 0.126201, "bb_position": -0.01913, "stoch_k": 11.555556, "stoch_d": 28.566464, "adx": 28.572904, "atr_14": 1.634821, "last_close": 49.47, "last_date": "2026-02-27"}