{"return_1d": -0.055032, "return_5d": -0.08411, "return_20d": -0.013657, "return_60d": 0.131525, "return_252d": 0.18846, "sma_20": 52.693, "sma_50": 50.379156, "sma_200": 44.010042, "price_vs_sma20": -0.067998, "price_vs_sma50": -0.025192, "price_vs_sma200": 0.115882, "volatility_20d": 0.379462, "volatility_60d": 0.310417, "drawdown": -0.108388, "max_drawdown_1y": -0.29945, "volume_ratio": 0.532301, "rsi_14": 40.162967, "macd": 0.131226, "macd_signal": 0.711233, "macd_histogram": -0.580007, "bb_width": 0.130291, "bb_position": -0.059966, "stoch_k": 6.152706, "stoch_d": 26.765514, "adx": 28.570477, "atr_14": 1.634464, "last_close": 49.11, "last_date": "2026-02-27"}