{"return_1d": -0.00616, "return_5d": -0.022473, "return_20d": 0.220161, "return_60d": 0.487068, "return_252d": 2.827193, "sma_20": 1312.4795, "sma_50": 1145.159202, "sma_200": 827.293234, "price_vs_sma20": 0.089061, "price_vs_sma50": 0.248185, "price_vs_sma200": 0.727767, "volatility_20d": 0.597867, "volatility_60d": 0.520829, "drawdown": -0.026699, "max_drawdown_1y": -0.46049, "volume_ratio": 1.042501, "rsi_14": 65.896328, "macd": 88.949005, "macd_signal": 83.368945, "macd_histogram": 5.58006, "bb_width": 0.308573, "bb_position": 0.765019, "stoch_k": 74.860295, "stoch_d": 81.194531, "adx": 35.360094, "atr_14": 68.29765, "last_close": 1429.37, "last_date": "2026-02-27"}