{"return_1d": -0.057439, "return_5d": -0.062584, "return_20d": 0.203972, "return_60d": 0.346228, "return_252d": 2.989134, "sma_20": 1360.472495, "sma_50": 1183.087802, "sma_200": 846.01201, "price_vs_sma20": -0.009006, "price_vs_sma50": 0.139577, "price_vs_sma200": 0.593618, "volatility_20d": 0.570765, "volatility_60d": 0.529536, "drawdown": -0.081957, "max_drawdown_1y": -0.46049, "volume_ratio": 1.139098, "rsi_14": 53.145321, "macd": 67.583757, "macd_signal": 79.168704, "macd_histogram": -11.584947, "bb_width": 0.247406, "bb_position": 0.463267, "stoch_k": 31.976874, "stoch_d": 50.665531, "adx": 30.568708, "atr_14": 73.622512, "last_close": 1348.22, "last_date": "2026-03-05"}