{"return_1d": 0.006206, "return_5d": 0.017452, "return_20d": 0.259294, "return_60d": 0.536942, "return_252d": 3.047145, "sma_20": 1327.2865, "sma_50": 1154.554002, "sma_200": 832.163627, "price_vs_sma20": 0.083594, "price_vs_sma50": 0.24571, "price_vs_sma200": 0.728314, "volatility_20d": 0.583203, "volatility_60d": 0.516106, "drawdown": -0.020659, "max_drawdown_1y": -0.46049, "volume_ratio": 0.820141, "rsi_14": 66.571323, "macd": 86.687512, "macd_signal": 84.032658, "macd_histogram": 2.654854, "bb_width": 0.295365, "bb_position": 0.761186, "stoch_k": 75.296, "stoch_d": 77.050047, "adx": 34.981323, "atr_14": 66.960675, "last_close": 1438.24, "last_date": "2026-03-02"}