{"return_1d": -0.050804, "return_5d": -0.104693, "return_20d": 0.114772, "return_60d": 0.29333, "return_252d": 2.683196, "sma_20": 1366.350415, "sma_50": 1189.048788, "sma_200": 849.621183, "price_vs_sma20": -0.063886, "price_vs_sma50": 0.0757, "price_vs_sma200": 0.505448, "volatility_20d": 0.606469, "volatility_60d": 0.540872, "drawdown": -0.128597, "max_drawdown_1y": -0.46049, "volume_ratio": 1.135657, "rsi_14": 46.520539, "macd": 53.72291, "macd_signal": 74.046663, "macd_histogram": -20.323753, "bb_width": 0.220544, "bb_position": 0.190558, "stoch_k": 3.662606, "stoch_d": 34.812631, "adx": 28.873316, "atr_14": 73.816124, "last_close": 1279.0601, "last_date": "2026-03-06"}