{"return_1d": 0.01514, "return_5d": 0.055516, "return_20d": -0.076891, "return_60d": -0.108686, "return_252d": 0.043905, "sma_20": 52.743325, "sma_50": 60.041832, "sma_200": 55.406553, "price_vs_sma20": 0.029704, "price_vs_sma50": -0.095464, "price_vs_sma200": -0.019791, "volatility_20d": 0.421905, "volatility_60d": 0.292868, "drawdown": -0.194187, "max_drawdown_1y": -0.267709, "volume_ratio": 0.852508, "rsi_14": 46.863632, "macd": -2.000459, "macd_signal": -2.669328, "macd_histogram": 0.668869, "bb_width": 0.167581, "bb_position": 0.672137, "stoch_k": 97.157476, "stoch_d": 84.956035, "adx": 49.767485, "atr_14": 1.648198, "last_close": 54.31, "last_date": "2026-03-06"}