{"return_1d": 0.007501, "return_5d": 0.017878, "return_20d": -0.19761, "return_60d": -0.117141, "return_252d": -0.021332, "sma_20": 54.0875, "sma_50": 60.9574, "sma_200": 55.664997, "price_vs_sma20": -0.031569, "price_vs_sma50": -0.140711, "price_vs_sma200": -0.059014, "volatility_20d": 0.429387, "volatility_60d": 0.290048, "drawdown": -0.226978, "max_drawdown_1y": -0.26771, "volume_ratio": 0.826564, "rsi_14": 36.776713, "macd": -2.869896, "macd_signal": -3.085521, "macd_histogram": 0.215625, "bb_width": 0.285657, "bb_position": 0.385883, "stoch_k": 40.266963, "stoch_d": 34.366622, "adx": 57.304079, "atr_14": 1.640229, "last_close": 52.38, "last_date": "2026-03-03"}