{"return_1d": 0.005026, "return_5d": 0.022419, "return_20d": -0.207107, "return_60d": -0.122087, "return_252d": -0.007135, "sma_20": 54.7325, "sma_50": 61.1722, "sma_200": 55.654525, "price_vs_sma20": -0.050107, "price_vs_sma50": -0.150104, "price_vs_sma200": -0.065844, "volatility_20d": 0.424783, "volatility_60d": 0.289496, "drawdown": -0.232733, "max_drawdown_1y": -0.26771, "volume_ratio": 0.883219, "rsi_14": 34.889728, "macd": -3.072198, "macd_signal": -3.139427, "macd_histogram": 0.067229, "bb_width": 0.341438, "bb_position": 0.345505, "stoch_k": 34.600964, "stoch_d": 30.903186, "adx": 57.925013, "atr_14": 1.669477, "last_close": 51.99, "last_date": "2026-03-02"}