{"return_1d": 0.023476, "return_5d": 0.084749, "return_20d": -0.164557, "return_60d": -0.133994, "return_252d": 0.039132, "sma_20": 58.55161, "sma_50": 67.11888, "sma_200": 61.227787, "price_vs_sma20": -0.002248, "price_vs_sma50": -0.129604, "price_vs_sma200": -0.045858, "volatility_20d": 0.446764, "volatility_60d": 0.306263, "drawdown": -0.228662, "max_drawdown_1y": -0.288924, "volume_ratio": 1.226341, "rsi_14": 41.93437, "macd": -3.105827, "macd_signal": -3.589821, "macd_histogram": 0.483994, "bb_width": 0.262453, "bb_position": 0.491416, "stoch_k": 69.461675, "stoch_d": 48.178697, "adx": 52.662342, "atr_14": 1.951561, "last_close": 58.42, "last_date": "2026-03-04"}