{"return_1d": 0.010037, "return_5d": 0.024652, "return_20d": -0.207516, "return_60d": -0.136795, "return_252d": 0.005249, "sma_20": 59.417, "sma_50": 67.6992, "sma_200": 61.510631, "price_vs_sma20": -0.03462, "price_vs_sma50": -0.152723, "price_vs_sma200": -0.067478, "volatility_20d": 0.435617, "volatility_60d": 0.30515, "drawdown": -0.246354, "max_drawdown_1y": -0.288924, "volume_ratio": 0.732971, "rsi_14": 36.547755, "macd": -3.466492, "macd_signal": -3.729024, "macd_histogram": 0.262532, "bb_width": 0.319837, "bb_position": 0.387877, "stoch_k": 40.859707, "stoch_d": 33.785379, "adx": 55.433978, "atr_14": 1.878544, "last_close": 57.36, "last_date": "2026-03-03"}