{"return_1d": -0.003608, "return_5d": -0.007103, "return_20d": -0.211929, "return_60d": -0.147236, "return_252d": 0.005459, "sma_20": 60.98125, "sma_50": 68.2523, "sma_200": 61.488136, "price_vs_sma20": -0.0716, "price_vs_sma50": -0.170504, "price_vs_sma200": -0.079253, "volatility_20d": 0.433353, "volatility_60d": 0.303272, "drawdown": -0.256142, "max_drawdown_1y": -0.288924, "volume_ratio": 0.487518, "rsi_14": 32.798482, "macd": -3.90916, "macd_signal": -3.80897, "macd_histogram": -0.10019, "bb_width": 0.419666, "bb_position": 0.316231, "stoch_k": 28.469185, "stoch_d": 21.545842, "adx": 56.50325, "atr_14": 1.966537, "last_close": 56.615, "last_date": "2026-02-27"}