{"return_1d": 0.007987, "return_5d": 0.026202, "return_20d": -0.219703, "return_60d": -0.142792, "return_252d": 0.016256, "sma_20": 60.168, "sma_50": 67.9754, "sma_200": 61.495778, "price_vs_sma20": -0.056143, "price_vs_sma50": -0.164551, "price_vs_sma200": -0.076522, "volatility_20d": 0.429014, "volatility_60d": 0.304279, "drawdown": -0.253843, "max_drawdown_1y": -0.288924, "volume_ratio": 0.701247, "rsi_14": 34.146485, "macd": -3.719856, "macd_signal": -3.794657, "macd_histogram": 0.074801, "bb_width": 0.377087, "bb_position": 0.342259, "stoch_k": 34.214123, "stoch_d": 29.605556, "adx": 56.213575, "atr_14": 1.915355, "last_close": 56.79, "last_date": "2026-03-02"}