{"return_1d": 0.004622, "return_5d": 0.037978, "return_20d": -0.129221, "return_60d": -0.13775, "return_252d": 0.058975, "sma_20": 58.11614, "sma_50": 66.864286, "sma_200": 61.243486, "price_vs_sma20": 0.009874, "price_vs_sma50": -0.122252, "price_vs_sma200": -0.041694, "volatility_20d": 0.43671, "volatility_60d": 0.30571, "drawdown": -0.225097, "max_drawdown_1y": -0.288924, "volume_ratio": 0.689622, "rsi_14": 42.984667, "macd": -2.779581, "macd_signal": -3.427773, "macd_histogram": 0.648191, "bb_width": 0.221791, "bb_position": 0.544086, "stoch_k": 82.551404, "stoch_d": 64.291006, "adx": 50.088893, "atr_14": 1.887164, "last_close": 58.69, "last_date": "2026-03-05"}