{"return_1d": -0.003346, "return_5d": 0.020465, "return_20d": 0.098047, "return_60d": 0.147425, "return_252d": 0.093323, "sma_20": 107.1295, "sma_50": 103.556, "sma_200": 97.115611, "price_vs_sma20": 0.028662, "price_vs_sma50": 0.064159, "price_vs_sma200": 0.13473, "volatility_20d": 0.187237, "volatility_60d": 0.1582, "drawdown": -0.060231, "max_drawdown_1y": -0.311328, "volume_ratio": 0.81663, "rsi_14": 67.929755, "macd": 2.003432, "macd_signal": 1.762192, "macd_histogram": 0.241239, "bb_width": 0.071849, "bb_position": 0.887797, "stoch_k": 90.128755, "stoch_d": 92.782059, "adx": 25.774939, "atr_14": 2.062563, "last_close": 110.2, "last_date": "2026-03-04"}