{"return_1d": 0.014434, "return_5d": 0.011088, "return_20d": 0.090747, "return_60d": 0.14335, "return_252d": 0.110184, "sma_20": 106.1255, "sma_50": 103.162008, "sma_200": 96.939204, "price_vs_sma20": 0.039712, "price_vs_sma50": 0.06958, "price_vs_sma200": 0.138239, "volatility_20d": 0.191191, "volatility_60d": 0.159112, "drawdown": -0.059037, "max_drawdown_1y": -0.311328, "volume_ratio": 0.739815, "rsi_14": 69.55419, "macd": 1.879655, "macd_signal": 1.632791, "macd_histogram": 0.246864, "bb_width": 0.092067, "bb_position": 0.914867, "stoch_k": 92.795389, "stoch_d": 84.127017, "adx": 24.808904, "atr_14": 2.046819, "last_close": 110.34, "last_date": "2026-03-02"}