{"return_1d": -0.011658, "return_5d": -0.187821, "return_20d": -0.143223, "return_60d": -0.228579, "return_252d": 0.450507, "sma_20": 224.1185, "sma_50": 240.4026, "sma_200": 214.963, "price_vs_sma20": -0.118636, "price_vs_sma50": -0.178337, "price_vs_sma200": -0.081098, "volatility_20d": 0.667433, "volatility_60d": 0.595904, "drawdown": -0.343121, "max_drawdown_1y": -0.599681, "volume_ratio": 0.569872, "rsi_14": 33.714228, "macd": -9.780804, "macd_signal": -6.567167, "macd_histogram": -3.213637, "bb_width": 0.309871, "bb_position": 0.06561, "stoch_k": 9.726444, "stoch_d": 10.796383, "adx": 20.586078, "atr_14": 13.517451, "last_close": 197.53, "last_date": "2026-03-03"}