{"return_1d": -0.027728, "return_5d": -0.041479, "return_20d": -0.194321, "return_60d": -0.255464, "return_252d": 0.461556, "sma_20": 219.717, "sma_50": 237.6086, "sma_200": 215.08515, "price_vs_sma20": -0.127059, "price_vs_sma50": -0.19279, "price_vs_sma200": -0.10826, "volatility_20d": 0.650984, "volatility_60d": 0.597597, "drawdown": -0.362176, "max_drawdown_1y": -0.599681, "volume_ratio": 0.641932, "rsi_14": 31.472699, "macd": -11.379843, "macd_signal": -8.158926, "macd_histogram": -3.220917, "bb_width": 0.35034, "bb_position": 0.084539, "stoch_k": 2.583937, "stoch_d": 7.199261, "adx": 21.557491, "atr_14": 12.770761, "last_close": 191.8, "last_date": "2026-03-05"}