{"return_1d": -0.013504, "return_5d": -0.040517, "return_20d": -0.192652, "return_60d": -0.260552, "return_252d": 0.445455, "sma_20": 217.4595, "sma_50": 235.701, "sma_200": 215.2066, "price_vs_sma20": -0.129907, "price_vs_sma50": -0.197246, "price_vs_sma200": -0.120798, "volatility_20d": 0.65079, "volatility_60d": 0.597882, "drawdown": -0.370789, "max_drawdown_1y": -0.599681, "volume_ratio": 0.607944, "rsi_14": 30.482944, "macd": -12.146248, "macd_signal": -8.95639, "macd_histogram": -3.189857, "bb_width": 0.373965, "bb_position": 0.100758, "stoch_k": 3.090196, "stoch_d": 4.987179, "adx": 22.376825, "atr_14": 12.219993, "last_close": 189.21, "last_date": "2026-03-06"}