{"return_1d": -0.014493, "return_5d": -0.18472, "return_20d": -0.119682, "return_60d": -0.251726, "return_252d": 0.257332, "sma_20": 227.0525, "sma_50": 242.7056, "sma_200": 214.89895, "price_vs_sma20": -0.131478, "price_vs_sma50": -0.187493, "price_vs_sma200": -0.082359, "volatility_20d": 0.672964, "volatility_60d": 0.596174, "drawdown": -0.344219, "max_drawdown_1y": -0.599681, "volume_ratio": 1.253235, "rsi_14": 32.748611, "macd": -7.538149, "macd_signal": -5.017875, "macd_histogram": -2.520274, "bb_width": 0.258925, "bb_position": -0.084656, "stoch_k": 9.030949, "stoch_d": 13.595819, "adx": 18.9017, "atr_14": 14.314559, "last_close": 197.2, "last_date": "2026-02-27"}