{"return_1d": 0.013489, "return_5d": -0.174644, "return_20d": -0.113781, "return_60d": -0.238803, "return_252d": 0.41564, "sma_20": 225.7695, "sma_50": 241.5326, "sma_200": 214.94025, "price_vs_sma20": -0.114761, "price_vs_sma50": -0.172534, "price_vs_sma200": -0.07016, "volatility_20d": 0.675009, "volatility_60d": 0.597264, "drawdown": -0.335373, "max_drawdown_1y": -0.599681, "volume_ratio": 0.784039, "rsi_14": 34.580559, "macd": -8.747288, "macd_signal": -5.763757, "macd_histogram": -2.983531, "bb_width": 0.281731, "bb_position": 0.039851, "stoch_k": 13.631757, "stoch_d": 9.785014, "adx": 19.774461, "atr_14": 13.934947, "last_close": 199.86, "last_date": "2026-03-02"}