{"return_1d": -0.015917, "return_5d": -0.185898, "return_20d": -0.120954, "return_60d": -0.252808, "return_252d": 0.255515, "sma_20": 227.03825, "sma_50": 242.6999, "sma_200": 214.897525, "price_vs_sma20": -0.132679, "price_vs_sma50": -0.188648, "price_vs_sma200": -0.08368, "volatility_20d": 0.673237, "volatility_60d": 0.596287, "drawdown": -0.345166, "max_drawdown_1y": -0.599681, "volume_ratio": 0.754154, "rsi_14": 32.657626, "macd": -7.560884, "macd_signal": -5.022422, "macd_histogram": -2.538462, "bb_width": 0.259978, "bb_position": -0.088418, "stoch_k": 8.54896, "stoch_d": 13.435156, "adx": 18.9017, "atr_14": 14.314559, "last_close": 196.915, "last_date": "2026-02-27"}