{"return_1d": -0.007134, "return_5d": -0.017062, "return_20d": -0.035272, "return_60d": -0.038927, "return_252d": -0.27871, "sma_20": 81.19125, "sma_50": 80.1363, "sma_200": 87.695175, "price_vs_sma20": -0.031484, "price_vs_sma50": -0.018734, "price_vs_sma200": -0.103314, "volatility_20d": 0.453319, "volatility_60d": 0.346376, "drawdown": -0.313651, "max_drawdown_1y": -0.350703, "volume_ratio": 0.360279, "rsi_14": 46.173446, "macd": -0.728, "macd_signal": -0.107356, "macd_histogram": -0.620644, "bb_width": 0.168363, "bb_position": 0.306918, "stoch_k": 30.26592, "stoch_d": 28.586424, "adx": 17.179798, "atr_14": 3.126578, "last_close": 78.635, "last_date": "2026-02-27"}