{"return_1d": 0.019688, "return_5d": 0.065909, "return_20d": 0.04068, "return_60d": -0.028762, "return_252d": -0.207175, "sma_20": 81.437, "sma_50": 80.2572, "sma_200": 87.25745, "price_vs_sma20": 0.03663, "price_vs_sma50": 0.051868, "price_vs_sma200": -0.032518, "volatility_20d": 0.455608, "volatility_60d": 0.34582, "drawdown": -0.263158, "max_drawdown_1y": -0.350703, "volume_ratio": 0.717088, "rsi_14": 58.799279, "macd": 0.11753, "macd_signal": -0.18966, "macd_histogram": 0.30719, "bb_width": 0.160493, "bb_position": 0.720167, "stoch_k": 82.733224, "stoch_d": 63.197056, "adx": 16.306643, "atr_14": 3.124018, "last_close": 84.42, "last_date": "2026-03-05"}