{"return_1d": -0.008884, "return_5d": 0.058712, "return_20d": 0.060053, "return_60d": 0.001676, "return_252d": -0.216573, "sma_20": 81.674, "sma_50": 80.2958, "sma_200": 87.15205, "price_vs_sma20": 0.024439, "price_vs_sma50": 0.042022, "price_vs_sma200": -0.039954, "volatility_20d": 0.444514, "volatility_60d": 0.336797, "drawdown": -0.269704, "max_drawdown_1y": -0.350703, "volume_ratio": 0.766537, "rsi_14": 56.742529, "macd": 0.329867, "macd_signal": -0.085755, "macd_histogram": 0.415622, "bb_width": 0.161075, "bb_position": 0.648103, "stoch_k": 84.248425, "stoch_d": 75.441282, "adx": 16.697799, "atr_14": 3.013731, "last_close": 83.67, "last_date": "2026-03-06"}