{"return_1d": 0.001898, "return_5d": 0.047354, "return_20d": -0.025597, "return_60d": -0.045334, "return_252d": -0.260622, "sma_20": 81.107, "sma_50": 80.0784, "sma_200": 87.5678, "price_vs_sma20": -0.023759, "price_vs_sma50": -0.011219, "price_vs_sma200": -0.095786, "volatility_20d": 0.452893, "volatility_60d": 0.344914, "drawdown": -0.308894, "max_drawdown_1y": -0.350703, "volume_ratio": 0.665796, "rsi_14": 47.322402, "macd": -0.680921, "macd_signal": -0.217027, "macd_histogram": -0.463893, "bb_width": 0.167979, "bb_position": 0.355119, "stoch_k": 34.079776, "stoch_d": 33.776534, "adx": 16.211132, "atr_14": 3.061108, "last_close": 79.18, "last_date": "2026-03-02"}