{"return_1d": 0.024249, "return_5d": 0.078027, "return_20d": -0.002337, "return_60d": -0.020058, "return_252d": -0.249144, "sma_20": 81.0975, "sma_50": 80.1128, "sma_200": 87.45715, "price_vs_sma20": 3.1e-05, "price_vs_sma50": 0.012323, "price_vs_sma200": -0.072689, "volatility_20d": 0.461634, "volatility_60d": 0.348611, "drawdown": -0.292136, "max_drawdown_1y": -0.350703, "volume_ratio": 0.950489, "rsi_14": 51.892183, "macd": -0.5078, "macd_signal": -0.275182, "macd_histogram": -0.232618, "bb_width": 0.163989, "bb_position": 0.500188, "stoch_k": 47.515745, "stoch_d": 38.208537, "adx": 15.687293, "atr_14": 3.1846, "last_close": 81.1, "last_date": "2026-03-03"}