{"return_1d": -0.010473, "return_5d": 0.024484, "return_20d": 0.10926, "return_60d": 0.102371, "return_252d": -0.019046, "sma_20": 58.2385, "sma_50": 56.1564, "sma_200": 52.14864, "price_vs_sma20": 0.005864, "price_vs_sma50": 0.043158, "price_vs_sma200": 0.123327, "volatility_20d": 0.500975, "volatility_60d": 0.348765, "drawdown": -0.092209, "max_drawdown_1y": -0.280319, "volume_ratio": 0.489778, "rsi_14": 54.775101, "macd": 0.834106, "macd_signal": 0.844413, "macd_histogram": -0.010307, "bb_width": 0.136935, "bb_position": 0.542572, "stoch_k": 48.456376, "stoch_d": 56.689038, "adx": 18.633707, "atr_14": 1.780407, "last_close": 58.58, "last_date": "2026-03-02"}