{"return_1d": -0.004097, "return_5d": 0.021877, "return_20d": 0.121986, "return_60d": 0.128577, "return_252d": -0.006587, "sma_20": 57.96775, "sma_50": 56.0851, "sma_200": 52.134061, "price_vs_sma20": 0.027382, "price_vs_sma50": 0.061868, "price_vs_sma200": 0.142343, "volatility_20d": 0.496958, "volatility_60d": 0.347289, "drawdown": -0.0771, "max_drawdown_1y": -0.280319, "volume_ratio": 0.427438, "rsi_14": 58.966506, "macd": 0.899106, "macd_signal": 0.852654, "macd_histogram": 0.046452, "bb_width": 0.15689, "bb_position": 0.669876, "stoch_k": 61.543624, "stoch_d": 57.114094, "adx": 19.258668, "atr_14": 1.820439, "last_close": 59.555, "last_date": "2026-02-27"}