{"return_1d": -0.011029, "return_5d": -0.030574, "return_20d": -0.046678, "return_60d": 0.060225, "return_252d": -0.021625, "sma_20": 58.392, "sma_50": 56.3754, "sma_200": 52.213263, "price_vs_sma20": -0.01716, "price_vs_sma50": 0.017997, "price_vs_sma200": 0.099146, "volatility_20d": 0.324436, "volatility_60d": 0.349964, "drawdown": -0.110652, "max_drawdown_1y": -0.280321, "volume_ratio": 1.008697, "rsi_14": 49.413661, "macd": 0.503951, "macd_signal": 0.708261, "macd_histogram": -0.20431, "bb_width": 0.09567, "bb_position": 0.317503, "stoch_k": 37.526205, "stoch_d": 46.573422, "adx": 15.837757, "atr_14": 1.728348, "last_close": 57.39, "last_date": "2026-03-06"}