{"return_1d": 0.000517, "return_5d": -0.029599, "return_20d": -0.034924, "return_60d": 0.079628, "return_252d": 0.000817, "sma_20": 58.5325, "sma_50": 56.3412, "sma_200": 52.198991, "price_vs_sma20": -0.008585, "price_vs_sma50": 0.029975, "price_vs_sma200": 0.111707, "volatility_20d": 0.322912, "volatility_60d": 0.349225, "drawdown": -0.100734, "max_drawdown_1y": -0.280321, "volume_ratio": 0.9259, "rsi_14": 52.446689, "macd": 0.612372, "macd_signal": 0.759338, "macd_histogram": -0.146966, "bb_width": 0.096934, "bb_position": 0.410668, "stoch_k": 46.082949, "stoch_d": 47.755962, "adx": 15.55802, "atr_14": 1.674375, "last_close": 58.03, "last_date": "2026-03-05"}