{"return_1d": -0.009389, "return_5d": 0.006068, "return_20d": 0.080633, "return_60d": 0.085688, "return_252d": -0.0285, "sma_20": 58.455, "sma_50": 56.2122, "sma_200": 52.165811, "price_vs_sma20": -0.007271, "price_vs_sma50": 0.032338, "price_vs_sma200": 0.112414, "volatility_20d": 0.501857, "volatility_60d": 0.349419, "drawdown": -0.100734, "max_drawdown_1y": -0.280321, "volume_ratio": 0.508097, "rsi_14": 52.44977, "macd": 0.751988, "macd_signal": 0.825928, "macd_histogram": -0.07394, "bb_width": 0.118332, "bb_position": 0.438108, "stoch_k": 41.073826, "stoch_d": 48.769575, "adx": 17.383518, "atr_14": 1.77895, "last_close": 58.03, "last_date": "2026-03-03"}