{"return_1d": -0.000517, "return_5d": -0.005487, "return_20d": 0.067157, "return_60d": 0.086549, "return_252d": -0.022364, "sma_20": 58.6375, "sma_50": 56.2788, "sma_200": 52.18366, "price_vs_sma20": -0.010872, "price_vs_sma50": 0.030583, "price_vs_sma200": 0.111459, "volatility_20d": 0.501268, "volatility_60d": 0.349394, "drawdown": -0.101199, "max_drawdown_1y": -0.280321, "volume_ratio": 0.389038, "rsi_14": 52.319301, "macd": 0.676687, "macd_signal": 0.79608, "macd_histogram": -0.119393, "bb_width": 0.099501, "bb_position": 0.389535, "stoch_k": 56.111111, "stoch_d": 48.547104, "adx": 16.222629, "atr_14": 1.710096, "last_close": 58.0, "last_date": "2026-03-04"}