{"return_1d": 0.00416, "return_5d": -0.057522, "return_20d": -0.064824, "return_60d": -0.068862, "return_252d": 0.075617, "sma_20": 38.2525, "sma_50": 38.9388, "sma_200": 38.34703, "price_vs_sma20": -0.053395, "price_vs_sma50": -0.070079, "price_vs_sma200": -0.055729, "volatility_20d": 0.189066, "volatility_60d": 0.199928, "drawdown": -0.180393, "max_drawdown_1y": -0.346648, "volume_ratio": 0.998981, "rsi_14": 28.103626, "macd": -0.685346, "macd_signal": -0.415814, "macd_histogram": -0.269532, "bb_width": 0.107651, "bb_position": -0.023982, "stoch_k": 22.739018, "stoch_d": 18.134313, "adx": 22.605548, "atr_14": 0.680394, "last_close": 36.21, "last_date": "2026-03-04"}