{"return_1d": 0.006745, "return_5d": -0.039163, "return_20d": -0.062304, "return_60d": -0.082625, "return_252d": -0.001909, "sma_20": 37.999, "sma_50": 38.8222, "sma_200": 38.35529, "price_vs_sma20": -0.057344, "price_vs_sma50": -0.077332, "price_vs_sma200": -0.0661, "volatility_20d": 0.196892, "volatility_60d": 0.199745, "drawdown": -0.18922, "max_drawdown_1y": -0.346648, "volume_ratio": 1.192469, "rsi_14": 28.260951, "macd": -0.846661, "macd_signal": -0.562108, "macd_histogram": -0.284553, "bb_width": 0.138498, "bb_position": 0.060774, "stoch_k": 12.962963, "stoch_d": 14.105246, "adx": 26.847229, "atr_14": 0.677278, "last_close": 35.82, "last_date": "2026-03-06"}