{"return_1d": -0.022764, "return_5d": -0.060203, "return_20d": -0.079397, "return_60d": -0.070355, "return_252d": 0.049272, "sma_20": 38.378, "sma_50": 38.9788, "sma_200": 38.34035, "price_vs_sma20": -0.060399, "price_vs_sma50": -0.074882, "price_vs_sma200": -0.059477, "volatility_20d": 0.189061, "volatility_60d": 0.199774, "drawdown": -0.183788, "max_drawdown_1y": -0.346648, "volume_ratio": 1.854398, "rsi_14": 25.901626, "macd": -0.603919, "macd_signal": -0.348431, "macd_histogram": -0.255488, "bb_width": 0.095181, "bb_position": -0.175366, "stoch_k": 17.422434, "stoch_d": 12.646143, "adx": 20.311641, "atr_14": 0.696578, "last_close": 36.06, "last_date": "2026-03-03"}