{"return_1d": -0.000219, "return_5d": 0.038499, "return_20d": 0.05292, "return_60d": 0.083146, "return_252d": 0.471645, "sma_20": 352.639, "sma_50": 352.398952, "sma_200": 324.205965, "price_vs_sma20": 0.034202, "price_vs_sma50": 0.034907, "price_vs_sma200": 0.124902, "volatility_20d": 0.276392, "volatility_60d": 0.246335, "drawdown": -0.007295, "max_drawdown_1y": -0.207097, "volume_ratio": 1.420601, "rsi_14": 59.01956, "macd": 1.397568, "macd_signal": -0.156016, "macd_histogram": 1.553584, "bb_width": 0.073644, "bb_position": 0.949064, "stoch_k": 93.831391, "stoch_d": 88.361133, "adx": 16.608933, "atr_14": 8.776365, "last_close": 364.7, "last_date": "2026-03-03"}