{"return_1d": -0.014804, "return_5d": 0.028456, "return_20d": 0.020743, "return_60d": 0.073711, "return_252d": 0.46595, "sma_20": 353.546, "sma_50": 353.456414, "sma_200": 325.081677, "price_vs_sma20": 0.020235, "price_vs_sma50": 0.020494, "price_vs_sma200": 0.109567, "volatility_20d": 0.268107, "volatility_60d": 0.246151, "drawdown": -0.018183, "max_drawdown_1y": -0.207097, "volume_ratio": 1.141982, "rsi_14": 54.925304, "macd": 2.356994, "macd_signal": 0.722262, "macd_histogram": 1.634733, "bb_width": 0.083145, "bb_position": 0.738542, "stoch_k": 79.442745, "stoch_d": 90.377821, "adx": 15.037237, "atr_14": 8.889978, "last_close": 360.7, "last_date": "2026-03-05"}