{"return_1d": 0.018049, "return_5d": 0.016021, "return_20d": 0.020289, "return_60d": 0.078611, "return_252d": 0.460198, "sma_20": 351.038, "sma_50": 351.232518, "sma_200": 323.24045, "price_vs_sma20": 0.017126, "price_vs_sma50": 0.016563, "price_vs_sma200": 0.104596, "volatility_20d": 0.272647, "volatility_60d": 0.243681, "drawdown": -0.028118, "max_drawdown_1y": -0.207097, "volume_ratio": 0.912915, "rsi_14": 54.214411, "macd": -0.643185, "macd_signal": -0.807488, "macd_histogram": 0.164303, "bb_width": 0.061323, "bb_position": 0.774579, "stoch_k": 75.738964, "stoch_d": 49.840051, "adx": 18.622466, "atr_14": 8.797914, "last_close": 357.05, "last_date": "2026-02-27"}