{"return_1d": 0.007735, "return_5d": 0.018037, "return_20d": 0.032495, "return_60d": 0.086202, "return_252d": 0.408975, "sma_20": 354.118, "sma_50": 353.850502, "sma_200": 325.511249, "price_vs_sma20": 0.026466, "price_vs_sma50": 0.027242, "price_vs_sma200": 0.116674, "volatility_20d": 0.268419, "volatility_60d": 0.24626, "drawdown": -0.010588, "max_drawdown_1y": -0.207097, "volume_ratio": 0.923564, "rsi_14": 56.918796, "macd": 2.682002, "macd_signal": 1.11421, "macd_histogram": 1.567792, "bb_width": 0.08575, "bb_position": 0.800682, "stoch_k": 88.922868, "stoch_d": 88.741647, "adx": 14.446269, "atr_14": 8.960694, "last_close": 363.49, "last_date": "2026-03-06"}