{"return_1d": 0.02165, "return_5d": 0.045275, "return_20d": 0.038993, "return_60d": 0.090739, "return_252d": 0.4777, "sma_20": 351.7225, "sma_50": 351.80578, "sma_200": 323.717661, "price_vs_sma20": 0.037124, "price_vs_sma50": 0.036879, "price_vs_sma200": 0.126846, "volatility_20d": 0.282186, "volatility_60d": 0.246551, "drawdown": -0.007077, "max_drawdown_1y": -0.207097, "volume_ratio": 1.170269, "rsi_14": 59.089602, "macd": 0.507895, "macd_signal": -0.544412, "macd_histogram": 1.052307, "bb_width": 0.068424, "bb_position": 1.023145, "stoch_k": 95.513043, "stoch_d": 74.230515, "adx": 17.652929, "atr_14": 8.813778, "last_close": 364.78, "last_date": "2026-03-02"}