{"return_1d": 0.050417, "return_5d": 0.080394, "return_20d": -0.026956, "return_60d": -0.275027, "return_252d": -0.472112, "sma_20": 90.423, "sma_50": 103.1476, "sma_200": 138.1718, "price_vs_sma20": 0.029937, "price_vs_sma50": -0.097119, "price_vs_sma200": -0.325984, "volatility_20d": 0.739083, "volatility_60d": 0.479134, "drawdown": -0.565524, "max_drawdown_1y": -0.630884, "volume_ratio": 1.057546, "rsi_14": 49.049, "macd": -3.859792, "macd_signal": -5.036387, "macd_histogram": 1.176595, "bb_width": 0.183071, "bb_position": 0.658774, "stoch_k": 98.818316, "stoch_d": 82.421929, "adx": 47.883939, "atr_14": 4.659094, "last_close": 93.13, "last_date": "2026-03-05"}