{"return_1d": 0.007425, "return_5d": -0.041924, "return_20d": -0.12495, "return_60d": -0.321244, "return_252d": -0.509268, "sma_20": 91.9655, "sma_50": 106.0398, "sma_200": 140.15265, "price_vs_sma20": -0.055733, "price_vs_sma50": -0.181062, "price_vs_sma200": -0.38039, "volatility_20d": 0.745449, "volatility_60d": 0.464333, "drawdown": -0.594868, "max_drawdown_1y": -0.630884, "volume_ratio": 0.635976, "rsi_14": 39.458328, "macd": -5.631589, "macd_signal": -5.814613, "macd_histogram": 0.183024, "bb_width": 0.239098, "bb_position": 0.253146, "stoch_k": 53.524956, "stoch_d": 42.700848, "adx": 58.993711, "atr_14": 4.839767, "last_close": 86.84, "last_date": "2026-02-27"}