{"return_1d": 0.011137, "return_5d": -0.038394, "return_20d": -0.121725, "return_60d": -0.318743, "return_252d": -0.507459, "sma_20": 91.9815, "sma_50": 106.0462, "sma_200": 140.15425, "price_vs_sma20": -0.052418, "price_vs_sma50": -0.178094, "price_vs_sma200": -0.378114, "volatility_20d": 0.746423, "volatility_60d": 0.464853, "drawdown": -0.593375, "max_drawdown_1y": -0.630884, "volume_ratio": 1.196836, "rsi_14": 39.913019, "macd": -5.606062, "macd_signal": -5.809507, "macd_histogram": 0.203445, "bb_width": 0.237516, "bb_position": 0.267098, "stoch_k": 54.767916, "stoch_d": 43.115168, "adx": 58.961875, "atr_14": 4.848338, "last_close": 87.16, "last_date": "2026-02-27"}