{"return_1d": 0.011449, "return_5d": -0.033261, "return_20d": -0.109125, "return_60d": -0.314038, "return_252d": -0.502897, "sma_20": 90.82, "sma_50": 104.5896, "sma_200": 139.1636, "price_vs_sma20": -0.017507, "price_vs_sma50": -0.146856, "price_vs_sma200": -0.358812, "volatility_20d": 0.748581, "volatility_60d": 0.465596, "drawdown": -0.583718, "max_drawdown_1y": -0.630884, "volume_ratio": 0.942794, "rsi_14": 43.00682, "macd": -4.856061, "macd_signal": -5.531592, "macd_histogram": 0.675532, "bb_width": 0.198121, "bb_position": 0.410059, "stoch_k": 70.212766, "stoch_d": 61.288634, "adx": 53.636746, "atr_14": 4.88173, "last_close": 89.23, "last_date": "2026-03-03"}