{"return_1d": 0.008805, "return_5d": 0.077903, "return_20d": -0.022881, "return_60d": -0.26198, "return_252d": -0.467102, "sma_20": 90.313, "sma_50": 102.505, "sma_200": 137.69215, "price_vs_sma20": 0.040271, "price_vs_sma50": -0.083459, "price_vs_sma200": -0.317681, "volatility_20d": 0.739603, "volatility_60d": 0.479869, "drawdown": -0.561698, "max_drawdown_1y": -0.630884, "volume_ratio": 0.647406, "rsi_14": 50.194482, "macd": -3.228193, "macd_signal": -4.674748, "macd_histogram": 1.446555, "bb_width": 0.176253, "bb_position": 0.719639, "stoch_k": 98.375324, "stoch_d": 91.809448, "adx": 44.671873, "atr_14": 4.592016, "last_close": 93.95, "last_date": "2026-03-06"}