{"return_1d": 0.010168, "return_5d": 0.019912, "return_20d": 0.12696, "return_60d": 0.196376, "return_252d": 0.726208, "sma_20": 326.0215, "sma_50": 317.41158, "sma_200": 286.031333, "price_vs_sma20": 0.060482, "price_vs_sma50": 0.089248, "price_vs_sma200": 0.208749, "volatility_20d": 0.258593, "volatility_60d": 0.322612, "drawdown": 0.0, "max_drawdown_1y": -0.213643, "volume_ratio": 0.760835, "rsi_14": 67.226937, "macd": 9.273249, "macd_signal": 7.247117, "macd_histogram": 2.026132, "bb_width": 0.163496, "bb_position": 0.848833, "stoch_k": 92.558392, "stoch_d": 85.232255, "adx": 22.771782, "atr_14": 9.792288, "last_close": 345.74, "last_date": "2026-03-02"}