{"return_1d": 0.004166, "return_5d": -0.002797, "return_20d": 0.145218, "return_60d": 0.187906, "return_252d": 0.707307, "sma_20": 324.074, "sma_50": 316.464556, "sma_200": 285.406304, "price_vs_sma20": 0.056117, "price_vs_sma50": 0.081511, "price_vs_sma200": 0.199203, "volatility_20d": 0.268335, "volatility_60d": 0.322285, "drawdown": -0.009779, "max_drawdown_1y": -0.213643, "volume_ratio": 1.304104, "rsi_14": 65.267043, "macd": 8.996907, "macd_signal": 6.740584, "macd_histogram": 2.256324, "bb_width": 0.163186, "bb_position": 0.82561, "stoch_k": 83.107007, "stoch_d": 83.660304, "adx": 22.678719, "atr_14": 9.632464, "last_close": 342.26, "last_date": "2026-02-27"}