{"return_1d": -0.036831, "return_5d": -0.118666, "return_20d": -0.09768, "return_60d": -0.105795, "return_252d": -0.122158, "sma_20": 80.888, "sma_50": 81.925036, "sma_200": 76.792684, "price_vs_sma20": -0.081817, "price_vs_sma50": -0.09344, "price_vs_sma200": -0.032851, "volatility_20d": 0.297599, "volatility_60d": 0.288715, "drawdown": -0.206595, "max_drawdown_1y": -0.373537, "volume_ratio": 0.830626, "rsi_14": 30.51248, "macd": -0.974116, "macd_signal": -0.159109, "macd_histogram": -0.815007, "bb_width": 0.149324, "bb_position": -0.09674, "stoch_k": 0.618716, "stoch_d": 12.196387, "adx": 19.263288, "atr_14": 2.55211, "last_close": 74.27, "last_date": "2026-03-06"}