{"return_1d": -0.025324, "return_5d": -0.070434, "return_20d": -0.024716, "return_60d": -0.064947, "return_252d": -0.103916, "sma_20": 81.554, "sma_50": 82.302056, "sma_200": 76.734953, "price_vs_sma20": -0.041984, "price_vs_sma50": -0.050692, "price_vs_sma200": 0.01818, "volatility_20d": 0.320713, "volatility_60d": 0.290562, "drawdown": -0.16536, "max_drawdown_1y": -0.373537, "volume_ratio": 1.160019, "rsi_14": 37.47739, "macd": 0.06899, "macd_signal": 0.264463, "macd_histogram": -0.195473, "bb_width": 0.110288, "bb_position": 0.102635, "stoch_k": 14.053537, "stoch_d": 40.089229, "adx": 17.939249, "atr_14": 2.529627, "last_close": 78.13, "last_date": "2026-03-03"}