{"return_1d": -0.024171, "return_5d": -0.081149, "return_20d": -0.066804, "return_60d": -0.097348, "return_252d": -0.083725, "sma_20": 81.29, "sma_50": 82.11777, "sma_200": 76.786358, "price_vs_sma20": -0.051421, "price_vs_sma50": -0.060983, "price_vs_sma200": 0.004215, "volatility_20d": 0.272738, "volatility_60d": 0.284559, "drawdown": -0.176256, "max_drawdown_1y": -0.373537, "volume_ratio": 1.158972, "rsi_14": 36.252648, "macd": -0.493476, "macd_signal": 0.044643, "macd_histogram": -0.538119, "bb_width": 0.120953, "bb_position": 0.051825, "stoch_k": 13.408304, "stoch_d": 16.674661, "adx": 18.277197, "atr_14": 2.523811, "last_close": 77.11, "last_date": "2026-03-05"}