{"return_1d": 0.003217, "return_5d": -0.000475, "return_20d": 0.068672, "return_60d": 0.062891, "return_252d": -0.070179, "sma_20": 81.5895, "sma_50": 82.425948, "sma_200": 76.675495, "price_vs_sma20": 0.031873, "price_vs_sma50": 0.021402, "price_vs_sma200": 0.098004, "volatility_20d": 0.250402, "volatility_60d": 0.28208, "drawdown": -0.100624, "max_drawdown_1y": -0.373538, "volume_ratio": 0.293586, "rsi_14": 59.471827, "macd": 0.724423, "macd_signal": 0.277033, "macd_histogram": 0.44739, "bb_width": 0.099351, "bb_position": 0.810903, "stoch_k": 71.988528, "stoch_d": 70.618228, "adx": 19.528342, "atr_14": 2.32978, "last_close": 84.19, "last_date": "2026-02-27"}