{"return_1d": 0.004171, "return_5d": 0.000475, "return_20d": 0.069688, "return_60d": 0.063901, "return_252d": -0.069295, "sma_20": 81.5935, "sma_50": 82.427548, "sma_200": 76.675896, "price_vs_sma20": 0.032803, "price_vs_sma50": 0.022352, "price_vs_sma200": 0.099042, "volatility_20d": 0.250413, "volatility_60d": 0.282117, "drawdown": -0.099768, "max_drawdown_1y": -0.373537, "volume_ratio": 0.865349, "rsi_14": 59.756082, "macd": 0.730805, "macd_signal": 0.278309, "macd_histogram": 0.452496, "bb_width": 0.099496, "bb_position": 0.81922, "stoch_k": 72.753346, "stoch_d": 70.873168, "adx": 19.528342, "atr_14": 2.334094, "last_close": 84.27, "last_date": "2026-02-27"}