{"return_1d": 0.011391, "return_5d": -0.059622, "return_20d": 0.003046, "return_60d": -0.042033, "return_252d": -0.084273, "sma_20": 81.566, "sma_50": 82.232712, "sma_200": 76.76598, "price_vs_sma20": -0.031214, "price_vs_sma50": -0.039069, "price_vs_sma200": 0.029362, "volatility_20d": 0.318099, "volatility_60d": 0.290578, "drawdown": -0.155853, "max_drawdown_1y": -0.373538, "volume_ratio": 0.692922, "rsi_14": 41.078727, "macd": -0.16199, "macd_signal": 0.179172, "macd_histogram": -0.341162, "bb_width": 0.108293, "bb_position": 0.202476, "stoch_k": 22.562141, "stoch_d": 23.358827, "adx": 17.685246, "atr_14": 2.451797, "last_close": 79.02, "last_date": "2026-03-04"}