{"return_1d": -0.004911, "return_5d": 0.0, "return_20d": -0.001827, "return_60d": -0.17188, "return_252d": -0.17863, "sma_20": 22.96752, "sma_50": 24.723104, "sma_200": 27.364754, "price_vs_sma20": -0.029499, "price_vs_sma50": -0.098414, "price_vs_sma200": -0.185449, "volatility_20d": 0.45708, "volatility_60d": 0.332875, "drawdown": -0.297136, "max_drawdown_1y": -0.317317, "volume_ratio": 0.77536, "rsi_14": 40.126814, "macd": -0.675453, "macd_signal": -0.732531, "macd_histogram": 0.057078, "bb_width": 0.165082, "bb_position": 0.315875, "stoch_k": 29.458696, "stoch_d": 28.076986, "adx": 36.53476, "atr_14": 0.761185, "last_close": 22.29, "last_date": "2026-03-04"}