{"return_1d": 0.002237, "return_5d": 0.019572, "return_20d": -0.053402, "return_60d": -0.171772, "return_252d": -0.165216, "sma_20": 22.96956, "sma_50": 24.828164, "sma_200": 27.395522, "price_vs_sma20": -0.024796, "price_vs_sma50": -0.097799, "price_vs_sma200": -0.182348, "volatility_20d": 0.499334, "volatility_60d": 0.332872, "drawdown": -0.293667, "max_drawdown_1y": -0.317317, "volume_ratio": 0.687605, "rsi_14": 40.922395, "macd": -0.697429, "macd_signal": -0.7468, "macd_histogram": 0.049371, "bb_width": 0.16401, "bb_position": 0.344968, "stoch_k": 28.041302, "stoch_d": 29.089575, "adx": 36.369101, "atr_14": 0.793584, "last_close": 22.4, "last_date": "2026-03-03"}