{"return_1d": -0.009747, "return_5d": 0.032333, "return_20d": -0.063392, "return_60d": -0.144029, "return_252d": -0.165553, "sma_20": 23.032745, "sma_50": 24.935202, "sma_200": 27.423922, "price_vs_sma20": -0.029642, "price_vs_sma50": -0.103677, "price_vs_sma200": -0.185018, "volatility_20d": 0.499478, "volatility_60d": 0.342077, "drawdown": -0.295244, "max_drawdown_1y": -0.317317, "volume_ratio": 0.694738, "rsi_14": 40.423838, "macd": -0.726534, "macd_signal": -0.759143, "macd_histogram": 0.032609, "bb_width": 0.164754, "bb_position": 0.314585, "stoch_k": 26.730961, "stoch_d": 32.583818, "adx": 36.080341, "atr_14": 0.797706, "last_close": 22.35, "last_date": "2026-03-02"}