{"return_1d": 0.0, "return_5d": 0.001772, "return_20d": 0.013406, "return_60d": -0.153104, "return_252d": -0.164119, "sma_20": 22.97256, "sma_50": 24.526776, "sma_200": 27.308952, "price_vs_sma20": -0.015782, "price_vs_sma50": -0.07815, "price_vs_sma200": -0.172066, "volatility_20d": 0.446119, "volatility_60d": 0.334429, "drawdown": -0.287045, "max_drawdown_1y": -0.317317, "volume_ratio": 0.510537, "rsi_14": 43.564139, "macd": -0.578368, "macd_signal": -0.684495, "macd_histogram": 0.106127, "bb_width": 0.161774, "bb_position": 0.400878, "stoch_k": 50.393701, "stoch_d": 42.779082, "adx": 35.743983, "atr_14": 0.739338, "last_close": 22.61, "last_date": "2026-03-06"}