{"return_1d": -0.010088, "return_5d": 0.009843, "return_20d": -0.050608, "return_60d": -0.136589, "return_252d": -0.163777, "sma_20": 23.10838, "sma_50": 25.032896, "sma_200": 27.455028, "price_vs_sma20": -0.023298, "price_vs_sma50": -0.098386, "price_vs_sma200": -0.177928, "volatility_20d": 0.49929, "volatility_60d": 0.341738, "drawdown": -0.288307, "max_drawdown_1y": -0.317317, "volume_ratio": 0.894355, "rsi_14": 41.867402, "macd": -0.748024, "macd_signal": -0.767295, "macd_histogram": 0.019271, "bb_width": 0.163669, "bb_position": 0.354256, "stoch_k": 32.496462, "stoch_d": 32.059682, "adx": 36.31357, "atr_14": 0.82676, "last_close": 22.57, "last_date": "2026-02-27"}