{"return_1d": 0.014356, "return_5d": -0.008333, "return_20d": -0.008694, "return_60d": -0.160921, "return_252d": -0.155224, "sma_20": 22.957605, "sma_50": 24.626034, "sma_200": 27.336372, "price_vs_sma20": -0.015141, "price_vs_sma50": -0.081866, "price_vs_sma200": -0.172897, "volatility_20d": 0.453447, "volatility_60d": 0.334663, "drawdown": -0.287045, "max_drawdown_1y": -0.317317, "volume_ratio": 0.920754, "rsi_14": 43.564139, "macd": -0.625011, "macd_signal": -0.711027, "macd_histogram": 0.086016, "bb_width": 0.163228, "bb_position": 0.405813, "stoch_k": 48.484848, "stoch_d": 35.328282, "adx": 35.997586, "atr_14": 0.744672, "last_close": 22.61, "last_date": "2026-03-05"}