{"return_1d": -0.007895, "return_5d": 0.012081, "return_20d": -0.048504, "return_60d": -0.134676, "return_252d": -0.161924, "sma_20": 23.11088, "sma_50": 25.033896, "sma_200": 27.455278, "price_vs_sma20": -0.02124, "price_vs_sma50": -0.096425, "price_vs_sma200": -0.176115, "volatility_20d": 0.498887, "volatility_60d": 0.341552, "drawdown": -0.28673, "max_drawdown_1y": -0.317317, "volume_ratio": 0.46087, "rsi_14": 42.185326, "macd": -0.744035, "macd_signal": -0.766497, "macd_histogram": 0.022462, "bb_width": 0.16306, "bb_position": 0.366913, "stoch_k": 33.806803, "stoch_d": 32.496462, "adx": 36.295792, "atr_14": 0.825332, "last_close": 22.62, "last_date": "2026-02-27"}