{"return_1d": -0.031215, "return_5d": -0.070112, "return_20d": 0.092185, "return_60d": 0.291912, "return_252d": 1.609409, "sma_20": 828.509, "sma_50": 737.68886, "sma_200": 619.682997, "price_vs_sma20": -0.016293, "price_vs_sma50": 0.104815, "price_vs_sma200": 0.315205, "volatility_20d": 0.420247, "volatility_60d": 0.556856, "drawdown": -0.075092, "max_drawdown_1y": -0.382856, "volume_ratio": 1.290212, "rsi_14": 52.761785, "macd": 33.5025, "macd_signal": 40.385966, "macd_histogram": -6.883466, "bb_width": 0.178577, "bb_position": 0.40725, "stoch_k": 23.382226, "stoch_d": 40.398811, "adx": 31.23831, "atr_14": 37.376857, "last_close": 815.01, "last_date": "2026-03-05"}