{"return_1d": -0.003263, "return_5d": 0.052099, "return_20d": 0.217748, "return_60d": 0.515415, "return_252d": 1.612025, "sma_20": 809.9265, "sma_50": 722.023828, "sma_200": 611.37804, "price_vs_sma20": 0.078616, "price_vs_sma50": 0.209932, "price_vs_sma200": 0.428903, "volatility_20d": 0.421211, "volatility_60d": 0.552484, "drawdown": -0.006968, "max_drawdown_1y": -0.382856, "volume_ratio": 0.884083, "rsi_14": 72.640459, "macd": 45.898178, "macd_signal": 42.47811, "macd_histogram": 3.420068, "bb_width": 0.207846, "bb_position": 0.850675, "stoch_k": 82.787282, "stoch_d": 86.434072, "adx": 36.685398, "atr_14": 33.633725, "last_close": 873.6, "last_date": "2026-02-27"}