{"return_1d": -0.031632, "return_5d": -0.096577, "return_20d": 0.070099, "return_60d": 0.269997, "return_252d": 1.497118, "sma_20": 831.094, "sma_50": 740.246998, "sma_200": 621.399689, "price_vs_sma20": -0.050372, "price_vs_sma50": 0.066171, "price_vs_sma200": 0.270084, "volatility_20d": 0.43627, "volatility_60d": 0.560435, "drawdown": -0.104349, "max_drawdown_1y": -0.382856, "volume_ratio": 1.097466, "rsi_14": 46.691082, "macd": 26.972056, "macd_signal": 37.703184, "macd_histogram": -10.731128, "bb_width": 0.158702, "bb_position": 0.165762, "stoch_k": 6.094527, "stoch_d": 26.011313, "adx": 29.723683, "atr_14": 37.119224, "last_close": 789.23, "last_date": "2026-03-06"}