{"return_1d": -0.009969, "return_5d": 0.045021, "return_20d": 0.209555, "return_60d": 0.50522, "return_252d": 1.594453, "sma_20": 809.632635, "sma_50": 721.906282, "sma_200": 611.348653, "price_vs_sma20": 0.071749, "price_vs_sma50": 0.201988, "price_vs_sma200": 0.419358, "volatility_20d": 0.424718, "volatility_60d": 0.553215, "drawdown": -0.013649, "max_drawdown_1y": -0.382856, "volume_ratio": 0.504464, "rsi_14": 70.539975, "macd": 45.429333, "macd_signal": 42.384341, "macd_histogram": 3.044992, "bb_width": 0.207429, "bb_position": 0.82274, "stoch_k": 78.044464, "stoch_d": 84.853132, "adx": 36.685398, "atr_14": 33.633725, "last_close": 867.7227, "last_date": "2026-02-27"}