{"return_1d": 0.008677, "return_5d": 0.059493, "return_20d": 0.213128, "return_60d": 0.465855, "return_252d": 1.707041, "sma_20": 817.667, "sma_50": 725.933126, "sma_200": 613.62073, "price_vs_sma20": 0.077676, "price_vs_sma50": 0.213858, "price_vs_sma200": 0.436034, "volatility_20d": 0.421155, "volatility_60d": 0.547591, "drawdown": 0.0, "max_drawdown_1y": -0.382856, "volume_ratio": 0.893907, "rsi_14": 73.727056, "macd": 45.84477, "macd_signal": 43.151442, "macd_histogram": 2.693328, "bb_width": 0.198149, "bb_position": 0.863754, "stoch_k": 87.260261, "stoch_d": 85.678029, "adx": 36.472206, "atr_14": 34.05703, "last_close": 881.18, "last_date": "2026-03-02"}