{"return_1d": 0.007251, "return_5d": 0.001335, "return_20d": 0.056921, "return_60d": 0.218795, "return_252d": 0.377126, "sma_20": 149.682, "sma_50": 135.8716, "sma_200": 119.40836, "price_vs_sma20": 0.002325, "price_vs_sma50": 0.104204, "price_vs_sma200": 0.256445, "volatility_20d": 0.348424, "volatility_60d": 0.300623, "drawdown": -0.037035, "max_drawdown_1y": -0.168809, "volume_ratio": 0.911842, "rsi_14": 58.106436, "macd": 3.419474, "macd_signal": 4.751609, "macd_histogram": -1.332135, "bb_width": 0.099591, "bb_position": 0.523291, "stoch_k": 48.873239, "stoch_d": 31.643192, "adx": 37.707047, "atr_14": 3.963429, "last_close": 150.03, "last_date": "2026-03-02"}