{"return_1d": -0.02078, "return_5d": 0.009529, "return_20d": -0.007454, "return_60d": 0.205235, "return_252d": 0.30031, "sma_20": 150.1215, "sma_50": 137.353, "sma_200": 120.138887, "price_vs_sma20": -0.033183, "price_vs_sma50": 0.056693, "price_vs_sma200": 0.208102, "volatility_20d": 0.355171, "volatility_60d": 0.301751, "drawdown": -0.068421, "max_drawdown_1y": -0.168809, "volume_ratio": 0.884204, "rsi_14": 49.497944, "macd": 2.348383, "macd_signal": 3.751161, "macd_histogram": -1.402778, "bb_width": 0.087665, "bb_position": 0.108485, "stoch_k": 14.790765, "stoch_d": 28.394678, "adx": 31.58342, "atr_14": 3.986007, "last_close": 145.14, "last_date": "2026-03-05"}