{"return_1d": 0.038916, "return_5d": -0.013441, "return_20d": 0.070333, "return_60d": 0.209294, "return_252d": 0.390012, "sma_20": 149.29875, "sma_50": 135.2549, "sma_200": 119.157105, "price_vs_sma20": 0.000444, "price_vs_sma50": 0.104322, "price_vs_sma200": 0.253513, "volatility_20d": 0.355477, "volatility_60d": 0.302239, "drawdown": -0.041303, "max_drawdown_1y": -0.168809, "volume_ratio": 0.545048, "rsi_14": 57.20808, "macd": 3.597205, "macd_signal": 5.091264, "macd_histogram": -1.494059, "bb_width": 0.10966, "bb_position": 0.504045, "stoch_k": 44.190141, "stoch_d": 19.974861, "adx": 39.069033, "atr_14": 4.039847, "last_close": 149.365, "last_date": "2026-02-27"}