{"return_1d": -0.008337, "return_5d": -0.033703, "return_20d": -0.03642, "return_60d": 0.195484, "return_252d": 0.281651, "sma_20": 149.8495, "sma_50": 137.7484, "sma_200": 120.338549, "price_vs_sma20": -0.039503, "price_vs_sma50": 0.044876, "price_vs_sma200": 0.196042, "volatility_20d": 0.346775, "volatility_60d": 0.30261, "drawdown": -0.076187, "max_drawdown_1y": -0.168809, "volume_ratio": 0.644333, "rsi_14": 47.551345, "macd": 1.847157, "macd_signal": 3.37036, "macd_histogram": -1.523203, "bb_width": 0.096002, "bb_position": 0.071594, "stoch_k": 8.761329, "stoch_d": 20.18836, "adx": 29.754368, "atr_14": 3.870578, "last_close": 143.93, "last_date": "2026-03-06"}