{"return_1d": 0.03603, "return_5d": -0.016182, "return_20d": 0.067359, "return_60d": 0.205934, "return_252d": 0.38615, "sma_20": 149.278, "sma_50": 135.2466, "sma_200": 119.15503, "price_vs_sma20": -0.002197, "price_vs_sma50": 0.101322, "price_vs_sma200": 0.250052, "volatility_20d": 0.351807, "volatility_60d": 0.300843, "drawdown": -0.043967, "max_drawdown_1y": -0.168809, "volume_ratio": 1.400976, "rsi_14": 56.692896, "macd": 3.564099, "macd_signal": 5.084643, "macd_histogram": -1.520544, "bb_width": 0.109983, "bb_position": 0.479978, "stoch_k": 41.267606, "stoch_d": 19.000682, "adx": 39.069033, "atr_14": 4.039847, "last_close": 148.95, "last_date": "2026-02-27"}