{"return_1d": -0.014664, "return_5d": 0.001287, "return_20d": 0.034572, "return_60d": 0.190451, "return_252d": 0.329392, "sma_20": 149.929, "sma_50": 136.401, "sma_200": 119.66563, "price_vs_sma20": -0.014, "price_vs_sma50": 0.08379, "price_vs_sma200": 0.235359, "volatility_20d": 0.353641, "volatility_60d": 0.302688, "drawdown": -0.051155, "max_drawdown_1y": -0.168809, "volume_ratio": 0.856672, "rsi_14": 54.223834, "macd": 3.091698, "macd_signal": 4.419627, "macd_histogram": -1.327929, "bb_width": 0.092779, "bb_position": 0.346961, "stoch_k": 33.380282, "stoch_d": 41.173709, "adx": 35.639623, "atr_14": 4.00247, "last_close": 147.83, "last_date": "2026-03-03"}