{"return_1d": 0.006677, "return_5d": 0.013671, "return_20d": 0.018006, "return_60d": -0.025556, "return_252d": -0.198961, "sma_20": 46.5525, "sma_50": 45.712316, "sma_200": 47.956865, "price_vs_sma20": -0.028409, "price_vs_sma50": -0.010551, "price_vs_sma200": -0.056861, "volatility_20d": 0.37199, "volatility_60d": 0.286721, "drawdown": -0.441898, "max_drawdown_1y": -0.477392, "volume_ratio": 0.962404, "rsi_14": 46.183019, "macd": -0.234071, "macd_signal": 0.047018, "macd_histogram": -0.281089, "bb_width": 0.142359, "bb_position": 0.294608, "stoch_k": 25.72402, "stoch_d": 20.102215, "adx": 24.730636, "atr_14": 1.298147, "last_close": 45.23, "last_date": "2026-02-27"}