{"return_1d": 0.004897, "return_5d": 0.011878, "return_20d": 0.016205, "return_60d": -0.027279, "return_252d": -0.200378, "sma_20": 46.5485, "sma_50": 45.710716, "sma_200": 47.956465, "price_vs_sma20": -0.030044, "price_vs_sma50": -0.012267, "price_vs_sma200": -0.058521, "volatility_20d": 0.371693, "volatility_60d": 0.28656, "drawdown": -0.442886, "max_drawdown_1y": -0.477392, "volume_ratio": 0.505958, "rsi_14": 45.676794, "macd": -0.240453, "macd_signal": 0.045742, "macd_histogram": -0.286195, "bb_width": 0.14291, "bb_position": 0.283259, "stoch_k": 24.361158, "stoch_d": 19.647927, "adx": 24.730636, "atr_14": 1.298147, "last_close": 45.15, "last_date": "2026-02-27"}