{"return_1d": 0.00023, "return_5d": -0.030269, "return_20d": -0.101649, "return_60d": -0.038022, "return_252d": -0.25171, "sma_20": 46.048, "sma_50": 45.457504, "sma_200": 47.798757, "price_vs_sma20": -0.053813, "price_vs_sma50": -0.041522, "price_vs_sma200": -0.08847, "volatility_20d": 0.292916, "volatility_60d": 0.286727, "drawdown": -0.462382, "max_drawdown_1y": -0.477392, "volume_ratio": 1.035629, "rsi_14": 37.482658, "macd": -0.526026, "macd_signal": -0.222263, "macd_histogram": -0.303764, "bb_width": 0.166693, "bb_position": 0.15881, "stoch_k": 7.678571, "stoch_d": 8.542933, "adx": 27.357193, "atr_14": 1.215148, "last_close": 43.57, "last_date": "2026-03-05"}