{"return_1d": -0.009534, "return_5d": -0.018551, "return_20d": -0.010012, "return_60d": 0.093478, "return_252d": 0.164285, "sma_20": 144.3295, "sma_50": 142.072236, "sma_200": 134.477134, "price_vs_sma20": -0.006648, "price_vs_sma50": 0.009135, "price_vs_sma200": 0.066129, "volatility_20d": 0.194149, "volatility_60d": 0.183222, "drawdown": -0.024362, "max_drawdown_1y": -0.147041, "volume_ratio": 1.444486, "rsi_14": 49.929149, "macd": 0.879622, "macd_signal": 1.055768, "macd_histogram": -0.176146, "bb_width": 0.041978, "bb_position": 0.34057, "stoch_k": 39.477727, "stoch_d": 53.302611, "adx": 14.274836, "atr_14": 3.195283, "last_close": 143.37, "last_date": "2026-03-05"}