{"return_1d": -0.0083, "return_5d": -0.021203, "return_20d": -0.03246, "return_60d": 0.070951, "return_252d": 0.135685, "sma_20": 144.091, "sma_50": 142.070796, "sma_200": 134.580723, "price_vs_sma20": -0.013262, "price_vs_sma50": 0.000769, "price_vs_sma200": 0.056466, "volatility_20d": 0.187414, "volatility_60d": 0.182858, "drawdown": -0.03246, "max_drawdown_1y": -0.147041, "volume_ratio": 1.358785, "rsi_14": 46.438573, "macd": 0.642008, "macd_signal": 0.973016, "macd_histogram": -0.331008, "bb_width": 0.040716, "bb_position": 0.169892, "stoch_k": 39.361702, "stoch_d": 46.505104, "adx": 15.299562, "atr_14": 3.289905, "last_close": 142.18, "last_date": "2026-03-06"}