{"return_1d": -0.005613, "return_5d": 0.006025, "return_20d": 0.03772, "return_60d": 0.098196, "return_252d": 0.20111, "sma_20": 143.979, "sma_50": 141.620482, "sma_200": 133.976737, "price_vs_sma20": 0.008897, "price_vs_sma50": 0.025699, "price_vs_sma200": 0.084218, "volatility_20d": 0.202736, "volatility_60d": 0.181442, "drawdown": -0.011501, "max_drawdown_1y": -0.147041, "volume_ratio": 0.918559, "rsi_14": 56.960562, "macd": 1.077729, "macd_signal": 1.097583, "macd_histogram": -0.019854, "bb_width": 0.046066, "bb_position": 0.691437, "stoch_k": 74.938875, "stoch_d": 60.797272, "adx": 16.709322, "atr_14": 3.25351, "last_close": 145.26, "last_date": "2026-02-27"}