{"return_1d": 0.015832, "return_5d": -0.021168, "return_20d": 0.071581, "return_60d": 0.228556, "return_252d": 0.756212, "sma_20": 468.0655, "sma_50": 446.227, "sma_200": 366.6457, "price_vs_sma20": 0.011632, "price_vs_sma50": 0.061142, "price_vs_sma200": 0.291465, "volatility_20d": 0.346074, "volatility_60d": 0.38374, "drawdown": -0.04515, "max_drawdown_1y": -0.138677, "volume_ratio": 0.776715, "rsi_14": 54.603571, "macd": 7.851136, "macd_signal": 9.38052, "macd_histogram": -1.529385, "bb_width": 0.088038, "bb_position": 0.630604, "stoch_k": 62.801836, "stoch_d": 56.755139, "adx": 19.862683, "atr_14": 13.793964, "last_close": 473.51, "last_date": "2026-03-06"}