{"return_1d": 0.01292, "return_5d": 0.018118, "return_20d": 0.101247, "return_60d": 0.265365, "return_252d": 0.849545, "sma_20": 462.95, "sma_50": 440.7376, "sma_200": 363.16415, "price_vs_sma20": 0.05843, "price_vs_sma50": 0.111773, "price_vs_sma200": 0.349252, "volatility_20d": 0.410137, "volatility_60d": 0.368644, "drawdown": -0.011898, "max_drawdown_1y": -0.138677, "volume_ratio": 1.213801, "rsi_14": 63.189339, "macd": 11.479614, "macd_signal": 10.315654, "macd_histogram": 1.16396, "bb_width": 0.12041, "bb_position": 0.958467, "stoch_k": 95.709439, "stoch_d": 95.084901, "adx": 23.240155, "atr_14": 13.8774, "last_close": 490.0, "last_date": "2026-03-02"}