{"return_1d": 0.012082, "return_5d": 0.031217, "return_20d": -0.025512, "return_60d": 0.239894, "return_252d": 0.796264, "sma_20": 460.67244, "sma_50": 438.845376, "sma_200": 362.208944, "price_vs_sma20": 0.049007, "price_vs_sma50": 0.101182, "price_vs_sma200": 0.334171, "volatility_20d": 0.559073, "volatility_60d": 0.368717, "drawdown": -0.025512, "max_drawdown_1y": -0.138677, "volume_ratio": 0.686698, "rsi_14": 61.003921, "macd": 10.618448, "macd_signal": 10.016668, "macd_histogram": 0.60178, "bb_width": 0.114385, "bb_position": 0.908427, "stoch_k": 99.154957, "stoch_d": 89.833758, "adx": 24.438667, "atr_14": 14.241156, "last_close": 483.2488, "last_date": "2026-02-27"}