{"return_1d": -0.012018, "return_5d": -0.023771, "return_20d": 0.026786, "return_60d": 0.206216, "return_252d": 0.732439, "sma_20": 466.484, "sma_50": 444.9214, "sma_200": 365.7683, "price_vs_sma20": -0.000759, "price_vs_sma50": 0.047668, "price_vs_sma200": 0.274386, "volatility_20d": 0.358901, "volatility_60d": 0.383119, "drawdown": -0.060032, "max_drawdown_1y": -0.138677, "volume_ratio": 0.841681, "rsi_14": 51.690589, "macd": 8.280219, "macd_signal": 9.762866, "macd_histogram": -1.482647, "bb_width": 0.10114, "bb_position": 0.492491, "stoch_k": 48.074237, "stoch_d": 53.182997, "adx": 20.763646, "atr_14": 14.137346, "last_close": 466.13, "last_date": "2026-03-05"}