{"return_1d": -0.044612, "return_5d": -0.013632, "return_20d": 0.096013, "return_60d": 0.210039, "return_252d": 0.778174, "sma_20": 465.0005, "sma_50": 442.1146, "sma_200": 364.03905, "price_vs_sma20": 0.006752, "price_vs_sma50": 0.058866, "price_vs_sma200": 0.285961, "volatility_20d": 0.417067, "volatility_60d": 0.381873, "drawdown": -0.055979, "max_drawdown_1y": -0.138677, "volume_ratio": 1.462522, "rsi_14": 52.813535, "macd": 10.248353, "macd_signal": 10.302194, "macd_histogram": -0.053841, "bb_width": 0.104842, "bb_position": 0.563966, "stoch_k": 52.085412, "stoch_d": 82.478838, "adx": 22.386384, "atr_14": 15.105443, "last_close": 468.14, "last_date": "2026-03-03"}