{"return_1d": 0.002354, "return_5d": -0.077444, "return_20d": -0.061174, "return_60d": 0.083307, "return_252d": 0.783863, "sma_20": 71.736, "sma_50": 71.2436, "sma_200": 58.581963, "price_vs_sma20": -0.050128, "price_vs_sma50": -0.043563, "price_vs_sma200": 0.163157, "volatility_20d": 0.462212, "volatility_60d": 0.328336, "drawdown": -0.110444, "max_drawdown_1y": -0.226967, "volume_ratio": 0.079539, "rsi_14": 42.393352, "macd": -0.451509, "macd_signal": 0.283598, "macd_histogram": -0.735107, "bb_width": 0.161341, "bb_position": 0.172907, "stoch_k": 17.177914, "stoch_d": 25.385377, "adx": 19.067247, "atr_14": 2.67295, "last_close": 68.14, "last_date": "2026-03-06"}