{"return_1d": -0.019124, "return_5d": 0.001356, "return_20d": 0.000813, "return_60d": 0.20963, "return_252d": 0.986889, "sma_20": 73.199, "sma_50": 71.11, "sma_200": 58.04246, "price_vs_sma20": 0.00903, "price_vs_sma50": 0.038672, "price_vs_sma200": 0.272517, "volatility_20d": 0.395685, "volatility_60d": 0.293495, "drawdown": -0.03577, "max_drawdown_1y": -0.226967, "volume_ratio": 1.621579, "rsi_14": 54.127159, "macd": 1.055355, "macd_signal": 0.896943, "macd_histogram": 0.158412, "bb_width": 0.135558, "bb_position": 0.566019, "stoch_k": 77.027027, "stoch_d": 89.317889, "adx": 17.826989, "atr_14": 2.283423, "last_close": 73.86, "last_date": "2026-02-27"}