{"return_1d": -0.006197, "return_5d": -0.116474, "return_20d": -0.110172, "return_60d": 0.094573, "return_252d": 0.656779, "sma_20": 72.119, "sma_50": 71.182, "sma_200": 58.365915, "price_vs_sma20": -0.065988, "price_vs_sma50": -0.053693, "price_vs_sma200": 0.154098, "volatility_20d": 0.429824, "volatility_60d": 0.312996, "drawdown": -0.120627, "max_drawdown_1y": -0.226967, "volume_ratio": 0.092771, "rsi_14": 39.171563, "macd": -0.113331, "macd_signal": 0.587433, "macd_histogram": -0.700764, "bb_width": 0.160058, "bb_position": 0.058595, "stoch_k": 14.285714, "stoch_d": 28.120978, "adx": 19.643004, "atr_14": 2.58086, "last_close": 67.36, "last_date": "2026-03-04"}