{"return_1d": -0.005399, "return_5d": -0.070385, "return_20d": -0.056858, "return_60d": 0.117854, "return_252d": 0.817158, "sma_20": 72.059, "sma_50": 71.2856, "sma_200": 58.490003, "price_vs_sma20": -0.028574, "price_vs_sma50": -0.018034, "price_vs_sma200": 0.196786, "volatility_20d": 0.453104, "volatility_60d": 0.320234, "drawdown": -0.086162, "max_drawdown_1y": -0.226967, "volume_ratio": 0.061709, "rsi_14": 45.802847, "macd": -0.044447, "macd_signal": 0.499603, "macd_histogram": -0.54405, "bb_width": 0.143245, "bb_position": 0.294658, "stoch_k": 36.196319, "stoch_d": 32.65746, "adx": 19.280341, "atr_14": 2.634166, "last_close": 70.0, "last_date": "2026-03-05"}