{"return_1d": -0.043796, "return_5d": -0.078214, "return_20d": -0.110705, "return_60d": 0.08992, "return_252d": 0.677866, "sma_20": 72.553, "sma_50": 71.2048, "sma_200": 58.262583, "price_vs_sma20": -0.0611, "price_vs_sma50": -0.043323, "price_vs_sma200": 0.16919, "volatility_20d": 0.424393, "volatility_60d": 0.311432, "drawdown": -0.110705, "max_drawdown_1y": -0.226967, "volume_ratio": 0.125959, "rsi_14": 40.571339, "macd": 0.333727, "macd_signal": 0.768048, "macd_histogram": -0.434322, "bb_width": 0.149057, "bb_position": 0.063413, "stoch_k": 21.621622, "stoch_d": 50.1287, "adx": 18.494546, "atr_14": 2.544992, "last_close": 68.12, "last_date": "2026-03-03"}