{"return_1d": -0.040076, "return_5d": -0.047299, "return_20d": -0.063161, "return_60d": 0.171514, "return_252d": 0.813457, "sma_20": 72.96, "sma_50": 71.19, "sma_200": 58.15838, "price_vs_sma20": -0.028235, "price_vs_sma50": -0.004074, "price_vs_sma200": 0.219085, "volatility_20d": 0.408653, "volatility_60d": 0.305758, "drawdown": -0.074413, "max_drawdown_1y": -0.226967, "volume_ratio": 0.211115, "rsi_14": 46.445719, "macd": 0.768248, "macd_signal": 0.871204, "macd_histogram": -0.102956, "bb_width": 0.140079, "bb_position": 0.292581, "stoch_k": 48.455598, "stoch_d": 72.136422, "adx": 18.088495, "atr_14": 2.494607, "last_close": 70.9, "last_date": "2026-03-02"}