{"return_1d": -0.021477, "return_5d": -0.099377, "return_20d": -0.083494, "return_60d": 0.057552, "return_252d": 0.741452, "sma_20": 71.655, "sma_50": 71.2112, "sma_200": 58.573863, "price_vs_sma20": -0.071663, "price_vs_sma50": -0.065877, "price_vs_sma200": 0.13566, "volatility_20d": 0.466446, "volatility_60d": 0.331701, "drawdown": -0.131593, "max_drawdown_1y": -0.226967, "volume_ratio": 1.380436, "rsi_14": 39.42479, "macd": -0.58074, "macd_signal": 0.257752, "macd_histogram": -0.838492, "bb_width": 0.172834, "bb_position": 0.053359, "stoch_k": 10.989011, "stoch_d": 23.322409, "adx": 19.680663, "atr_14": 2.857236, "last_close": 66.52, "last_date": "2026-03-06"}