{"return_1d": 0.049741, "return_5d": 0.088844, "return_20d": 0.531765, "return_60d": 0.889315, "return_252d": 2.28899, "sma_20": 133.428735, "sma_50": 108.354072, "sma_200": 78.816406, "price_vs_sma20": 0.183103, "price_vs_sma50": 0.45689, "price_vs_sma200": 1.002882, "volatility_20d": 0.64601, "volatility_60d": 0.580419, "drawdown": -0.014183, "max_drawdown_1y": -0.275677, "volume_ratio": 1.180995, "rsi_14": 74.073508, "macd": 13.755528, "macd_signal": 12.271843, "macd_histogram": 1.483685, "bb_width": 0.381929, "bb_position": 0.905221, "stoch_k": 89.422651, "stoch_d": 78.453257, "adx": 49.665906, "atr_14": 7.55291, "last_close": 157.86, "last_date": "2026-03-02"}