{"return_1d": -0.069732, "return_5d": -0.101853, "return_20d": 0.230663, "return_60d": 0.570217, "return_252d": 1.941947, "sma_20": 138.175235, "sma_50": 111.703566, "sma_200": 80.24861, "price_vs_sma20": -0.024861, "price_vs_sma50": 0.206228, "price_vs_sma200": 0.679032, "volatility_20d": 0.748733, "volatility_60d": 0.624477, "drawdown": -0.158564, "max_drawdown_1y": -0.275677, "volume_ratio": 1.356438, "rsi_14": 52.314585, "macd": 10.489229, "macd_signal": 11.996302, "macd_histogram": -1.507073, "bb_width": 0.355962, "bb_position": 0.428376, "stoch_k": 27.323028, "stoch_d": 47.852791, "adx": 43.968114, "atr_14": 8.668791, "last_close": 134.74, "last_date": "2026-03-05"}