{"return_1d": 0.0024, "return_5d": 0.079927, "return_20d": 0.462725, "return_60d": 0.817378, "return_252d": 2.069869, "sma_20": 130.688615, "sma_50": 106.919456, "sma_200": 78.261671, "price_vs_sma20": 0.150674, "price_vs_sma50": 0.406479, "price_vs_sma200": 0.921503, "volatility_20d": 0.641193, "volatility_60d": 0.574865, "drawdown": -0.060894, "max_drawdown_1y": -0.275677, "volume_ratio": 1.130379, "rsi_14": 70.67746, "macd": 13.395984, "macd_signal": 11.900921, "macd_histogram": 1.495063, "bb_width": 0.408589, "bb_position": 0.820479, "stoch_k": 70.132309, "stoch_d": 80.99291, "adx": 49.240869, "atr_14": 7.359287, "last_close": 150.38, "last_date": "2026-02-27"}