{"return_1d": 0.000466, "return_5d": 0.077844, "return_20d": 0.459903, "return_60d": 0.813872, "return_252d": 2.063942, "sma_20": 130.918, "sma_50": 107.1132, "sma_200": 78.406285, "price_vs_sma20": 0.148582, "price_vs_sma50": 0.403842, "price_vs_sma200": 0.917831, "volatility_20d": 0.641932, "volatility_60d": 0.574997, "drawdown": -0.062706, "max_drawdown_1y": -0.275676, "volume_ratio": 0.800577, "rsi_14": 70.538458, "macd": 13.397801, "macd_signal": 11.918496, "macd_histogram": 1.479305, "bb_width": 0.408887, "bb_position": 0.816374, "stoch_k": 69.373368, "stoch_d": 80.739932, "adx": 49.189834, "atr_14": 7.371251, "last_close": 150.37, "last_date": "2026-02-27"}