{"return_1d": -0.065184, "return_5d": -0.024702, "return_20d": 0.339665, "return_60d": 0.769543, "return_252d": 1.986927, "sma_20": 135.299515, "sma_50": 109.600254, "sma_200": 79.322697, "price_vs_sma20": 0.090691, "price_vs_sma50": 0.346438, "price_vs_sma200": 0.860375, "volatility_20d": 0.691563, "volatility_60d": 0.6007, "drawdown": -0.078443, "max_drawdown_1y": -0.275677, "volume_ratio": 1.129005, "rsi_14": 63.225223, "macd": 13.059609, "macd_signal": 12.429396, "macd_histogram": 0.630213, "bb_width": 0.389611, "bb_position": 0.713419, "stoch_k": 61.784021, "stoch_d": 73.77966, "adx": 48.103222, "atr_14": 8.18913, "last_close": 147.57, "last_date": "2026-03-03"}