{"return_1d": -0.0185, "return_5d": -0.095491, "return_20d": 0.286553, "return_60d": 0.69819, "return_252d": 2.047114, "sma_20": 136.91252, "sma_50": 110.762692, "sma_200": 79.812431, "price_vs_sma20": 0.057902, "price_vs_sma50": 0.307661, "price_vs_sma200": 0.814755, "volatility_20d": 0.701478, "volatility_60d": 0.602977, "drawdown": -0.095491, "max_drawdown_1y": -0.275677, "volume_ratio": 0.96186, "rsi_14": 60.685901, "macd": 12.147768, "macd_signal": 12.37307, "macd_histogram": -0.225302, "bb_width": 0.37333, "bb_position": 0.646607, "stoch_k": 54.451324, "stoch_d": 68.552665, "adx": 46.773462, "atr_14": 8.325621, "last_close": 144.84, "last_date": "2026-03-04"}