{"return_1d": -0.010655, "return_5d": -0.042205, "return_20d": -0.094981, "return_60d": -0.004253, "return_252d": 0.571137, "sma_20": 79.910195, "sma_50": 81.460678, "sma_200": 64.868203, "price_vs_sma20": -0.058818, "price_vs_sma50": -0.076732, "price_vs_sma200": 0.159428, "volatility_20d": 0.305568, "volatility_60d": 0.349575, "drawdown": -0.12725, "max_drawdown_1y": -0.335439, "volume_ratio": 0.992481, "rsi_14": 36.706437, "macd": -1.351884, "macd_signal": -0.73091, "macd_histogram": -0.620974, "bb_width": 0.118067, "bb_position": -0.029314, "stoch_k": 17.916141, "stoch_d": 27.943046, "adx": 19.712718, "atr_14": 2.63185, "last_close": 75.21, "last_date": "2026-03-06"}