{"return_1d": -0.006301, "return_5d": -0.049453, "return_20d": -0.083066, "return_60d": 0.036608, "return_252d": 0.589055, "sma_20": 81.355, "sma_50": 81.9808, "sma_200": 64.617641, "price_vs_sma20": -0.050212, "price_vs_sma50": -0.057462, "price_vs_sma200": 0.195803, "volatility_20d": 0.312308, "volatility_60d": 0.342477, "drawdown": -0.105464, "max_drawdown_1y": -0.33544, "volume_ratio": 1.126529, "rsi_14": 39.338633, "macd": -0.848414, "macd_signal": -0.323429, "macd_histogram": -0.524985, "bb_width": 0.120237, "bb_position": 0.060312, "stoch_k": 31.622177, "stoch_d": 25.548194, "adx": 16.666842, "atr_14": 2.604492, "last_close": 77.27, "last_date": "2026-03-03"}