{"return_1d": -0.01207, "return_5d": -0.023851, "return_20d": -0.074286, "return_60d": 0.057768, "return_252d": 0.649492, "sma_20": 81.705, "sma_50": 82.0456, "sma_200": 64.480897, "price_vs_sma20": -0.048283, "price_vs_sma50": -0.052234, "price_vs_sma200": 0.205939, "volatility_20d": 0.31326, "volatility_60d": 0.343196, "drawdown": -0.099792, "max_drawdown_1y": -0.33544, "volume_ratio": 1.102918, "rsi_14": 40.408026, "macd": -0.630557, "macd_signal": -0.192182, "macd_histogram": -0.438375, "bb_width": 0.113435, "bb_position": 0.052757, "stoch_k": 30.596175, "stoch_d": 27.52078, "adx": 15.160269, "atr_14": 2.530222, "last_close": 77.76, "last_date": "2026-03-02"}