{"return_1d": -0.030534, "return_5d": -0.056814, "return_20d": -0.116931, "return_60d": 0.001972, "return_252d": 0.702546, "sma_20": 80.495, "sma_50": 81.8064, "sma_200": 64.893073, "price_vs_sma20": -0.053357, "price_vs_sma50": -0.068533, "price_vs_sma200": 0.174239, "volatility_20d": 0.323034, "volatility_60d": 0.348987, "drawdown": -0.117851, "max_drawdown_1y": -0.33544, "volume_ratio": 1.041148, "rsi_14": 38.34392, "macd": -1.127521, "macd_signal": -0.577032, "macd_histogram": -0.550489, "bb_width": 0.107546, "bb_position": -0.0241, "stoch_k": 20.63655, "stoch_d": 32.511978, "adx": 18.244356, "atr_14": 2.635149, "last_close": 76.2, "last_date": "2026-03-05"}