{"return_1d": -0.025746, "return_5d": -0.034352, "return_20d": -0.087526, "return_60d": 0.081112, "return_252d": 0.641046, "sma_20": 82.017, "sma_50": 82.1256, "sma_200": 64.342447, "price_vs_sma20": -0.040321, "price_vs_sma50": -0.04159, "price_vs_sma200": 0.223298, "volatility_20d": 0.322177, "volatility_60d": 0.342513, "drawdown": -0.088794, "max_drawdown_1y": -0.33544, "volume_ratio": 1.657263, "rsi_14": 42.487342, "macd": -0.393212, "macd_signal": -0.082589, "macd_histogram": -0.310624, "bb_width": 0.104775, "bb_position": 0.098998, "stoch_k": 14.42623, "stoch_d": 35.616416, "adx": 13.785609, "atr_14": 2.442547, "last_close": 78.71, "last_date": "2026-02-27"}