{"return_1d": 0.02223, "return_5d": 0.012882, "return_20d": 0.370983, "return_60d": 0.483356, "return_252d": 0.690986, "sma_20": 210.4195, "sma_50": 176.2142, "sma_200": 165.38, "price_vs_sma20": 0.094861, "price_vs_sma50": 0.307386, "price_vs_sma200": 0.393034, "volatility_20d": 0.728704, "volatility_60d": 0.559023, "drawdown": -0.544524, "max_drawdown_1y": -0.798497, "volume_ratio": 0.604131, "rsi_14": 68.704127, "macd": 16.95884, "macd_signal": 16.989049, "macd_histogram": -0.030209, "bb_width": 0.4276, "bb_position": 0.702623, "stoch_k": 81.875106, "stoch_d": 81.811661, "adx": 45.689083, "atr_14": 10.083255, "last_close": 230.38, "last_date": "2026-03-02"}