{"return_1d": -0.039804, "return_5d": -0.059361, "return_20d": 0.293928, "return_60d": 0.389772, "return_252d": 0.624752, "sma_20": 212.932, "sma_50": 177.742, "sma_200": 165.8435, "price_vs_sma20": 0.038876, "price_vs_sma50": 0.244557, "price_vs_sma200": 0.333848, "volatility_20d": 0.755894, "volatility_60d": 0.565953, "drawdown": -0.562653, "max_drawdown_1y": -0.798497, "volume_ratio": 0.783586, "rsi_14": 60.327783, "macd": 15.509446, "macd_signal": 16.693129, "macd_histogram": -1.183682, "bb_width": 0.41557, "bb_position": 0.590048, "stoch_k": 61.088276, "stoch_d": 72.286366, "adx": 44.366335, "atr_14": 10.460879, "last_close": 221.21, "last_date": "2026-03-03"}