{"return_1d": -0.067593, "return_5d": -0.094733, "return_20d": 0.183617, "return_60d": 0.243721, "return_252d": 0.56854, "sma_20": 218.9765, "sma_50": 182.2968, "sma_200": 167.13285, "price_vs_sma20": -0.068302, "price_vs_sma50": 0.119164, "price_vs_sma200": 0.220706, "volatility_20d": 0.800972, "volatility_60d": 0.584498, "drawdown": -0.596639, "max_drawdown_1y": -0.798497, "volume_ratio": 0.668295, "rsi_14": 47.048293, "macd": 10.392625, "macd_signal": 14.486736, "macd_histogram": -4.094111, "bb_width": 0.325551, "bb_position": 0.274816, "stoch_k": 3.814219, "stoch_d": 17.148977, "adx": 38.693354, "atr_14": 10.886455, "last_close": 204.02, "last_date": "2026-03-06"}