{"return_1d": -0.001447, "return_5d": -0.06632, "return_20d": 0.274758, "return_60d": 0.353161, "return_252d": 0.687729, "sma_20": 215.3125, "sma_50": 179.42, "sma_200": 166.31065, "price_vs_sma20": 0.025904, "price_vs_sma50": 0.231134, "price_vs_sma200": 0.328177, "volatility_20d": 0.757876, "volatility_60d": 0.56469, "drawdown": -0.563286, "max_drawdown_1y": -0.798497, "volume_ratio": 0.516083, "rsi_14": 60.052633, "macd": 14.171608, "macd_signal": 16.188825, "macd_histogram": -2.017216, "bb_width": 0.382884, "bb_position": 0.565947, "stoch_k": 27.546628, "stoch_d": 56.83667, "adx": 43.223181, "atr_14": 10.267959, "last_close": 220.89, "last_date": "2026-03-04"}