{"return_1d": -0.009416, "return_5d": -0.066311, "return_20d": 0.234959, "return_60d": 0.347933, "return_252d": 0.713201, "sma_20": 217.394, "sma_50": 181.0174, "sma_200": 166.7575, "price_vs_sma20": 0.006514, "price_vs_sma50": 0.208779, "price_vs_sma200": 0.312145, "volatility_20d": 0.761151, "volatility_60d": 0.565071, "drawdown": -0.567398, "max_drawdown_1y": -0.798497, "volume_ratio": 0.750321, "rsi_14": 58.194687, "macd": 12.796019, "macd_signal": 15.510263, "macd_histogram": -2.714245, "bb_width": 0.351938, "bb_position": 0.518388, "stoch_k": 20.086083, "stoch_d": 36.240329, "adx": 41.654508, "atr_14": 10.473105, "last_close": 218.81, "last_date": "2026-03-05"}