{"return_1d": -0.007844, "return_5d": -0.042469, "return_20d": -0.098808, "return_60d": -0.048451, "return_252d": 0.732107, "sma_20": 309.084, "sma_50": 319.7824, "sma_200": 252.877289, "price_vs_sma20": -0.034178, "price_vs_sma50": -0.06649, "price_vs_sma200": 0.180494, "volatility_20d": 0.234037, "volatility_60d": 0.217647, "drawdown": -0.131427, "max_drawdown_1y": -0.298059, "volume_ratio": 0.687809, "rsi_14": 34.791167, "macd": -5.459726, "macd_signal": -4.541256, "macd_histogram": -0.91847, "bb_width": 0.093244, "bb_position": 0.120481, "stoch_k": 13.722268, "stoch_d": 21.061699, "adx": 32.609591, "atr_14": 8.362054, "last_close": 298.52, "last_date": "2026-03-06"}