{"return_1d": -0.01628, "return_5d": -0.0171, "return_20d": -0.095029, "return_60d": -0.029935, "return_252d": 0.806902, "sma_20": 316.446, "sma_50": 320.5066, "sma_200": 250.873766, "price_vs_sma20": -0.031873, "price_vs_sma50": -0.044138, "price_vs_sma200": 0.221172, "volatility_20d": 0.248387, "volatility_60d": 0.222817, "drawdown": -0.111743, "max_drawdown_1y": -0.293501, "volume_ratio": 0.852033, "rsi_14": 40.43235, "macd": -4.457124, "macd_signal": -3.893573, "macd_histogram": -0.563551, "bb_width": 0.159662, "bb_position": 0.293801, "stoch_k": 38.253134, "stoch_d": 38.582214, "adx": 30.574014, "atr_14": 8.947861, "last_close": 306.36, "last_date": "2026-03-02"}