{"return_1d": -0.00837, "return_5d": -0.020316, "return_20d": -0.097288, "return_60d": -0.065149, "return_252d": 0.750081, "sma_20": 310.895, "sma_50": 320.4566, "sma_200": 252.922018, "price_vs_sma20": -0.032117, "price_vs_sma50": -0.060996, "price_vs_sma200": 0.189734, "volatility_20d": 0.224726, "volatility_60d": 0.219973, "drawdown": -0.127544, "max_drawdown_1y": -0.293501, "volume_ratio": 0.923045, "rsi_14": 36.214092, "macd": -5.227673, "macd_signal": -4.437013, "macd_histogram": -0.79066, "bb_width": 0.105822, "bb_position": 0.18643, "stoch_k": 18.50501, "stoch_d": 25.451044, "adx": 31.98229, "atr_14": 8.452536, "last_close": 300.91, "last_date": "2026-03-05"}