{"return_1d": -0.007423, "return_5d": -0.021146, "return_20d": -0.096565, "return_60d": -0.062854, "return_252d": 0.76725, "sma_20": 310.7205, "sma_50": 320.0076, "sma_200": 252.215096, "price_vs_sma20": -0.03167, "price_vs_sma50": -0.059772, "price_vs_sma200": 0.19295, "volatility_20d": 0.233815, "volatility_60d": 0.221878, "drawdown": -0.12456, "max_drawdown_1y": -0.298059, "volume_ratio": 0.886324, "rsi_14": 36.594282, "macd": -5.098139, "macd_signal": -4.311638, "macd_histogram": -0.786501, "bb_width": 0.106962, "bb_position": 0.194232, "stoch_k": 19.896863, "stoch_d": 26.335789, "adx": 31.910142, "atr_14": 8.566828, "last_close": 300.88, "last_date": "2026-03-05"}