{"return_1d": -0.009592, "return_5d": -0.023545, "return_20d": -0.116704, "return_60d": -0.049593, "return_252d": 0.789811, "sma_20": 314.1575, "sma_50": 320.1198, "sma_200": 250.84125, "price_vs_sma20": -0.033669, "price_vs_sma50": -0.051668, "price_vs_sma200": 0.210248, "volatility_20d": 0.239864, "volatility_60d": 0.223209, "drawdown": -0.116704, "max_drawdown_1y": -0.298059, "volume_ratio": 0.836524, "rsi_14": 38.699647, "macd": -4.58498, "macd_signal": -3.943076, "macd_histogram": -0.641904, "bb_width": 0.139521, "bb_position": 0.25027, "stoch_k": 29.544538, "stoch_d": 39.754058, "adx": 31.155545, "atr_14": 9.132534, "last_close": 303.58, "last_date": "2026-03-03"}