{"return_1d": -0.001482, "return_5d": -0.031224, "return_20d": -0.10768, "return_60d": -0.044996, "return_252d": 0.822149, "sma_20": 312.3285, "sma_50": 320.1332, "sma_200": 251.539357, "price_vs_sma20": -0.029451, "price_vs_sma50": -0.053113, "price_vs_sma200": 0.2051, "volatility_20d": 0.239469, "volatility_60d": 0.222917, "drawdown": -0.118013, "max_drawdown_1y": -0.298059, "volume_ratio": 0.701736, "rsi_14": 38.354034, "macd": -4.80276, "macd_signal": -4.115013, "macd_histogram": -0.687747, "bb_width": 0.119648, "bb_position": 0.24638, "stoch_k": 29.565965, "stoch_d": 33.170587, "adx": 31.418435, "atr_14": 8.817353, "last_close": 303.13, "last_date": "2026-03-04"}