{"return_1d": -0.008674, "return_5d": -0.04216, "return_20d": -0.099689, "return_60d": -0.05136, "return_252d": 0.711305, "sma_20": 309.2435, "sma_50": 320.196, "sma_200": 253.576471, "price_vs_sma20": -0.035388, "price_vs_sma50": -0.068383, "price_vs_sma200": 0.176371, "volatility_20d": 0.22508, "volatility_60d": 0.215744, "drawdown": -0.135112, "max_drawdown_1y": -0.293501, "volume_ratio": 0.77164, "rsi_14": 34.229004, "macd": -5.604578, "macd_signal": -4.670526, "macd_histogram": -0.934052, "bb_width": 0.09261, "bb_position": 0.103863, "stoch_k": 12.600702, "stoch_d": 20.257538, "adx": 32.699996, "atr_14": 8.253069, "last_close": 298.3, "last_date": "2026-03-06"}