{"return_1d": 0.000228, "return_5d": -0.024389, "return_20d": -0.092836, "return_60d": -0.024434, "return_252d": 0.765404, "sma_20": 317.844, "sma_50": 320.4498, "sma_200": 250.123158, "price_vs_sma20": -0.033425, "price_vs_sma50": -0.041285, "price_vs_sma200": 0.228275, "volatility_20d": 0.236405, "volatility_60d": 0.218491, "drawdown": -0.109249, "max_drawdown_1y": -0.293501, "volume_ratio": 0.485318, "rsi_14": 39.816173, "macd": -4.63782, "macd_signal": -3.819853, "macd_histogram": -0.817966, "bb_width": 0.169699, "bb_position": 0.296221, "stoch_k": 33.463035, "stoch_d": 36.322954, "adx": 30.315565, "atr_14": 8.654216, "last_close": 307.22, "last_date": "2026-02-27"}