{"return_1d": -0.000362, "return_5d": -0.030604, "return_20d": -0.109334, "return_60d": -0.046302, "return_252d": 0.806185, "sma_20": 312.5165, "sma_50": 320.6106, "sma_200": 252.252322, "price_vs_sma20": -0.029011, "price_vs_sma50": -0.053525, "price_vs_sma200": 0.202962, "volatility_20d": 0.232136, "volatility_60d": 0.220936, "drawdown": -0.12018, "max_drawdown_1y": -0.293501, "volume_ratio": 0.792358, "rsi_14": 38.216949, "macd": -4.936311, "macd_signal": -4.239348, "macd_histogram": -0.696963, "bb_width": 0.118598, "bb_position": 0.248072, "stoch_k": 29.666901, "stoch_d": 32.033752, "adx": 31.473068, "atr_14": 8.688885, "last_close": 303.45, "last_date": "2026-03-04"}