{"return_1d": 0.013935, "return_5d": -0.011019, "return_20d": -0.080405, "return_60d": -0.011065, "return_252d": 0.789596, "sma_20": 318.0545, "sma_50": 320.534, "sma_200": 250.144209, "price_vs_sma20": -0.020828, "price_vs_sma50": -0.028403, "price_vs_sma200": 0.245002, "volatility_20d": 0.245084, "volatility_60d": 0.220434, "drawdown": -0.097043, "max_drawdown_1y": -0.293501, "volume_ratio": 1.300927, "rsi_14": 44.603275, "macd": -4.301979, "macd_signal": -3.752685, "macd_histogram": -0.549294, "bb_width": 0.165606, "bb_position": 0.371555, "stoch_k": 47.114137, "stoch_d": 40.873321, "adx": 30.315565, "atr_14": 8.838466, "last_close": 311.43, "last_date": "2026-02-27"}