{"return_1d": 0.001692, "return_5d": -0.022478, "return_20d": -0.089727, "return_60d": -0.021559, "return_252d": 0.789533, "sma_20": 317.544, "sma_50": 319.9064, "sma_200": 249.391476, "price_vs_sma20": -0.030371, "price_vs_sma50": -0.037531, "price_vs_sma200": 0.234605, "volatility_20d": 0.240646, "volatility_60d": 0.219442, "drawdown": -0.104135, "max_drawdown_1y": -0.298059, "volume_ratio": 0.484648, "rsi_14": 40.998934, "macd": -4.449638, "macd_signal": -3.718299, "macd_histogram": -0.731339, "bb_width": 0.167304, "bb_position": 0.312785, "stoch_k": 37.042925, "stoch_d": 38.44836, "adx": 30.351533, "atr_14": 8.796443, "last_close": 307.9, "last_date": "2026-02-27"}