{"return_1d": -0.017967, "return_5d": -0.020199, "return_20d": -0.175846, "return_60d": -0.093633, "return_252d": -0.037754, "sma_20": 131.4655, "sma_50": 131.0106, "sma_200": 129.56041, "price_vs_sma20": -0.114444, "price_vs_sma50": -0.11137, "price_vs_sma200": -0.101423, "volatility_20d": 0.583863, "volatility_60d": 0.396485, "drawdown": -0.322555, "max_drawdown_1y": -0.4001, "volume_ratio": 0.678931, "rsi_14": 31.688268, "macd": -5.500281, "macd_signal": -3.653627, "macd_histogram": -1.846654, "bb_width": 0.486348, "bb_position": 0.234275, "stoch_k": 6.83806, "stoch_d": 9.300261, "adx": 39.382026, "atr_14": 4.178243, "last_close": 116.42, "last_date": "2026-03-03"}