{"return_1d": -0.005953, "return_5d": 0.020575, "return_20d": -0.147061, "return_60d": -0.073328, "return_252d": -0.002658, "sma_20": 132.7075, "sma_50": 131.2434, "sma_200": 129.585112, "price_vs_sma20": -0.106682, "price_vs_sma50": -0.096716, "price_vs_sma200": -0.085157, "volatility_20d": 0.589488, "volatility_60d": 0.395099, "drawdown": -0.310161, "max_drawdown_1y": -0.4001, "volume_ratio": 0.690353, "rsi_14": 33.782139, "macd": -5.330262, "macd_signal": -3.191963, "macd_histogram": -2.138298, "bb_width": 0.4679, "bb_position": 0.24477, "stoch_k": 9.559025, "stoch_d": 8.330991, "adx": 39.720081, "atr_14": 4.137339, "last_close": 118.55, "last_date": "2026-03-02"}