{"return_1d": 0.020537, "return_5d": 0.010164, "return_20d": -0.141273, "return_60d": -0.074952, "return_252d": 0.008163, "sma_20": 133.7295, "sma_50": 131.4616, "sma_200": 129.584316, "price_vs_sma20": -0.1082, "price_vs_sma50": -0.092815, "price_vs_sma200": -0.079673, "volatility_20d": 0.590165, "volatility_60d": 0.395209, "drawdown": -0.30603, "max_drawdown_1y": -0.4001, "volume_ratio": 0.870207, "rsi_14": 34.487493, "macd": -5.252597, "macd_signal": -2.657389, "macd_histogram": -2.595209, "bb_width": 0.453985, "bb_position": 0.23275, "stoch_k": 11.503698, "stoch_d": 6.242426, "adx": 40.489184, "atr_14": 4.214826, "last_close": 119.26, "last_date": "2026-02-27"}