{"return_1d": 0.012712, "return_5d": 0.002139, "return_20d": -0.208449, "return_60d": -0.100814, "return_252d": -0.016216, "sma_20": 128.5635, "sma_50": 130.6378, "sma_200": 129.473095, "price_vs_sma20": -0.089088, "price_vs_sma50": -0.103552, "price_vs_sma200": -0.095488, "volatility_20d": 0.560526, "volatility_60d": 0.396957, "drawdown": -0.31854, "max_drawdown_1y": -0.4001, "volume_ratio": 0.783543, "rsi_14": 34.122392, "macd": -5.555572, "macd_signal": -4.35072, "macd_histogram": -1.204852, "bb_width": 0.476616, "bb_position": 0.294801, "stoch_k": 9.22426, "stoch_d": 6.944353, "adx": 38.747452, "atr_14": 3.851852, "last_close": 117.11, "last_date": "2026-03-05"}