{"return_1d": -0.0067, "return_5d": -0.010948, "return_20d": -0.190423, "return_60d": -0.105646, "return_252d": -0.037418, "sma_20": 130.1055, "sma_50": 130.8048, "sma_200": 129.515984, "price_vs_sma20": -0.111183, "price_vs_sma50": -0.115935, "price_vs_sma200": -0.107137, "volatility_20d": 0.579123, "volatility_60d": 0.396284, "drawdown": -0.327094, "max_drawdown_1y": -0.4001, "volume_ratio": 0.774164, "rsi_14": 30.932179, "macd": -5.633027, "macd_signal": -4.049507, "macd_histogram": -1.58352, "bb_width": 0.494738, "bb_position": 0.247158, "stoch_k": 4.770739, "stoch_d": 7.055941, "adx": 39.068119, "atr_14": 4.011226, "last_close": 115.64, "last_date": "2026-03-04"}