{"return_1d": 0.018826, "return_5d": 0.00847, "return_20d": -0.142713, "return_60d": -0.076503, "return_252d": 0.006472, "sma_20": 133.7195, "sma_50": 131.4576, "sma_200": 129.583316, "price_vs_sma20": -0.109629, "price_vs_sma50": -0.094309, "price_vs_sma200": -0.081209, "volatility_20d": 0.589141, "volatility_60d": 0.394827, "drawdown": -0.307193, "max_drawdown_1y": -0.4001, "volume_ratio": 0.456087, "rsi_14": 34.127736, "macd": -5.268552, "macd_signal": -2.66058, "macd_histogram": -2.607972, "bb_width": 0.455109, "bb_position": 0.229456, "stoch_k": 10.83379, "stoch_d": 6.019124, "adx": 40.531793, "atr_14": 4.200533, "last_close": 119.06, "last_date": "2026-02-27"}