{"return_1d": -0.018176, "return_5d": -0.073178, "return_20d": 0.071268, "return_60d": 0.005627, "return_252d": -0.238112, "sma_20": 74.21875, "sma_50": 76.1643, "sma_200": 79.838504, "price_vs_sma20": 0.029861, "price_vs_sma50": 0.003554, "price_vs_sma200": -0.04263, "volatility_20d": 0.73464, "volatility_60d": 0.476758, "drawdown": -0.636197, "max_drawdown_1y": -0.68179, "volume_ratio": 0.702557, "rsi_14": 51.720136, "macd": 1.001514, "macd_signal": 0.405544, "macd_histogram": 0.59597, "bb_width": 0.235341, "bb_position": 0.623205, "stoch_k": 57.668919, "stoch_d": 64.245495, "adx": 26.657619, "atr_14": 2.82741, "last_close": 76.435, "last_date": "2026-02-27"}