{"return_1d": 0.009282, "return_5d": 0.005652, "return_20d": 0.105791, "return_60d": -0.004063, "return_252d": -0.204099, "sma_20": 75.7055, "sma_50": 75.8612, "sma_200": 79.754606, "price_vs_sma20": 0.034139, "price_vs_sma50": 0.032016, "price_vs_sma200": -0.018364, "volatility_20d": 0.666888, "volatility_60d": 0.472332, "drawdown": -0.627368, "max_drawdown_1y": -0.68179, "volume_ratio": 0.621974, "rsi_14": 55.382771, "macd": 1.016758, "macd_signal": 0.764333, "macd_histogram": 0.252425, "bb_width": 0.211233, "bb_position": 0.656282, "stoch_k": 69.815195, "stoch_d": 67.123083, "adx": 20.948788, "atr_14": 2.856355, "last_close": 78.29, "last_date": "2026-03-05"}