{"return_1d": -0.005312, "return_5d": 0.015709, "return_20d": 0.235329, "return_60d": 0.289588, "return_252d": 0.13216, "sma_20": 222.7865, "sma_50": 213.0566, "sma_200": 217.953155, "price_vs_sma20": 0.134764, "price_vs_sma50": 0.186586, "price_vs_sma200": 0.159928, "volatility_20d": 0.461393, "volatility_60d": 0.330952, "drawdown": -0.02262, "max_drawdown_1y": -0.279748, "volume_ratio": 0.310982, "rsi_14": 76.554804, "macd": 12.655908, "macd_signal": 8.648599, "macd_histogram": 4.007309, "bb_width": 0.336421, "bb_position": 0.853007, "stoch_k": 92.825031, "stoch_d": 93.383879, "adx": 39.017926, "atr_14": 7.949313, "last_close": 252.81, "last_date": "2026-02-27"}