{"return_1d": -0.043833, "return_5d": -0.055044, "return_20d": 0.170077, "return_60d": 0.184733, "return_252d": 0.10878, "sma_20": 231.8955, "sma_50": 216.7544, "sma_200": 218.948346, "price_vs_sma20": 0.035682, "price_vs_sma50": 0.108028, "price_vs_sma200": 0.096925, "volatility_20d": 0.479681, "volatility_60d": 0.347209, "drawdown": -0.071487, "max_drawdown_1y": -0.279748, "volume_ratio": 0.708953, "rsi_14": 57.95085, "macd": 11.289068, "macd_signal": 10.777572, "macd_histogram": 0.511497, "bb_width": 0.350298, "bb_position": 0.598352, "stoch_k": 68.245179, "stoch_d": 82.38395, "adx": 38.793746, "atr_14": 8.461834, "last_close": 240.17, "last_date": "2026-03-05"}