{"return_1d": 0.001955, "return_5d": -0.003214, "return_20d": 0.248285, "return_60d": 0.248241, "return_252d": 0.128341, "sma_20": 230.15, "sma_50": 215.9834, "sma_200": 218.761148, "price_vs_sma20": 0.091375, "price_vs_sma50": 0.16296, "price_vs_sma200": 0.148193, "volatility_20d": 0.439507, "volatility_60d": 0.33325, "drawdown": -0.028922, "max_drawdown_1y": -0.279748, "volume_ratio": 0.845016, "rsi_14": 71.477112, "macd": 12.527738, "macd_signal": 10.649698, "macd_histogram": 1.87804, "bb_width": 0.345749, "bb_position": 0.742155, "stoch_k": 89.893904, "stoch_d": 91.985854, "adx": 40.508164, "atr_14": 8.098128, "last_close": 251.18, "last_date": "2026-03-04"}