{"return_1d": -0.017518, "return_5d": -0.003181, "return_20d": 0.211531, "return_60d": 0.262233, "return_252d": 0.112809, "sma_20": 227.652, "sma_50": 215.0038, "sma_200": 218.502309, "price_vs_sma20": 0.101198, "price_vs_sma50": 0.165979, "price_vs_sma200": 0.147311, "volatility_20d": 0.460004, "volatility_60d": 0.333762, "drawdown": -0.030816, "max_drawdown_1y": -0.279748, "volume_ratio": 1.204133, "rsi_14": 71.199304, "macd": 12.805491, "macd_signal": 10.180188, "macd_histogram": 2.625304, "bb_width": 0.351348, "bb_position": 0.761559, "stoch_k": 89.012767, "stoch_d": 92.974885, "adx": 40.211279, "atr_14": 8.344138, "last_close": 250.69, "last_date": "2026-03-03"}