{"return_1d": -0.074736, "return_5d": -0.067954, "return_20d": -0.085681, "return_60d": 0.065327, "return_252d": 0.419804, "sma_20": 919.6635, "sma_50": 921.7678, "sma_200": 778.628841, "price_vs_sma20": -0.065343, "price_vs_sma50": -0.067477, "price_vs_sma200": 0.103953, "volatility_20d": 0.421405, "volatility_60d": 0.332789, "drawdown": -0.119167, "max_drawdown_1y": -0.308957, "volume_ratio": 2.163537, "rsi_14": 38.088997, "macd": -6.560617, "macd_signal": -1.709786, "macd_histogram": -4.850831, "bb_width": 0.10293, "bb_position": -0.179212, "stoch_k": 4.744398, "stoch_d": 39.271374, "adx": 14.204253, "atr_14": 32.774823, "last_close": 859.57, "last_date": "2026-02-27"}