{"return_1d": -0.016805, "return_5d": -0.039354, "return_20d": -0.072626, "return_60d": -0.047245, "return_252d": 0.413724, "sma_20": 897.25787, "sma_50": 913.96798, "sma_200": 780.79222, "price_vs_sma20": -0.084522, "price_vs_sma50": -0.10126, "price_vs_sma200": 0.052034, "volatility_20d": 0.424943, "volatility_60d": 0.335329, "drawdown": -0.153831, "max_drawdown_1y": -0.308957, "volume_ratio": 0.936619, "rsi_14": 33.482808, "macd": -19.750391, "macd_signal": -10.727958, "macd_histogram": -9.022434, "bb_width": 0.169188, "bb_position": -0.045698, "stoch_k": 14.207057, "stoch_d": 18.644342, "adx": 20.155663, "atr_14": 33.589282, "last_close": 821.42, "last_date": "2026-03-06"}