{"return_1d": 0.004713, "return_5d": -0.037037, "return_20d": 0.025081, "return_60d": 0.181257, "return_252d": 0.438196, "sma_20": 2185.613255, "sma_50": 1986.357006, "sma_200": 1666.987987, "price_vs_sma20": -0.02453, "price_vs_sma50": 0.073322, "price_vs_sma200": 0.278953, "volatility_20d": 0.275119, "volatility_60d": 0.267814, "drawdown": -0.05989, "max_drawdown_1y": -0.306079, "volume_ratio": 0.040786, "rsi_14": 52.925267, "macd": 51.465313, "macd_signal": 71.865182, "macd_histogram": -20.399869, "bb_width": 0.067518, "bb_position": 0.127555, "stoch_k": 10.190704, "stoch_d": 19.354577, "adx": 39.842624, "atr_14": 47.548445, "last_close": 2132.0, "last_date": "2026-03-04"}