{"return_1d": -0.013176, "return_5d": -0.015413, "return_20d": 0.128401, "return_60d": 0.185037, "return_252d": 0.468645, "sma_20": 2173.772285, "sma_50": 1973.801234, "sma_200": 1659.901522, "price_vs_sma20": -0.000815, "price_vs_sma50": 0.100415, "price_vs_sma200": 0.308511, "volatility_20d": 0.349332, "volatility_60d": 0.263651, "drawdown": -0.042252, "max_drawdown_1y": -0.306079, "volume_ratio": 0.030664, "rsi_14": 58.907675, "macd": 68.31013, "macd_signal": 81.309867, "macd_histogram": -12.999737, "bb_width": 0.120234, "bb_position": 0.493213, "stoch_k": 36.146795, "stoch_d": 40.798331, "adx": 44.770581, "atr_14": 48.642406, "last_close": 2172.0, "last_date": "2026-03-02"}