{"return_1d": 0.006569, "return_5d": 0.031789, "return_20d": 0.068975, "return_60d": 0.201091, "return_252d": 0.149902, "sma_20": 1146.437735, "sma_50": 1080.738636, "sma_200": 1018.154249, "price_vs_sma20": 0.00507, "price_vs_sma50": 0.066169, "price_vs_sma200": 0.131705, "volatility_20d": 0.388995, "volatility_60d": 0.286198, "drawdown": -0.046003, "max_drawdown_1y": -0.245039, "volume_ratio": 0.619591, "rsi_14": 58.904663, "macd": 13.720056, "macd_signal": 18.794417, "macd_histogram": -5.07436, "bb_width": 0.113336, "bb_position": 0.544507, "stoch_k": 44.414671, "stoch_d": 29.272037, "adx": 23.995133, "atr_14": 28.536124, "last_close": 1152.25, "last_date": "2026-03-02"}