{"return_1d": -0.000729, "return_5d": 0.021949, "return_20d": 0.05237, "return_60d": 0.187844, "return_252d": 0.137485, "sma_20": 1149.302655, "sma_50": 1083.404334, "sma_200": 1018.597645, "price_vs_sma20": 0.001834, "price_vs_sma50": 0.06277, "price_vs_sma200": 0.130387, "volatility_20d": 0.386882, "volatility_60d": 0.285913, "drawdown": -0.046698, "max_drawdown_1y": -0.245039, "volume_ratio": 0.637252, "rsi_14": 58.650894, "macd": 14.193449, "macd_signal": 17.874223, "macd_histogram": -3.680774, "bb_width": 0.105487, "bb_position": 0.51735, "stoch_k": 43.711271, "stoch_d": 42.08117, "adx": 22.818382, "atr_14": 28.347115, "last_close": 1151.41, "last_date": "2026-03-03"}