{"return_1d": -0.002562, "return_5d": 0.027999, "return_20d": -0.003782, "return_60d": 0.187552, "return_252d": 0.159215, "sma_20": 1149.084635, "sma_50": 1086.02161, "sma_200": 1018.953281, "price_vs_sma20": -0.000544, "price_vs_sma50": 0.057493, "price_vs_sma200": 0.127098, "volatility_20d": 0.33722, "volatility_60d": 0.285933, "drawdown": -0.04914, "max_drawdown_1y": -0.245039, "volume_ratio": 0.720862, "rsi_14": 57.71058, "macd": 14.167265, "macd_signal": 17.132832, "macd_histogram": -2.965567, "bb_width": 0.105721, "bb_position": 0.494855, "stoch_k": 41.240998, "stoch_d": 43.122313, "adx": 21.725688, "atr_14": 27.610893, "last_close": 1148.46, "last_date": "2026-03-04"}