{"return_1d": 0.035467, "return_5d": 0.015669, "return_20d": 0.059771, "return_60d": 0.213812, "return_252d": 0.145616, "sma_20": 1142.72034, "sma_50": 1078.096662, "sma_200": 1017.689566, "price_vs_sma20": 0.001759, "price_vs_sma50": 0.061806, "price_vs_sma200": 0.124832, "volatility_20d": 0.389343, "volatility_60d": 0.287562, "drawdown": -0.052229, "max_drawdown_1y": -0.245039, "volume_ratio": 1.339739, "rsi_14": 57.371388, "macd": 12.830743, "macd_signal": 20.063007, "macd_histogram": -7.232264, "bb_width": 0.12527, "bb_position": 0.514014, "stoch_k": 38.117568, "stoch_d": 19.483085, "adx": 25.023104, "atr_14": 28.878895, "last_close": 1144.73, "last_date": "2026-02-27"}