{"return_1d": 0.030999, "return_5d": 0.011286, "return_20d": 0.055197, "return_60d": 0.208574, "return_252d": 0.140672, "sma_20": 1142.47334, "sma_50": 1077.997862, "sma_200": 1017.664864, "price_vs_sma20": -0.002349, "price_vs_sma50": 0.057321, "price_vs_sma200": 0.120005, "volatility_20d": 0.384726, "volatility_60d": 0.285573, "drawdown": -0.056319, "max_drawdown_1y": -0.245039, "volume_ratio": 0.568307, "rsi_14": 56.378612, "macd": 12.436669, "macd_signal": 19.984192, "macd_histogram": -7.547523, "bb_width": 0.125821, "bb_position": 0.481289, "stoch_k": 33.980908, "stoch_d": 18.104198, "adx": 24.866982, "atr_14": 28.469609, "last_close": 1139.79, "last_date": "2026-02-27"}