{"return_1d": 0.008121, "return_5d": 0.025349, "return_20d": 0.078167, "return_60d": 0.360452, "return_252d": 0.430155, "sma_20": 34.6275, "sma_50": 32.372, "sma_200": 25.36, "price_vs_sma20": 0.039636, "price_vs_sma50": 0.112072, "price_vs_sma200": 0.419558, "volatility_20d": 0.300701, "volatility_60d": 0.348818, "drawdown": -0.121077, "max_drawdown_1y": -0.540106, "volume_ratio": 0.864489, "rsi_14": 63.612548, "macd": 0.892085, "macd_signal": 0.901772, "macd_histogram": -0.009687, "bb_width": 0.092511, "bb_position": 0.912114, "stoch_k": 93.851133, "stoch_d": 83.443508, "adx": 16.997228, "atr_14": 1.160003, "last_close": 36.0, "last_date": "2026-02-27"}