{"return_1d": -0.00322, "return_5d": -0.049584, "return_20d": 0.011082, "return_60d": 0.218482, "return_252d": 0.446198, "sma_20": 34.75748, "sma_50": 32.933796, "sma_200": 25.590969, "price_vs_sma20": -0.020355, "price_vs_sma50": 0.033892, "price_vs_sma200": 0.330547, "volatility_20d": 0.284133, "volatility_60d": 0.349858, "drawdown": -0.164657, "max_drawdown_1y": -0.540105, "volume_ratio": 1.480008, "rsi_14": 48.735418, "macd": 0.482327, "macd_signal": 0.732918, "macd_histogram": -0.250591, "bb_width": 0.07761, "bb_position": 0.232282, "stoch_k": 28.370535, "stoch_d": 32.546683, "adx": 14.293132, "atr_14": 1.188991, "last_close": 34.05, "last_date": "2026-03-06"}