{"return_1d": -0.019739, "return_5d": -0.014809, "return_20d": 0.074018, "return_60d": 0.286861, "return_252d": 0.376854, "sma_20": 34.8715, "sma_50": 32.698, "sma_200": 25.508123, "price_vs_sma20": 0.011141, "price_vs_sma50": 0.078353, "price_vs_sma200": 0.382305, "volatility_20d": 0.300287, "volatility_60d": 0.350153, "drawdown": -0.139143, "max_drawdown_1y": -0.540106, "volume_ratio": 1.22783, "rsi_14": 56.885798, "macd": 0.826902, "macd_signal": 0.885394, "macd_histogram": -0.058493, "bb_width": 0.081877, "bb_position": 0.634569, "stoch_k": 54.961832, "stoch_d": 73.946985, "adx": 16.715496, "atr_14": 1.23837, "last_close": 35.26, "last_date": "2026-03-03"}