{"return_1d": -0.000833, "return_5d": 0.020715, "return_20d": 0.073091, "return_60d": 0.345176, "return_252d": 0.419108, "sma_20": 34.75, "sma_50": 32.5476, "sma_200": 25.43564, "price_vs_sma20": 0.035108, "price_vs_sma50": 0.105151, "price_vs_sma200": 0.414157, "volatility_20d": 0.301178, "volatility_60d": 0.348879, "drawdown": -0.121809, "max_drawdown_1y": -0.540106, "volume_ratio": 1.309375, "rsi_14": 63.329817, "macd": 0.893, "macd_signal": 0.900018, "macd_histogram": -0.007018, "bb_width": 0.093504, "bb_position": 0.862736, "stoch_k": 73.02799, "stoch_d": 83.873127, "adx": 17.087792, "atr_14": 1.22286, "last_close": 35.97, "last_date": "2026-03-02"}