{"return_1d": -0.018809, "return_5d": -0.019088, "return_20d": 0.021459, "return_60d": 0.243149, "return_252d": 0.424417, "sma_20": 34.73954, "sma_50": 32.682406, "sma_200": 25.4549, "price_vs_sma20": -0.00891, "price_vs_sma50": 0.053472, "price_vs_sma200": 0.352588, "volatility_20d": 0.29134, "volatility_60d": 0.352551, "drawdown": -0.155335, "max_drawdown_1y": -0.540105, "volume_ratio": 1.276565, "rsi_14": 51.603802, "macd": 0.709349, "macd_signal": 0.84677, "macd_histogram": -0.137421, "bb_width": 0.079534, "bb_position": 0.386962, "stoch_k": 38.086472, "stoch_d": 55.35868, "adx": 15.839943, "atr_14": 1.235812, "last_close": 34.43, "last_date": "2026-03-04"}