{"return_1d": -0.007842, "return_5d": -0.03877, "return_20d": -0.000421, "return_60d": 0.206521, "return_252d": 0.463576, "sma_20": 34.73882, "sma_50": 32.813878, "sma_200": 25.522285, "price_vs_sma20": -0.016662, "price_vs_sma50": 0.041023, "price_vs_sma200": 0.338438, "volatility_20d": 0.289019, "volatility_60d": 0.351237, "drawdown": -0.161958, "max_drawdown_1y": -0.540105, "volume_ratio": 1.698183, "rsi_14": 49.575757, "macd": 0.590752, "macd_signal": 0.795566, "macd_histogram": -0.204814, "bb_width": 0.080233, "bb_position": 0.288811, "stoch_k": 31.183043, "stoch_d": 41.410345, "adx": 15.037893, "atr_14": 1.219682, "last_close": 34.16, "last_date": "2026-03-05"}