{"return_1d": 0.009801, "return_5d": 0.027058, "return_20d": 0.079964, "return_60d": 0.362719, "return_252d": 0.432538, "sma_20": 34.6305, "sma_50": 32.3732, "sma_200": 25.360299, "price_vs_sma20": 0.041279, "price_vs_sma50": 0.113884, "price_vs_sma200": 0.421907, "volatility_20d": 0.30107, "volatility_60d": 0.348891, "drawdown": -0.119612, "max_drawdown_1y": -0.540106, "volume_ratio": 0.481724, "rsi_14": 63.911758, "macd": 0.896871, "macd_signal": 0.902729, "macd_histogram": -0.005858, "bb_width": 0.092915, "bb_position": 0.92665, "stoch_k": 95.79288, "stoch_d": 84.090757, "adx": 16.997228, "atr_14": 1.160003, "last_close": 36.06, "last_date": "2026-02-27"}