{"return_1d": -0.014336, "return_5d": -0.021743, "return_20d": 0.047561, "return_60d": 0.191986, "return_252d": 0.570056, "sma_20": 99.23737, "sma_50": 90.989496, "sma_200": 78.486059, "price_vs_sma20": -0.016197, "price_vs_sma50": 0.072981, "price_vs_sma200": 0.243915, "volatility_20d": 0.383237, "volatility_60d": 0.302035, "drawdown": -0.072087, "max_drawdown_1y": -0.436773, "volume_ratio": 0.553862, "rsi_14": 53.149095, "macd": 2.378443, "macd_signal": 3.168603, "macd_histogram": -0.79016, "bb_width": 0.125671, "bb_position": 0.368993, "stoch_k": 23.924079, "stoch_d": 35.190166, "adx": 30.884845, "atr_14": 2.78476, "last_close": 97.63, "last_date": "2026-03-03"}