{"return_1d": -0.007672, "return_5d": -0.018431, "return_20d": 0.108519, "return_60d": 0.212681, "return_252d": 0.533057, "sma_20": 98.498165, "sma_50": 90.268944, "sma_200": 78.1352, "price_vs_sma20": 0.011085, "price_vs_sma50": 0.103259, "price_vs_sma200": 0.274586, "volatility_20d": 0.416924, "volatility_60d": 0.301413, "drawdown": -0.053458, "max_drawdown_1y": -0.436773, "volume_ratio": 0.872174, "rsi_14": 59.332965, "macd": 2.974356, "macd_signal": 3.527398, "macd_histogram": -0.553042, "bb_width": 0.161203, "bb_position": 0.568009, "stoch_k": 51.0701, "stoch_d": 53.348473, "adx": 35.255806, "atr_14": 2.602148, "last_close": 99.59, "last_date": "2026-02-27"}