{"return_1d": -0.01812, "return_5d": -0.049721, "return_20d": -0.005823, "return_60d": 0.184063, "return_252d": 0.598226, "sma_20": 99.36535, "sma_50": 91.581756, "sma_200": 78.803274, "price_vs_sma20": -0.040209, "price_vs_sma50": 0.041365, "price_vs_sma200": 0.210229, "volatility_20d": 0.383194, "volatility_60d": 0.303826, "drawdown": -0.093567, "max_drawdown_1y": -0.436773, "volume_ratio": 0.487724, "rsi_14": 46.62502, "macd": 1.616449, "macd_signal": 2.678071, "macd_histogram": -1.061621, "bb_width": 0.121915, "bb_position": 0.156374, "stoch_k": 8.219951, "stoch_d": 17.218024, "adx": 27.646461, "atr_14": 2.734564, "last_close": 95.37, "last_date": "2026-03-05"}