{"return_1d": 0.004776, "return_5d": -0.026042, "return_20d": -0.084829, "return_60d": -0.007121, "return_252d": 0.079885, "sma_20": 17.7445, "sma_50": 17.7658, "sma_200": 16.659582, "price_vs_sma20": -0.051537, "price_vs_sma50": -0.052674, "price_vs_sma200": 0.010229, "volatility_20d": 0.365177, "volatility_60d": 0.316667, "drawdown": -0.126622, "max_drawdown_1y": -0.300116, "volume_ratio": 0.911068, "rsi_14": 41.415917, "macd": -0.266031, "macd_signal": -0.147005, "macd_histogram": -0.119025, "bb_width": 0.19161, "bb_position": 0.216416, "stoch_k": 22.777778, "stoch_d": 19.412479, "adx": 16.174228, "atr_14": 0.54461, "last_close": 16.83, "last_date": "2026-03-04"}