{"return_1d": 0.010119, "return_5d": -0.00644, "return_20d": -0.029176, "return_60d": 0.033785, "return_252d": 0.087521, "sma_20": 17.879, "sma_50": 17.7979, "sma_200": 16.648246, "price_vs_sma20": -0.050842, "price_vs_sma50": -0.046517, "price_vs_sma200": 0.019327, "volatility_20d": 0.390886, "volatility_60d": 0.320872, "drawdown": -0.119357, "max_drawdown_1y": -0.300116, "volume_ratio": 0.577637, "rsi_14": 42.368691, "macd": -0.209264, "macd_signal": -0.085, "macd_histogram": -0.124264, "bb_width": 0.176759, "bb_position": 0.196959, "stoch_k": 21.235521, "stoch_d": 19.607548, "adx": 15.460621, "atr_14": 0.573157, "last_close": 16.97, "last_date": "2026-03-02"}