{"return_1d": -0.022182, "return_5d": -0.029167, "return_20d": -0.142482, "return_60d": -0.02871, "return_252d": 0.101633, "sma_20": 17.492, "sma_50": 17.7134, "sma_200": 16.667433, "price_vs_sma20": -0.067574, "price_vs_sma50": -0.079228, "price_vs_sma200": -0.021445, "volatility_20d": 0.339574, "volatility_60d": 0.319517, "drawdown": -0.153607, "max_drawdown_1y": -0.300116, "volume_ratio": 1.004616, "rsi_14": 36.357481, "macd": -0.335817, "macd_signal": -0.207721, "macd_histogram": -0.128095, "bb_width": 0.187267, "bb_position": 0.113008, "stoch_k": 19.823789, "stoch_d": 19.268748, "adx": 18.10871, "atr_14": 0.551373, "last_close": 16.31, "last_date": "2026-03-06"}