{"return_1d": -0.012964, "return_5d": -0.015864, "return_20d": -0.063199, "return_60d": -0.008359, "return_252d": 0.056476, "sma_20": 17.8225, "sma_50": 17.781, "sma_200": 16.653738, "price_vs_sma20": -0.060177, "price_vs_sma50": -0.057983, "price_vs_sma200": 0.00578, "volatility_20d": 0.382222, "volatility_60d": 0.316598, "drawdown": -0.130773, "max_drawdown_1y": -0.300116, "volume_ratio": 0.781801, "rsi_14": 40.290733, "macd": -0.246245, "macd_signal": -0.117249, "macd_histogram": -0.128996, "bb_width": 0.188474, "bb_position": 0.160271, "stoch_k": 14.224138, "stoch_d": 15.443075, "adx": 15.83064, "atr_14": 0.566503, "last_close": 16.75, "last_date": "2026-03-03"}