{"return_1d": -0.046465, "return_5d": -0.071349, "return_20d": -0.032678, "return_60d": 0.020091, "return_252d": 0.081831, "sma_20": 17.90075, "sma_50": 17.80652, "sma_200": 16.641279, "price_vs_sma20": -0.065682, "price_vs_sma50": -0.060737, "price_vs_sma200": 0.005031, "volatility_20d": 0.397427, "volatility_60d": 0.322831, "drawdown": -0.132071, "max_drawdown_1y": -0.300116, "volume_ratio": 0.591817, "rsi_14": 39.531693, "macd": -0.187402, "macd_signal": -0.055131, "macd_histogram": -0.132271, "bb_width": 0.175242, "bb_position": 0.098847, "stoch_k": 8.318264, "stoch_d": 17.276571, "adx": 15.068486, "atr_14": 0.565295, "last_close": 16.725, "last_date": "2026-02-27"}