{"return_1d": -0.008913, "return_5d": -0.049031, "return_20d": -0.123028, "return_60d": -0.004322, "return_252d": 0.117176, "sma_20": 17.6275, "sma_50": 17.7456, "sma_200": 16.664286, "price_vs_sma20": -0.053751, "price_vs_sma50": -0.060049, "price_vs_sma200": 0.000943, "volatility_20d": 0.335907, "volatility_60d": 0.316276, "drawdown": -0.134406, "max_drawdown_1y": -0.300116, "volume_ratio": 0.702925, "rsi_14": 39.897762, "macd": -0.290466, "macd_signal": -0.175697, "macd_histogram": -0.114769, "bb_width": 0.187538, "bb_position": 0.197104, "stoch_k": 15.204678, "stoch_d": 17.402198, "adx": 16.729926, "atr_14": 0.530709, "last_close": 16.68, "last_date": "2026-03-05"}