{"return_1d": -0.042189, "return_5d": -0.067185, "return_20d": -0.02834, "return_60d": 0.024665, "return_252d": 0.086682, "sma_20": 17.9045, "sma_50": 17.80802, "sma_200": 16.641655, "price_vs_sma20": -0.061688, "price_vs_sma50": -0.056605, "price_vs_sma200": 0.009515, "volatility_20d": 0.391232, "volatility_60d": 0.320281, "drawdown": -0.128179, "max_drawdown_1y": -0.300116, "volume_ratio": 0.924917, "rsi_14": 40.154026, "macd": -0.181419, "macd_signal": -0.053934, "macd_histogram": -0.127485, "bb_width": 0.173065, "bb_position": 0.120119, "stoch_k": 10.869565, "stoch_d": 18.127005, "adx": 15.062138, "atr_14": 0.564938, "last_close": 16.8, "last_date": "2026-02-27"}