{"return_1d": 0.006079, "return_5d": -0.005691, "return_20d": 0.091445, "return_60d": 0.066764, "return_252d": 0.672951, "sma_20": 521.702, "sma_50": 494.065, "sma_200": 432.15114, "price_vs_sma20": 0.021503, "price_vs_sma50": 0.078643, "price_vs_sma200": 0.23318, "volatility_20d": 0.329062, "volatility_60d": 0.308135, "drawdown": -0.014152, "max_drawdown_1y": -0.261324, "volume_ratio": 0.707293, "rsi_14": 58.885859, "macd": 11.847255, "macd_signal": 12.720358, "macd_histogram": -0.873103, "bb_width": 0.12181, "bb_position": 0.672811, "stoch_k": 65.492228, "stoch_d": 59.585492, "adx": 38.947154, "atr_14": 13.84979, "last_close": 532.92, "last_date": "2026-03-02"}