{"return_1d": -0.003106, "return_5d": 0.005871, "return_20d": 0.03708, "return_60d": 0.099871, "return_252d": 0.679461, "sma_20": 529.2035, "sma_50": 499.4664, "sma_200": 435.321268, "price_vs_sma20": 0.006815, "price_vs_sma50": 0.066758, "price_vs_sma200": 0.223947, "volatility_20d": 0.305392, "volatility_60d": 0.306757, "drawdown": -0.021307, "max_drawdown_1y": -0.24548, "volume_ratio": 0.673921, "rsi_14": 56.3059, "macd": 10.742187, "macd_signal": 12.026195, "macd_histogram": -1.284008, "bb_width": 0.097507, "bb_position": 0.569419, "stoch_k": 39.270073, "stoch_d": 52.359427, "adx": 37.745406, "atr_14": 14.037729, "last_close": 532.81, "last_date": "2026-03-06"}