{"return_1d": 0.007264, "return_5d": -0.004884, "return_20d": 0.097756, "return_60d": 0.054648, "return_252d": 0.668197, "sma_20": 519.4695, "sma_50": 492.8024, "sma_200": 431.317465, "price_vs_sma20": 0.019694, "price_vs_sma50": 0.074873, "price_vs_sma200": 0.228098, "volatility_20d": 0.330058, "volatility_60d": 0.308262, "drawdown": -0.020108, "max_drawdown_1y": -0.261325, "volume_ratio": 1.973449, "rsi_14": 57.6034, "macd": 12.288714, "macd_signal": 12.938633, "macd_histogram": -0.64992, "bb_width": 0.132523, "bb_position": 0.645739, "stoch_k": 59.930915, "stoch_d": 64.03834, "adx": 39.014851, "atr_14": 14.022082, "last_close": 529.7, "last_date": "2026-02-27"}