{"return_1d": 0.004817, "return_5d": 0.007104, "return_20d": 0.090543, "return_60d": 0.118033, "return_252d": 0.762057, "sma_20": 526.2095, "sma_50": 497.021, "sma_200": 433.836775, "price_vs_sma20": 0.034588, "price_vs_sma50": 0.095346, "price_vs_sma200": 0.254873, "volatility_20d": 0.328602, "volatility_60d": 0.304025, "drawdown": 0.0, "max_drawdown_1y": -0.247457, "volume_ratio": 0.812062, "rsi_14": 63.234241, "macd": 12.323583, "macd_signal": 12.537705, "macd_histogram": -0.214122, "bb_width": 0.112119, "bb_position": 0.798181, "stoch_k": 72.479741, "stoch_d": 72.734497, "adx": 39.571142, "atr_14": 13.921094, "last_close": 544.41, "last_date": "2026-03-04"}