{"return_1d": -0.018258, "return_5d": 0.016335, "return_20d": 0.082712, "return_60d": 0.099784, "return_252d": 0.725616, "sma_20": 528.251, "sma_50": 498.2508, "sma_200": 434.581604, "price_vs_sma20": 0.011773, "price_vs_sma50": 0.072693, "price_vs_sma200": 0.22985, "volatility_20d": 0.334024, "volatility_60d": 0.306763, "drawdown": -0.018258, "max_drawdown_1y": -0.24548, "volume_ratio": 0.951654, "rsi_14": 57.26227, "macd": 11.585165, "macd_signal": 12.347197, "macd_histogram": -0.762032, "bb_width": 0.100147, "bb_position": 0.616187, "stoch_k": 45.328467, "stoch_d": 66.013244, "adx": 38.845299, "atr_14": 14.196016, "last_close": 534.47, "last_date": "2026-03-05"}