{"return_1d": 0.016663, "return_5d": 0.029021, "return_20d": 0.09047, "return_60d": 0.114707, "return_252d": 0.782121, "sma_20": 523.9495, "sma_50": 495.464, "sma_200": 433.032198, "price_vs_sma20": 0.034069, "price_vs_sma50": 0.09352, "price_vs_sma200": 0.251177, "volatility_20d": 0.328601, "volatility_60d": 0.30397, "drawdown": 0.0, "max_drawdown_1y": -0.249314, "volume_ratio": 0.695771, "rsi_14": 62.274955, "macd": 12.074747, "macd_signal": 12.591235, "macd_histogram": -0.516489, "bb_width": 0.116179, "bb_position": 0.783586, "stoch_k": 80.231523, "stoch_d": 68.551555, "adx": 39.146644, "atr_14": 14.161948, "last_close": 541.8, "last_date": "2026-03-03"}