{"return_1d": 0.01421, "return_5d": -0.004787, "return_20d": 0.023157, "return_60d": 0.071504, "return_252d": -0.001474, "sma_20": 382.555, "sma_50": 370.7574, "sma_200": 374.17937, "price_vs_sma20": -0.005581, "price_vs_sma50": 0.026062, "price_vs_sma200": 0.016678, "volatility_20d": 0.20904, "volatility_60d": 0.215639, "drawdown": -0.096125, "max_drawdown_1y": -0.217916, "volume_ratio": 0.516902, "rsi_14": 51.246902, "macd": 1.409693, "macd_signal": 3.101538, "macd_histogram": -1.691845, "bb_width": 0.053846, "bb_position": 0.395773, "stoch_k": 38.645276, "stoch_d": 26.547831, "adx": 14.865225, "atr_14": 9.424378, "last_close": 380.42, "last_date": "2026-02-27"}