{"return_1d": 0.005969, "return_5d": -0.017201, "return_20d": -0.031462, "return_60d": 0.051086, "return_252d": -0.029197, "sma_20": 381.2215, "sma_50": 371.6118, "sma_200": 374.191869, "price_vs_sma20": -0.03177, "price_vs_sma50": -0.006732, "price_vs_sma200": -0.013581, "volatility_20d": 0.228007, "volatility_60d": 0.220791, "drawdown": -0.122998, "max_drawdown_1y": -0.217916, "volume_ratio": 1.070878, "rsi_14": 43.242816, "macd": -1.092174, "macd_signal": 1.365003, "macd_histogram": -2.457177, "bb_width": 0.075302, "bb_position": 0.064251, "stoch_k": 23.966942, "stoch_d": 16.13916, "adx": 17.228161, "atr_14": 9.647186, "last_close": 369.11, "last_date": "2026-03-04"}