{"return_1d": -0.010396, "return_5d": -0.059887, "return_20d": -0.063943, "return_60d": 0.022892, "return_252d": -0.050489, "sma_20": 378.723, "sma_50": 372.176, "sma_200": 374.057989, "price_vs_sma20": -0.054929, "price_vs_sma50": -0.038304, "price_vs_sma200": -0.043143, "volatility_20d": 0.226295, "volatility_60d": 0.223478, "drawdown": -0.149585, "max_drawdown_1y": -0.217916, "volume_ratio": 1.037441, "rsi_14": 36.15255, "macd": -3.263399, "macd_signal": -0.123906, "macd_histogram": -3.139492, "bb_width": 0.103898, "bb_position": -0.059415, "stoch_k": 11.427182, "stoch_d": 14.149867, "adx": 19.787279, "atr_14": 9.579819, "last_close": 357.92, "last_date": "2026-03-06"}