{"return_1d": -0.02013, "return_5d": -0.035751, "return_20d": -0.065909, "return_60d": 0.019937, "return_252d": -0.028775, "sma_20": 379.9455, "sma_50": 371.9454, "sma_200": 374.130895, "price_vs_sma20": -0.048074, "price_vs_sma50": -0.027599, "price_vs_sma200": -0.03328, "volatility_20d": 0.227289, "volatility_60d": 0.224148, "drawdown": -0.140652, "max_drawdown_1y": -0.217916, "volume_ratio": 1.189056, "rsi_14": 38.371877, "macd": -2.155178, "macd_signal": 0.660967, "macd_histogram": -2.816145, "bb_width": 0.08845, "bb_position": -0.070965, "stoch_k": 7.055477, "stoch_d": 16.383639, "adx": 18.293869, "atr_14": 9.665959, "last_close": 361.68, "last_date": "2026-03-05"}