{"return_1d": -0.02603, "return_5d": -0.016393, "return_20d": -0.010091, "return_60d": 0.054172, "return_252d": -0.026175, "sma_20": 382.381, "sma_50": 371.126, "sma_200": 374.20079, "price_vs_sma20": -0.03026, "price_vs_sma50": -0.000851, "price_vs_sma200": -0.009061, "volatility_20d": 0.229365, "volatility_60d": 0.221993, "drawdown": -0.118959, "max_drawdown_1y": -0.217916, "volume_ratio": 1.094073, "rsi_14": 43.800217, "macd": 0.54033, "macd_signal": 2.593126, "macd_histogram": -2.052796, "bb_width": 0.058946, "bb_position": -0.029376, "stoch_k": 6.32204, "stoch_d": 21.893443, "adx": 15.176245, "atr_14": 9.698453, "last_close": 370.81, "last_date": "2026-03-02"}