{"return_1d": 0.01501, "return_5d": -0.004003, "return_20d": 0.023964, "return_60d": 0.072349, "return_252d": -0.000687, "sma_20": 382.57, "sma_50": 370.7634, "sma_200": 374.180868, "price_vs_sma20": -0.004836, "price_vs_sma50": 0.026854, "price_vs_sma200": 0.017476, "volatility_20d": 0.209717, "volatility_60d": 0.21585, "drawdown": -0.095413, "max_drawdown_1y": -0.217916, "volume_ratio": 1.172777, "rsi_14": 51.487426, "macd": 1.433625, "macd_signal": 3.106325, "macd_histogram": -1.672699, "bb_width": 0.053742, "bb_position": 0.409583, "stoch_k": 39.714795, "stoch_d": 26.904337, "adx": 14.865225, "atr_14": 9.542949, "last_close": 380.72, "last_date": "2026-02-27"}