{"return_1d": -0.010491, "return_5d": -0.045672, "return_20d": -0.02962, "return_60d": 0.031805, "return_252d": -0.051771, "sma_20": 381.821, "sma_50": 371.3294, "sma_200": 374.205143, "price_vs_sma20": -0.039026, "price_vs_sma50": -0.011875, "price_vs_sma200": -0.019468, "volatility_20d": 0.228936, "volatility_60d": 0.222225, "drawdown": -0.128201, "max_drawdown_1y": -0.217916, "volume_ratio": 0.965648, "rsi_14": 41.199911, "macd": -0.476016, "macd_signal": 1.979297, "macd_histogram": -2.455314, "bb_width": 0.069455, "bb_position": -0.08471, "stoch_k": 18.128499, "stoch_d": 21.388445, "adx": 16.307108, "atr_14": 9.769278, "last_close": 366.92, "last_date": "2026-03-03"}