{"return_1d": -0.003289, "return_5d": -0.062645, "return_20d": -0.015701, "return_60d": 0.068155, "return_252d": -0.075777, "sma_20": 76.54, "sma_50": 71.8792, "sma_200": 70.909986, "price_vs_sma20": -0.049909, "price_vs_sma50": 0.011697, "price_vs_sma200": 0.025526, "volatility_20d": 0.27748, "volatility_60d": 0.227701, "drawdown": -0.27251, "max_drawdown_1y": -0.34894, "volume_ratio": 0.03436, "rsi_14": 41.562533, "macd": 0.766776, "macd_signal": 1.598285, "macd_histogram": -0.831509, "bb_width": 0.111312, "bb_position": 0.028083, "stoch_k": 0.645161, "stoch_d": 1.311545, "adx": 31.371112, "atr_14": 1.552563, "last_close": 72.72, "last_date": "2026-03-05"}