{"return_1d": -0.015397, "return_5d": -0.03306, "return_20d": 0.053911, "return_60d": 0.081709, "return_252d": -0.034493, "sma_20": 76.685, "sma_50": 71.748, "sma_200": 70.946175, "price_vs_sma20": -0.015974, "price_vs_sma50": 0.051737, "price_vs_sma200": 0.063623, "volatility_20d": 0.268666, "volatility_60d": 0.221311, "drawdown": -0.245098, "max_drawdown_1y": -0.34894, "volume_ratio": 0.056972, "rsi_14": 51.740712, "macd": 1.609781, "macd_signal": 1.996146, "macd_histogram": -0.386364, "bb_width": 0.096446, "bb_position": 0.33168, "stoch_k": 1.646091, "stoch_d": 34.464651, "adx": 36.498503, "atr_14": 1.530149, "last_close": 75.46, "last_date": "2026-03-03"}