{"return_1d": -0.011456, "return_5d": -0.003848, "return_20d": 0.10156, "return_60d": 0.114524, "return_252d": -0.004854, "sma_20": 76.543, "sma_50": 71.6456, "sma_200": 70.961337, "price_vs_sma20": 0.014593, "price_vs_sma50": 0.083947, "price_vs_sma200": 0.094399, "volatility_20d": 0.248148, "volatility_60d": 0.213458, "drawdown": -0.223089, "max_drawdown_1y": -0.34894, "volume_ratio": 0.072189, "rsi_14": 63.136473, "macd": 1.956416, "macd_signal": 2.10901, "macd_histogram": -0.152594, "bb_width": 0.109934, "bb_position": 0.630835, "stoch_k": 47.773279, "stoch_d": 61.501299, "adx": 37.739483, "atr_14": 1.55093, "last_close": 77.66, "last_date": "2026-03-02"}