{"return_1d": 0.01036, "return_5d": -0.06316, "return_20d": -0.001024, "return_60d": 0.133682, "return_252d": -0.061965, "sma_20": 81.67, "sma_50": 75.5956, "sma_200": 71.4217, "price_vs_sma20": -0.044692, "price_vs_sma50": 0.032071, "price_vs_sma200": 0.092385, "volatility_20d": 0.248804, "volatility_60d": 0.201421, "drawdown": -0.10441, "max_drawdown_1y": -0.264668, "volume_ratio": 0.039683, "rsi_14": 44.329851, "macd": 1.27781, "macd_signal": 2.204918, "macd_histogram": -0.927108, "bb_width": 0.101527, "bb_position": 0.039208, "stoch_k": 15.342466, "stoch_d": 14.982422, "adx": 42.937972, "atr_14": 1.570145, "last_close": 78.02, "last_date": "2026-03-04"}