{"return_1d": -0.004662, "return_5d": -0.074645, "return_20d": -0.028564, "return_60d": 0.114883, "return_252d": -0.082973, "sma_20": 81.517, "sma_50": 75.7148, "sma_200": 71.4517, "price_vs_sma20": -0.057129, "price_vs_sma50": 0.015125, "price_vs_sma200": 0.075692, "volatility_20d": 0.2409, "volatility_60d": 0.201204, "drawdown": -0.117726, "max_drawdown_1y": -0.264668, "volume_ratio": 0.069477, "rsi_14": 39.703772, "macd": 0.81417, "macd_signal": 1.916558, "macd_histogram": -1.102388, "bb_width": 0.116995, "bb_position": -0.017889, "stoch_k": 0.0, "stoch_d": 2.922374, "adx": 41.575136, "atr_14": 1.556461, "last_close": 76.86, "last_date": "2026-03-05"}