{"return_1d": -0.030777, "return_5d": -0.035415, "return_20d": 0.089165, "return_60d": 0.156008, "return_252d": -0.012504, "sma_20": 81.58, "sma_50": 75.2908, "sma_200": 71.3545, "price_vs_sma20": -0.011768, "price_vs_sma50": 0.070782, "price_vs_sma200": 0.129852, "volatility_20d": 0.227584, "volatility_60d": 0.181326, "drawdown": -0.074565, "max_drawdown_1y": -0.264668, "volume_ratio": 0.157141, "rsi_14": 54.14238, "macd": 2.211782, "macd_signal": 2.625179, "macd_histogram": -0.413397, "bb_width": 0.108615, "bb_position": 0.390367, "stoch_k": 2.717391, "stoch_d": 53.815362, "adx": 46.93969, "atr_14": 1.39153, "last_close": 80.62, "last_date": "2026-03-02"}