{"return_1d": -0.014003, "return_5d": -0.102669, "return_20d": -0.064427, "return_60d": 0.085515, "return_252d": -0.11844, "sma_20": 81.202, "sma_50": 75.7808, "sma_200": 71.469, "price_vs_sma20": -0.080811, "price_vs_sma50": -0.015054, "price_vs_sma200": 0.044369, "volatility_20d": 0.249619, "volatility_60d": 0.20792, "drawdown": -0.143209, "max_drawdown_1y": -0.264668, "volume_ratio": 1.2982, "rsi_14": 33.483571, "macd": 0.243102, "macd_signal": 1.567061, "macd_histogram": -1.323959, "bb_width": 0.149439, "bb_position": -0.088304, "stoch_k": 9.640832, "stoch_d": 6.665948, "adx": 42.290877, "atr_14": 1.755694, "last_close": 74.64, "last_date": "2026-03-06"}