{"return_1d": 0.007726, "return_5d": 0.012181, "return_20d": 0.031337, "return_60d": 0.082802, "return_252d": 0.206905, "sma_20": 140.904555, "sma_50": 136.906394, "sma_200": 130.090939, "price_vs_sma20": 0.008981, "price_vs_sma50": 0.038447, "price_vs_sma200": 0.092851, "volatility_20d": 0.173164, "volatility_60d": 0.180698, "drawdown": -0.005237, "max_drawdown_1y": -0.120375, "volume_ratio": 0.817981, "rsi_14": 60.461788, "macd": 1.493954, "macd_signal": 1.612374, "macd_histogram": -0.118419, "bb_width": 0.026953, "bb_position": 0.830233, "stoch_k": 76.013791, "stoch_d": 66.738994, "adx": 20.948952, "atr_14": 2.717016, "last_close": 142.17, "last_date": "2026-03-04"}