{"return_1d": 0.011624, "return_5d": 0.013711, "return_20d": 0.054842, "return_60d": 0.05453, "return_252d": 0.233274, "sma_20": 140.463845, "sma_50": 136.763566, "sma_200": 129.930608, "price_vs_sma20": 0.00994, "price_vs_sma50": 0.037265, "price_vs_sma200": 0.091814, "volatility_20d": 0.178507, "volatility_60d": 0.184011, "drawdown": -0.007406, "max_drawdown_1y": -0.120375, "volume_ratio": 0.806183, "rsi_14": 60.512575, "macd": 1.526729, "macd_signal": 1.685227, "macd_histogram": -0.158498, "bb_width": 0.040283, "bb_position": 0.744314, "stoch_k": 70.038779, "stoch_d": 48.694178, "adx": 21.986628, "atr_14": 2.653404, "last_close": 141.86, "last_date": "2026-03-02"}