{"return_1d": -0.003078, "return_5d": -0.006989, "return_20d": -0.017246, "return_60d": 0.077976, "return_252d": 0.202702, "sma_20": 140.753375, "sma_50": 136.93753, "sma_200": 130.193283, "price_vs_sma20": -0.010681, "price_vs_sma50": 0.016887, "price_vs_sma200": 0.069564, "volatility_20d": 0.171011, "volatility_60d": 0.180501, "drawdown": -0.025668, "max_drawdown_1y": -0.120375, "volume_ratio": 0.680658, "rsi_14": 50.167364, "macd": 1.095133, "macd_signal": 1.458603, "macd_histogram": -0.363471, "bb_width": 0.029502, "bb_position": 0.134055, "stoch_k": 39.520465, "stoch_d": 47.211748, "adx": 19.527662, "atr_14": 2.738703, "last_close": 139.25, "last_date": "2026-03-06"}