{"return_1d": -0.001701, "return_5d": -0.009565, "return_20d": 0.063912, "return_60d": 0.039336, "return_252d": 0.239039, "sma_20": 140.6945, "sma_50": 137.2548, "sma_200": 130.406016, "price_vs_sma20": 0.000963, "price_vs_sma50": 0.026048, "price_vs_sma200": 0.079935, "volatility_20d": 0.186734, "volatility_60d": 0.182822, "drawdown": -0.018811, "max_drawdown_1y": -0.120375, "volume_ratio": 2.201093, "rsi_14": 55.992591, "macd": 1.505219, "macd_signal": 1.732232, "macd_histogram": -0.227013, "bb_width": 0.054085, "bb_position": 0.51779, "stoch_k": 37.623762, "stoch_d": 38.094815, "adx": 22.576877, "atr_14": 2.612481, "last_close": 140.83, "last_date": "2026-02-27"}