{"return_1d": -0.017514, "return_5d": -0.005617, "return_20d": -0.004134, "return_60d": 0.083811, "return_252d": 0.214047, "sma_20": 140.87556, "sma_50": 136.93164, "sma_200": 130.144539, "price_vs_sma20": -0.008487, "price_vs_sma50": 0.020071, "price_vs_sma200": 0.073268, "volatility_20d": 0.175142, "volatility_60d": 0.180279, "drawdown": -0.02266, "max_drawdown_1y": -0.120375, "volume_ratio": 1.2181, "rsi_14": 51.543539, "macd": 1.29786, "macd_signal": 1.549471, "macd_histogram": -0.251611, "bb_width": 0.02822, "bb_position": 0.196696, "stoch_k": 26.100988, "stoch_d": 52.093064, "adx": 20.676117, "atr_14": 2.709372, "last_close": 139.68, "last_date": "2026-03-05"}