{"return_1d": -0.007494, "return_5d": 0.006464, "return_20d": 0.020379, "return_60d": 0.387855, "return_252d": 1.578099, "sma_20": 422.311765, "sma_50": 402.053016, "sma_200": 303.672344, "price_vs_sma20": 0.034852, "price_vs_sma50": 0.086996, "price_vs_sma200": 0.43915, "volatility_20d": 0.596804, "volatility_60d": 0.444977, "drawdown": -0.036806, "max_drawdown_1y": -0.404414, "volume_ratio": 0.701713, "rsi_14": 56.504338, "macd": 12.596656, "macd_signal": 12.522685, "macd_histogram": 0.073971, "bb_width": 0.202411, "bb_position": 0.666383, "stoch_k": 65.076271, "stoch_d": 77.438491, "adx": 15.479705, "atr_14": 16.450183, "last_close": 437.03, "last_date": "2026-03-04"}