{"return_1d": -0.03629, "return_5d": -0.046307, "return_20d": 0.022622, "return_60d": 0.38711, "return_252d": 1.490017, "sma_20": 422.777615, "sma_50": 403.76459, "sma_200": 304.649014, "price_vs_sma20": -0.003803, "price_vs_sma50": 0.043108, "price_vs_sma200": 0.382476, "volatility_20d": 0.594965, "volatility_60d": 0.445185, "drawdown": -0.071761, "max_drawdown_1y": -0.366355, "volume_ratio": 0.843872, "rsi_14": 49.615116, "macd": 10.506036, "macd_signal": 12.119356, "macd_histogram": -1.61332, "bb_width": 0.208823, "bb_position": 0.481721, "stoch_k": 29.662041, "stoch_d": 56.63206, "adx": 15.488138, "atr_14": 17.13017, "last_close": 421.17, "last_date": "2026-03-05"}