{"return_1d": -0.029533, "return_5d": -0.013455, "return_20d": 0.05093, "return_60d": 0.428406, "return_252d": 1.554662, "sma_20": 421.875345, "sma_50": 399.744916, "sma_200": 302.607094, "price_vs_sma20": 0.043744, "price_vs_sma50": 0.101527, "price_vs_sma200": 0.455121, "volatility_20d": 0.600049, "volatility_60d": 0.445227, "drawdown": -0.029533, "max_drawdown_1y": -0.404414, "volume_ratio": 0.687146, "rsi_14": 58.062004, "macd": 13.466988, "macd_signal": 12.504193, "macd_histogram": 0.962795, "bb_width": 0.19899, "bb_position": 0.710618, "stoch_k": 75.157868, "stoch_d": 86.239868, "adx": 16.557358, "atr_14": 16.998658, "last_close": 440.33, "last_date": "2026-03-03"}