{"return_1d": 0.006567, "return_5d": 0.019058, "return_20d": 0.042257, "return_60d": 0.454131, "return_252d": 1.634972, "sma_20": 419.081885, "sma_50": 394.78514, "sma_200": 300.339878, "price_vs_sma20": 0.0607, "price_vs_sma50": 0.12598, "price_vs_sma200": 0.480057, "volatility_20d": 0.589384, "volatility_60d": 0.438079, "drawdown": -0.004067, "max_drawdown_1y": -0.404414, "volume_ratio": 0.686414, "rsi_14": 61.982692, "macd": 13.21628, "macd_signal": 11.817876, "macd_histogram": 1.398403, "bb_width": 0.181102, "bb_position": 0.815988, "stoch_k": 91.480403, "stoch_d": 87.909423, "adx": 17.726303, "atr_14": 16.986965, "last_close": 444.52, "last_date": "2026-02-27"}