{"return_1d": 0.00374, "return_5d": -0.021407, "return_20d": 0.010413, "return_60d": 0.092223, "return_252d": 0.157198, "sma_20": 313.715145, "sma_50": 302.593232, "sma_200": 274.952589, "price_vs_sma20": -0.024784, "price_vs_sma50": 0.01106, "price_vs_sma200": 0.112701, "volatility_20d": 0.222991, "volatility_60d": 0.218611, "drawdown": -0.058578, "max_drawdown_1y": -0.263511, "volume_ratio": 0.901567, "rsi_14": 46.58304, "macd": 2.210664, "macd_signal": 4.138607, "macd_histogram": -1.927943, "bb_width": 0.072879, "bb_position": 0.151287, "stoch_k": 26.597995, "stoch_d": 23.820274, "adx": 22.319363, "atr_14": 7.82075, "last_close": 305.94, "last_date": "2026-03-03"}