{"return_1d": -0.02215, "return_5d": -0.016363, "return_20d": 0.038459, "return_60d": 0.098043, "return_252d": 0.197587, "sma_20": 313.327, "sma_50": 302.0694, "sma_200": 274.56227, "price_vs_sma20": -0.008097, "price_vs_sma50": 0.02887, "price_vs_sma200": 0.131947, "volatility_20d": 0.216524, "volatility_60d": 0.215346, "drawdown": -0.044105, "max_drawdown_1y": -0.263512, "volume_ratio": 0.583549, "rsi_14": 51.485912, "macd": 3.854201, "macd_signal": 5.025106, "macd_histogram": -1.170904, "bb_width": 0.083268, "bb_position": 0.401967, "stoch_k": 22.401615, "stoch_d": 33.165153, "adx": 22.421203, "atr_14": 7.061909, "last_close": 310.79, "last_date": "2026-02-27"}