{"return_1d": -0.018572, "return_5d": -0.012764, "return_20d": 0.042259, "return_60d": 0.102061, "return_252d": 0.201969, "sma_20": 313.23595, "sma_50": 301.949568, "sma_200": 274.438367, "price_vs_sma20": -0.004648, "price_vs_sma50": 0.032557, "price_vs_sma200": 0.136066, "volatility_20d": 0.211552, "volatility_60d": 0.213776, "drawdown": -0.040608, "max_drawdown_1y": -0.263511, "volume_ratio": 0.998554, "rsi_14": 52.784157, "macd": 3.943057, "macd_signal": 5.040868, "macd_histogram": -1.097811, "bb_width": 0.08274, "bb_position": 0.44356, "stoch_k": 26.2267, "stoch_d": 34.440148, "adx": 22.398307, "atr_14": 7.048207, "last_close": 311.78, "last_date": "2026-02-27"}