{"return_1d": -0.028371, "return_5d": -0.042145, "return_20d": -0.032194, "return_60d": 0.107334, "return_252d": 0.153398, "sma_20": 313.17591, "sma_50": 303.370268, "sma_200": 275.691956, "price_vs_sma20": -0.046415, "price_vs_sma50": -0.015592, "price_vs_sma200": 0.083238, "volatility_20d": 0.240731, "volatility_60d": 0.220055, "drawdown": -0.081042, "max_drawdown_1y": -0.263511, "volume_ratio": 1.109139, "rsi_14": 39.943252, "macd": 0.19276, "macd_signal": 2.542256, "macd_histogram": -2.349495, "bb_width": 0.085927, "bb_position": -0.066454, "stoch_k": 25.513201, "stoch_d": 29.686961, "adx": 23.750618, "atr_14": 8.424143, "last_close": 298.64, "last_date": "2026-03-06"}