{"return_1d": 0.008556, "return_5d": -0.051894, "return_20d": -0.027415, "return_60d": 0.027559, "return_252d": 0.341703, "sma_20": 185.85, "sma_50": 182.479, "sma_200": 159.694667, "price_vs_sma20": -0.016949, "price_vs_sma50": 0.001211, "price_vs_sma200": 0.144058, "volatility_20d": 0.313436, "volatility_60d": 0.252835, "drawdown": -0.059459, "max_drawdown_1y": -0.355577, "volume_ratio": 0.052263, "rsi_14": 48.02281, "macd": 0.581806, "macd_signal": 1.460718, "macd_histogram": -0.878913, "bb_width": 0.083731, "bb_position": 0.294087, "stoch_k": 25.16129, "stoch_d": 25.268817, "adx": 14.472123, "atr_14": 4.609274, "last_close": 182.7, "last_date": "2026-03-06"}