{"return_1d": -0.007979, "return_5d": 0.053293, "return_20d": 0.08046, "return_60d": 0.109703, "return_252d": 0.411672, "sma_20": 185.67, "sma_50": 182.416, "sma_200": 158.687981, "price_vs_sma20": 0.037863, "price_vs_sma50": 0.056377, "price_vs_sma200": 0.214333, "volatility_20d": 0.269837, "volatility_60d": 0.232235, "drawdown": -0.007979, "max_drawdown_1y": -0.355577, "volume_ratio": 0.876269, "rsi_14": 62.760199, "macd": 2.817859, "macd_signal": 2.057033, "macd_histogram": 0.760825, "bb_width": 0.092411, "bb_position": 0.894773, "stoch_k": 88.363636, "stoch_d": 92.511104, "adx": 16.438885, "atr_14": 4.325661, "last_close": 192.7, "last_date": "2026-02-27"}