{"return_1d": -0.015181, "return_5d": -0.074209, "return_20d": -0.050306, "return_60d": 0.003375, "return_252d": 0.310125, "sma_20": 185.635, "sma_50": 182.393, "sma_200": 159.673167, "price_vs_sma20": -0.038974, "price_vs_sma50": -0.021892, "price_vs_sma200": 0.117282, "volatility_20d": 0.314955, "volatility_60d": 0.254312, "drawdown": -0.081596, "max_drawdown_1y": -0.355577, "volume_ratio": 0.819748, "rsi_14": 42.994858, "macd": 0.238786, "macd_signal": 1.392114, "macd_histogram": -1.153329, "bb_width": 0.092062, "bb_position": 0.059483, "stoch_k": 5.357143, "stoch_d": 18.667435, "adx": 15.044178, "atr_14": 4.830703, "last_close": 178.4, "last_date": "2026-03-06"}