{"return_1d": -0.015903, "return_5d": -0.02666, "return_20d": 0.033107, "return_60d": 0.036921, "return_252d": 0.306215, "sma_20": 186.3975, "sma_50": 182.563, "sma_200": 159.09852, "price_vs_sma20": -0.020641, "price_vs_sma50": -7.1e-05, "price_vs_sma200": 0.147402, "volatility_20d": 0.311572, "volatility_60d": 0.240097, "drawdown": -0.060232, "max_drawdown_1y": -0.355577, "volume_ratio": 0.099382, "rsi_14": 46.815051, "macd": 1.843085, "macd_signal": 2.072111, "macd_histogram": -0.229026, "bb_width": 0.075338, "bb_position": 0.220244, "stoch_k": 14.545455, "stoch_d": 46.30303, "adx": 15.010415, "atr_14": 4.48182, "last_close": 182.55, "last_date": "2026-03-03"}