{"return_1d": -0.002792, "return_5d": -0.016522, "return_20d": 0.005227, "return_60d": 0.101322, "return_252d": 0.075132, "sma_20": 252.785, "sma_50": 253.02, "sma_200": 245.003806, "price_vs_sma20": -0.011017, "price_vs_sma50": -0.011936, "price_vs_sma200": 0.020392, "volatility_20d": 0.32931, "volatility_60d": 0.334753, "drawdown": -0.080269, "max_drawdown_1y": -0.195971, "volume_ratio": 0.098597, "rsi_14": 46.525513, "macd": -0.216458, "macd_signal": 0.447326, "macd_histogram": -0.663785, "bb_width": 0.083527, "bb_position": 0.366631, "stoch_k": 22.180451, "stoch_d": 22.556391, "adx": 10.689413, "atr_14": 8.335944, "last_close": 250.0, "last_date": "2026-03-05"}