{"return_1d": -0.007612, "return_5d": -0.022494, "return_20d": -0.021335, "return_60d": 0.104817, "return_252d": 0.062991, "sma_20": 252.57, "sma_50": 252.57, "sma_200": 245.043136, "price_vs_sma20": -0.019282, "price_vs_sma50": -0.019282, "price_vs_sma200": 0.010842, "volatility_20d": 0.335736, "volatility_60d": 0.335865, "drawdown": -0.08873, "max_drawdown_1y": -0.195971, "volume_ratio": 0.202442, "rsi_14": 44.318495, "macd": -0.1804, "macd_signal": 0.565409, "macd_histogram": -0.745809, "bb_width": 0.086556, "bb_position": 0.272853, "stoch_k": 13.533835, "stoch_d": 26.190476, "adx": 11.504697, "atr_14": 8.348049, "last_close": 247.7, "last_date": "2026-03-04"}