{"return_1d": 0.054531, "return_5d": 0.060355, "return_20d": 0.045914, "return_60d": 0.197327, "return_252d": 0.112644, "sma_20": 253.94, "sma_50": 252.102, "sma_200": 245.192459, "price_vs_sma20": 0.058518, "price_vs_sma50": 0.066235, "price_vs_sma200": 0.096282, "volatility_20d": 0.385294, "volatility_60d": 0.347631, "drawdown": -0.011105, "max_drawdown_1y": -0.195971, "volume_ratio": 0.377373, "rsi_14": 62.086833, "macd": 1.830953, "macd_signal": 1.061073, "macd_histogram": 0.76988, "bb_width": 0.093802, "bb_position": 1.089353, "stoch_k": 92.857143, "stoch_d": 64.285714, "adx": 13.224129, "atr_14": 7.848456, "last_close": 268.8, "last_date": "2026-03-02"}