{"return_1d": 0.002754, "return_5d": -0.03593, "return_20d": -0.004297, "return_60d": 0.15131, "return_252d": 0.13563, "sma_20": 253.35, "sma_50": 251.276, "sma_200": 245.119435, "price_vs_sma20": 0.006118, "price_vs_sma50": 0.014422, "price_vs_sma200": 0.039901, "volatility_20d": 0.333023, "volatility_60d": 0.331644, "drawdown": -0.062242, "max_drawdown_1y": -0.195971, "volume_ratio": 3.450897, "rsi_14": 51.319567, "macd": 0.740535, "macd_signal": 0.868603, "macd_histogram": -0.128068, "bb_width": 0.084234, "bb_position": 0.572189, "stoch_k": 51.674641, "stoch_d": 48.598131, "adx": 12.747067, "atr_14": 7.236799, "last_close": 254.9, "last_date": "2026-02-27"}