{"return_1d": 0.007034, "return_5d": 0.025876, "return_20d": -0.003865, "return_60d": 0.146862, "return_252d": 0.058931, "sma_20": 253.245, "sma_50": 252.374, "sma_200": 245.124574, "price_vs_sma20": 0.017592, "price_vs_sma50": 0.021104, "price_vs_sma200": 0.051302, "volatility_20d": 0.333139, "volatility_60d": 0.330922, "drawdown": -0.051941, "max_drawdown_1y": -0.195971, "volume_ratio": 0.238414, "rsi_14": 54.076676, "macd": 0.984418, "macd_signal": 0.881092, "macd_histogram": 0.103326, "bb_width": 0.0821, "bb_position": 0.710567, "stoch_k": 51.12782, "stoch_d": 49.054454, "adx": 13.301486, "atr_14": 8.021525, "last_close": 257.7, "last_date": "2026-03-03"}