{"return_1d": 0.000997, "return_5d": -0.001657, "return_20d": 0.004334, "return_60d": 0.006213, "return_252d": 0.170059, "sma_20": 75.05975, "sma_50": 74.9611, "sma_200": 69.445175, "price_vs_sma20": 0.003267, "price_vs_sma50": 0.004588, "price_vs_sma200": 0.084381, "volatility_20d": 0.027182, "volatility_60d": 0.026149, "drawdown": -0.14104, "max_drawdown_1y": -0.39854, "volume_ratio": 0.376559, "rsi_14": 58.214033, "macd": 0.121071, "macd_signal": 0.103998, "macd_histogram": 0.017073, "bb_width": 0.013633, "bb_position": 0.738883, "stoch_k": 71.538462, "stoch_d": 71.670161, "adx": 10.770052, "atr_14": 0.230793, "last_close": 75.305, "last_date": "2026-02-27"}