{"return_1d": 0.001057, "return_5d": 0.006912, "return_20d": 0.015552, "return_60d": 0.010404, "return_252d": 0.215891, "sma_20": 75.2345, "sma_50": 75.012, "sma_200": 69.83205, "price_vs_sma20": 0.006852, "price_vs_sma50": 0.009838, "price_vs_sma200": 0.084745, "volatility_20d": 0.025146, "volatility_60d": 0.026023, "drawdown": -0.135964, "max_drawdown_1y": -0.39854, "volume_ratio": 2.541578, "rsi_14": 69.835746, "macd": 0.178704, "macd_signal": 0.135601, "macd_histogram": 0.043103, "bb_width": 0.013839, "bb_position": 0.991743, "stoch_k": 100.0, "stoch_d": 97.5, "adx": 12.344659, "atr_14": 0.245876, "last_close": 75.75, "last_date": "2026-03-05"}