{"return_1d": 0.002783, "return_5d": 0.00438, "return_20d": 0.013935, "return_60d": 0.01082, "return_252d": 0.195985, "sma_20": 75.1765, "sma_50": 74.996, "sma_200": 69.73725, "price_vs_sma20": 0.006565, "price_vs_sma50": 0.008987, "price_vs_sma200": 0.085073, "volatility_20d": 0.02554, "volatility_60d": 0.026097, "drawdown": -0.136877, "max_drawdown_1y": -0.39854, "volume_ratio": 1.078217, "rsi_14": 68.042761, "macd": 0.158791, "macd_signal": 0.124826, "macd_histogram": 0.033965, "bb_width": 0.014263, "bb_position": 0.95725, "stoch_k": 97.5, "stoch_d": 95.277778, "adx": 11.201232, "atr_14": 0.23402, "last_close": 75.67, "last_date": "2026-03-04"}