{"return_1d": -0.012962, "return_5d": -0.034074, "return_20d": 0.011153, "return_60d": 0.231617, "return_252d": 0.216462, "sma_20": 241.10767, "sma_50": 223.374686, "sma_200": 207.284662, "price_vs_sma20": -0.024129, "price_vs_sma50": 0.053342, "price_vs_sma200": 0.135106, "volatility_20d": 0.206446, "volatility_60d": 0.222469, "drawdown": -0.051403, "max_drawdown_1y": -0.221023, "volume_ratio": 1.003895, "rsi_14": 49.54734, "macd": 4.652202, "macd_signal": 6.329548, "macd_histogram": -1.677346, "bb_width": 0.049106, "bb_position": -0.003516, "stoch_k": 8.321479, "stoch_d": 35.603474, "adx": 49.420339, "atr_14": 5.173211, "last_close": 235.29, "last_date": "2026-03-06"}