{"return_1d": 0.016271, "return_5d": 0.0034, "return_20d": 0.077272, "return_60d": 0.286927, "return_252d": 0.255869, "sma_20": 238.005325, "sma_50": 218.87214, "sma_200": 206.337974, "price_vs_sma20": 0.023464, "price_vs_sma50": 0.112933, "price_vs_sma200": 0.180539, "volatility_20d": 0.152379, "volatility_60d": 0.204047, "drawdown": 0.0, "max_drawdown_1y": -0.221023, "volume_ratio": 0.964564, "rsi_14": 69.4565, "macd": 6.618049, "macd_signal": 7.552613, "macd_histogram": -0.934563, "bb_width": 0.084755, "bb_position": 0.770502, "stoch_k": 86.659595, "stoch_d": 71.733449, "adx": 54.984374, "atr_14": 4.304676, "last_close": 243.59, "last_date": "2026-02-27"}