{"return_1d": -0.030857, "return_5d": -0.005465, "return_20d": 0.017903, "return_60d": 0.252096, "return_252d": 0.242037, "sma_20": 240.977905, "sma_50": 222.568724, "sma_200": 207.151303, "price_vs_sma20": -0.010781, "price_vs_sma50": 0.07104, "price_vs_sma200": 0.150753, "volatility_20d": 0.201967, "volatility_60d": 0.219785, "drawdown": -0.038945, "max_drawdown_1y": -0.221023, "volume_ratio": 1.10473, "rsi_14": 53.788219, "macd": 5.573818, "macd_signal": 6.748885, "macd_histogram": -1.175067, "bb_width": 0.053521, "bb_position": 0.296375, "stoch_k": 19.73792, "stoch_d": 52.285443, "adx": 52.147161, "atr_14": 5.243458, "last_close": 238.38, "last_date": "2026-03-05"}