{"return_1d": 0.008694, "return_5d": 0.020608, "return_20d": 0.070509, "return_60d": 0.285914, "return_252d": 0.257283, "sma_20": 240.76827, "sma_50": 221.763652, "sma_200": 206.992941, "price_vs_sma20": 0.021605, "price_vs_sma50": 0.109154, "price_vs_sma200": 0.188301, "volatility_20d": 0.173551, "volatility_60d": 0.208382, "drawdown": -0.008345, "max_drawdown_1y": -0.221023, "volume_ratio": 1.19924, "rsi_14": 66.836297, "macd": 6.354444, "macd_signal": 7.042651, "macd_histogram": -0.688207, "bb_width": 0.056562, "bb_position": 0.873886, "stoch_k": 78.751022, "stoch_d": 78.590773, "adx": 54.382497, "atr_14": 4.87757, "last_close": 245.97, "last_date": "2026-03-04"}