{"return_1d": -0.0344, "return_5d": 0.036517, "return_20d": -0.153932, "return_60d": -0.430784, "return_252d": 0.518363, "sma_20": 77.7835, "sma_50": 98.737, "sma_200": 107.0792, "price_vs_sma20": -0.022029, "price_vs_sma50": -0.229569, "price_vs_sma200": -0.289591, "volatility_20d": 0.961134, "volatility_60d": 0.687581, "drawdown": -0.501049, "max_drawdown_1y": -0.533517, "volume_ratio": 0.708682, "rsi_14": 39.590403, "macd": -6.414418, "macd_signal": -7.880303, "macd_histogram": 1.465886, "bb_width": 0.240066, "bb_position": 0.40617, "stoch_k": 64.138577, "stoch_d": 49.554964, "adx": 40.140919, "atr_14": 5.480771, "last_close": 76.07, "last_date": "2026-03-03"}