{"return_1d": -0.043073, "return_5d": 0.016348, "return_20d": 0.060677, "return_60d": -0.434948, "return_252d": 0.602037, "sma_20": 77.758, "sma_50": 96.3166, "sma_200": 107.34495, "price_vs_sma20": -0.008591, "price_vs_sma50": -0.199619, "price_vs_sma200": -0.281848, "volatility_20d": 0.911942, "volatility_60d": 0.704389, "drawdown": -0.494359, "max_drawdown_1y": -0.533517, "volume_ratio": 0.807504, "rsi_14": 42.262274, "macd": -4.749618, "macd_signal": -6.496974, "macd_histogram": 1.747357, "bb_width": 0.208942, "bb_position": 0.458528, "stoch_k": 50.676111, "stoch_d": 70.828743, "adx": 35.906177, "atr_14": 5.57717, "last_close": 77.09, "last_date": "2026-03-06"}