{"return_1d": -0.045312, "return_5d": -0.003416, "return_20d": -0.25079, "return_60d": -0.384534, "return_252d": 0.552712, "sma_20": 79.5105, "sma_50": 100.344, "sma_200": 106.92475, "price_vs_sma20": -0.046038, "price_vs_sma50": -0.2441, "price_vs_sma200": -0.290623, "volatility_20d": 0.992593, "volatility_60d": 0.6961, "drawdown": -0.502492, "max_drawdown_1y": -0.533517, "volume_ratio": 0.594797, "rsi_14": 38.113398, "macd": -7.387841, "macd_signal": -8.617457, "macd_histogram": 1.229616, "bb_width": 0.367466, "bb_position": 0.368669, "stoch_k": 34.210526, "stoch_d": 43.292054, "adx": 40.595965, "atr_14": 5.312374, "last_close": 75.85, "last_date": "2026-02-27"}