{"return_1d": -0.049213, "return_5d": -0.007489, "return_20d": -0.253852, "return_60d": -0.38705, "return_252d": 0.546366, "sma_20": 79.495, "sma_50": 100.3378, "sma_200": 106.9232, "price_vs_sma20": -0.049752, "price_vs_sma50": -0.247143, "price_vs_sma200": -0.293512, "volatility_20d": 0.9944, "volatility_60d": 0.69706, "drawdown": -0.504526, "max_drawdown_1y": -0.533517, "volume_ratio": 0.469634, "rsi_14": 37.851537, "macd": -7.41257, "macd_signal": -8.622403, "macd_histogram": 1.209833, "bb_width": 0.369422, "bb_position": 0.358275, "stoch_k": 32.610939, "stoch_d": 42.758858, "adx": 40.595965, "atr_14": 5.312374, "last_close": 75.54, "last_date": "2026-02-27"}