{"return_1d": 0.080715, "return_5d": 0.060364, "return_20d": -0.055817, "return_60d": -0.400277, "return_252d": 0.753252, "sma_20": 77.5405, "sma_50": 98.038, "sma_200": 107.18685, "price_vs_sma20": 0.06022, "price_vs_sma50": -0.161448, "price_vs_sma200": -0.233022, "volatility_20d": 1.004105, "volatility_60d": 0.708169, "drawdown": -0.460777, "max_drawdown_1y": -0.533517, "volume_ratio": 1.005899, "rsi_14": 47.47212, "macd": -5.577593, "macd_signal": -7.419761, "macd_histogram": 1.842169, "bb_width": 0.203263, "bb_position": 0.779439, "stoch_k": 88.790157, "stoch_d": 67.748174, "adx": 38.389235, "atr_14": 5.645002, "last_close": 82.21, "last_date": "2026-03-04"}