{"return_1d": 0.038629, "return_5d": 0.09752, "return_20d": -0.208082, "return_60d": -0.374514, "return_252d": 0.615006, "sma_20": 78.4755, "sma_50": 99.5316, "sma_200": 107.0058, "price_vs_sma20": 0.00388, "price_vs_sma50": -0.208493, "price_vs_sma200": -0.263778, "volatility_20d": 1.008707, "volatility_60d": 0.699896, "drawdown": -0.483274, "max_drawdown_1y": -0.533517, "volume_ratio": 0.679074, "rsi_14": 42.184588, "macd": -6.764046, "macd_signal": -8.246775, "macd_histogram": 1.482729, "bb_width": 0.266603, "bb_position": 0.514498, "stoch_k": 50.315789, "stoch_d": 45.770898, "adx": 40.311095, "atr_14": 5.400062, "last_close": 78.78, "last_date": "2026-03-02"}