{"return_1d": 0.030741, "return_5d": 0.1065, "return_20d": 0.028346, "return_60d": 0.01565, "return_252d": 0.145487, "sma_20": 22.0765, "sma_50": 22.497068, "sma_200": 21.736767, "price_vs_sma20": 0.002423, "price_vs_sma50": -0.016316, "price_vs_sma200": 0.018091, "volatility_20d": 0.520411, "volatility_60d": 0.396157, "drawdown": -0.151883, "max_drawdown_1y": -0.483578, "volume_ratio": 0.889617, "rsi_14": 52.046125, "macd": -0.355861, "macd_signal": -0.321951, "macd_histogram": -0.03391, "bb_width": 0.211723, "bb_position": 0.511418, "stoch_k": 50.440529, "stoch_d": 36.123348, "adx": 22.340883, "atr_14": 0.8316, "last_close": 22.13, "last_date": "2026-03-02"}