{"return_1d": -0.015836, "return_5d": -0.015836, "return_20d": -0.069573, "return_60d": -0.109093, "return_252d": 0.148732, "sma_20": 21.879, "sma_50": 22.2772, "sma_200": 21.818813, "price_vs_sma20": -0.034234, "price_vs_sma50": -0.051497, "price_vs_sma200": -0.03157, "volatility_20d": 0.452207, "volatility_60d": 0.389069, "drawdown": -0.190207, "max_drawdown_1y": -0.483578, "volume_ratio": 1.030977, "rsi_14": 44.380797, "macd": -0.284141, "macd_signal": -0.302362, "macd_histogram": 0.018222, "bb_width": 0.218093, "bb_position": 0.337467, "stoch_k": 46.73913, "stoch_d": 49.106181, "adx": 19.039041, "atr_14": 0.812448, "last_close": 21.13, "last_date": "2026-03-06"}