{"return_1d": 0.03023, "return_5d": 0.004679, "return_20d": -0.024534, "return_60d": -0.015535, "return_252d": 0.082414, "sma_20": 22.046, "sma_50": 22.537562, "sma_200": 21.71407, "price_vs_sma20": -0.026127, "price_vs_sma50": -0.047368, "price_vs_sma200": -0.01124, "volatility_20d": 0.515456, "volatility_60d": 0.391139, "drawdown": -0.177177, "max_drawdown_1y": -0.483578, "volume_ratio": 1.72684, "rsi_14": 46.96256, "macd": -0.449227, "macd_signal": -0.313473, "macd_histogram": -0.135754, "bb_width": 0.219375, "bb_position": 0.377706, "stoch_k": 35.903084, "stoch_d": 25.110132, "adx": 23.813391, "atr_14": 0.812184, "last_close": 21.47, "last_date": "2026-02-27"}