{"return_1d": 0.036708, "return_5d": 0.010997, "return_20d": -0.018401, "return_60d": -0.009345, "return_252d": 0.08922, "sma_20": 22.05275, "sma_50": 22.540262, "sma_200": 21.714744, "price_vs_sma20": -0.020304, "price_vs_sma50": -0.041493, "price_vs_sma200": -0.005054, "volatility_20d": 0.5211, "volatility_60d": 0.393493, "drawdown": -0.172003, "max_drawdown_1y": -0.483578, "volume_ratio": 0.89008, "rsi_14": 48.009387, "macd": -0.438458, "macd_signal": -0.311319, "macd_histogram": -0.127139, "bb_width": 0.21746, "bb_position": 0.404698, "stoch_k": 38.876652, "stoch_d": 26.101322, "adx": 23.814709, "atr_14": 0.812113, "last_close": 21.605, "last_date": "2026-02-27"}