{"return_1d": 0.006114, "return_5d": 0.01802, "return_20d": -0.023981, "return_60d": -0.214825, "return_252d": -0.415794, "sma_20": 19.01325, "sma_50": 20.5283, "sma_200": 24.460231, "price_vs_sma20": -0.004642, "price_vs_sma50": -0.078102, "price_vs_sma200": -0.226295, "volatility_20d": 0.396941, "volatility_60d": 0.326187, "drawdown": -0.492914, "max_drawdown_1y": -0.51234, "volume_ratio": 0.573388, "rsi_14": 44.943913, "macd": -0.559185, "macd_signal": -0.655867, "macd_histogram": 0.096682, "bb_width": 0.120321, "bb_position": 0.461244, "stoch_k": 47.727273, "stoch_d": 38.053613, "adx": 31.311654, "atr_14": 0.812881, "last_close": 18.925, "last_date": "2026-02-27"}