{"return_1d": 0.006205, "return_5d": 0.02475, "return_20d": 0.016188, "return_60d": -0.214528, "return_252d": -0.311572, "sma_20": 18.94, "sma_50": 20.0606, "sma_200": 24.239479, "price_vs_sma20": 0.027455, "price_vs_sma50": -0.029939, "price_vs_sma200": -0.197177, "volatility_20d": 0.317089, "volatility_60d": 0.312311, "drawdown": -0.478579, "max_drawdown_1y": -0.51234, "volume_ratio": 0.740179, "rsi_14": 52.168733, "macd": -0.257488, "macd_signal": -0.457512, "macd_histogram": 0.200024, "bb_width": 0.105937, "bb_position": 0.752239, "stoch_k": 94.059406, "stoch_d": 83.340903, "adx": 26.643172, "atr_14": 0.733949, "last_close": 19.46, "last_date": "2026-03-06"}