{"return_1d": -0.015271, "return_5d": 0.019074, "return_20d": -0.038066, "return_60d": -0.247606, "return_252d": -0.410545, "sma_20": 18.9795, "sma_50": 20.407, "sma_200": 24.414856, "price_vs_sma20": -0.014726, "price_vs_sma50": -0.083648, "price_vs_sma200": -0.234073, "volatility_20d": 0.400998, "volatility_60d": 0.31929, "drawdown": -0.498943, "max_drawdown_1y": -0.51234, "volume_ratio": 0.797029, "rsi_14": 42.815759, "macd": -0.51734, "macd_signal": -0.627332, "macd_histogram": 0.109992, "bb_width": 0.120693, "bb_position": 0.37616, "stoch_k": 39.86014, "stoch_d": 44.522145, "adx": 30.95808, "atr_14": 0.787624, "last_close": 18.7, "last_date": "2026-03-02"}