{"return_1d": 0.009569, "return_5d": 0.021517, "return_20d": -0.020629, "return_60d": -0.212128, "return_252d": -0.413788, "sma_20": 19.0165, "sma_50": 20.5296, "sma_200": 24.460556, "price_vs_sma20": -0.001394, "price_vs_sma50": -0.074994, "price_vs_sma200": -0.223648, "volatility_20d": 0.397941, "volatility_60d": 0.326713, "drawdown": -0.491173, "max_drawdown_1y": -0.51234, "volume_ratio": 1.023747, "rsi_14": 45.721598, "macd": -0.553999, "macd_signal": -0.65483, "macd_histogram": 0.10083, "bb_width": 0.11984, "bb_position": 0.488356, "stoch_k": 50.0, "stoch_d": 38.811189, "adx": 31.311654, "atr_14": 0.813595, "last_close": 18.99, "last_date": "2026-02-27"}