{"return_1d": 0.008943, "return_5d": 0.053267, "return_20d": 0.009474, "return_60d": -0.250641, "return_252d": -0.333224, "sma_20": 18.9485, "sma_50": 20.2132, "sma_200": 24.328037, "price_vs_sma20": 0.012217, "price_vs_sma50": -0.051115, "price_vs_sma200": -0.211609, "volatility_20d": 0.372949, "volatility_60d": 0.316055, "drawdown": -0.486082, "max_drawdown_1y": -0.51234, "volume_ratio": 0.649953, "rsi_14": 48.776753, "macd": -0.392715, "macd_signal": -0.553314, "macd_histogram": 0.160599, "bb_width": 0.111326, "bb_position": 0.608419, "stoch_k": 74.311927, "stoch_d": 58.624731, "adx": 29.313815, "atr_14": 0.765349, "last_close": 19.18, "last_date": "2026-03-04"}