{"return_1d": 0.008342, "return_5d": 0.028177, "return_20d": -0.024218, "return_60d": -0.244682, "return_252d": -0.310446, "sma_20": 18.9245, "sma_50": 20.1348, "sma_200": 24.282926, "price_vs_sma20": 0.021956, "price_vs_sma50": -0.039474, "price_vs_sma200": -0.203556, "volatility_20d": 0.339389, "volatility_60d": 0.317011, "drawdown": -0.481794, "max_drawdown_1y": -0.51234, "volume_ratio": 0.792131, "rsi_14": 50.710379, "macd": -0.324333, "macd_signal": -0.507518, "macd_histogram": 0.183185, "bb_width": 0.10425, "bb_position": 0.706081, "stoch_k": 81.651376, "stoch_d": 72.555143, "adx": 27.727017, "atr_14": 0.744253, "last_close": 19.34, "last_date": "2026-03-05"}