{"return_1d": 0.016578, "return_5d": 0.044505, "return_20d": -0.040384, "return_60d": -0.236347, "return_252d": -0.356903, "sma_20": 18.9395, "sma_50": 20.2986, "sma_200": 24.371336, "price_vs_sma20": 0.003722, "price_vs_sma50": -0.063482, "price_vs_sma200": -0.219985, "volatility_20d": 0.399411, "volatility_60d": 0.321983, "drawdown": -0.490637, "max_drawdown_1y": -0.51234, "volume_ratio": 0.646044, "rsi_14": 46.71436, "macd": -0.457992, "macd_signal": -0.593464, "macd_histogram": 0.135472, "bb_width": 0.111803, "bb_position": 0.533171, "stoch_k": 61.702128, "stoch_d": 50.520756, "adx": 30.417313, "atr_14": 0.774222, "last_close": 19.01, "last_date": "2026-03-03"}