{"return_1d": -0.010229, "return_5d": -0.025383, "return_20d": -0.043874, "return_60d": 0.006533, "return_252d": -0.125107, "sma_20": 24.605, "sma_50": 24.20713, "sma_200": 25.47026, "price_vs_sma20": -0.016866, "price_vs_sma50": -0.000708, "price_vs_sma200": -0.050265, "volatility_20d": 0.3138, "volatility_60d": 0.266171, "drawdown": -0.498108, "max_drawdown_1y": -0.563848, "volume_ratio": 0.764836, "rsi_14": 46.394823, "macd": 0.126794, "macd_signal": 0.206836, "macd_histogram": -0.080042, "bb_width": 0.104437, "bb_position": 0.33573, "stoch_k": 35.14377, "stoch_d": 42.172524, "adx": 16.980632, "atr_14": 0.677129, "last_close": 24.19, "last_date": "2026-03-05"}