{"return_1d": 0.036261, "return_5d": 0.029212, "return_20d": 0.052373, "return_60d": 0.117964, "return_252d": -0.064268, "sma_20": 24.658, "sma_50": 24.130886, "sma_200": 25.555934, "price_vs_sma20": 0.043069, "price_vs_sma50": 0.065854, "price_vs_sma200": 0.00642, "volatility_20d": 0.31378, "volatility_60d": 0.270917, "drawdown": -0.466363, "max_drawdown_1y": -0.563848, "volume_ratio": 0.543457, "rsi_14": 60.443301, "macd": 0.323482, "macd_signal": 0.225866, "macd_histogram": 0.097616, "bb_width": 0.10099, "bb_position": 0.90886, "stoch_k": 84.025559, "stoch_d": 73.341466, "adx": 19.949031, "atr_14": 0.720577, "last_close": 25.72, "last_date": "2026-02-27"}