{"return_1d": -0.008864, "return_5d": -0.046512, "return_20d": 0.005724, "return_60d": 0.070659, "return_252d": -0.101888, "sma_20": 24.6695, "sma_50": 24.175906, "sma_200": 25.520229, "price_vs_sma20": -0.002817, "price_vs_sma50": 0.017542, "price_vs_sma200": -0.036059, "volatility_20d": 0.329037, "volatility_60d": 0.276218, "drawdown": -0.489601, "max_drawdown_1y": -0.563848, "volume_ratio": 0.797559, "rsi_14": 50.04167, "macd": 0.238854, "macd_signal": 0.236456, "macd_histogram": 0.002398, "bb_width": 0.103979, "bb_position": 0.472829, "stoch_k": 48.242812, "stoch_d": 61.235357, "adx": 19.243127, "atr_14": 0.715191, "last_close": 24.6, "last_date": "2026-03-03"}