{"return_1d": 0.031426, "return_5d": 0.02441, "return_20d": 0.047463, "return_60d": 0.112748, "return_252d": -0.068634, "sma_20": 24.652, "sma_50": 24.128486, "sma_200": 25.555335, "price_vs_sma20": 0.038455, "price_vs_sma50": 0.060987, "price_vs_sma200": 0.001748, "volatility_20d": 0.307333, "volatility_60d": 0.268476, "drawdown": -0.468853, "max_drawdown_1y": -0.563848, "volume_ratio": 1.136039, "rsi_14": 59.614171, "macd": 0.313909, "macd_signal": 0.223951, "macd_histogram": 0.089958, "bb_width": 0.100002, "bb_position": 0.870305, "stoch_k": 80.191693, "stoch_d": 72.063511, "adx": 19.949031, "atr_14": 0.720577, "last_close": 25.6, "last_date": "2026-02-27"}