{"return_1d": -0.030469, "return_5d": -0.013514, "return_20d": 0.008533, "return_60d": 0.088654, "return_252d": -0.085873, "sma_20": 24.6625, "sma_50": 24.157654, "sma_200": 25.538066, "price_vs_sma20": 0.006386, "price_vs_sma50": 0.027418, "price_vs_sma200": -0.028117, "volatility_20d": 0.328139, "volatility_60d": 0.275712, "drawdown": -0.485037, "max_drawdown_1y": -0.563848, "volume_ratio": 0.779994, "rsi_14": 51.986519, "macd": 0.283477, "macd_signal": 0.235856, "macd_histogram": 0.047621, "bb_width": 0.103297, "bb_position": 0.561431, "stoch_k": 55.271565, "stoch_d": 63.578275, "adx": 20.051117, "atr_14": 0.724821, "last_close": 24.82, "last_date": "2026-03-02"}