{"return_1d": 0.00031, "return_5d": -0.075966, "return_20d": 0.011115, "return_60d": 0.213413, "return_252d": 0.466631, "sma_20": 1303.99, "sma_50": 1258.764, "sma_200": 1052.665242, "price_vs_sma20": -0.009348, "price_vs_sma50": 0.026245, "price_vs_sma200": 0.227171, "volatility_20d": 0.439191, "volatility_60d": 0.294898, "drawdown": -0.075966, "max_drawdown_1y": -0.243066, "volume_ratio": 0.053748, "rsi_14": 49.901772, "macd": 16.677213, "macd_signal": 22.75726, "macd_histogram": -6.080046, "bb_width": 0.136047, "bb_position": 0.430638, "stoch_k": 31.802526, "stoch_d": 30.127678, "adx": 26.665672, "atr_14": 38.810073, "last_close": 1291.8, "last_date": "2026-03-05"}