{"return_1d": -0.026431, "return_5d": -0.10663, "return_20d": -0.046561, "return_60d": 0.16573, "return_252d": 0.420916, "sma_20": 1300.3, "sma_50": 1259.9, "sma_200": 1054.481876, "price_vs_sma20": -0.042529, "price_vs_sma50": -0.011826, "price_vs_sma200": 0.180675, "volatility_20d": 0.442828, "volatility_60d": 0.302243, "drawdown": -0.109442, "max_drawdown_1y": -0.243066, "volume_ratio": 1.681279, "rsi_14": 43.315552, "macd": 9.40879, "macd_signal": 19.92164, "macd_histogram": -10.51285, "bb_width": 0.147753, "bb_position": 0.199379, "stoch_k": 4.936854, "stoch_d": 22.047033, "adx": 25.399946, "atr_14": 41.850979, "last_close": 1245.0, "last_date": "2026-03-06"}