{"return_1d": -0.01952, "return_5d": 0.011306, "return_20d": 0.003843, "return_60d": 0.215562, "return_252d": 0.42605, "sma_20": 1306.25, "sma_50": 1254.648, "sma_200": 1048.789952, "price_vs_sma20": -0.000191, "price_vs_sma50": 0.040929, "price_vs_sma200": 0.245245, "volatility_20d": 0.403509, "volatility_60d": 0.274693, "drawdown": -0.065808, "max_drawdown_1y": -0.243066, "volume_ratio": 0.115113, "rsi_14": 51.845542, "macd": 27.266837, "macd_signal": 26.054634, "macd_histogram": 1.212203, "bb_width": 0.132119, "bb_position": 0.498551, "stoch_k": 44.597458, "stoch_d": 64.653955, "adx": 28.753887, "atr_14": 36.432751, "last_close": 1306.0, "last_date": "2026-03-03"}