{"return_1d": -0.045781, "return_5d": 0.02862, "return_20d": 0.019004, "return_60d": 0.242571, "return_252d": 0.411673, "sma_20": 1305.89, "sma_50": 1251.492, "sma_200": 1046.694302, "price_vs_sma20": 0.018309, "price_vs_sma50": 0.062572, "price_vs_sma200": 0.270476, "volatility_20d": 0.399291, "volatility_60d": 0.27172, "drawdown": -0.048784, "max_drawdown_1y": -0.243066, "volume_ratio": 0.115679, "rsi_14": 56.292395, "macd": 31.18334, "macd_signal": 25.716484, "macd_histogram": 5.466856, "bb_width": 0.129609, "bb_position": 0.638727, "stoch_k": 57.20339, "stoch_d": 82.733051, "adx": 30.846761, "atr_14": 35.443512, "last_close": 1329.8, "last_date": "2026-03-02"}