{"return_1d": -0.014233, "return_5d": -0.107011, "return_20d": -0.048006, "return_60d": 0.172153, "return_252d": 0.341538, "sma_20": 1300.95135, "sma_50": 1255.34054, "sma_200": 1050.375734, "price_vs_sma20": -0.043141, "price_vs_sma50": -0.008375, "price_vs_sma200": 0.185125, "volatility_20d": 0.441373, "volatility_60d": 0.294256, "drawdown": -0.109566, "max_drawdown_1y": -0.243066, "volume_ratio": 0.093793, "rsi_14": 42.980085, "macd": 16.209517, "macd_signal": 23.534226, "macd_histogram": -7.324709, "bb_width": 0.147799, "bb_position": 0.194951, "stoch_k": 12.196504, "stoch_d": 30.760417, "adx": 27.819211, "atr_14": 38.452606, "last_close": 1244.827, "last_date": "2026-03-04"}