{"return_1d": 0.011293, "return_5d": 0.03544, "return_20d": 0.108286, "return_60d": 0.126932, "return_252d": 0.135631, "sma_20": 78.832, "sma_50": 77.8144, "sma_200": 71.7073, "price_vs_sma20": 0.045134, "price_vs_sma50": 0.058801, "price_vs_sma200": 0.148976, "volatility_20d": 0.337029, "volatility_60d": 0.261832, "drawdown": -0.104067, "max_drawdown_1y": -0.325468, "volume_ratio": 0.947791, "rsi_14": 60.275394, "macd": 1.303764, "macd_signal": 0.925101, "macd_histogram": 0.378662, "bb_width": 0.132316, "bb_position": 0.826377, "stoch_k": 47.408537, "stoch_d": 45.69441, "adx": 21.411767, "atr_14": 2.675285, "last_close": 82.39, "last_date": "2026-02-27"}