{"return_1d": -0.005088, "return_5d": -0.015957, "return_20d": 0.06524, "return_60d": 0.08897, "return_252d": 0.140236, "sma_20": 79.989, "sma_50": 78.1004, "sma_200": 71.8979, "price_vs_sma20": 0.002263, "price_vs_sma50": 0.026499, "price_vs_sma200": 0.115053, "volatility_20d": 0.313478, "volatility_60d": 0.260221, "drawdown": -0.128208, "max_drawdown_1y": -0.325468, "volume_ratio": 0.751444, "rsi_14": 52.705867, "macd": 0.990092, "macd_signal": 1.034204, "macd_histogram": -0.044112, "bb_width": 0.090752, "bb_position": 0.524878, "stoch_k": 30.487805, "stoch_d": 31.631098, "adx": 22.021517, "atr_14": 2.515112, "last_close": 80.17, "last_date": "2026-03-05"}