{"return_1d": 0.013502, "return_5d": 0.037703, "return_20d": 0.110708, "return_60d": 0.129394, "return_252d": 0.138112, "sma_20": 78.841, "sma_50": 77.818, "sma_200": 71.7082, "price_vs_sma20": 0.047298, "price_vs_sma50": 0.061066, "price_vs_sma200": 0.151472, "volatility_20d": 0.337635, "volatility_60d": 0.262202, "drawdown": -0.10211, "max_drawdown_1y": -0.325468, "volume_ratio": 0.456416, "rsi_14": 60.669392, "macd": 1.318123, "macd_signal": 0.927973, "macd_histogram": 0.39015, "bb_width": 0.132609, "bb_position": 0.840563, "stoch_k": 48.780488, "stoch_d": 46.151727, "adx": 21.40419, "atr_14": 2.673142, "last_close": 82.57, "last_date": "2026-02-27"}