{"return_1d": -0.014256, "return_5d": -0.037672, "return_20d": 0.065064, "return_60d": 0.100576, "return_252d": 0.111404, "sma_20": 79.3715, "sma_50": 77.9728, "sma_200": 71.8121, "price_vs_sma20": 0.010564, "price_vs_sma50": 0.028692, "price_vs_sma200": 0.116943, "volatility_20d": 0.346035, "volatility_60d": 0.259994, "drawdown": -0.127773, "max_drawdown_1y": -0.325468, "volume_ratio": 0.787315, "rsi_14": 53.059095, "macd": 1.171596, "macd_signal": 1.032749, "macd_histogram": 0.138846, "bb_width": 0.12588, "bb_position": 0.583046, "stoch_k": 30.792683, "stoch_d": 39.278455, "adx": 21.847521, "atr_14": 2.626342, "last_close": 80.21, "last_date": "2026-03-03"}