{"return_1d": 0.026531, "return_5d": 0.020802, "return_20d": 0.066243, "return_60d": 0.195371, "return_252d": 0.320704, "sma_20": 19.7965, "sma_50": 18.926976, "sma_200": 16.8047, "price_vs_sma20": 0.016341, "price_vs_sma50": 0.063033, "price_vs_sma200": 0.197284, "volatility_20d": 0.2984, "volatility_60d": 0.238675, "drawdown": -0.013725, "max_drawdown_1y": -0.360288, "volume_ratio": 1.181755, "rsi_14": 57.885914, "macd": 0.289789, "macd_signal": 0.355195, "macd_histogram": -0.065406, "bb_width": 0.06917, "bb_position": 0.732449, "stoch_k": 56.218905, "stoch_d": 40.630182, "adx": 24.787588, "atr_14": 0.591841, "last_close": 20.12, "last_date": "2026-03-04"}