{"return_1d": -0.007952, "return_5d": -0.016749, "return_20d": 0.033661, "return_60d": 0.178993, "return_252d": 0.334171, "sma_20": 19.829, "sma_50": 18.96306, "sma_200": 16.830022, "price_vs_sma20": 0.006606, "price_vs_sma50": 0.052573, "price_vs_sma200": 0.185976, "volatility_20d": 0.291249, "volatility_60d": 0.239669, "drawdown": -0.021569, "max_drawdown_1y": -0.360288, "volume_ratio": 1.518939, "rsi_14": 55.582708, "macd": 0.279182, "macd_signal": 0.339992, "macd_histogram": -0.06081, "bb_width": 0.066314, "bb_position": 0.598971, "stoch_k": 48.258706, "stoch_d": 44.941957, "adx": 23.865461, "atr_14": 0.579567, "last_close": 19.96, "last_date": "2026-03-05"}