{"return_1d": -0.036573, "return_5d": -0.018377, "return_20d": 0.012105, "return_60d": 0.146499, "return_252d": 0.26699, "sma_20": 19.8405, "sma_50": 18.98219, "sma_200": 16.852365, "price_vs_sma20": -0.03077, "price_vs_sma50": 0.013055, "price_vs_sma200": 0.141086, "volatility_20d": 0.316004, "volatility_60d": 0.251797, "drawdown": -0.057353, "max_drawdown_1y": -0.360288, "volume_ratio": 1.211474, "rsi_14": 46.493263, "macd": 0.209457, "macd_signal": 0.313885, "macd_histogram": -0.104428, "bb_width": 0.063415, "bb_position": -0.000626, "stoch_k": 12.376238, "stoch_d": 38.951283, "adx": 22.85611, "atr_14": 0.608169, "last_close": 19.23, "last_date": "2026-03-06"}