{"return_1d": -0.034975, "return_5d": -0.039706, "return_20d": 0.049839, "return_60d": 0.138014, "return_252d": 0.296355, "sma_20": 19.629, "sma_50": 18.823802, "sma_200": 16.73094, "price_vs_sma20": -0.001987, "price_vs_sma50": 0.040704, "price_vs_sma200": 0.170885, "volatility_20d": 0.288304, "volatility_60d": 0.241878, "drawdown": -0.039706, "max_drawdown_1y": -0.360288, "volume_ratio": 1.197862, "rsi_14": 51.939454, "macd": 0.358858, "macd_signal": 0.411469, "macd_histogram": -0.052611, "bb_width": 0.106478, "bb_position": 0.481303, "stoch_k": 21.22905, "stoch_d": 42.555744, "adx": 29.122845, "atr_14": 0.568098, "last_close": 19.59, "last_date": "2026-02-27"}