{"return_1d": -0.023573, "return_5d": -0.021253, "return_20d": 0.108255, "return_60d": 0.251057, "return_252d": 0.32407, "sma_20": 227.50171, "sma_50": 204.372844, "sma_200": 182.998263, "price_vs_sma20": -0.004051, "price_vs_sma50": 0.10866, "price_vs_sma200": 0.238154, "volatility_20d": 0.392875, "volatility_60d": 0.289237, "drawdown": -0.109041, "max_drawdown_1y": -0.417953, "volume_ratio": 0.757387, "rsi_14": 58.345814, "macd": 7.953597, "macd_signal": 8.779164, "macd_histogram": -0.825567, "bb_width": 0.088885, "bb_position": 0.454234, "stoch_k": 48.109413, "stoch_d": 65.607401, "adx": 36.933669, "atr_14": 5.657601, "last_close": 226.58, "last_date": "2026-03-05"}