{"return_1d": -0.002497, "return_5d": 0.042553, "return_20d": 0.218165, "return_60d": 0.298012, "return_252d": 0.409594, "sma_20": 222.928285, "sma_50": 201.770352, "sma_200": 181.888201, "price_vs_sma20": 0.057246, "price_vs_sma50": 0.16811, "price_vs_sma200": 0.295796, "volatility_20d": 0.373639, "volatility_60d": 0.283672, "drawdown": -0.073218, "max_drawdown_1y": -0.417953, "volume_ratio": 0.43422, "rsi_14": 73.791594, "macd": 9.335604, "macd_signal": 8.994705, "macd_histogram": 0.340899, "bb_width": 0.179998, "bb_position": 0.800815, "stoch_k": 84.754626, "stoch_d": 90.893282, "adx": 38.238545, "atr_14": 5.67156, "last_close": 235.69, "last_date": "2026-03-02"}