{"return_1d": -0.007017, "return_5d": -0.047782, "return_20d": 0.009303, "return_60d": 0.252723, "return_252d": 0.309951, "sma_20": 227.605395, "sma_50": 205.16936, "sma_200": 183.35738, "price_vs_sma20": -0.011491, "price_vs_sma50": 0.096606, "price_vs_sma200": 0.227057, "volatility_20d": 0.233487, "volatility_60d": 0.289011, "drawdown": -0.115293, "max_drawdown_1y": -0.417953, "volume_ratio": 0.603067, "rsi_14": 56.049548, "macd": 7.076212, "macd_signal": 8.438573, "macd_histogram": -1.362362, "bb_width": 0.088185, "bb_position": 0.36818, "stoch_k": 41.713596, "stoch_d": 53.31188, "adx": 35.336251, "atr_14": 5.486344, "last_close": 224.99, "last_date": "2026-03-06"}