{"return_1d": 0.019395, "return_5d": 0.06412, "return_20d": 0.246665, "return_60d": 0.283443, "return_252d": 0.42004, "sma_20": 220.803265, "sma_50": 200.789204, "sma_200": 181.50047, "price_vs_sma20": 0.068779, "price_vs_sma50": 0.175312, "price_vs_sma200": 0.300217, "volatility_20d": 0.372392, "volatility_60d": 0.285163, "drawdown": -0.072039, "max_drawdown_1y": -0.417953, "volume_ratio": 0.433807, "rsi_14": 74.694198, "macd": 9.21178, "macd_signal": 8.904854, "macd_histogram": 0.306926, "bb_width": 0.202553, "bb_position": 0.817711, "stoch_k": 97.513119, "stoch_d": 89.357909, "adx": 37.149849, "atr_14": 5.725719, "last_close": 235.99, "last_date": "2026-02-27"}