{"return_1d": -0.009011, "return_5d": 0.010495, "return_20d": 0.159347, "return_60d": 0.280137, "return_252d": 0.33993, "sma_20": 226.395085, "sma_50": 203.601752, "sma_200": 182.640687, "price_vs_sma20": 0.024978, "price_vs_sma50": 0.139725, "price_vs_sma200": 0.270527, "volatility_20d": 0.381114, "volatility_60d": 0.283717, "drawdown": -0.087531, "max_drawdown_1y": -0.417953, "volume_ratio": 0.519007, "rsi_14": 67.131648, "macd": 8.795879, "macd_signal": 8.985555, "macd_histogram": -0.189676, "bb_width": 0.122688, "bb_position": 0.698629, "stoch_k": 70.112631, "stoch_d": 77.822473, "adx": 38.376059, "atr_14": 5.567417, "last_close": 232.05, "last_date": "2026-03-04"}