{"return_1d": 0.010457, "return_5d": 0.002697, "return_20d": 0.062393, "return_60d": 0.212651, "return_252d": 0.422457, "sma_20": 512.12363, "sma_50": 484.971766, "sma_200": 437.364195, "price_vs_sma20": 0.009483, "price_vs_sma50": 0.066, "price_vs_sma200": 0.182035, "volatility_20d": 0.25538, "volatility_60d": 0.265472, "drawdown": -0.018026, "max_drawdown_1y": -0.326468, "volume_ratio": 0.855766, "rsi_14": 57.222003, "macd": 10.374684, "macd_signal": 12.113216, "macd_histogram": -1.738533, "bb_width": 0.098253, "bb_position": 0.595607, "stoch_k": 54.228791, "stoch_d": 58.534856, "adx": 31.082486, "atr_14": 15.296592, "last_close": 516.98, "last_date": "2026-03-02"}