{"return_1d": -0.024428, "return_5d": -0.029132, "return_20d": 0.02694, "return_60d": 0.195244, "return_252d": 0.373059, "sma_20": 510.52404, "sma_50": 483.344214, "sma_200": 436.680758, "price_vs_sma20": -0.001026, "price_vs_sma50": 0.055149, "price_vs_sma200": 0.167901, "volatility_20d": 0.270385, "volatility_60d": 0.266495, "drawdown": -0.031284, "max_drawdown_1y": -0.326467, "volume_ratio": 0.699562, "rsi_14": 53.259009, "macd": 11.06987, "macd_signal": 12.521844, "macd_histogram": -1.451974, "bb_width": 0.108184, "bb_position": 0.490502, "stoch_k": 39.599292, "stoch_d": 68.865669, "adx": 32.061581, "atr_14": 14.991714, "last_close": 510.0, "last_date": "2026-02-27"}