{"return_1d": 0.004688, "return_5d": -0.067791, "return_20d": -0.023314, "return_60d": 0.12429, "return_252d": 0.399825, "sma_20": 511.25, "sma_50": 487.313406, "sma_200": 438.446263, "price_vs_sma20": -0.040039, "price_vs_sma50": 0.007114, "price_vs_sma200": 0.119362, "volatility_20d": 0.318147, "volatility_60d": 0.28909, "drawdown": -0.067791, "max_drawdown_1y": -0.326467, "volume_ratio": 1.022522, "rsi_14": 43.160765, "macd": 5.056488, "macd_signal": 9.93771, "macd_histogram": -4.881222, "bb_width": 0.112517, "bb_position": 0.12931, "stoch_k": 13.195807, "stoch_d": 23.505855, "adx": 27.661364, "atr_14": 15.929051, "last_close": 490.78, "last_date": "2026-03-04"}