{"return_1d": -0.02131, "return_5d": -0.026029, "return_20d": 0.030222, "return_60d": 0.199064, "return_252d": 0.377447, "sma_20": 510.60554, "sma_50": 483.376814, "sma_200": 436.688908, "price_vs_sma20": 0.002006, "price_vs_sma50": 0.05845, "price_vs_sma200": 0.171612, "volatility_20d": 0.266624, "volatility_60d": 0.265192, "drawdown": -0.028188, "max_drawdown_1y": -0.326468, "volume_ratio": 1.175363, "rsi_14": 54.291285, "macd": 11.199899, "macd_signal": 12.54785, "macd_histogram": -1.347951, "bb_width": 0.107851, "bb_position": 0.518566, "stoch_k": 44.003567, "stoch_d": 70.33376, "adx": 32.061581, "atr_14": 14.991714, "last_close": 511.63, "last_date": "2026-02-27"}