{"return_1d": -0.055109, "return_5d": -0.070115, "return_20d": -0.011649, "return_60d": 0.14086, "return_252d": 0.330902, "sma_20": 511.835755, "sma_50": 486.171246, "sma_200": 437.901878, "price_vs_sma20": -0.045612, "price_vs_sma50": 0.004769, "price_vs_sma200": 0.115524, "volatility_20d": 0.323786, "volatility_60d": 0.291237, "drawdown": -0.072141, "max_drawdown_1y": -0.326468, "volume_ratio": 1.175884, "rsi_14": 41.838001, "macd": 7.337211, "macd_signal": 11.158015, "macd_histogram": -3.820804, "bb_width": 0.107742, "bb_position": 0.056424, "stoch_k": 3.092966, "stoch_d": 33.775108, "adx": 29.190318, "atr_14": 16.338978, "last_close": 488.49, "last_date": "2026-03-03"}