{"return_1d": -0.029076, "return_5d": -0.08849, "return_20d": -0.019204, "return_60d": 0.084613, "return_252d": 0.371332, "sma_20": 510.783485, "sma_50": 488.01738, "sma_200": 438.891744, "price_vs_sma20": -0.0671, "price_vs_sma50": -0.02358, "price_vs_sma200": 0.085712, "volatility_20d": 0.312979, "volatility_60d": 0.295905, "drawdown": -0.094896, "max_drawdown_1y": -0.326467, "volume_ratio": 1.956913, "rsi_14": 37.445736, "macd": 2.073625, "macd_signal": 8.364893, "macd_histogram": -6.291268, "bb_width": 0.124064, "bb_position": -0.079752, "stoch_k": 4.445167, "stoch_d": 6.911313, "adx": 27.071506, "atr_14": 15.994119, "last_close": 476.51, "last_date": "2026-03-05"}