{"return_1d": -0.017109, "return_5d": 0.033782, "return_20d": -0.040574, "return_60d": -0.223336, "return_252d": -0.273649, "sma_20": 185.8925, "sma_50": 229.194278, "sma_200": 248.875666, "price_vs_sma20": 0.007464, "price_vs_sma50": -0.182877, "price_vs_sma200": -0.247496, "volatility_20d": 0.457098, "volatility_60d": 0.596394, "drawdown": -0.655771, "max_drawdown_1y": -0.679004, "volume_ratio": 0.52642, "rsi_14": 40.454332, "macd": -12.169669, "macd_signal": -15.282497, "macd_histogram": 3.112828, "bb_width": 0.12819, "bb_position": 0.557795, "stoch_k": 78.848728, "stoch_d": 74.695758, "adx": 43.74579, "atr_14": 8.525496, "last_close": 187.28, "last_date": "2026-03-02"}