{"return_1d": 0.019858, "return_5d": 0.00374, "return_20d": -0.031169, "return_60d": -0.210698, "return_252d": -0.24255, "sma_20": 186.2885, "sma_50": 230.594252, "sma_200": 249.071648, "price_vs_sma20": 0.022822, "price_vs_sma50": -0.1737, "price_vs_sma200": -0.234999, "volatility_20d": 0.454053, "volatility_60d": 0.59573, "drawdown": -0.649779, "max_drawdown_1y": -0.679004, "volume_ratio": 0.933625, "rsi_14": 42.412566, "macd": -13.201437, "macd_signal": -16.060704, "macd_histogram": 2.859267, "bb_width": 0.132938, "bb_position": 0.667845, "stoch_k": 81.789762, "stoch_d": 56.334735, "adx": 45.068133, "atr_14": 8.52438, "last_close": 190.54, "last_date": "2026-02-27"}