{"return_1d": 0.020982, "return_5d": 0.004846, "return_20d": -0.030101, "return_60d": -0.209828, "return_252d": -0.241715, "sma_20": 186.299, "sma_50": 230.598452, "sma_200": 249.072699, "price_vs_sma20": 0.023892, "price_vs_sma50": -0.172805, "price_vs_sma200": -0.234159, "volatility_20d": 0.454761, "volatility_60d": 0.59592, "drawdown": -0.649393, "max_drawdown_1y": -0.679004, "volume_ratio": 0.473188, "rsi_14": 42.578827, "macd": -13.184685, "macd_signal": -16.057353, "macd_histogram": 2.872668, "bb_width": 0.132943, "bb_position": 0.675521, "stoch_k": 82.610395, "stoch_d": 56.608279, "adx": 45.072387, "atr_14": 8.522237, "last_close": 190.75, "last_date": "2026-02-27"}