{"return_1d": 0.008426, "return_5d": 0.040043, "return_20d": -0.051342, "return_60d": -0.273823, "return_252d": -0.290093, "sma_20": 185.116, "sma_50": 226.104644, "sma_200": 248.433557, "price_vs_sma20": -0.010836, "price_vs_sma50": -0.190154, "price_vs_sma200": -0.262942, "volatility_20d": 0.43178, "volatility_60d": 0.583331, "drawdown": -0.663436, "max_drawdown_1y": -0.679004, "volume_ratio": 0.625569, "rsi_14": 38.637374, "macd": -11.036449, "macd_signal": -13.856459, "macd_histogram": 2.82001, "bb_width": 0.127583, "bb_position": 0.414133, "stoch_k": 58.596654, "stoch_d": 63.619679, "adx": 42.254027, "atr_14": 8.359994, "last_close": 183.11, "last_date": "2026-03-04"}