{"return_1d": -0.012888, "return_5d": -0.032543, "return_20d": -0.058937, "return_60d": -0.29661, "return_252d": -0.30255, "sma_20": 184.55, "sma_50": 224.549354, "sma_200": 248.160052, "price_vs_sma20": -0.020591, "price_vs_sma50": -0.195054, "price_vs_sma200": -0.271639, "volatility_20d": 0.433349, "volatility_60d": 0.581464, "drawdown": -0.667774, "max_drawdown_1y": -0.679004, "volume_ratio": 0.758428, "rsi_14": 37.23943, "macd": -10.596833, "macd_signal": -13.204534, "macd_histogram": 2.607701, "bb_width": 0.125821, "bb_position": 0.332909, "stoch_k": 39.893333, "stoch_d": 50.634547, "adx": 41.817469, "atr_14": 8.179994, "last_close": 180.75, "last_date": "2026-03-05"}