{"return_1d": -0.029605, "return_5d": -0.030425, "return_20d": 0.210558, "return_60d": 0.322309, "return_252d": 0.991888, "sma_20": 247.817, "sma_50": 227.396932, "sma_200": 196.328878, "price_vs_sma20": 0.018453, "price_vs_sma50": 0.109909, "price_vs_sma200": 0.285547, "volatility_20d": 0.369796, "volatility_60d": 0.312786, "drawdown": -0.04798, "max_drawdown_1y": -0.194131, "volume_ratio": 1.152829, "rsi_14": 59.162015, "macd": 10.664009, "macd_signal": 11.249518, "macd_histogram": -0.585509, "bb_width": 0.249119, "bb_position": 0.572731, "stoch_k": 33.12416, "stoch_d": 63.068637, "adx": 37.173135, "atr_14": 7.775722, "last_close": 252.39, "last_date": "2026-03-05"}