{"return_1d": 0.008528, "return_5d": 0.017164, "return_20d": 0.257265, "return_60d": 0.321729, "return_252d": 0.994048, "sma_20": 237.841035, "sma_50": 222.416514, "sma_200": 194.350151, "price_vs_sma20": 0.103804, "price_vs_sma50": 0.180353, "price_vs_sma200": 0.350809, "volatility_20d": 0.353346, "volatility_60d": 0.309614, "drawdown": 0.0, "max_drawdown_1y": -0.194131, "volume_ratio": 1.12489, "rsi_14": 77.109675, "macd": 12.590544, "macd_signal": 10.657733, "macd_histogram": 1.932811, "bb_width": 0.311126, "bb_position": 0.802264, "stoch_k": 99.763314, "stoch_d": 97.552295, "adx": 37.490949, "atr_14": 7.299119, "last_close": 262.53, "last_date": "2026-02-27"}