{"return_1d": -0.008954, "return_5d": -0.047233, "return_20d": 0.193881, "return_60d": 0.292467, "return_252d": 0.92436, "sma_20": 249.848, "sma_50": 228.238516, "sma_200": 196.749836, "price_vs_sma20": 0.001129, "price_vs_sma50": 0.095915, "price_vs_sma200": 0.27131, "volatility_20d": 0.375482, "volatility_60d": 0.313466, "drawdown": -0.056505, "max_drawdown_1y": -0.194131, "volume_ratio": 0.824357, "rsi_14": 56.526176, "macd": 9.498789, "macd_signal": 10.899372, "macd_histogram": -1.400583, "bb_width": 0.208416, "bb_position": 0.505409, "stoch_k": 22.994173, "stoch_d": 44.40408, "adx": 35.244584, "atr_14": 7.71317, "last_close": 250.13, "last_date": "2026-03-06"}