{"return_1d": 0.009827, "return_5d": 0.031396, "return_20d": 0.274807, "return_60d": 0.351584, "return_252d": 0.991912, "sma_20": 240.69849, "sma_50": 223.817348, "sma_200": 194.885639, "price_vs_sma20": 0.101419, "price_vs_sma50": 0.184493, "price_vs_sma200": 0.360336, "volatility_20d": 0.34851, "volatility_60d": 0.307652, "drawdown": 0.0, "max_drawdown_1y": -0.194131, "volume_ratio": 0.766451, "rsi_14": 78.356382, "macd": 12.743234, "macd_signal": 11.074833, "macd_histogram": 1.668401, "bb_width": 0.30227, "bb_position": 0.80463, "stoch_k": 94.915646, "stoch_d": 97.167677, "adx": 39.011325, "atr_14": 7.371325, "last_close": 265.11, "last_date": "2026-03-02"}