{"return_1d": 0.004829, "return_5d": 0.001733, "return_20d": 0.218975, "return_60d": 0.325923, "return_252d": 0.989991, "sma_20": 245.62203, "sma_50": 226.416602, "sma_200": 195.87945, "price_vs_sma20": 0.058903, "price_vs_sma50": 0.148723, "price_vs_sma200": 0.327806, "volatility_20d": 0.360917, "volatility_60d": 0.311583, "drawdown": -0.018936, "max_drawdown_1y": -0.194131, "volume_ratio": 0.53718, "rsi_14": 69.400329, "macd": 11.766031, "macd_signal": 11.395895, "macd_histogram": 0.370136, "bb_width": 0.274487, "bb_position": 0.702657, "stoch_k": 77.093909, "stoch_d": 83.6658, "adx": 38.742632, "atr_14": 7.522316, "last_close": 260.09, "last_date": "2026-03-04"}