{"return_1d": -3.8e-05, "return_5d": 0.008524, "return_20d": 0.246585, "return_60d": 0.310502, "return_252d": 0.97711, "sma_20": 237.729535, "sma_50": 222.371914, "sma_200": 194.339, "price_vs_sma20": 0.094942, "price_vs_sma50": 0.170561, "price_vs_sma200": 0.339412, "volatility_20d": 0.355681, "volatility_60d": 0.309676, "drawdown": -0.002491, "max_drawdown_1y": -0.194131, "volume_ratio": 0.389063, "rsi_14": 75.988834, "macd": 12.412653, "macd_signal": 10.622155, "macd_histogram": 1.790498, "bb_width": 0.311803, "bb_position": 0.778091, "stoch_k": 96.308806, "stoch_d": 96.400792, "adx": 37.380312, "atr_14": 7.191976, "last_close": 260.3, "last_date": "2026-02-27"}