{"return_1d": -0.023651, "return_5d": -0.008086, "return_20d": 0.249883, "return_60d": 0.332998, "return_252d": 0.899528, "sma_20": 243.28592, "sma_50": 225.172536, "sma_200": 195.383986, "price_vs_sma20": 0.063933, "price_vs_sma50": 0.149519, "price_vs_sma200": 0.324776, "volatility_20d": 0.367175, "volatility_60d": 0.311772, "drawdown": -0.023651, "max_drawdown_1y": -0.194131, "volume_ratio": 0.747906, "rsi_14": 68.580701, "macd": 12.21747, "macd_signal": 11.303361, "macd_histogram": 0.914109, "bb_width": 0.291019, "bb_position": 0.706486, "stoch_k": 78.987844, "stoch_d": 91.222268, "adx": 38.872002, "atr_14": 7.744802, "last_close": 258.84, "last_date": "2026-03-03"}