{"return_1d": 0.002324, "return_5d": -0.03192, "return_20d": 0.013577, "return_60d": 0.09601, "return_252d": 0.468508, "sma_20": 19.80325, "sma_50": 19.041822, "sma_200": 16.938872, "price_vs_sma20": -0.019858, "price_vs_sma50": 0.019335, "price_vs_sma200": 0.145885, "volatility_20d": 0.226261, "volatility_60d": 0.158939, "drawdown": -0.046192, "max_drawdown_1y": -0.09917, "volume_ratio": 0.074073, "rsi_14": 48.26229, "macd": 0.145348, "macd_signal": 0.274432, "macd_histogram": -0.129084, "bb_width": 0.067025, "bb_position": 0.197723, "stoch_k": 34.459459, "stoch_d": 25.675676, "adx": 29.490122, "atr_14": 0.403627, "last_close": 19.41, "last_date": "2026-03-05"}