{"return_1d": -0.022733, "return_5d": -0.035162, "return_20d": 0.018426, "return_60d": 0.093859, "return_252d": 0.503517, "sma_20": 19.79275, "sma_50": 18.987906, "sma_200": 16.902492, "price_vs_sma20": -0.022622, "price_vs_sma50": 0.018806, "price_vs_sma200": 0.144506, "volatility_20d": 0.193092, "volatility_60d": 0.143684, "drawdown": -0.049386, "max_drawdown_1y": -0.09917, "volume_ratio": 0.137999, "rsi_14": 45.882615, "macd": 0.253843, "macd_signal": 0.342258, "macd_histogram": -0.088415, "bb_width": 0.070195, "bb_position": 0.170271, "stoch_k": 10.775862, "stoch_d": 43.965517, "adx": 29.409291, "atr_14": 0.385537, "last_close": 19.345, "last_date": "2026-03-03"}