{"return_1d": 0.004404, "return_5d": -0.033167, "return_20d": 0.001033, "return_60d": 0.099496, "return_252d": 0.463428, "sma_20": 19.79875, "sma_50": 19.067602, "sma_200": 16.957404, "price_vs_sma20": -0.020898, "price_vs_sma50": 0.016646, "price_vs_sma200": 0.143158, "volatility_20d": 0.223628, "volatility_60d": 0.158874, "drawdown": -0.04742, "max_drawdown_1y": -0.09917, "volume_ratio": 0.046008, "rsi_14": 48.003233, "macd": 0.105932, "macd_signal": 0.239328, "macd_histogram": -0.133396, "bb_width": 0.068385, "bb_position": 0.18789, "stoch_k": 32.77027, "stoch_d": 30.405405, "adx": 28.335466, "atr_14": 0.40773, "last_close": 19.385, "last_date": "2026-03-06"}