{"return_1d": 0.005507, "return_5d": -0.057985, "return_20d": 0.001829, "return_60d": 0.081255, "return_252d": 0.467436, "sma_20": 19.7805, "sma_50": 19.006382, "sma_200": 16.918955, "price_vs_sma20": -0.030864, "price_vs_sma50": 0.008609, "price_vs_sma200": 0.133049, "volatility_20d": 0.219995, "volatility_60d": 0.156482, "drawdown": -0.057985, "max_drawdown_1y": -0.09917, "volume_ratio": 0.085647, "rsi_14": 43.541108, "macd": 0.166794, "macd_signal": 0.303592, "macd_histogram": -0.136797, "bb_width": 0.075035, "bb_position": 0.075574, "stoch_k": 18.243243, "stoch_d": 26.320286, "adx": 29.938337, "atr_14": 0.407642, "last_close": 19.17, "last_date": "2026-03-04"}