{"return_1d": -0.031673, "return_5d": -0.034002, "return_20d": -0.076995, "return_60d": 0.069497, "return_252d": 0.365078, "sma_20": 73.56938, "sma_50": 71.84959, "sma_200": 64.530295, "price_vs_sma20": -0.056673, "price_vs_sma50": -0.034093, "price_vs_sma200": 0.075464, "volatility_20d": 0.516602, "volatility_60d": 0.405935, "drawdown": -0.114072, "max_drawdown_1y": -0.386629, "volume_ratio": 1.37493, "rsi_14": 41.693912, "macd": -0.355926, "macd_signal": 0.270026, "macd_histogram": -0.625952, "bb_width": 0.129676, "bb_position": 0.036711, "stoch_k": 18.267963, "stoch_d": 21.342189, "adx": 17.906275, "atr_14": 3.218845, "last_close": 69.4, "last_date": "2026-03-03"}