{"return_1d": -0.003602, "return_5d": -0.060092, "return_20d": -0.076147, "return_60d": 0.049648, "return_252d": 0.379532, "sma_20": 73.2844, "sma_50": 71.97514, "sma_200": 64.618625, "price_vs_sma20": -0.056416, "price_vs_sma50": -0.039252, "price_vs_sma200": 0.070125, "volatility_20d": 0.516589, "volatility_60d": 0.405035, "drawdown": -0.117263, "max_drawdown_1y": -0.386629, "volume_ratio": 0.932674, "rsi_14": 41.200618, "macd": -0.599766, "macd_signal": 0.096068, "macd_histogram": -0.695833, "bb_width": 0.140212, "bb_position": 0.073582, "stoch_k": 16.108664, "stoch_d": 21.276769, "adx": 17.668737, "atr_14": 3.176785, "last_close": 69.15, "last_date": "2026-03-04"}