{"return_1d": -0.003497, "return_5d": 0.071726, "return_20d": -0.215081, "return_60d": -0.202284, "return_252d": -0.031235, "sma_20": 265.19752, "sma_50": 285.493272, "sma_200": 276.929342, "price_vs_sma20": -0.09739, "price_vs_sma50": -0.161556, "price_vs_sma200": -0.135628, "volatility_20d": 0.64031, "volatility_60d": 0.441495, "drawdown": -0.235714, "max_drawdown_1y": -0.286864, "volume_ratio": 0.830499, "rsi_14": 34.719387, "macd": -15.569108, "macd_signal": -13.44242, "macd_histogram": -2.126688, "bb_width": 0.41942, "bb_position": 0.242745, "stoch_k": 24.25543, "stoch_d": 25.69499, "adx": 30.049107, "atr_14": 10.905229, "last_close": 239.37, "last_date": "2026-03-02"}