{"return_1d": -0.007438, "return_5d": -0.065912, "return_20d": -0.218796, "return_60d": -0.209672, "return_252d": -0.037753, "sma_20": 268.477085, "sma_50": 286.735096, "sma_200": 277.002476, "price_vs_sma20": -0.105287, "price_vs_sma50": -0.162258, "price_vs_sma200": -0.132824, "volatility_20d": 0.639774, "volatility_60d": 0.441912, "drawdown": -0.233032, "max_drawdown_1y": -0.286864, "volume_ratio": 0.887355, "rsi_14": 35.036937, "macd": -15.803069, "macd_signal": -12.910748, "macd_histogram": -2.892321, "bb_width": 0.429391, "bb_position": 0.225945, "stoch_k": 25.3479, "stoch_d": 24.847066, "adx": 29.151698, "atr_14": 11.205631, "last_close": 240.21, "last_date": "2026-02-27"}