{"return_1d": 0.019488, "return_5d": 0.052707, "return_20d": -0.145507, "return_60d": -0.183461, "return_252d": 0.024326, "sma_20": 259.68516, "sma_50": 283.39313, "sma_200": 276.830124, "price_vs_sma20": -0.037065, "price_vs_sma50": -0.117622, "price_vs_sma200": -0.096702, "volatility_20d": 0.615068, "volatility_60d": 0.445427, "drawdown": -0.201582, "max_drawdown_1y": -0.286864, "volume_ratio": 0.828958, "rsi_14": 42.152028, "macd": -13.53568, "macd_signal": -13.668193, "macd_histogram": 0.132513, "bb_width": 0.350174, "bb_position": 0.390079, "stoch_k": 58.007117, "stoch_d": 38.669361, "adx": 29.801487, "atr_14": 10.606346, "last_close": 250.06, "last_date": "2026-03-04"}