{"return_1d": 0.02469, "return_5d": 0.069597, "return_20d": -0.216222, "return_60d": -0.184857, "return_252d": -0.00421, "sma_20": 261.814235, "sma_50": 284.366864, "sma_200": 276.889538, "price_vs_sma20": -0.063153, "price_vs_sma50": -0.137452, "price_vs_sma200": -0.114159, "volatility_20d": 0.639175, "volatility_60d": 0.445066, "drawdown": -0.216844, "max_drawdown_1y": -0.286864, "volume_ratio": 0.901541, "rsi_14": 38.914251, "macd": -14.736927, "macd_signal": -13.701321, "macd_histogram": -1.035605, "bb_width": 0.373434, "bb_position": 0.319487, "stoch_k": 33.745534, "stoch_d": 27.782955, "adx": 30.214346, "atr_14": 10.969141, "last_close": 245.28, "last_date": "2026-03-03"}