{"return_1d": 0.007612, "return_5d": 0.06571, "return_20d": -0.06265, "return_60d": 0.048933, "return_252d": -0.030268, "sma_20": 160.706, "sma_50": 164.2948, "sma_200": 168.198538, "price_vs_sma20": 0.021306, "price_vs_sma50": -0.001003, "price_vs_sma200": -0.024189, "volatility_20d": 0.412174, "volatility_60d": 0.288892, "drawdown": -0.124013, "max_drawdown_1y": -0.225275, "volume_ratio": 0.856462, "rsi_14": 54.575157, "macd": -1.920301, "macd_signal": -2.614416, "macd_histogram": 0.694115, "bb_width": 0.180336, "bb_position": 0.615681, "stoch_k": 74.747096, "stoch_d": 63.795747, "adx": 26.602114, "atr_14": 4.579468, "last_close": 164.13, "last_date": "2026-02-27"}