{"return_1d": -0.013771, "return_5d": 0.006814, "return_20d": -0.005156, "return_60d": 0.042258, "return_252d": -0.023506, "sma_20": 159.9545, "sma_50": 164.6662, "sma_200": 168.047677, "price_vs_sma20": 0.025292, "price_vs_sma50": -0.004046, "price_vs_sma200": -0.024086, "volatility_20d": 0.358134, "volatility_60d": 0.287665, "drawdown": -0.124707, "max_drawdown_1y": -0.225275, "volume_ratio": 0.869977, "rsi_14": 53.243914, "macd": -0.176413, "macd_signal": -1.418494, "macd_histogram": 1.242081, "bb_width": 0.155193, "bb_position": 0.658948, "stoch_k": 78.529254, "stoch_d": 85.94412, "adx": 20.307268, "atr_14": 4.473792, "last_close": 164.0, "last_date": "2026-03-05"}