{"return_1d": 0.016146, "return_5d": 0.074735, "return_20d": -0.054712, "return_60d": 0.057816, "return_252d": -0.022055, "sma_20": 160.7755, "sma_50": 164.3226, "sma_200": 168.205489, "price_vs_sma20": 0.02951, "price_vs_sma50": 0.007287, "price_vs_sma200": -0.015966, "volatility_20d": 0.416154, "volatility_60d": 0.290257, "drawdown": -0.116595, "max_drawdown_1y": -0.225275, "volume_ratio": 0.344068, "rsi_14": 56.445487, "macd": -1.809418, "macd_signal": -2.592239, "macd_histogram": 0.782821, "bb_width": 0.179747, "bb_position": 0.65947, "stoch_k": 79.955039, "stoch_d": 65.531728, "adx": 26.615486, "atr_14": 4.574825, "last_close": 165.52, "last_date": "2026-02-27"}