{"return_1d": 0.0, "return_5d": 0.060633, "return_20d": -0.048504, "return_60d": 0.053692, "return_252d": -0.038005, "sma_20": 159.836, "sma_50": 164.4678, "sma_200": 168.13695, "price_vs_sma20": 0.030932, "price_vs_sma50": 0.001898, "price_vs_sma200": -0.019966, "volatility_20d": 0.412535, "volatility_60d": 0.28751, "drawdown": -0.120544, "max_drawdown_1y": -0.225275, "volume_ratio": 0.80997, "rsi_14": 55.536703, "macd": -0.880904, "macd_signal": -2.064784, "macd_histogram": 1.183881, "bb_width": 0.152238, "bb_position": 0.697083, "stoch_k": 86.481948, "stoch_d": 82.318407, "adx": 23.222545, "atr_14": 4.481735, "last_close": 164.78, "last_date": "2026-03-03"}