{"return_1d": 0.009164, "return_5d": 0.037173, "return_20d": 0.019746, "return_60d": 0.048244, "return_252d": -0.029021, "sma_20": 159.997, "sma_50": 164.5922, "sma_200": 168.101507, "price_vs_sma20": 0.039332, "price_vs_sma50": 0.010315, "price_vs_sma200": -0.010776, "volatility_20d": 0.356268, "volatility_60d": 0.286667, "drawdown": -0.112485, "max_drawdown_1y": -0.225275, "volume_ratio": 0.584775, "rsi_14": 57.935665, "macd": -0.385932, "macd_signal": -1.729014, "macd_histogram": 1.343082, "bb_width": 0.153769, "bb_position": 0.746106, "stoch_k": 92.821159, "stoch_d": 88.343094, "adx": 21.786078, "atr_14": 4.499468, "last_close": 166.29, "last_date": "2026-03-04"}