{"return_1d": 0.013354, "return_5d": 0.012551, "return_20d": -0.012478, "return_60d": 0.06149, "return_252d": -0.020614, "sma_20": 159.8495, "sma_50": 164.761, "sma_200": 168.002315, "price_vs_sma20": 0.039665, "price_vs_sma50": 0.008673, "price_vs_sma200": -0.010787, "volatility_20d": 0.353285, "volatility_60d": 0.288527, "drawdown": -0.113019, "max_drawdown_1y": -0.225275, "volume_ratio": 0.973419, "rsi_14": 56.843316, "macd": 0.164451, "macd_signal": -1.101905, "macd_histogram": 1.266356, "bb_width": 0.150205, "bb_position": 0.753999, "stoch_k": 90.284487, "stoch_d": 87.211633, "adx": 19.038093, "atr_14": 4.491378, "last_close": 166.19, "last_date": "2026-03-06"}