{"return_1d": -0.033279, "return_5d": -0.076602, "return_20d": -0.027976, "return_60d": 0.073191, "return_252d": 0.624466, "sma_20": 18.6815, "sma_50": 17.8984, "sma_200": 15.495604, "price_vs_sma20": -0.051468, "price_vs_sma50": -0.009967, "price_vs_sma200": 0.14355, "volatility_20d": 0.320072, "volatility_60d": 0.259287, "drawdown": -0.267871, "max_drawdown_1y": -0.571622, "volume_ratio": 0.660348, "rsi_14": 40.546639, "macd": 0.094759, "macd_signal": 0.256303, "macd_histogram": -0.161544, "bb_width": 0.083769, "bb_position": -0.147742, "stoch_k": 18.627451, "stoch_d": 23.973734, "adx": 25.572363, "atr_14": 0.56059, "last_close": 17.72, "last_date": "2026-03-03"}