{"return_1d": -0.020236, "return_5d": -0.043359, "return_20d": -0.037548, "return_60d": 0.051831, "return_252d": 0.572409, "sma_20": 18.5665, "sma_50": 17.9792, "sma_200": 15.571727, "price_vs_sma20": -0.061212, "price_vs_sma50": -0.030546, "price_vs_sma200": 0.119336, "volatility_20d": 0.301142, "volatility_60d": 0.264475, "drawdown": -0.279853, "max_drawdown_1y": -0.571622, "volume_ratio": 0.858896, "rsi_14": 38.867178, "macd": -0.077549, "macd_signal": 0.121861, "macd_histogram": -0.19941, "bb_width": 0.113179, "bb_position": -0.076113, "stoch_k": 4.411765, "stoch_d": 21.078431, "adx": 24.000599, "atr_14": 0.542983, "last_close": 17.43, "last_date": "2026-03-06"}