{"return_1d": -0.016584, "return_5d": -0.047134, "return_20d": -0.050694, "return_60d": 0.062737, "return_252d": 0.627958, "sma_20": 18.6005, "sma_50": 17.9636, "sma_200": 15.547561, "price_vs_sma20": -0.043574, "price_vs_sma50": -0.009664, "price_vs_sma200": 0.144231, "volatility_20d": 0.31545, "volatility_60d": 0.261801, "drawdown": -0.264979, "max_drawdown_1y": -0.571622, "volume_ratio": 0.89331, "rsi_14": 42.585498, "macd": -0.00408, "macd_signal": 0.171713, "macd_histogram": -0.175794, "bb_width": 0.097466, "bb_position": 0.032562, "stoch_k": 22.058824, "stoch_d": 25.816993, "adx": 24.171777, "atr_14": 0.553213, "last_close": 17.79, "last_date": "2026-03-05"}