{"return_1d": -0.0305, "return_5d": 0.021777, "return_20d": -0.050353, "return_60d": -0.131058, "return_252d": 0.443666, "sma_20": 639.812, "sma_50": 673.3616, "sma_200": 629.2459, "price_vs_sma20": -0.004864, "price_vs_sma50": -0.054446, "price_vs_sma200": 0.011846, "volatility_20d": 0.344474, "volatility_60d": 0.256452, "drawdown": -0.169536, "max_drawdown_1y": -0.488438, "volume_ratio": 0.944101, "rsi_14": 43.27326, "macd": -7.815763, "macd_signal": -11.527166, "macd_histogram": 3.711403, "bb_width": 0.071124, "bb_position": 0.431279, "stoch_k": 51.014975, "stoch_d": 75.440932, "adx": 30.081443, "atr_14": 19.082312, "last_close": 636.7, "last_date": "2026-03-02"}