{"return_1d": -0.006024, "return_5d": 0.033147, "return_20d": -0.029525, "return_60d": -0.099099, "return_252d": 0.434503, "sma_20": 641.5, "sma_50": 674.4912, "sma_200": 628.60805, "price_vs_sma20": 0.023741, "price_vs_sma50": -0.026333, "price_vs_sma200": 0.044737, "volatility_20d": 0.329369, "volatility_60d": 0.249981, "drawdown": -0.143411, "max_drawdown_1y": -0.488438, "volume_ratio": 1.413634, "rsi_14": 50.815365, "macd": -7.587366, "macd_signal": -12.455017, "macd_histogram": 4.867651, "bb_width": 0.079833, "bb_position": 0.790489, "stoch_k": 84.342762, "stoch_d": 88.412001, "adx": 30.438916, "atr_14": 18.293259, "last_close": 656.73, "last_date": "2026-02-27"}