{"return_1d": -0.002186, "return_5d": 0.037135, "return_20d": -0.025778, "return_60d": -0.095621, "return_252d": 0.440042, "sma_20": 641.626775, "sma_50": 674.54191, "sma_200": 628.620728, "price_vs_sma20": 0.027491, "price_vs_sma50": -0.022647, "price_vs_sma200": 0.048749, "volatility_20d": 0.328919, "volatility_60d": 0.249816, "drawdown": -0.140103, "max_drawdown_1y": -0.488438, "volume_ratio": 0.475221, "rsi_14": 51.878175, "macd": -7.385104, "macd_signal": -12.414565, "macd_histogram": 5.02946, "bb_width": 0.080485, "bb_position": 0.832425, "stoch_k": 88.561564, "stoch_d": 89.818269, "adx": 30.438916, "atr_14": 18.286473, "last_close": 659.2655, "last_date": "2026-02-27"}