{"return_1d": 0.020707, "return_5d": -0.013204, "return_20d": 0.025515, "return_60d": -0.095851, "return_252d": 0.48393, "sma_20": 640.416, "sma_50": 671.1924, "sma_200": 630.56005, "price_vs_sma20": 0.012935, "price_vs_sma50": -0.033511, "price_vs_sma200": 0.028768, "volatility_20d": 0.309202, "volatility_60d": 0.25943, "drawdown": -0.153884, "max_drawdown_1y": -0.488438, "volume_ratio": 1.071299, "rsi_14": 48.63247, "macd": -7.00014, "macd_signal": -10.057122, "macd_histogram": 3.056982, "bb_width": 0.070314, "bb_position": 0.681616, "stoch_k": 70.981697, "stoch_d": 57.027177, "adx": 29.085693, "atr_14": 19.217555, "last_close": 648.7, "last_date": "2026-03-04"}