{"return_1d": -0.025731, "return_5d": -0.029868, "return_20d": -0.042026, "return_60d": 0.149442, "return_252d": 0.110961, "sma_20": 209.1535, "sma_50": 197.235622, "sma_200": 176.880656, "price_vs_sma20": -0.027843, "price_vs_sma50": 0.030899, "price_vs_sma200": 0.149532, "volatility_20d": 0.216893, "volatility_60d": 0.230633, "drawdown": -0.149135, "max_drawdown_1y": -0.346, "volume_ratio": 0.732588, "rsi_14": 47.321, "macd": 2.613685, "macd_signal": 3.828266, "macd_histogram": -1.21458, "bb_width": 0.051035, "bb_position": -0.0612, "stoch_k": 11.5421, "stoch_d": 32.213833, "adx": 31.884833, "atr_14": 5.139966, "last_close": 203.33, "last_date": "2026-03-05"}