{"return_1d": -0.026705, "return_5d": -0.055235, "return_20d": -0.07063, "return_60d": 0.128856, "return_252d": 0.066659, "sma_20": 208.4015, "sma_50": 197.616274, "sma_200": 176.931616, "price_vs_sma20": -0.050391, "price_vs_sma50": 0.001436, "price_vs_sma200": 0.118511, "volatility_20d": 0.232665, "volatility_60d": 0.237151, "drawdown": -0.171857, "max_drawdown_1y": -0.346, "volume_ratio": 0.806163, "rsi_14": 39.953515, "macd": 1.631102, "macd_signal": 3.388833, "macd_histogram": -1.75773, "bb_width": 0.069371, "bb_position": -0.264936, "stoch_k": 7.393484, "stoch_d": 20.901328, "adx": 31.489525, "atr_14": 5.244968, "last_close": 197.9, "last_date": "2026-03-06"}