{"return_1d": -0.005821, "return_5d": 0.00429, "return_20d": 0.043311, "return_60d": 0.197494, "return_252d": 0.080817, "sma_20": 208.0035, "sma_50": 194.687486, "sma_200": 176.450087, "price_vs_sma20": 0.001762, "price_vs_sma50": 0.070279, "price_vs_sma200": 0.180901, "volatility_20d": 0.276569, "volatility_60d": 0.224164, "drawdown": -0.128044, "max_drawdown_1y": -0.346, "volume_ratio": 0.274731, "rsi_14": 57.947785, "macd": 3.679109, "macd_signal": 4.726458, "macd_histogram": -1.047349, "bb_width": 0.082264, "bb_position": 0.521381, "stoch_k": 35.4811, "stoch_d": 30.635083, "adx": 38.941238, "atr_14": 4.791596, "last_close": 208.37, "last_date": "2026-02-27"}