{"return_1d": 0.009882, "return_5d": 0.023663, "return_20d": 0.065424, "return_60d": 0.212518, "return_252d": 0.108927, "sma_20": 208.708, "sma_50": 195.40937, "sma_200": 176.576367, "price_vs_sma20": 0.013569, "price_vs_sma50": 0.082548, "price_vs_sma200": 0.198009, "volatility_20d": 0.274468, "volatility_60d": 0.223944, "drawdown": -0.114778, "max_drawdown_1y": -0.346, "volume_ratio": 0.651926, "rsi_14": 62.851761, "macd": 3.773021, "macd_signal": 4.549811, "macd_histogram": -0.77679, "bb_width": 0.071067, "bb_position": 0.688379, "stoch_k": 62.714777, "stoch_d": 49.684906, "adx": 37.335202, "atr_14": 4.912196, "last_close": 211.54, "last_date": "2026-03-02"}