{"return_1d": 0.015382, "return_5d": 0.009768, "return_20d": 0.180819, "return_60d": 0.193744, "return_252d": 0.043911, "sma_20": 78.09775, "sma_50": 72.583976, "sma_200": 69.154272, "price_vs_sma20": 0.052335, "price_vs_sma50": 0.132275, "price_vs_sma200": 0.18843, "volatility_20d": 0.326418, "volatility_60d": 0.273739, "drawdown": -0.40714, "max_drawdown_1y": -0.57305, "volume_ratio": 0.282547, "rsi_14": 67.123589, "macd": 2.873877, "macd_signal": 2.952888, "macd_histogram": -0.079011, "bb_width": 0.223515, "bb_position": 0.722501, "stoch_k": 78.930233, "stoch_d": 69.689798, "adx": 35.717947, "atr_14": 2.217928, "last_close": 82.185, "last_date": "2026-02-27"}