{"return_1d": -0.035938, "return_5d": -0.068693, "return_20d": 0.014672, "return_60d": 0.128964, "return_252d": -0.033166, "sma_20": 79.5625, "sma_50": 73.6508, "sma_200": 69.224348, "price_vs_sma20": -0.052569, "price_vs_sma50": 0.023478, "price_vs_sma200": 0.088923, "volatility_20d": 0.335129, "volatility_60d": 0.286886, "drawdown": -0.45623, "max_drawdown_1y": -0.57305, "volume_ratio": 1.427468, "rsi_14": 43.254285, "macd": 1.527554, "macd_signal": 2.423231, "macd_histogram": -0.895677, "bb_width": 0.160245, "bb_position": 0.153745, "stoch_k": 4.122622, "stoch_d": 16.975044, "adx": 29.50533, "atr_14": 2.440935, "last_close": 75.38, "last_date": "2026-03-05"}