{"return_1d": -0.017998, "return_5d": -0.018118, "return_20d": 0.156711, "return_60d": 0.185392, "return_252d": 0.019736, "sma_20": 78.647, "sma_50": 72.916174, "sma_200": 69.182607, "price_vs_sma20": 0.02674, "price_vs_sma50": 0.107436, "price_vs_sma200": 0.167201, "volatility_20d": 0.339578, "volatility_60d": 0.275855, "drawdown": -0.417492, "max_drawdown_1y": -0.57305, "volume_ratio": 0.878381, "rsi_14": 60.845853, "macd": 2.690412, "macd_signal": 2.900967, "macd_histogram": -0.210555, "bb_width": 0.208546, "bb_position": 0.624881, "stoch_k": 62.925852, "stoch_d": 70.208185, "adx": 34.751092, "atr_14": 2.264504, "last_close": 80.75, "last_date": "2026-03-02"}