{"return_1d": 0.017754, "return_5d": -0.098885, "return_20d": 0.060574, "return_60d": 0.163326, "return_252d": 0.197547, "sma_20": 44.00459, "sma_50": 41.70407, "sma_200": 36.366784, "price_vs_sma20": -0.03601, "price_vs_sma50": 0.017167, "price_vs_sma200": 0.166449, "volatility_20d": 0.371745, "volatility_60d": 0.334623, "drawdown": -0.098885, "max_drawdown_1y": -0.418705, "volume_ratio": 0.113772, "rsi_14": 45.585878, "macd": 0.767473, "macd_signal": 1.207842, "macd_histogram": -0.440369, "bb_width": 0.179333, "bb_position": 0.291702, "stoch_k": 14.495953, "stoch_d": 19.865784, "adx": 27.883835, "atr_14": 1.669072, "last_close": 42.42, "last_date": "2026-03-04"}