{"return_1d": 0.008989, "return_5d": -0.051956, "return_20d": 0.079126, "return_60d": 0.224142, "return_252d": 0.21301, "sma_20": 44.2434, "sma_50": 41.906868, "sma_200": 36.423909, "price_vs_sma20": 0.002183, "price_vs_sma50": 0.05806, "price_vs_sma200": 0.217332, "volatility_20d": 0.403231, "volatility_60d": 0.349251, "drawdown": -0.058099, "max_drawdown_1y": -0.418705, "volume_ratio": 0.099105, "rsi_14": 53.164304, "macd": 0.812018, "macd_signal": 1.148142, "macd_histogram": -0.336124, "bb_width": 0.156644, "bb_position": 0.513908, "stoch_k": 42.752024, "stoch_d": 27.765514, "adx": 26.340941, "atr_14": 1.681587, "last_close": 44.34, "last_date": "2026-03-05"}