{"return_1d": -0.032196, "return_5d": -0.079156, "return_20d": 0.054554, "return_60d": 0.210613, "return_252d": 0.271377, "sma_20": 43.9487, "sma_50": 41.596272, "sma_200": 36.333161, "price_vs_sma20": -0.021928, "price_vs_sma50": 0.033386, "price_vs_sma200": 0.183079, "volatility_20d": 0.320472, "volatility_60d": 0.317732, "drawdown": -0.086883, "max_drawdown_1y": -0.418705, "volume_ratio": 0.1238, "rsi_14": 47.068167, "macd": 1.11893, "macd_signal": 1.338755, "macd_histogram": -0.219825, "bb_width": 0.187803, "bb_position": 0.380622, "stoch_k": 14.423234, "stoch_d": 41.102072, "adx": 30.591586, "atr_14": 1.623863, "last_close": 42.985, "last_date": "2026-03-03"}