{"return_1d": -0.020205, "return_5d": 0.013827, "return_20d": 0.109771, "return_60d": 0.27106, "return_252d": 0.300413, "sma_20": 43.694775, "sma_50": 41.283032, "sma_200": 36.230488, "price_vs_sma20": 0.048752, "price_vs_sma50": 0.11002, "price_vs_sma200": 0.264819, "volatility_20d": 0.276372, "volatility_60d": 0.306948, "drawdown": -0.026553, "max_drawdown_1y": -0.418705, "volume_ratio": 1.338656, "rsi_14": 62.908332, "macd": 1.572713, "macd_signal": 1.394358, "macd_histogram": 0.178355, "bb_width": 0.19013, "bb_position": 0.744496, "stoch_k": 67.387177, "stoch_d": 82.599951, "adx": 33.058483, "atr_14": 1.564983, "last_close": 45.825, "last_date": "2026-02-27"}