{"return_1d": -0.026077, "return_5d": -0.027457, "return_20d": 0.073864, "return_60d": 0.270435, "return_252d": 0.251869, "sma_20": 43.848265, "sma_50": 41.455374, "sma_200": 36.287467, "price_vs_sma20": 0.017828, "price_vs_sma50": 0.076579, "price_vs_sma200": 0.229901, "volatility_20d": 0.297949, "volatility_60d": 0.307148, "drawdown": -0.051938, "max_drawdown_1y": -0.418705, "volume_ratio": 0.109294, "rsi_14": 55.361172, "macd": 1.408277, "macd_signal": 1.397142, "macd_histogram": 0.011136, "bb_width": 0.190901, "bb_position": 0.591754, "stoch_k": 44.792897, "stoch_d": 64.197583, "adx": 31.987707, "atr_14": 1.630699, "last_close": 44.63, "last_date": "2026-03-02"}