{"return_1d": -0.068085, "return_5d": -0.139771, "return_20d": -0.054994, "return_60d": 0.059148, "return_252d": 0.10266, "sma_20": 44.0267, "sma_50": 41.943736, "sma_200": 36.445134, "price_vs_sma20": -0.104634, "price_vs_sma50": -0.06017, "price_vs_sma200": 0.081626, "volatility_20d": 0.491476, "volatility_60d": 0.383571, "drawdown": -0.162613, "max_drawdown_1y": -0.418705, "volume_ratio": 1.696332, "rsi_14": 37.5583, "macd": 0.22423, "macd_signal": 0.937322, "macd_histogram": -0.713092, "bb_width": 0.202939, "bb_position": -0.075847, "stoch_k": 2.165464, "stoch_d": 17.278113, "adx": 25.748167, "atr_14": 1.924382, "last_close": 39.42, "last_date": "2026-03-06"}