{"return_1d": -0.027778, "return_5d": -0.102564, "return_20d": -0.01412, "return_60d": 0.104958, "return_252d": 0.150353, "sma_20": 44.11195, "sma_50": 41.977836, "sma_200": 36.453659, "price_vs_sma20": -0.067713, "price_vs_sma50": -0.020316, "price_vs_sma200": 0.128145, "volatility_20d": 0.437892, "volatility_60d": 0.360663, "drawdown": -0.126394, "max_drawdown_1y": -0.418705, "volume_ratio": 0.258437, "rsi_14": 42.002031, "macd": 0.360241, "macd_signal": 0.964524, "macd_histogram": -0.604283, "bb_width": 0.17809, "bb_position": 0.092166, "stoch_k": 4.822505, "stoch_d": 18.163793, "adx": 24.924688, "atr_14": 1.814382, "last_close": 41.125, "last_date": "2026-03-06"}