{"return_1d": -0.012146, "return_5d": -0.008032, "return_20d": -0.0003, "return_60d": -0.013801, "return_252d": 0.36704, "sma_20": 101.8795, "sma_50": 102.3494, "sma_200": 87.5629, "price_vs_sma20": -0.018056, "price_vs_sma50": -0.022564, "price_vs_sma200": 0.142493, "volatility_20d": 0.407401, "volatility_60d": 0.37253, "drawdown": -0.095234, "max_drawdown_1y": -0.369702, "volume_ratio": 0.85783, "rsi_14": 45.412218, "macd": -0.610697, "macd_signal": -0.43193, "macd_histogram": -0.178768, "bb_width": 0.10005, "bb_position": 0.316215, "stoch_k": 31.138393, "stoch_d": 29.076657, "adx": 9.631981, "atr_14": 3.388298, "last_close": 100.04, "last_date": "2026-03-02"}