{"return_1d": -0.014281, "return_5d": -0.052632, "return_20d": -0.066368, "return_60d": -0.007859, "return_252d": 0.374302, "sma_20": 100.942, "sma_50": 102.1866, "sma_200": 88.2587, "price_vs_sma20": -0.049553, "price_vs_sma50": -0.061129, "price_vs_sma200": 0.087032, "volatility_20d": 0.398479, "volatility_60d": 0.355798, "drawdown": -0.132314, "max_drawdown_1y": -0.369702, "volume_ratio": 0.664582, "rsi_14": 37.12736, "macd": -1.295188, "macd_signal": -0.801181, "macd_histogram": -0.494008, "bb_width": 0.126602, "bb_position": 0.088184, "stoch_k": 14.316469, "stoch_d": 19.43514, "adx": 12.076079, "atr_14": 3.258751, "last_close": 95.94, "last_date": "2026-03-06"}