{"return_1d": 0.008055, "return_5d": -0.011202, "return_20d": -0.020412, "return_60d": -0.015927, "return_252d": 0.407059, "sma_20": 101.5465, "sma_50": 102.3892, "sma_200": 87.92795, "price_vs_sma20": -0.026456, "price_vs_sma50": -0.034468, "price_vs_sma200": 0.12433, "volatility_20d": 0.398821, "volatility_60d": 0.374516, "drawdown": -0.105906, "max_drawdown_1y": -0.369702, "volume_ratio": 0.832082, "rsi_14": 43.356234, "macd": -0.884923, "macd_signal": -0.582209, "macd_histogram": -0.302713, "bb_width": 0.10898, "bb_position": 0.250643, "stoch_k": 27.896996, "stoch_d": 24.847545, "adx": 10.346352, "atr_14": 3.301747, "last_close": 98.86, "last_date": "2026-03-04"}