{"return_1d": -0.015476, "return_5d": -0.027575, "return_20d": -0.051365, "return_60d": -0.050624, "return_252d": 0.396814, "sma_20": 101.283, "sma_50": 102.282, "sma_200": 88.09805, "price_vs_sma20": -0.039029, "price_vs_sma50": -0.048415, "price_vs_sma200": 0.104792, "volatility_20d": 0.396558, "volatility_60d": 0.373363, "drawdown": -0.119743, "max_drawdown_1y": -0.369702, "volume_ratio": 0.690034, "rsi_14": 39.96696, "macd": -1.059558, "macd_signal": -0.677679, "macd_histogram": -0.381879, "bb_width": 0.116376, "bb_position": 0.151006, "stoch_k": 16.091954, "stoch_d": 19.832065, "adx": 10.986247, "atr_14": 3.300193, "last_close": 97.33, "last_date": "2026-03-05"}