{"return_1d": 0.011789, "return_5d": -0.000493, "return_20d": 0.00188, "return_60d": -0.007546, "return_252d": 0.362988, "sma_20": 101.881, "sma_50": 102.2892, "sma_200": 87.36675, "price_vs_sma20": -0.005997, "price_vs_sma50": -0.009964, "price_vs_sma200": 0.159137, "volatility_20d": 0.406599, "volatility_60d": 0.371875, "drawdown": -0.08411, "max_drawdown_1y": -0.369702, "volume_ratio": 1.17768, "rsi_14": 48.47014, "macd": -0.554478, "macd_signal": -0.387238, "macd_histogram": -0.16724, "bb_width": 0.098792, "bb_position": 0.438928, "stoch_k": 32.869992, "stoch_d": 26.137912, "adx": 9.45066, "atr_14": 3.362013, "last_close": 101.27, "last_date": "2026-02-27"}