{"return_1d": 0.002604, "return_5d": -0.061916, "return_20d": -0.08838, "return_60d": 0.007865, "return_252d": 0.357273, "sma_20": 24.4485, "sma_50": 24.55732, "sma_200": 21.556447, "price_vs_sma20": -0.054952, "price_vs_sma50": -0.05914, "price_vs_sma200": 0.071837, "volatility_20d": 0.303739, "volatility_60d": 0.250549, "drawdown": -0.115767, "max_drawdown_1y": -0.199788, "volume_ratio": 0.054465, "rsi_14": 37.629045, "macd": -0.374634, "macd_signal": -0.14438, "macd_histogram": -0.230253, "bb_width": 0.146725, "bb_position": 0.103697, "stoch_k": 21.300813, "stoch_d": 22.818428, "adx": 22.253812, "atr_14": 0.660712, "last_close": 23.105, "last_date": "2026-03-06"}