{"return_1d": -0.013616, "return_5d": -0.019116, "return_20d": -0.007655, "return_60d": 0.083542, "return_252d": 0.525314, "sma_20": 25.034, "sma_50": 24.595894, "sma_200": 21.435253, "price_vs_sma20": -0.016138, "price_vs_sma50": 0.001387, "price_vs_sma200": 0.149042, "volatility_20d": 0.305648, "volatility_60d": 0.225598, "drawdown": -0.057405, "max_drawdown_1y": -0.199788, "volume_ratio": 2.047799, "rsi_14": 48.330271, "macd": 0.051114, "macd_signal": 0.10157, "macd_histogram": -0.050456, "bb_width": 0.096068, "bb_position": 0.329258, "stoch_k": 37.230216, "stoch_d": 45.443645, "adx": 15.771268, "atr_14": 0.579648, "last_close": 24.63, "last_date": "2026-02-27"}