{"return_1d": -0.00459, "return_5d": -0.088288, "return_20d": -0.125408, "return_60d": 0.012774, "return_252d": 0.289815, "sma_20": 24.63525, "sma_50": 24.573874, "sma_200": 21.506622, "price_vs_sma20": -0.075715, "price_vs_sma50": -0.073406, "price_vs_sma200": 0.058744, "volatility_20d": 0.315827, "volatility_60d": 0.248489, "drawdown": -0.128588, "max_drawdown_1y": -0.199788, "volume_ratio": 0.116567, "rsi_14": 33.007703, "macd": -0.288276, "macd_signal": -0.036383, "macd_histogram": -0.251893, "bb_width": 0.139431, "bb_position": -0.08751, "stoch_k": 10.406504, "stoch_d": 13.153234, "adx": 20.011418, "atr_14": 0.658897, "last_close": 22.77, "last_date": "2026-03-04"}