{"return_1d": -0.036338, "return_5d": -0.051927, "return_20d": -0.063708, "return_60d": 0.060616, "return_252d": 0.419396, "sma_20": 24.95325, "sma_50": 24.605248, "sma_200": 21.460865, "price_vs_sma20": -0.048821, "price_vs_sma50": -0.035368, "price_vs_sma200": 0.105967, "volatility_20d": 0.319941, "volatility_60d": 0.236076, "drawdown": -0.091657, "max_drawdown_1y": -0.199788, "volume_ratio": 0.169299, "rsi_14": 39.860323, "macd": -0.040235, "macd_signal": 0.073209, "macd_histogram": -0.113444, "bb_width": 0.109578, "bb_position": 0.031594, "stoch_k": 10.204082, "stoch_d": 32.298243, "adx": 16.681549, "atr_14": 0.623602, "last_close": 23.735, "last_date": "2026-03-02"}