{"return_1d": -0.015622, "return_5d": -0.078969, "return_20d": -0.104952, "return_60d": -0.010456, "return_252d": 0.332601, "sma_20": 24.4275, "sma_50": 24.54892, "sma_200": 21.554347, "price_vs_sma20": -0.071334, "price_vs_sma50": -0.075927, "price_vs_sma200": 0.052456, "volatility_20d": 0.30502, "volatility_60d": 0.252595, "drawdown": -0.131841, "max_drawdown_1y": -0.199788, "volume_ratio": 1.395363, "rsi_14": 34.466525, "macd": -0.408138, "macd_signal": -0.151081, "macd_histogram": -0.257057, "bb_width": 0.156038, "bb_position": 0.007729, "stoch_k": 12.074303, "stoch_d": 19.742925, "adx": 22.826526, "atr_14": 0.709641, "last_close": 22.685, "last_date": "2026-03-06"}