{"return_1d": -0.020157, "return_5d": -0.079922, "return_20d": -0.067253, "return_60d": -0.291772, "return_252d": 0.85098, "sma_20": 152.268, "sma_50": 162.242, "sma_200": 142.55725, "price_vs_sma20": -0.039063, "price_vs_sma50": -0.098137, "price_vs_sma200": 0.026395, "volatility_20d": 0.415427, "volatility_60d": 0.489567, "drawdown": -0.307885, "max_drawdown_1y": -0.308595, "volume_ratio": 1.072077, "rsi_14": 38.640569, "macd": -3.214208, "macd_signal": -3.429963, "macd_histogram": 0.215756, "bb_width": 0.137892, "bb_position": 0.205199, "stoch_k": 13.658737, "stoch_d": 22.805578, "adx": 22.802252, "atr_14": 6.806436, "last_close": 146.32, "last_date": "2026-03-02"}