{"return_1d": -0.0421, "return_5d": -0.042867, "return_20d": -0.058187, "return_60d": -0.296225, "return_252d": 0.859474, "sma_20": 151.1115, "sma_50": 160.254, "sma_200": 143.75475, "price_vs_sma20": -0.049907, "price_vs_sma50": -0.10411, "price_vs_sma200": -0.001285, "volatility_20d": 0.424392, "volatility_60d": 0.498323, "drawdown": -0.320893, "max_drawdown_1y": -0.320893, "volume_ratio": 0.923757, "rsi_14": 37.673265, "macd": -3.629977, "macd_signal": -3.438734, "macd_histogram": -0.191243, "bb_width": 0.147994, "bb_position": 0.145064, "stoch_k": 6.040268, "stoch_d": 16.916349, "adx": 22.374829, "atr_14": 6.524639, "last_close": 143.57, "last_date": "2026-03-05"}