{"return_1d": -0.02396, "return_5d": -0.061609, "return_20d": -0.072171, "return_60d": -0.287052, "return_252d": 0.806963, "sma_20": 150.5665, "sma_50": 159.5414, "sma_200": 144.116, "price_vs_sma20": -0.069315, "price_vs_sma50": -0.12167, "price_vs_sma200": -0.027658, "volatility_20d": 0.430592, "volatility_60d": 0.495623, "drawdown": -0.337165, "max_drawdown_1y": -0.337165, "volume_ratio": 0.999769, "rsi_14": 34.821287, "macd": -4.149415, "macd_signal": -3.58087, "macd_histogram": -0.568545, "bb_width": 0.166318, "bb_position": 0.052199, "stoch_k": 0.873362, "stoch_d": 11.724833, "adx": 22.903702, "atr_14": 6.369308, "last_close": 140.13, "last_date": "2026-03-06"}