{"return_1d": -0.0014, "return_5d": -0.091686, "return_20d": -0.050881, "return_60d": -0.291472, "return_252d": 0.917926, "sma_20": 152.8185, "sma_50": 163.3382, "sma_200": 142.1565, "price_vs_sma20": -0.019818, "price_vs_sma50": -0.082946, "price_vs_sma200": 0.053698, "volatility_20d": 0.410699, "volatility_60d": 0.489996, "drawdown": -0.291472, "max_drawdown_1y": -0.308595, "volume_ratio": 0.525504, "rsi_14": 41.871833, "macd": -2.833486, "macd_signal": -3.476563, "macd_histogram": 0.643078, "bb_width": 0.131651, "bb_position": 0.346425, "stoch_k": 27.891715, "stoch_d": 26.565491, "adx": 23.119063, "atr_14": 6.995503, "last_close": 149.79, "last_date": "2026-02-27"}