{"return_1d": 0.004647, "return_5d": -0.073257, "return_20d": -0.045331, "return_60d": -0.2891, "return_252d": 0.802575, "sma_20": 151.919, "sma_50": 161.2128, "sma_200": 142.9642, "price_vs_sma20": -0.032379, "price_vs_sma50": -0.088162, "price_vs_sma200": 0.028229, "volatility_20d": 0.412237, "volatility_60d": 0.48983, "drawdown": -0.304669, "max_drawdown_1y": -0.308595, "volume_ratio": 0.788758, "rsi_14": 39.633103, "macd": -3.39287, "macd_signal": -3.422545, "macd_histogram": 0.029675, "bb_width": 0.14024, "bb_position": 0.261391, "stoch_k": 16.447908, "stoch_d": 18.703856, "adx": 22.709149, "atr_14": 6.645262, "last_close": 147.0, "last_date": "2026-03-03"}