{"return_1d": -0.004467, "return_5d": -0.094476, "return_20d": -0.053795, "return_60d": -0.293647, "return_252d": 0.912036, "sma_20": 152.7955, "sma_50": 163.329, "sma_200": 142.1542, "price_vs_sma20": -0.022681, "price_vs_sma50": -0.08571, "price_vs_sma200": 0.050479, "volatility_20d": 0.410756, "volatility_60d": 0.489934, "drawdown": -0.293647, "max_drawdown_1y": -0.308595, "volume_ratio": 1.090351, "rsi_14": 41.441171, "macd": -2.870181, "macd_signal": -3.483902, "macd_histogram": 0.613721, "bb_width": 0.132462, "bb_position": 0.324803, "stoch_k": 26.004922, "stoch_d": 25.93656, "adx": 23.119063, "atr_14": 6.996931, "last_close": 149.33, "last_date": "2026-02-27"}