{"return_1d": -0.052747, "return_5d": -0.065481, "return_20d": -0.116984, "return_60d": -0.015082, "return_252d": 0.816266, "sma_20": 46.614, "sma_50": 44.5222, "sma_200": 32.5709, "price_vs_sma20": -0.075385, "price_vs_sma50": -0.031944, "price_vs_sma200": 0.323267, "volatility_20d": 0.463465, "volatility_60d": 0.727643, "drawdown": -0.305771, "max_drawdown_1y": -0.707973, "volume_ratio": 0.950823, "rsi_14": 42.245194, "macd": -0.280685, "macd_signal": 0.149861, "macd_histogram": -0.430547, "bb_width": 0.188529, "bb_position": 0.067538, "stoch_k": 12.955466, "stoch_d": 26.630978, "adx": 14.54881, "atr_14": 2.607634, "last_close": 43.1, "last_date": "2026-03-03"}