{"return_1d": -0.05506, "return_5d": -0.048016, "return_20d": -0.099917, "return_60d": 0.077419, "return_252d": 1.086497, "sma_20": 46.057, "sma_50": 45.0318, "sma_200": 32.9227, "price_vs_sma20": -0.057255, "price_vs_sma50": -0.035792, "price_vs_sma200": 0.318847, "volatility_20d": 0.546594, "volatility_60d": 0.725764, "drawdown": -0.300617, "max_drawdown_1y": -0.707973, "volume_ratio": 0.90426, "rsi_14": 44.107072, "macd": -0.351018, "macd_signal": -0.056799, "macd_histogram": -0.294219, "bb_width": 0.177802, "bb_position": 0.158428, "stoch_k": 26.501035, "stoch_d": 48.554545, "adx": 12.444511, "atr_14": 2.583208, "last_close": 43.42, "last_date": "2026-03-06"}