{"return_1d": 0.057541, "return_5d": -0.02773, "return_20d": -0.074518, "return_60d": 0.125432, "return_252d": 1.004398, "sma_20": 46.4305, "sma_50": 44.7082, "sma_200": 32.69105, "price_vs_sma20": -0.018318, "price_vs_sma50": 0.0195, "price_vs_sma200": 0.394265, "volatility_20d": 0.513356, "volatility_60d": 0.719562, "drawdown": -0.265825, "max_drawdown_1y": -0.707973, "volume_ratio": 1.110024, "rsi_14": 49.635722, "macd": -0.250848, "macd_signal": 0.069719, "macd_histogram": -0.320568, "bb_width": 0.171047, "bb_position": 0.39091, "stoch_k": 50.51395, "stoch_d": 32.55769, "adx": 13.645462, "atr_14": 2.637803, "last_close": 45.58, "last_date": "2026-03-04"}