{"return_1d": 0.0033, "return_5d": 0.034006, "return_20d": -0.06268, "return_60d": 0.139965, "return_252d": 0.939201, "sma_20": 46.948, "sma_50": 44.2174, "sma_200": 32.3483, "price_vs_sma20": -0.0285, "price_vs_sma50": 0.031494, "price_vs_sma200": 0.409966, "volatility_20d": 0.495168, "volatility_60d": 0.739677, "drawdown": -0.265342, "max_drawdown_1y": -0.707973, "volume_ratio": 0.863802, "rsi_14": 48.978603, "macd": -0.026739, "macd_signal": 0.337417, "macd_histogram": -0.364156, "bb_width": 0.165883, "bb_position": 0.323155, "stoch_k": 32.733813, "stoch_d": 36.96036, "adx": 14.396461, "atr_14": 2.602818, "last_close": 45.61, "last_date": "2026-02-27"}