{"return_1d": 0.060549, "return_5d": 0.183485, "return_20d": 0.04746, "return_60d": -0.305777, "return_252d": -0.214209, "sma_20": 406.3865, "sma_50": 515.379746, "sma_200": 654.223925, "price_vs_sma20": 0.148636, "price_vs_sma50": -0.09428, "price_vs_sma200": -0.286498, "volatility_20d": 0.564778, "volatility_60d": 0.497784, "drawdown": -0.41973, "max_drawdown_1y": -0.554085, "volume_ratio": 1.355002, "rsi_14": 56.982815, "macd": -20.807046, "macd_signal": -36.818441, "macd_histogram": 16.011395, "bb_width": 0.248377, "bb_position": 1.020989, "stoch_k": 96.249387, "stoch_d": 96.147512, "adx": 48.617381, "atr_14": 23.424902, "last_close": 466.79, "last_date": "2026-03-05"}