{"return_1d": 0.0341, "return_5d": 0.208079, "return_20d": -0.110383, "return_60d": -0.329687, "return_252d": -0.289243, "sma_20": 405.0265, "sma_50": 523.99547, "sma_200": 656.313896, "price_vs_sma20": 0.06993, "price_vs_sma50": -0.172989, "price_vs_sma200": -0.339721, "volatility_20d": 0.65521, "volatility_60d": 0.482435, "drawdown": -0.461299, "max_drawdown_1y": -0.554085, "volume_ratio": 1.056986, "rsi_14": 47.681364, "macd": -32.398054, "macd_signal": -44.210319, "macd_histogram": 11.812265, "bb_width": 0.246696, "bb_position": 0.764939, "stoch_k": 94.24581, "stoch_d": 73.890863, "adx": 54.869151, "atr_14": 23.333022, "last_close": 433.35, "last_date": "2026-03-03"}