{"return_1d": 0.030806, "return_5d": 0.176368, "return_20d": 0.106367, "return_60d": -0.265427, "return_252d": -0.215502, "sma_20": 408.6995, "sma_50": 511.52377, "sma_200": 653.292264, "price_vs_sma20": 0.17732, "price_vs_sma50": -0.05934, "price_vs_sma200": -0.263469, "volatility_20d": 0.563578, "volatility_60d": 0.50146, "drawdown": -0.401854, "max_drawdown_1y": -0.554085, "volume_ratio": 1.009714, "rsi_14": 60.299558, "macd": -14.36302, "macd_signal": -32.327357, "macd_histogram": 17.964337, "bb_width": 0.272401, "bb_position": 1.052909, "stoch_k": 98.479994, "stoch_d": 97.558907, "adx": 46.085522, "atr_14": 23.152409, "last_close": 481.17, "last_date": "2026-03-06"}