{"return_1d": 0.015669, "return_5d": 0.154526, "return_20d": 0.013937, "return_60d": -0.334996, "return_252d": -0.262794, "sma_20": 405.329, "sma_50": 519.445264, "sma_200": 655.224601, "price_vs_sma20": 0.085883, "price_vs_sma50": -0.152673, "price_vs_sma200": -0.328261, "volatility_20d": 0.530665, "volatility_60d": 0.480567, "drawdown": -0.452859, "max_drawdown_1y": -0.554085, "volume_ratio": 0.783077, "rsi_14": 49.759741, "macd": -27.265174, "macd_signal": -40.82129, "macd_histogram": 13.556117, "bb_width": 0.246154, "bb_position": 0.821306, "stoch_k": 97.94734, "stoch_d": 86.939624, "adx": 51.838943, "atr_14": 22.730663, "last_close": 440.14, "last_date": "2026-03-04"}