{"return_1d": 0.037042, "return_5d": 0.074839, "return_20d": -0.186787, "return_60d": -0.351219, "return_252d": -0.341648, "sma_20": 411.708, "sma_50": 533.500962, "sma_200": 658.567218, "price_vs_sma20": -0.006505, "price_vs_sma50": -0.23331, "price_vs_sma200": -0.378909, "volatility_20d": 0.62991, "volatility_60d": 0.474423, "drawdown": -0.491532, "max_drawdown_1y": -0.554085, "volume_ratio": 1.531777, "rsi_14": 39.618279, "macd": -42.660385, "macd_signal": -49.507511, "macd_histogram": 6.847126, "bb_width": 0.365575, "bb_position": 0.482091, "stoch_k": 58.801058, "stoch_d": 44.072599, "adx": 60.707245, "atr_14": 22.664688, "last_close": 409.03, "last_date": "2026-02-27"}