{"return_1d": 0.029474, "return_5d": 0.066995, "return_20d": -0.192721, "return_60d": -0.355953, "return_252d": -0.346453, "sma_20": 411.55875, "sma_50": 533.441262, "sma_200": 658.552293, "price_vs_sma20": -0.013397, "price_vs_sma50": -0.23882, "price_vs_sma200": -0.383428, "volatility_20d": 0.623026, "volatility_60d": 0.471686, "drawdown": -0.495242, "max_drawdown_1y": -0.554085, "volume_ratio": 1.054384, "rsi_14": 38.586212, "macd": -42.898505, "macd_signal": -49.555135, "macd_histogram": 6.65663, "bb_width": 0.368423, "bb_position": 0.463142, "stoch_k": 55.877167, "stoch_d": 43.097969, "adx": 60.827774, "atr_14": 22.511831, "last_close": 406.045, "last_date": "2026-02-27"}