{"return_1d": 0.020928, "return_5d": 0.047229, "return_20d": 0.024828, "return_60d": -0.009217, "return_252d": -0.188882, "sma_20": 26.394, "sma_50": 26.767664, "sma_200": 28.983718, "price_vs_sma20": 0.016519, "price_vs_sma50": 0.002329, "price_vs_sma200": -0.074308, "volatility_20d": 0.264975, "volatility_60d": 0.25653, "drawdown": -0.322851, "max_drawdown_1y": -0.361466, "volume_ratio": 1.277292, "rsi_14": 54.744258, "macd": -0.136381, "macd_signal": -0.198588, "macd_histogram": 0.062207, "bb_width": 0.08555, "bb_position": 0.689954, "stoch_k": 73.636364, "stoch_d": 54.060873, "adx": 15.306894, "atr_14": 0.662429, "last_close": 26.83, "last_date": "2026-03-04"}