{"return_1d": 0.00038, "return_5d": 0.039921, "return_20d": -0.001518, "return_60d": -0.042754, "return_252d": -0.134058, "sma_20": 26.3875, "sma_50": 26.796154, "sma_200": 29.078533, "price_vs_sma20": -0.002937, "price_vs_sma50": -0.018143, "price_vs_sma200": -0.095209, "volatility_20d": 0.266412, "volatility_60d": 0.25363, "drawdown": -0.335975, "max_drawdown_1y": -0.361466, "volume_ratio": 0.618637, "rsi_14": 48.382848, "macd": -0.243137, "macd_signal": -0.215519, "macd_histogram": -0.027619, "bb_width": 0.08671, "bb_position": 0.466029, "stoch_k": 48.45815, "stoch_d": 38.179148, "adx": 17.333571, "atr_14": 0.669675, "last_close": 26.31, "last_date": "2026-02-27"}