{"return_1d": -0.007949, "return_5d": -0.004935, "return_20d": -0.007573, "return_60d": -0.005973, "return_252d": -0.200649, "sma_20": 26.3815, "sma_50": 26.7444, "sma_200": 28.912886, "price_vs_sma20": -0.006501, "price_vs_sma50": -0.019982, "price_vs_sma200": -0.093484, "volatility_20d": 0.270049, "volatility_60d": 0.255755, "drawdown": -0.338499, "max_drawdown_1y": -0.361466, "volume_ratio": 0.979501, "rsi_14": 47.355952, "macd": -0.116116, "macd_signal": -0.168938, "macd_histogram": 0.052822, "bb_width": 0.087742, "bb_position": 0.425426, "stoch_k": 47.058824, "stoch_d": 59.212121, "adx": 14.052888, "atr_14": 0.649773, "last_close": 26.21, "last_date": "2026-03-06"}