{"return_1d": -0.007213, "return_5d": 0.019096, "return_20d": -0.021698, "return_60d": -0.052327, "return_252d": -0.184528, "sma_20": 26.36, "sma_50": 26.788844, "sma_200": 29.045743, "price_vs_sma20": -0.007967, "price_vs_sma50": -0.023847, "price_vs_sma200": -0.099696, "volatility_20d": 0.262086, "volatility_60d": 0.253839, "drawdown": -0.340013, "max_drawdown_1y": -0.361466, "volume_ratio": 0.804303, "rsi_14": 46.585586, "macd": -0.226103, "macd_signal": -0.217253, "macd_histogram": -0.00885, "bb_width": 0.086704, "bb_position": 0.407379, "stoch_k": 41.409692, "stoch_d": 46.402349, "adx": 16.420041, "atr_14": 0.646841, "last_close": 26.15, "last_date": "2026-03-02"}