{"return_1d": -0.015281, "return_5d": 0.004563, "return_20d": -0.001889, "return_60d": -0.015729, "return_252d": -0.189963, "sma_20": 26.3915, "sma_50": 26.761, "sma_200": 28.948778, "price_vs_sma20": 0.00108, "price_vs_sma50": -0.012742, "price_vs_sma200": -0.087354, "volatility_20d": 0.268648, "volatility_60d": 0.257823, "drawdown": -0.333199, "max_drawdown_1y": -0.361466, "volume_ratio": 1.368263, "rsi_14": 49.742532, "macd": -0.116369, "macd_signal": -0.182144, "macd_histogram": 0.065775, "bb_width": 0.086843, "bb_position": 0.512422, "stoch_k": 56.941176, "stoch_d": 59.238035, "adx": 14.379278, "atr_14": 0.649756, "last_close": 26.42, "last_date": "2026-03-05"}