{"return_1d": 0.001521, "return_5d": 0.041107, "return_20d": -0.00038, "return_60d": -0.041663, "return_252d": -0.133071, "sma_20": 26.389, "sma_50": 26.796754, "sma_200": 29.078683, "price_vs_sma20": -0.001857, "price_vs_sma50": -0.017045, "price_vs_sma200": -0.094182, "volatility_20d": 0.266461, "volatility_60d": 0.253659, "drawdown": -0.335218, "max_drawdown_1y": -0.361466, "volume_ratio": 1.208096, "rsi_14": 48.731448, "macd": -0.240744, "macd_signal": -0.21504, "macd_histogram": -0.025704, "bb_width": 0.086586, "bb_position": 0.478515, "stoch_k": 49.779736, "stoch_d": 38.619677, "adx": 17.333571, "atr_14": 0.669675, "last_close": 26.34, "last_date": "2026-02-27"}