{"return_1d": -0.015155, "return_5d": -0.034227, "return_20d": 0.074353, "return_60d": 0.144463, "return_252d": -0.205178, "sma_20": 45.391165, "sma_50": 42.501178, "sma_200": 44.195839, "price_vs_sma20": -0.055102, "price_vs_sma50": 0.009148, "price_vs_sma200": -0.029547, "volatility_20d": 0.402173, "volatility_60d": 0.381045, "drawdown": -0.249718, "max_drawdown_1y": -0.383396, "volume_ratio": 0.557338, "rsi_14": 43.322718, "macd": 0.315684, "macd_signal": 0.975339, "macd_histogram": -0.659656, "bb_width": 0.231315, "bb_position": 0.247894, "stoch_k": 13.486942, "stoch_d": 17.132121, "adx": 24.43948, "atr_14": 1.754145, "last_close": 42.89, "last_date": "2026-03-02"}