{"return_1d": 0.009738, "return_5d": -0.061564, "return_20d": 0.127809, "return_60d": 0.122339, "return_252d": -0.185416, "sma_20": 45.24275, "sma_50": 42.40795, "sma_200": 44.211625, "price_vs_sma20": -0.037415, "price_vs_sma50": 0.02693, "price_vs_sma200": -0.014965, "volatility_20d": 0.408948, "volatility_60d": 0.386774, "drawdown": -0.238173, "max_drawdown_1y": -0.383396, "volume_ratio": 0.783614, "rsi_14": 46.189596, "macd": 0.512555, "macd_signal": 1.140253, "macd_histogram": -0.627698, "bb_width": 0.248377, "bb_position": 0.343507, "stoch_k": 21.60837, "stoch_d": 20.302601, "adx": 24.421301, "atr_14": 1.756003, "last_close": 43.55, "last_date": "2026-02-27"}