{"return_1d": -0.019585, "return_5d": -0.044752, "return_20d": 0.043735, "return_60d": 0.082853, "return_252d": -0.222127, "sma_20": 45.479265, "sma_50": 42.576022, "sma_200": 44.164725, "price_vs_sma20": -0.075403, "price_vs_sma50": -0.012355, "price_vs_sma200": -0.047883, "volatility_20d": 0.410044, "volatility_60d": 0.377125, "drawdown": -0.264413, "max_drawdown_1y": -0.383396, "volume_ratio": 0.580991, "rsi_14": 39.926134, "macd": 0.090833, "macd_signal": 0.798438, "macd_histogram": -0.707605, "bb_width": 0.221051, "bb_position": 0.131072, "stoch_k": 15.098748, "stoch_d": 16.731353, "adx": 24.959417, "atr_14": 1.786706, "last_close": 42.05, "last_date": "2026-03-03"}