{"return_1d": 0.012604, "return_5d": -0.024737, "return_20d": 0.022464, "return_60d": 0.099023, "return_252d": -0.197512, "sma_20": 45.52604, "sma_50": 42.663248, "sma_200": 44.139856, "price_vs_sma20": -0.064711, "price_vs_sma50": -0.001951, "price_vs_sma200": -0.035339, "volatility_20d": 0.395329, "volatility_60d": 0.377702, "drawdown": -0.255141, "max_drawdown_1y": -0.383396, "volume_ratio": 0.747512, "rsi_14": 42.964587, "macd": -0.044087, "macd_signal": 0.629933, "macd_histogram": -0.67402, "bb_width": 0.211792, "bb_position": 0.173319, "stoch_k": 20.93987, "stoch_d": 16.50852, "adx": 24.87966, "atr_14": 1.786942, "last_close": 42.58, "last_date": "2026-03-04"}