{"return_1d": 0.022534, "return_5d": 0.098635, "return_20d": -0.127055, "return_60d": -0.209141, "return_252d": -0.037706, "sma_20": 174.711, "sma_50": 210.023, "sma_200": 193.7564, "price_vs_sma20": 0.018139, "price_vs_sma50": -0.153045, "price_vs_sma200": -0.08194, "volatility_20d": 0.614506, "volatility_60d": 0.465413, "drawdown": -0.370581, "max_drawdown_1y": -0.515233, "volume_ratio": 0.532799, "rsi_14": 43.108885, "macd": -11.09686, "macd_signal": -13.839655, "macd_histogram": 2.742795, "bb_width": 0.233077, "bb_position": 0.576436, "stoch_k": 93.932684, "stoch_d": 67.028329, "adx": 46.441658, "atr_14": 8.280204, "last_close": 177.88, "last_date": "2026-03-04"}