{"return_1d": 0.047879, "return_5d": 0.07964, "return_20d": -0.241109, "return_60d": -0.217359, "return_252d": -0.063577, "sma_20": 181.663, "sma_50": 212.8134, "sma_200": 193.2905, "price_vs_sma20": -0.015705, "price_vs_sma50": -0.15978, "price_vs_sma200": -0.074916, "volatility_20d": 0.723775, "volatility_60d": 0.461157, "drawdown": -0.367291, "max_drawdown_1y": -0.515233, "volume_ratio": 1.513147, "rsi_14": 42.398415, "macd": -14.389746, "macd_signal": -15.521441, "macd_histogram": 1.131695, "bb_width": 0.455262, "bb_position": 0.464953, "stoch_k": 58.018868, "stoch_d": 35.584902, "adx": 49.684361, "atr_14": 8.888156, "last_close": 178.81, "last_date": "2026-02-27"}