{"return_1d": -0.02539, "return_5d": 0.073686, "return_20d": -0.242798, "return_60d": -0.227629, "return_252d": -0.065576, "sma_20": 178.869, "sma_50": 211.8652, "sma_200": 193.40845, "price_vs_sma20": -0.025712, "price_vs_sma50": -0.177449, "price_vs_sma200": -0.098954, "volatility_20d": 0.724236, "volatility_60d": 0.462973, "drawdown": -0.383355, "max_drawdown_1y": -0.515233, "volume_ratio": 0.522651, "rsi_14": 39.756366, "macd": -13.299526, "macd_signal": -15.077058, "macd_histogram": 1.777532, "bb_width": 0.391919, "bb_position": 0.432664, "stoch_k": 46.121593, "stoch_d": 46.916492, "adx": 48.512328, "atr_14": 8.707573, "last_close": 174.27, "last_date": "2026-03-02"}