{"return_1d": 0.003485, "return_5d": 0.046062, "return_20d": -0.118693, "return_60d": -0.209652, "return_252d": -0.027619, "sma_20": 173.509, "sma_50": 209.1792, "sma_200": 193.9348, "price_vs_sma20": 0.028765, "price_vs_sma50": -0.146665, "price_vs_sma200": -0.079588, "volatility_20d": 0.615437, "volatility_60d": 0.46537, "drawdown": -0.368388, "max_drawdown_1y": -0.515233, "volume_ratio": 0.641861, "rsi_14": 43.670015, "macd": -9.96379, "macd_signal": -13.064482, "macd_histogram": 3.100692, "bb_width": 0.184765, "bb_position": 0.651332, "stoch_k": 80.954428, "stoch_d": 78.639274, "adx": 44.497398, "atr_14": 8.16376, "last_close": 178.5, "last_date": "2026-03-05"}