{"return_1d": -0.022465, "return_5d": -0.02416, "return_20d": -0.035754, "return_60d": -0.219529, "return_252d": -0.061125, "sma_20": 173.1855, "sma_50": 208.1816, "sma_200": 194.08955, "price_vs_sma20": 0.007532, "price_vs_sma50": -0.161838, "price_vs_sma200": -0.100982, "volatility_20d": 0.492563, "volatility_60d": 0.46681, "drawdown": -0.382577, "max_drawdown_1y": -0.515233, "volume_ratio": 0.561663, "rsi_14": 40.862748, "macd": -9.282395, "macd_signal": -12.308064, "macd_histogram": 3.025669, "bb_width": 0.185032, "bb_position": 0.540404, "stoch_k": 63.714531, "stoch_d": 79.533881, "adx": 42.931548, "atr_14": 7.989206, "last_close": 174.49, "last_date": "2026-03-06"}