{"return_1d": -0.004126, "return_5d": -0.015272, "return_20d": 0.0593, "return_60d": 0.188786, "return_252d": 0.130439, "sma_20": 95.218, "sma_50": 88.2656, "sma_200": 82.734111, "price_vs_sma20": -0.011321, "price_vs_sma50": 0.066554, "price_vs_sma200": 0.137862, "volatility_20d": 0.389961, "volatility_60d": 0.335635, "drawdown": -0.105522, "max_drawdown_1y": -0.366242, "volume_ratio": 0.605219, "rsi_14": 53.174863, "macd": 1.716841, "macd_signal": 2.491753, "macd_histogram": -0.774912, "bb_width": 0.133752, "bb_position": 0.414386, "stoch_k": 22.323462, "stoch_d": 19.552012, "adx": 28.277963, "atr_14": 2.836848, "last_close": 94.14, "last_date": "2026-02-27"}