{"return_1d": -0.025859, "return_5d": -0.032756, "return_20d": 0.029233, "return_60d": 0.147837, "return_252d": 0.080807, "sma_20": 95.742, "sma_50": 88.8212, "sma_200": 82.823586, "price_vs_sma20": -0.043889, "price_vs_sma50": 0.03061, "price_vs_sma200": 0.105241, "volatility_20d": 0.367925, "volatility_60d": 0.340785, "drawdown": -0.130226, "max_drawdown_1y": -0.366242, "volume_ratio": 0.493292, "rsi_14": 46.543139, "macd": 1.165143, "macd_signal": 2.071901, "macd_histogram": -0.906759, "bb_width": 0.090104, "bb_position": -0.009452, "stoch_k": 15.666965, "stoch_d": 21.103647, "adx": 25.75972, "atr_14": 2.940293, "last_close": 91.54, "last_date": "2026-03-03"}