{"return_1d": -0.045078, "return_5d": -0.081698, "return_20d": -0.099491, "return_60d": 0.090012, "return_252d": 0.024675, "sma_20": 94.80672, "sma_50": 89.393436, "sma_200": 82.897492, "price_vs_sma20": -0.088356, "price_vs_sma50": -0.03315, "price_vs_sma200": 0.042613, "volatility_20d": 0.312459, "volatility_60d": 0.355553, "drawdown": -0.178599, "max_drawdown_1y": -0.366242, "volume_ratio": 0.609478, "rsi_14": 36.064828, "macd": -0.022585, "macd_signal": 1.26119, "macd_histogram": -1.283775, "bb_width": 0.142603, "bb_position": -0.179641, "stoch_k": 2.832942, "stoch_d": 10.638692, "adx": 25.927857, "atr_14": 2.957849, "last_close": 86.43, "last_date": "2026-03-06"}