{"return_1d": -0.007088, "return_5d": -0.018201, "return_20d": 0.056149, "return_60d": 0.185251, "return_252d": 0.127076, "sma_20": 95.204, "sma_50": 88.26, "sma_200": 82.732709, "price_vs_sma20": -0.014117, "price_vs_sma50": 0.063449, "price_vs_sma200": 0.134497, "volatility_20d": 0.390837, "volatility_60d": 0.335962, "drawdown": -0.108182, "max_drawdown_1y": -0.366242, "volume_ratio": 0.27159, "rsi_14": 52.477289, "macd": 1.694505, "macd_signal": 2.487286, "macd_histogram": -0.792781, "bb_width": 0.13438, "bb_position": 0.393442, "stoch_k": 19.134396, "stoch_d": 18.48899, "adx": 28.277963, "atr_14": 2.836848, "last_close": 93.86, "last_date": "2026-02-27"}