{"return_1d": -0.014482, "return_5d": -0.042316, "return_20d": -0.070631, "return_60d": 0.133605, "return_252d": 0.112579, "sma_20": 95.28417, "sma_50": 89.286882, "sma_200": 82.88279, "price_vs_sma20": -0.050105, "price_vs_sma50": 0.013699, "price_vs_sma200": 0.092024, "volatility_20d": 0.277364, "volatility_60d": 0.342475, "drawdown": -0.139824, "max_drawdown_1y": -0.366242, "volume_ratio": 0.718233, "rsi_14": 44.185003, "macd": 0.566409, "macd_signal": 1.582133, "macd_histogram": -1.015724, "bb_width": 0.106678, "bb_position": 0.005546, "stoch_k": 10.550785, "stoch_d": 14.916675, "adx": 24.92123, "atr_14": 2.841145, "last_close": 90.51, "last_date": "2026-03-05"}