{"return_1d": 0.003497, "return_5d": -0.01247, "return_20d": -0.019845, "return_60d": 0.148395, "return_252d": 0.113209, "sma_20": 95.628105, "sma_50": 89.061936, "sma_200": 82.849988, "price_vs_sma20": -0.039613, "price_vs_sma50": 0.031192, "price_vs_sma200": 0.10851, "volatility_20d": 0.312736, "volatility_60d": 0.34079, "drawdown": -0.127185, "max_drawdown_1y": -0.366242, "volume_ratio": 0.520355, "rsi_14": 47.416613, "macd": 0.894524, "macd_signal": 1.836064, "macd_histogram": -0.94154, "bb_width": 0.095325, "bb_position": 0.067303, "stoch_k": 18.532348, "stoch_d": 19.84003, "adx": 25.054405, "atr_14": 2.85431, "last_close": 91.84, "last_date": "2026-03-04"}