{"return_1d": -0.01118, "return_5d": -0.019607, "return_20d": 0.162286, "return_60d": 0.319088, "return_252d": 0.203562, "sma_20": 102.207375, "sma_50": 93.18495, "sma_200": 94.994542, "price_vs_sma20": 0.057923, "price_vs_sma50": 0.160354, "price_vs_sma200": 0.13825, "volatility_20d": 0.437243, "volatility_60d": 0.332494, "drawdown": -0.12012, "max_drawdown_1y": -0.390255, "volume_ratio": 0.534686, "rsi_14": 62.694753, "macd": 5.229496, "macd_signal": 4.968443, "macd_histogram": 0.261053, "bb_width": 0.31636, "bb_position": 0.673066, "stoch_k": 64.824431, "stoch_d": 76.292517, "adx": 44.519951, "atr_14": 3.479529, "last_close": 108.1275, "last_date": "2026-02-27"}