{"return_1d": -0.009328, "return_5d": -0.017771, "return_20d": 0.164463, "return_60d": 0.321558, "return_252d": 0.205814, "sma_20": 102.2175, "sma_50": 93.189, "sma_200": 94.995554, "price_vs_sma20": 0.059799, "price_vs_sma50": 0.162476, "price_vs_sma200": 0.140369, "volatility_20d": 0.43622, "volatility_60d": 0.332134, "drawdown": -0.118472, "max_drawdown_1y": -0.390255, "volume_ratio": 1.330915, "rsi_14": 63.168907, "macd": 5.24565, "macd_signal": 4.971674, "macd_histogram": 0.273976, "bb_width": 0.316032, "bb_position": 0.678541, "stoch_k": 65.825915, "stoch_d": 76.626345, "adx": 44.519951, "atr_14": 3.480243, "last_close": 108.33, "last_date": "2026-02-27"}