{"return_1d": -0.023112, "return_5d": -0.048216, "return_20d": 0.205323, "return_60d": 0.292227, "return_252d": 0.198534, "sma_20": 104.0455, "sma_50": 94.3434, "sma_200": 95.138778, "price_vs_sma20": 0.035893, "price_vs_sma50": 0.142422, "price_vs_sma200": 0.132871, "volatility_20d": 0.425544, "volatility_60d": 0.336919, "drawdown": -0.122948, "max_drawdown_1y": -0.390255, "volume_ratio": 0.620931, "rsi_14": 59.798002, "macd": 4.719343, "macd_signal": 4.941288, "macd_histogram": -0.221945, "bb_width": 0.290985, "bb_position": 0.619076, "stoch_k": 54.869933, "stoch_d": 64.873479, "adx": 42.387088, "atr_14": 3.686281, "last_close": 107.78, "last_date": "2026-03-03"}