{"return_1d": 0.000557, "return_5d": -0.035248, "return_20d": 0.217018, "return_60d": 0.281542, "return_252d": 0.238549, "sma_20": 105.007, "sma_50": 94.923, "sma_200": 95.193405, "price_vs_sma20": 0.026979, "price_vs_sma50": 0.136079, "price_vs_sma200": 0.132852, "volatility_20d": 0.421265, "volatility_60d": 0.336888, "drawdown": -0.122459, "max_drawdown_1y": -0.390255, "volume_ratio": 0.580021, "rsi_14": 59.892261, "macd": 4.374325, "macd_signal": 4.827895, "macd_histogram": -0.453571, "bb_width": 0.260589, "bb_position": 0.600811, "stoch_k": 37.552743, "stoch_d": 55.449088, "adx": 41.062633, "atr_14": 3.550832, "last_close": 107.84, "last_date": "2026-03-04"}