{"return_1d": -0.005007, "return_5d": -0.018747, "return_20d": 0.191296, "return_60d": 0.286014, "return_252d": 0.259861, "sma_20": 105.8685, "sma_50": 95.4672, "sma_200": 95.239927, "price_vs_sma20": 0.013521, "price_vs_sma50": 0.123946, "price_vs_sma200": 0.126628, "volatility_20d": 0.423911, "volatility_60d": 0.336399, "drawdown": -0.126854, "max_drawdown_1y": -0.390255, "volume_ratio": 0.711114, "rsi_14": 58.561453, "macd": 4.011085, "macd_signal": 4.664533, "macd_histogram": -0.653449, "bb_width": 0.228961, "bb_position": 0.558268, "stoch_k": 25.235405, "stoch_d": 39.21936, "adx": 39.149878, "atr_14": 3.527202, "last_close": 107.3, "last_date": "2026-03-05"}