{"return_1d": -0.008496, "return_5d": -0.006132, "return_20d": -0.021958, "return_60d": 0.044576, "return_252d": 0.314989, "sma_20": 5.87825, "sma_50": 5.88992, "sma_200": 5.328182, "price_vs_sma20": -0.007358, "price_vs_sma50": -0.009324, "price_vs_sma200": 0.09512, "volatility_20d": 0.266425, "volatility_60d": 0.201875, "drawdown": -0.047813, "max_drawdown_1y": -0.211806, "volume_ratio": 1.395603, "rsi_14": 49.09365, "macd": -0.017236, "macd_signal": -0.015888, "macd_histogram": -0.001348, "bb_width": 0.087252, "bb_position": 0.415048, "stoch_k": 51.434879, "stoch_d": 53.262176, "adx": 16.983421, "atr_14": 0.121444, "last_close": 5.835, "last_date": "2026-02-27"}