{"return_1d": -0.020884, "return_5d": -0.108141, "return_20d": -0.127724, "return_60d": -0.072867, "return_252d": 0.146129, "sma_20": 5.71955, "sma_50": 5.84334, "sma_200": 5.344264, "price_vs_sma20": -0.090138, "price_vs_sma50": -0.109413, "price_vs_sma200": -0.026246, "volatility_20d": 0.322925, "volatility_60d": 0.249976, "drawdown": -0.150783, "max_drawdown_1y": -0.211806, "volume_ratio": 1.44203, "rsi_14": 30.94161, "macd": -0.13654, "macd_signal": -0.07163, "macd_histogram": -0.06491, "bb_width": 0.17719, "bb_position": -0.059108, "stoch_k": 10.630408, "stoch_d": 16.636994, "adx": 26.040605, "atr_14": 0.162971, "last_close": 5.204, "last_date": "2026-03-06"}