{"return_1d": -0.012541, "return_5d": -0.090229, "return_20d": -0.092542, "return_60d": -0.046992, "return_252d": 0.18614, "sma_20": 5.7596, "sma_50": 5.85832, "sma_200": 5.342244, "price_vs_sma20": -0.070422, "price_vs_sma50": -0.086086, "price_vs_sma200": 0.002201, "volatility_20d": 0.32084, "volatility_60d": 0.24464, "drawdown": -0.126305, "max_drawdown_1y": -0.211806, "volume_ratio": 0.170298, "rsi_14": 34.568371, "macd": -0.108197, "macd_signal": -0.05478, "macd_histogram": -0.053416, "bb_width": 0.149015, "bb_position": -0.008383, "stoch_k": 17.553957, "stoch_d": 18.048743, "adx": 23.804922, "atr_14": 0.151271, "last_close": 5.354, "last_date": "2026-03-05"}