{"return_1d": -0.033185, "return_5d": -0.059365, "return_20d": -0.107543, "return_60d": -0.032494, "return_252d": 0.2079, "sma_20": 5.8269, "sma_50": 5.87896, "sma_200": 5.33657, "price_vs_sma20": -0.070003, "price_vs_sma50": -0.078238, "price_vs_sma200": 0.015446, "volatility_20d": 0.308506, "volatility_60d": 0.228253, "drawdown": -0.115698, "max_drawdown_1y": -0.211806, "volume_ratio": 0.224839, "rsi_14": 33.902806, "macd": -0.062141, "macd_signal": -0.028087, "macd_histogram": -0.034054, "bb_width": 0.117773, "bb_position": -0.139128, "stoch_k": 0.177305, "stoch_d": 21.252644, "adx": 19.387145, "atr_14": 0.137306, "last_close": 5.419, "last_date": "2026-03-03"}