{"return_1d": 0.002358, "return_5d": 0.006882, "return_20d": 0.001389, "return_60d": -0.126889, "return_252d": -0.132129, "sma_20": 493.2215, "sma_50": 529.062, "sma_200": 513.8068, "price_vs_sma20": 0.008512, "price_vs_sma50": -0.059808, "price_vs_sma200": -0.031893, "volatility_20d": 0.2705, "volatility_60d": 0.243179, "drawdown": -0.185158, "max_drawdown_1y": -0.296273, "volume_ratio": 0.885234, "rsi_14": 44.572163, "macd": -6.145949, "macd_signal": -9.12793, "macd_histogram": 2.981981, "bb_width": 0.074515, "bb_position": 0.613273, "stoch_k": 59.889043, "stoch_d": 64.43828, "adx": 29.976654, "atr_14": 12.405404, "last_close": 497.42, "last_date": "2026-03-03"}