{"return_1d": -0.014419, "return_5d": 0.008433, "return_20d": -0.015807, "return_60d": -0.12589, "return_252d": -0.119765, "sma_20": 493.187, "sma_50": 530.2508, "sma_200": 514.1494, "price_vs_sma20": 0.006211, "price_vs_sma50": -0.064122, "price_vs_sma200": -0.034814, "volatility_20d": 0.275539, "volatility_60d": 0.243281, "drawdown": -0.187075, "max_drawdown_1y": -0.296273, "volume_ratio": 0.832303, "rsi_14": 43.770336, "macd": -6.482593, "macd_signal": -9.873425, "macd_histogram": 3.390833, "bb_width": 0.074574, "bb_position": 0.582767, "stoch_k": 56.643551, "stoch_d": 73.185391, "adx": 30.272758, "atr_14": 12.51505, "last_close": 496.25, "last_date": "2026-03-02"}