{"return_1d": -0.006649, "return_5d": -0.001071, "return_20d": -0.00796, "return_60d": -0.112554, "return_252d": -0.133269, "sma_20": 493.5855, "sma_50": 531.4174, "sma_200": 514.4879, "price_vs_sma20": 0.020107, "price_vs_sma50": -0.052515, "price_vs_sma200": -0.021338, "volatility_20d": 0.271717, "volatility_60d": 0.241984, "drawdown": -0.175182, "max_drawdown_1y": -0.296273, "volume_ratio": 0.779673, "rsi_14": 47.750458, "macd": -6.698853, "macd_signal": -10.721134, "macd_histogram": 4.022281, "bb_width": 0.075806, "bb_position": 0.760013, "stoch_k": 76.782247, "stoch_d": 87.265398, "adx": 30.852425, "atr_14": 12.469285, "last_close": 503.51, "last_date": "2026-02-27"}