{"return_1d": -0.008939, "return_5d": -0.020084, "return_20d": 0.038057, "return_60d": -0.136684, "return_252d": -0.109793, "sma_20": 495.247, "sma_50": 526.3324, "sma_200": 513.1768, "price_vs_sma20": 0.002934, "price_vs_sma50": -0.0563, "price_vs_sma200": -0.032107, "volatility_20d": 0.238384, "volatility_60d": 0.242684, "drawdown": -0.186338, "max_drawdown_1y": -0.296273, "volume_ratio": 0.823374, "rsi_14": 44.493896, "macd": -5.31026, "macd_signal": -7.785882, "macd_histogram": 2.475621, "bb_width": 0.064626, "bb_position": 0.545266, "stoch_k": 52.959405, "stoch_d": 61.055816, "adx": 28.109031, "atr_14": 12.53119, "last_close": 496.7, "last_date": "2026-03-05"}