{"return_1d": -0.013167, "return_5d": -0.026514, "return_20d": 0.029056, "return_60d": -0.135353, "return_252d": -0.137073, "sma_20": 495.939, "sma_50": 524.539, "sma_200": 512.81945, "price_vs_sma20": -0.011653, "price_vs_sma50": -0.065541, "price_vs_sma200": -0.044186, "volatility_20d": 0.243427, "volatility_60d": 0.242373, "drawdown": -0.197051, "max_drawdown_1y": -0.296273, "volume_ratio": 1.140603, "rsi_14": 40.839833, "macd": -5.613228, "macd_signal": -7.351351, "macd_histogram": 1.738123, "bb_width": 0.056126, "bb_position": 0.289935, "stoch_k": 35.510689, "stoch_d": 52.929698, "adx": 28.160022, "atr_14": 12.957533, "last_close": 490.16, "last_date": "2026-03-06"}