{"return_1d": -0.008385, "return_5d": -0.002817, "return_20d": -0.009694, "return_60d": -0.114105, "return_252d": -0.134784, "sma_20": 493.5415, "sma_50": 531.3998, "sma_200": 514.4835, "price_vs_sma20": 0.018415, "price_vs_sma50": -0.05414, "price_vs_sma200": -0.02304, "volatility_20d": 0.272328, "volatility_60d": 0.242156, "drawdown": -0.176624, "max_drawdown_1y": -0.296273, "volume_ratio": 0.362036, "rsi_14": 47.266695, "macd": -6.769052, "macd_signal": -10.735174, "macd_histogram": 3.966121, "bb_width": 0.075589, "bb_position": 0.739212, "stoch_k": 74.341193, "stoch_d": 86.451713, "adx": 30.852425, "atr_14": 12.469285, "last_close": 502.63, "last_date": "2026-02-27"}