{"return_1d": 0.013168, "return_5d": 0.098641, "return_20d": -0.24016, "return_60d": -0.303342, "return_252d": -0.675879, "sma_20": 158.2135, "sma_50": 207.2192, "sma_200": 277.28225, "price_vs_sma20": 0.006678, "price_vs_sma50": -0.231394, "price_vs_sma200": -0.425603, "volatility_20d": 0.864651, "volatility_60d": 0.578781, "drawdown": -0.711363, "max_drawdown_1y": -0.737278, "volume_ratio": 0.587075, "rsi_14": 38.305034, "macd": -15.02335, "macd_signal": -17.880519, "macd_histogram": 2.857169, "bb_width": 0.277991, "bb_position": 0.523862, "stoch_k": 75.143403, "stoch_d": 66.316125, "adx": 55.424165, "atr_14": 8.979064, "last_close": 159.27, "last_date": "2026-03-02"}