{"return_1d": 0.005712, "return_5d": 0.019255, "return_20d": -0.263329, "return_60d": -0.321042, "return_252d": -0.685469, "sma_20": 160.705, "sma_50": 208.9704, "sma_200": 278.72685, "price_vs_sma20": -0.024984, "price_vs_sma50": -0.250181, "price_vs_sma200": -0.437837, "volatility_20d": 0.858449, "volatility_60d": 0.577236, "drawdown": -0.716038, "max_drawdown_1y": -0.737278, "volume_ratio": 0.511164, "rsi_14": 35.886155, "macd": -16.412944, "macd_signal": -18.602948, "macd_histogram": 2.190004, "bb_width": 0.402343, "bb_position": 0.436313, "stoch_k": 62.810707, "stoch_d": 49.681326, "adx": 56.830916, "atr_14": 9.177179, "last_close": 156.69, "last_date": "2026-02-27"}