{"return_1d": 0.008986, "return_5d": 0.022572, "return_20d": -0.260931, "return_60d": -0.318832, "return_252d": -0.684445, "sma_20": 160.7305, "sma_50": 208.9806, "sma_200": 278.7294, "price_vs_sma20": -0.021965, "price_vs_sma50": -0.247777, "price_vs_sma200": -0.436012, "volatility_20d": 0.859504, "volatility_60d": 0.577552, "drawdown": -0.715114, "max_drawdown_1y": -0.737278, "volume_ratio": 0.912813, "rsi_14": 36.350776, "macd": -16.37226, "macd_signal": -18.594811, "macd_histogram": 2.222551, "bb_width": 0.400882, "bb_position": 0.443977, "stoch_k": 65.248566, "stoch_d": 50.493945, "adx": 56.830916, "atr_14": 9.213607, "last_close": 157.2, "last_date": "2026-02-27"}