{"return_1d": -0.01158, "return_5d": 0.075064, "return_20d": 0.111623, "return_60d": -0.256424, "return_252d": -0.655292, "sma_20": 158.1755, "sma_50": 200.6108, "sma_200": 271.68855, "price_vs_sma20": 0.068433, "price_vs_sma50": -0.157573, "price_vs_sma200": -0.377964, "volatility_20d": 0.437511, "volatility_60d": 0.587185, "drawdown": -0.69373, "max_drawdown_1y": -0.737278, "volume_ratio": 0.737504, "rsi_14": 47.041977, "macd": -8.678566, "macd_signal": -13.527328, "macd_histogram": 4.848761, "bb_width": 0.154634, "bb_position": 0.914206, "stoch_k": 88.737796, "stoch_d": 93.849854, "adx": 45.522777, "atr_14": 8.520007, "last_close": 169.0, "last_date": "2026-03-06"}