{"return_1d": 0.024446, "return_5d": 0.097433, "return_20d": 0.083317, "return_60d": -0.255865, "return_252d": -0.645314, "sma_20": 157.327, "sma_50": 202.24, "sma_200": 273.09115, "price_vs_sma20": 0.086781, "price_vs_sma50": -0.154569, "price_vs_sma200": -0.373909, "volatility_20d": 0.459253, "volatility_60d": 0.587147, "drawdown": -0.690141, "max_drawdown_1y": -0.737278, "volume_ratio": 1.022703, "rsi_14": 48.590445, "macd": -9.993435, "macd_signal": -14.739518, "macd_histogram": 4.746083, "bb_width": 0.144202, "bb_position": 1.053749, "stoch_k": 95.641562, "stoch_d": 96.510528, "adx": 48.045284, "atr_14": 8.673853, "last_close": 170.98, "last_date": "2026-03-05"}