{"return_1d": 0.004161, "return_5d": -0.00887, "return_20d": 0.029615, "return_60d": 0.158975, "return_252d": 0.122592, "sma_20": 292.84, "sma_50": 270.662132, "sma_200": 255.423152, "price_vs_sma20": -0.019362, "price_vs_sma50": 0.060991, "price_vs_sma200": 0.124291, "volatility_20d": 0.193155, "volatility_60d": 0.230886, "drawdown": -0.041489, "max_drawdown_1y": -0.206289, "volume_ratio": 0.494677, "rsi_14": 54.319306, "macd": 5.059554, "macd_signal": 7.344797, "macd_histogram": -2.285244, "bb_width": 0.053363, "bb_position": 0.129997, "stoch_k": 21.192706, "stoch_d": 23.141587, "adx": 31.815395, "atr_14": 5.783494, "last_close": 287.17, "last_date": "2026-03-04"}