{"return_1d": 0.001206, "return_5d": -0.014747, "return_20d": 0.105646, "return_60d": 0.181896, "return_252d": 0.139682, "sma_20": 289.843, "sma_50": 268.363706, "sma_200": 254.744108, "price_vs_sma20": 0.002715, "price_vs_sma50": 0.082971, "price_vs_sma200": 0.14087, "volatility_20d": 0.263837, "volatility_60d": 0.227345, "drawdown": -0.02994, "max_drawdown_1y": -0.206289, "volume_ratio": 1.70156, "rsi_14": 60.96819, "macd": 7.19016, "macd_signal": 8.910769, "macd_histogram": -1.720609, "bb_width": 0.139101, "bb_position": 0.519467, "stoch_k": 23.783455, "stoch_d": 21.085973, "adx": 39.011264, "atr_14": 5.714828, "last_close": 290.63, "last_date": "2026-02-27"}