{"return_1d": -0.018937, "return_5d": -0.046348, "return_20d": -0.038607, "return_60d": 0.124211, "return_252d": 0.088359, "sma_20": 291.969, "sma_50": 271.885738, "sma_200": 255.752808, "price_vs_sma20": -0.050721, "price_vs_sma50": 0.019399, "price_vs_sma200": 0.083703, "volatility_20d": 0.16879, "volatility_60d": 0.237456, "drawdown": -0.0749, "max_drawdown_1y": -0.206289, "volume_ratio": 0.943273, "rsi_14": 40.977998, "macd": 2.864951, "macd_signal": 5.92878, "macd_histogram": -3.063828, "bb_width": 0.078646, "bb_position": -0.17939, "stoch_k": 8.804796, "stoch_d": 13.453713, "adx": 30.346362, "atr_14": 5.997095, "last_close": 277.16, "last_date": "2026-03-06"}