{"return_1d": 0.000689, "return_5d": -0.015255, "return_20d": 0.105075, "return_60d": 0.181286, "return_252d": 0.139093, "sma_20": 289.8355, "sma_50": 268.360706, "sma_200": 254.743357, "price_vs_sma20": 0.002224, "price_vs_sma50": 0.082424, "price_vs_sma200": 0.140285, "volatility_20d": 0.263946, "volatility_60d": 0.227363, "drawdown": -0.030441, "max_drawdown_1y": -0.206289, "volume_ratio": 0.583846, "rsi_14": 60.800036, "macd": 7.178194, "macd_signal": 8.908376, "macd_histogram": -1.730182, "bb_width": 0.139165, "bb_position": 0.515943, "stoch_k": 22.871046, "stoch_d": 20.781837, "adx": 39.011264, "atr_14": 5.714471, "last_close": 290.48, "last_date": "2026-02-27"}