{"return_1d": -0.016227, "return_5d": -0.026767, "return_20d": -0.02178, "return_60d": 0.138707, "return_252d": 0.134264, "sma_20": 292.5255, "sma_50": 271.341644, "sma_200": 255.602262, "price_vs_sma20": -0.034238, "price_vs_sma50": 0.04116, "price_vs_sma200": 0.105272, "volatility_20d": 0.156367, "volatility_60d": 0.234069, "drawdown": -0.057043, "max_drawdown_1y": -0.206289, "volume_ratio": 0.840155, "rsi_14": 47.416423, "macd": 4.094494, "macd_signal": 6.694737, "macd_histogram": -2.600243, "bb_width": 0.061875, "bb_position": -0.072962, "stoch_k": 10.363636, "stoch_d": 15.62803, "adx": 30.525576, "atr_14": 5.866102, "last_close": 282.51, "last_date": "2026-03-05"}