{"return_1d": -0.010794, "return_5d": -0.014568, "return_20d": 0.033091, "return_60d": 0.157938, "return_252d": 0.163915, "sma_20": 56.993, "sma_50": 56.3076, "sma_200": 48.25598, "price_vs_sma20": -0.003035, "price_vs_sma50": 0.0091, "price_vs_sma200": 0.177471, "volatility_20d": 0.171139, "volatility_60d": 0.243109, "drawdown": -0.018992, "max_drawdown_1y": -0.252337, "volume_ratio": 1.496555, "rsi_14": 51.440123, "macd": 0.444238, "macd_signal": 0.527459, "macd_histogram": -0.083221, "bb_width": 0.051162, "bb_position": 0.440489, "stoch_k": 29.126214, "stoch_d": 43.433434, "adx": 20.892531, "atr_14": 1.011676, "last_close": 56.82, "last_date": "2026-02-27"}