{"return_1d": -0.021501, "return_5d": -0.086941, "return_20d": -0.092055, "return_60d": -0.044567, "return_252d": 0.104008, "sma_20": 56.154, "sma_50": 56.0076, "sma_200": 48.407855, "price_vs_sma20": -0.076112, "price_vs_sma50": -0.073697, "price_vs_sma200": 0.071727, "volatility_20d": 0.282931, "volatility_60d": 0.216116, "drawdown": -0.104282, "max_drawdown_1y": -0.252337, "volume_ratio": 1.538877, "rsi_14": 32.11967, "macd": -0.814932, "macd_signal": -0.153517, "macd_histogram": -0.661415, "bb_width": 0.15563, "bb_position": -0.029347, "stoch_k": 11.60221, "stoch_d": 23.20442, "adx": 26.203155, "atr_14": 1.451162, "last_close": 51.88, "last_date": "2026-03-06"}