{"return_1d": 0.00338, "return_5d": -0.069638, "return_20d": -0.057496, "return_60d": -0.008534, "return_252d": 0.102092, "sma_20": 56.438, "sma_50": 56.1008, "sma_200": 48.380807, "price_vs_sma20": -0.05312, "price_vs_sma50": -0.047429, "price_vs_sma200": 0.10457, "volatility_20d": 0.279785, "volatility_60d": 0.212231, "drawdown": -0.077348, "max_drawdown_1y": -0.252337, "volume_ratio": 0.164186, "rsi_14": 37.893691, "macd": -0.567828, "macd_signal": 0.018538, "macd_histogram": -0.586366, "bb_width": 0.129779, "bb_position": 0.067725, "stoch_k": 33.149171, "stoch_d": 22.816612, "adx": 25.384917, "atr_14": 1.389932, "last_close": 53.44, "last_date": "2026-03-05"}