{"return_1d": -0.004255, "return_5d": -0.094618, "return_20d": -0.090459, "return_60d": -0.061611, "return_252d": 0.057041, "sma_20": 56.512, "sma_50": 56.1196, "sma_200": 48.335107, "price_vs_sma20": -0.089043, "price_vs_sma50": -0.082673, "price_vs_sma200": 0.065064, "volatility_20d": 0.250578, "volatility_60d": 0.205539, "drawdown": -0.111188, "max_drawdown_1y": -0.252337, "volume_ratio": 0.154624, "rsi_14": 25.598958, "macd": -0.578022, "macd_signal": 0.13673, "macd_histogram": -0.714752, "bb_width": 0.140697, "bb_position": -0.194731, "stoch_k": 6.077348, "stoch_d": 7.476837, "adx": 25.150562, "atr_14": 1.242235, "last_close": 51.48, "last_date": "2026-03-04"}