{"return_1d": -0.002764, "return_5d": -0.056759, "return_20d": -0.040186, "return_60d": 0.010069, "return_252d": 0.568905, "sma_20": 26.27293, "sma_50": 27.0598, "sma_200": 22.089253, "price_vs_sma20": -0.038554, "price_vs_sma50": -0.066512, "price_vs_sma200": 0.143543, "volatility_20d": 0.392409, "volatility_60d": 0.370046, "drawdown": -0.135059, "max_drawdown_1y": -0.512656, "volume_ratio": 1.06876, "rsi_14": 41.013329, "macd": -0.334773, "macd_signal": -0.247622, "macd_histogram": -0.087151, "bb_width": 0.08643, "bb_position": 0.036037, "stoch_k": 20.55336, "stoch_d": 29.041114, "adx": 31.485979, "atr_14": 1.034649, "last_close": 25.26, "last_date": "2026-03-04"}