{"return_1d": 0.001457, "return_5d": -0.001453, "return_20d": 0.006925, "return_60d": 0.0159, "return_252d": 0.176574, "sma_20": 113.23625, "sma_50": 112.9635, "sma_200": 107.603975, "price_vs_sma20": 0.001534, "price_vs_sma50": 0.003953, "price_vs_sma200": 0.053957, "volatility_20d": 0.093767, "volatility_60d": 0.095565, "drawdown": -0.013225, "max_drawdown_1y": -0.215907, "volume_ratio": 0.129822, "rsi_14": 51.83099, "macd": 0.22411, "macd_signal": 0.243313, "macd_histogram": -0.019203, "bb_width": 0.021646, "bb_position": 0.570778, "stoch_k": 60.517799, "stoch_d": 63.998496, "adx": 9.252752, "atr_14": 1.161944, "last_close": 113.41, "last_date": "2026-03-06"}