{"return_1d": 0.001509, "return_5d": -0.01256, "return_20d": 0.001643, "return_60d": 0.010027, "return_252d": 0.137592, "sma_20": 113.06075, "sma_50": 112.8609, "sma_200": 107.4581, "price_vs_sma20": -0.002174, "price_vs_sma50": -0.000407, "price_vs_sma200": 0.049851, "volatility_20d": 0.096722, "volatility_60d": 0.092442, "drawdown": -0.018403, "max_drawdown_1y": -0.215907, "volume_ratio": 0.190598, "rsi_14": 48.414524, "macd": 0.188025, "macd_signal": 0.233837, "macd_histogram": -0.045812, "bb_width": 0.024915, "bb_position": 0.412567, "stoch_k": 44.495413, "stoch_d": 53.109072, "adx": 11.141256, "atr_14": 1.164408, "last_close": 112.815, "last_date": "2026-03-04"}