{"return_1d": -0.010817, "return_5d": -0.013691, "return_20d": -0.005416, "return_60d": 0.003449, "return_252d": 0.162154, "sma_20": 113.16675, "sma_50": 112.9357, "sma_200": 107.597025, "price_vs_sma20": -0.010133, "price_vs_sma50": -0.008108, "price_vs_sma200": 0.041107, "volatility_20d": 0.101655, "volatility_60d": 0.098194, "drawdown": -0.02532, "max_drawdown_1y": -0.215907, "volume_ratio": 1.21329, "rsi_14": 43.949504, "macd": 0.113226, "macd_signal": 0.221136, "macd_histogram": -0.10791, "bb_width": 0.0238, "bb_position": 0.069882, "stoch_k": 17.924528, "stoch_d": 49.800739, "adx": 10.629356, "atr_14": 1.297658, "last_close": 112.02, "last_date": "2026-03-06"}