{"return_1d": 0.008478, "return_5d": -0.005689, "return_20d": 0.008612, "return_60d": 0.017055, "return_252d": 0.145508, "sma_20": 113.1, "sma_50": 112.8766, "sma_200": 107.462025, "price_vs_sma20": 0.004421, "price_vs_sma50": 0.006409, "price_vs_sma200": 0.057118, "volatility_20d": 0.101131, "volatility_60d": 0.09396, "drawdown": -0.011572, "max_drawdown_1y": -0.215907, "volume_ratio": 0.29734, "rsi_14": 53.365017, "macd": 0.250646, "macd_signal": 0.246362, "macd_histogram": 0.004285, "bb_width": 0.024991, "bb_position": 0.676118, "stoch_k": 68.501529, "stoch_d": 61.111111, "adx": 10.443958, "atr_14": 1.217265, "last_close": 113.6, "last_date": "2026-03-05"}