{"return_1d": -0.010718, "return_5d": -0.006748, "return_20d": -0.002922, "return_60d": 0.011952, "return_252d": 0.114454, "sma_20": 113.04975, "sma_50": 112.8229, "sma_200": 107.383825, "price_vs_sma20": -0.00389, "price_vs_sma50": -0.001887, "price_vs_sma200": 0.048668, "volatility_20d": 0.097515, "volatility_60d": 0.092842, "drawdown": -0.020186, "max_drawdown_1y": -0.215907, "volume_ratio": 0.298408, "rsi_14": 46.98936, "macd": 0.243166, "macd_signal": 0.244732, "macd_histogram": -0.001566, "bb_width": 0.025153, "bb_position": 0.344745, "stoch_k": 38.2263, "stoch_d": 60.49949, "adx": 9.800094, "atr_14": 1.163538, "last_close": 112.61, "last_date": "2026-03-03"}