{"return_1d": -0.017219, "return_5d": -0.012093, "return_20d": -0.007442, "return_60d": 0.067855, "return_252d": 0.225657, "sma_20": 262.9255, "sma_50": 259.5648, "sma_200": 236.898799, "price_vs_sma20": -0.005764, "price_vs_sma50": 0.007109, "price_vs_sma200": 0.103467, "volatility_20d": 0.211775, "volatility_60d": 0.170284, "drawdown": -0.031061, "max_drawdown_1y": -0.275031, "volume_ratio": 0.98959, "rsi_14": 48.483076, "macd": 0.934321, "macd_signal": 1.275209, "macd_histogram": -0.340887, "bb_width": 0.040599, "bb_position": 0.357204, "stoch_k": 30.478821, "stoch_d": 57.214206, "adx": 10.325676, "atr_14": 5.064503, "last_close": 261.41, "last_date": "2026-02-27"}