{"return_1d": -0.019101, "return_5d": -0.034701, "return_20d": -0.014433, "return_60d": 0.02732, "return_252d": 0.25786, "sma_20": 262.7475, "sma_50": 260.4634, "sma_200": 237.976792, "price_vs_sma20": -0.022788, "price_vs_sma50": -0.014219, "price_vs_sma200": 0.078929, "volatility_20d": 0.225832, "volatility_60d": 0.176189, "drawdown": -0.048297, "max_drawdown_1y": -0.275031, "volume_ratio": 1.449552, "rsi_14": 42.780048, "macd": -0.117823, "macd_signal": 0.715322, "macd_histogram": -0.833144, "bb_width": 0.04632, "bb_position": -0.003445, "stoch_k": 24.607703, "stoch_d": 40.738797, "adx": 13.869371, "atr_14": 5.600581, "last_close": 256.76, "last_date": "2026-03-05"}