{"return_1d": -0.017323, "return_5d": -0.015532, "return_20d": -0.011214, "return_60d": 0.041979, "return_252d": 0.221316, "sma_20": 262.9865, "sma_50": 260.083, "sma_200": 237.455488, "price_vs_sma20": -0.014246, "price_vs_sma50": -0.003241, "price_vs_sma200": 0.091741, "volatility_20d": 0.214483, "volatility_60d": 0.17149, "drawdown": -0.039104, "max_drawdown_1y": -0.275031, "volume_ratio": 1.430268, "rsi_14": 45.431916, "macd": 0.498276, "macd_signal": 1.059787, "macd_histogram": -0.561511, "bb_width": 0.041374, "bb_position": 0.150699, "stoch_k": 37.891374, "stoch_d": 40.754852, "adx": 11.905188, "atr_14": 5.547301, "last_close": 259.24, "last_date": "2026-03-03"}