{"return_1d": 0.009721, "return_5d": -0.010658, "return_20d": -0.003882, "return_60d": 0.042958, "return_252d": 0.26786, "sma_20": 262.9355, "sma_50": 260.344, "sma_200": 237.732901, "price_vs_sma20": -0.004471, "price_vs_sma50": 0.005439, "price_vs_sma200": 0.101068, "volatility_20d": 0.217358, "volatility_60d": 0.17169, "drawdown": -0.029764, "max_drawdown_1y": -0.275031, "volume_ratio": 0.930675, "rsi_14": 49.35967, "macd": 0.378891, "macd_signal": 0.923608, "macd_histogram": -0.544717, "bb_width": 0.041176, "bb_position": 0.390937, "stoch_k": 59.717314, "stoch_d": 50.501016, "adx": 12.476037, "atr_14": 5.44678, "last_close": 261.76, "last_date": "2026-03-04"}