{"return_1d": 0.009181, "return_5d": 0.012745, "return_20d": 0.016022, "return_60d": 0.079637, "return_252d": 0.25607, "sma_20": 263.1335, "sma_50": 259.843, "sma_200": 237.183985, "price_vs_sma20": 0.002571, "price_vs_sma50": 0.015267, "price_vs_sma200": 0.112259, "volatility_20d": 0.2077, "volatility_60d": 0.170954, "drawdown": -0.022165, "max_drawdown_1y": -0.275031, "volume_ratio": 1.311344, "rsi_14": 52.257274, "macd": 0.899989, "macd_signal": 1.200165, "macd_histogram": -0.300175, "bb_width": 0.038654, "bb_position": 0.566341, "stoch_k": 53.89436, "stoch_d": 52.341705, "adx": 10.64771, "atr_14": 5.166324, "last_close": 263.81, "last_date": "2026-03-02"}