{"return_1d": -0.022862, "return_5d": -0.040243, "return_20d": -0.01931, "return_60d": 0.003434, "return_252d": 0.217016, "sma_20": 262.5005, "sma_50": 260.4096, "sma_200": 238.195693, "price_vs_sma20": -0.04423, "price_vs_sma50": -0.036556, "price_vs_sma200": 0.053294, "volatility_20d": 0.23138, "volatility_60d": 0.182584, "drawdown": -0.070054, "max_drawdown_1y": -0.275031, "volume_ratio": 1.523828, "rsi_14": 36.61009, "macd": -0.973905, "macd_signal": 0.377476, "macd_histogram": -1.351381, "bb_width": 0.058398, "bb_position": -0.292442, "stoch_k": 5.46291, "stoch_d": 29.929309, "adx": 15.786352, "atr_14": 5.687682, "last_close": 250.89, "last_date": "2026-03-06"}