{"return_1d": -0.013595, "return_5d": -0.000508, "return_20d": 0.01414, "return_60d": 0.042991, "return_252d": 0.112309, "sma_20": 138.86085, "sma_50": 137.404056, "sma_200": 140.271303, "price_vs_sma20": -0.007208, "price_vs_sma50": 0.003318, "price_vs_sma200": -0.01719, "volatility_20d": 0.578169, "volatility_60d": 0.366808, "drawdown": -0.157438, "max_drawdown_1y": -0.255859, "volume_ratio": 0.960343, "rsi_14": 49.833983, "macd": -0.595795, "macd_signal": -0.299057, "macd_histogram": -0.296738, "bb_width": 0.170587, "bb_position": 0.457442, "stoch_k": 45.054318, "stoch_d": 41.953267, "adx": 20.084098, "atr_14": 5.206336, "last_close": 137.86, "last_date": "2026-02-27"}