{"return_1d": -0.014839, "return_5d": -0.026188, "return_20d": -0.047983, "return_60d": -0.026868, "return_252d": 0.131037, "sma_20": 139.120705, "sma_50": 137.813006, "sma_200": 140.51985, "price_vs_sma20": -0.021713, "price_vs_sma50": -0.01243, "price_vs_sma200": -0.031454, "volatility_20d": 0.492565, "volatility_60d": 0.361191, "drawdown": -0.168195, "max_drawdown_1y": -0.255859, "volume_ratio": 0.500313, "rsi_14": 47.234977, "macd": -0.365555, "macd_signal": -0.314342, "macd_histogram": -0.051213, "bb_width": 0.163723, "bb_position": 0.364437, "stoch_k": 46.818362, "stoch_d": 54.788096, "adx": 18.087113, "atr_14": 4.916527, "last_close": 136.1, "last_date": "2026-03-05"}