{"return_1d": -0.012593, "return_5d": 0.000508, "return_20d": 0.01517, "return_60d": 0.04405, "return_252d": 0.113438, "sma_20": 138.86785, "sma_50": 137.406856, "sma_200": 140.272003, "price_vs_sma20": -0.006249, "price_vs_sma50": 0.004317, "price_vs_sma200": -0.016197, "volatility_20d": 0.577837, "volatility_60d": 0.366644, "drawdown": -0.156582, "max_drawdown_1y": -0.255859, "volume_ratio": 0.294217, "rsi_14": 49.992099, "macd": -0.584627, "macd_signal": -0.296823, "macd_histogram": -0.287803, "bb_width": 0.170382, "bb_position": 0.46309, "stoch_k": 45.573219, "stoch_d": 42.126234, "adx": 20.084104, "atr_14": 5.2066, "last_close": 138.0, "last_date": "2026-02-27"}