{"return_1d": 0.00507, "return_5d": -0.007761, "return_20d": -0.045819, "return_60d": -0.020817, "return_252d": 0.12169, "sma_20": 138.792275, "sma_50": 137.842218, "sma_200": 140.565769, "price_vs_sma20": -0.014426, "price_vs_sma50": -0.007633, "price_vs_sma200": -0.026861, "volatility_20d": 0.492925, "volatility_60d": 0.361346, "drawdown": -0.163978, "max_drawdown_1y": -0.255859, "volume_ratio": 0.587317, "rsi_14": 48.282041, "macd": -0.403217, "macd_signal": -0.332117, "macd_histogram": -0.0711, "bb_width": 0.160959, "bb_position": 0.40906, "stoch_k": 50.909491, "stoch_d": 55.479632, "adx": 18.527104, "atr_14": 4.869632, "last_close": 136.79, "last_date": "2026-03-06"}