{"return_1d": -0.005256, "return_5d": 0.035219, "return_20d": 0.042118, "return_60d": -0.015789, "return_252d": 0.125692, "sma_20": 139.463685, "sma_50": 137.765478, "sma_200": 140.478965, "price_vs_sma20": -0.00942, "price_vs_sma50": 0.002791, "price_vs_sma200": -0.016579, "volatility_20d": 0.56602, "volatility_60d": 0.359979, "drawdown": -0.155666, "max_drawdown_1y": -0.255859, "volume_ratio": 0.564366, "rsi_14": 50.029296, "macd": -0.241912, "macd_signal": -0.301539, "macd_histogram": 0.059627, "bb_width": 0.161717, "bb_position": 0.441199, "stoch_k": 68.711043, "stoch_d": 55.645591, "adx": 18.069095, "atr_14": 5.029337, "last_close": 138.15, "last_date": "2026-03-04"}