{"return_1d": 0.008487, "return_5d": 0.054856, "return_20d": 0.030535, "return_60d": 0.032367, "return_252d": 0.120508, "sma_20": 139.066825, "sma_50": 137.512578, "sma_200": 140.344103, "price_vs_sma20": -0.000265, "price_vs_sma50": 0.011035, "price_vs_sma200": -0.009363, "volatility_20d": 0.577701, "volatility_60d": 0.365258, "drawdown": -0.150287, "max_drawdown_1y": -0.255859, "volume_ratio": 0.541673, "rsi_14": 51.222451, "macd": -0.41992, "macd_signal": -0.32323, "macd_histogram": -0.096691, "bb_width": 0.16713, "bb_position": 0.498415, "stoch_k": 49.390847, "stoch_d": 48.847237, "adx": 19.08132, "atr_14": 5.121598, "last_close": 139.03, "last_date": "2026-03-02"}