{"return_1d": -0.005171, "return_5d": 0.035756, "return_20d": 0.092684, "return_60d": 0.231014, "return_252d": 0.448058, "sma_20": 225.92267, "sma_50": 211.873646, "sma_200": 166.387064, "price_vs_sma20": 0.021898, "price_vs_sma50": 0.089659, "price_vs_sma200": 0.387548, "volatility_20d": 0.367604, "volatility_60d": 0.277735, "drawdown": -0.010882, "max_drawdown_1y": -0.42415, "volume_ratio": 0.530737, "rsi_14": 60.785988, "macd": 5.390153, "macd_signal": 5.488297, "macd_histogram": -0.098144, "bb_width": 0.073784, "bb_position": 0.790431, "stoch_k": 84.784284, "stoch_d": 89.586543, "adx": 18.90834, "atr_14": 7.357587, "last_close": 230.87, "last_date": "2026-03-03"}