{"return_1d": -0.005741, "return_5d": 0.045031, "return_20d": 0.147073, "return_60d": 0.252004, "return_252d": 0.476562, "sma_20": 224.943525, "sma_50": 211.13049, "sma_200": 165.966459, "price_vs_sma20": 0.031681, "price_vs_sma50": 0.099178, "price_vs_sma200": 0.398295, "volatility_20d": 0.391237, "volatility_60d": 0.277617, "drawdown": -0.005741, "max_drawdown_1y": -0.42415, "volume_ratio": 0.544385, "rsi_14": 62.298743, "macd": 5.402682, "macd_signal": 5.512833, "macd_histogram": -0.110151, "bb_width": 0.089002, "bb_position": 0.845031, "stoch_k": 89.40678, "stoch_d": 86.183873, "adx": 19.741867, "atr_14": 7.249709, "last_close": 232.07, "last_date": "2026-03-02"}