{"return_1d": -0.057298, "return_5d": -0.085772, "return_20d": -0.050756, "return_60d": 0.126005, "return_252d": 0.348037, "sma_20": 226.0195, "sma_50": 213.517166, "sma_200": 167.566724, "price_vs_sma20": -0.055878, "price_vs_sma50": -0.000596, "price_vs_sma200": 0.273463, "volatility_20d": 0.404183, "volatility_60d": 0.316096, "drawdown": -0.091648, "max_drawdown_1y": -0.42415, "volume_ratio": 1.622588, "rsi_14": 43.051523, "macd": 3.56869, "macd_signal": 5.060665, "macd_histogram": -1.491974, "bb_width": 0.099453, "bb_position": -0.095103, "stoch_k": 7.82715, "stoch_d": 51.81807, "adx": 17.883615, "atr_14": 7.885265, "last_close": 213.39, "last_date": "2026-03-06"}