{"return_1d": 0.017542, "return_5d": 0.071471, "return_20d": 0.066997, "return_60d": 0.255147, "return_252d": 0.504924, "sma_20": 226.660205, "sma_50": 212.651494, "sma_200": 166.82807, "price_vs_sma20": 0.036441, "price_vs_sma50": 0.104718, "price_vs_sma200": 0.408156, "volatility_20d": 0.344136, "volatility_60d": 0.278929, "drawdown": 0.0, "max_drawdown_1y": -0.42415, "volume_ratio": 0.604757, "rsi_14": 63.966212, "macd": 5.641988, "macd_signal": 5.519035, "macd_histogram": 0.122953, "bb_width": 0.076118, "bb_position": 0.961917, "stoch_k": 96.020634, "stoch_d": 90.070566, "adx": 18.741422, "atr_14": 7.198474, "last_close": 234.92, "last_date": "2026-03-04"}