{"return_1d": 0.022741, "return_5d": 0.014121, "return_20d": 0.139697, "return_60d": 0.30127, "return_252d": 0.471934, "sma_20": 223.455775, "sma_50": 210.416428, "sma_200": 165.537025, "price_vs_sma20": 0.044547, "price_vs_sma50": 0.109277, "price_vs_sma200": 0.410017, "volatility_20d": 0.394679, "volatility_60d": 0.283333, "drawdown": 0.0, "max_drawdown_1y": -0.42415, "volume_ratio": 1.248314, "rsi_14": 63.948947, "macd": 5.217907, "macd_signal": 5.540371, "macd_histogram": -0.322464, "bb_width": 0.118126, "bb_position": 0.861028, "stoch_k": 94.568567, "stoch_d": 69.72265, "adx": 19.695184, "atr_14": 7.310456, "last_close": 233.41, "last_date": "2026-02-27"}