{"return_1d": 0.021208, "return_5d": 0.0126, "return_20d": 0.137988, "return_60d": 0.299319, "return_252d": 0.469727, "sma_20": 223.438275, "sma_50": 210.409428, "sma_200": 165.535275, "price_vs_sma20": 0.043062, "price_vs_sma50": 0.10765, "price_vs_sma200": 0.407917, "volatility_20d": 0.393897, "volatility_60d": 0.282929, "drawdown": 0.0, "max_drawdown_1y": -0.42415, "volume_ratio": 0.520008, "rsi_14": 63.71584, "macd": 5.189986, "macd_signal": 5.534787, "macd_histogram": -0.344801, "bb_width": 0.117877, "bb_position": 0.850234, "stoch_k": 93.220339, "stoch_d": 69.273241, "adx": 19.695184, "atr_14": 7.310456, "last_close": 233.06, "last_date": "2026-02-27"}