{"return_1d": 0.003697, "return_5d": -0.080664, "return_20d": 0.039206, "return_60d": 0.167064, "return_252d": 0.745155, "sma_20": 259.56314, "sma_50": 246.128524, "sma_200": 217.560295, "price_vs_sma20": -0.016887, "price_vs_sma50": 0.036775, "price_vs_sma200": 0.172916, "volatility_20d": 0.472059, "volatility_60d": 0.421246, "drawdown": -0.080664, "max_drawdown_1y": -0.325361, "volume_ratio": 0.647219, "rsi_14": 49.579992, "macd": 4.786103, "macd_signal": 6.512956, "macd_histogram": -1.726853, "bb_width": 0.147313, "bb_position": 0.383401, "stoch_k": 30.860612, "stoch_d": 32.953039, "adx": 26.009469, "atr_14": 11.372833, "last_close": 255.18, "last_date": "2026-03-04"}