{"return_1d": -0.04409, "return_5d": -0.090192, "return_20d": -0.002747, "return_60d": 0.069851, "return_252d": 0.686922, "sma_20": 260.34115, "sma_50": 246.869392, "sma_200": 218.352454, "price_vs_sma20": -0.073946, "price_vs_sma50": -0.023411, "price_vs_sma200": 0.104132, "volatility_20d": 0.47307, "volatility_60d": 0.430419, "drawdown": -0.131426, "max_drawdown_1y": -0.325361, "volume_ratio": 0.99984, "rsi_14": 41.092863, "macd": 1.977938, "macd_signal": 5.161125, "macd_histogram": -3.183188, "bb_width": 0.132552, "bb_position": -0.102409, "stoch_k": 1.851852, "stoch_d": 18.577509, "adx": 23.706067, "atr_14": 11.432086, "last_close": 241.09, "last_date": "2026-03-06"}