{"return_1d": -0.02545, "return_5d": -0.022502, "return_20d": 0.086722, "return_60d": 0.262314, "return_252d": 0.671832, "sma_20": 257.323735, "sma_50": 243.630464, "sma_200": 216.2058, "price_vs_sma20": 0.029792, "price_vs_sma50": 0.087672, "price_vs_sma200": 0.225638, "volatility_20d": 0.4758, "volatility_60d": 0.41704, "drawdown": -0.045322, "max_drawdown_1y": -0.325361, "volume_ratio": 1.671483, "rsi_14": 56.047365, "macd": 7.80236, "macd_signal": 7.29862, "macd_histogram": 0.503741, "bb_width": 0.171635, "bb_position": 0.668557, "stoch_k": 51.01367, "stoch_d": 71.792923, "adx": 30.168536, "atr_14": 11.511936, "last_close": 264.99, "last_date": "2026-02-27"}