{"return_1d": -0.014378, "return_5d": -0.000383, "return_20d": 0.101489, "return_60d": 0.232078, "return_252d": 0.697297, "sma_20": 258.52696, "sma_50": 244.6042, "sma_200": 216.677948, "price_vs_sma20": 0.010262, "price_vs_sma50": 0.067766, "price_vs_sma200": 0.205383, "volatility_20d": 0.46616, "volatility_60d": 0.418601, "drawdown": -0.059048, "max_drawdown_1y": -0.325361, "volume_ratio": 1.191866, "rsi_14": 53.437319, "macd": 7.011579, "macd_signal": 7.241211, "macd_histogram": -0.229632, "bb_width": 0.15928, "bb_position": 0.563774, "stoch_k": 39.619414, "stoch_d": 54.113945, "adx": 29.574491, "atr_14": 11.403226, "last_close": 261.18, "last_date": "2026-03-02"}