{"return_1d": -0.034845, "return_5d": -0.082467, "return_20d": -0.000906, "return_60d": 0.151505, "return_252d": 0.623422, "sma_20": 140.836, "sma_50": 127.0934, "sma_200": 113.337991, "price_vs_sma20": -0.059899, "price_vs_sma50": 0.041754, "price_vs_sma200": 0.168187, "volatility_20d": 0.309391, "volatility_60d": 0.291939, "drawdown": -0.089784, "max_drawdown_1y": -0.211262, "volume_ratio": 0.893126, "rsi_14": 43.888339, "macd": 3.301212, "macd_signal": 5.092818, "macd_histogram": -1.791606, "bb_width": 0.095704, "bb_position": -0.165761, "stoch_k": 3.756831, "stoch_d": 17.775188, "adx": 42.211055, "atr_14": 3.829931, "last_close": 132.4, "last_date": "2026-03-06"}