{"return_1d": 0.003009, "return_5d": -0.031075, "return_20d": 0.128941, "return_60d": 0.225919, "return_252d": 0.709542, "sma_20": 140.4575, "sma_50": 126.4916, "sma_200": 112.965498, "price_vs_sma20": -0.003257, "price_vs_sma50": 0.106793, "price_vs_sma200": 0.239316, "volatility_20d": 0.311438, "volatility_60d": 0.277291, "drawdown": -0.037536, "max_drawdown_1y": -0.211262, "volume_ratio": 0.600746, "rsi_14": 58.466331, "macd": 4.96505, "macd_signal": 5.85759, "macd_histogram": -0.89254, "bb_width": 0.112701, "bb_position": 0.471004, "stoch_k": 24.709977, "stoch_d": 44.199536, "adx": 48.251513, "atr_14": 3.546429, "last_close": 140.0, "last_date": "2026-03-04"}