{"return_1d": -0.020143, "return_5d": -0.043509, "return_20d": 0.059387, "return_60d": 0.20091, "return_252d": 0.709478, "sma_20": 140.842, "sma_50": 126.8446, "sma_200": 113.16352, "price_vs_sma20": -0.026001, "price_vs_sma50": 0.081481, "price_vs_sma200": 0.212228, "volatility_20d": 0.290554, "volatility_60d": 0.281447, "drawdown": -0.056923, "max_drawdown_1y": -0.211262, "volume_ratio": 1.272635, "rsi_14": 52.315985, "macd": 4.273239, "macd_signal": 5.54072, "macd_histogram": -1.267481, "bb_width": 0.091905, "bb_position": 0.20954, "stoch_k": 24.858757, "stoch_d": 23.13544, "adx": 44.839772, "atr_14": 3.714541, "last_close": 137.18, "last_date": "2026-03-05"}