{"return_1d": 0.008567, "return_5d": 0.020541, "return_20d": -0.086996, "return_60d": -0.064278, "return_252d": -0.0414, "sma_20": 165.013, "sma_50": 177.3762, "sma_200": 169.739092, "price_vs_sma20": -0.015472, "price_vs_sma50": -0.084094, "price_vs_sma200": -0.042884, "volatility_20d": 0.418647, "volatility_60d": 0.290997, "drawdown": -0.195108, "max_drawdown_1y": -0.277782, "volume_ratio": 0.853892, "rsi_14": 42.531962, "macd": -5.626164, "macd_signal": -5.877809, "macd_histogram": 0.251646, "bb_width": 0.197116, "bb_position": 0.420277, "stoch_k": 36.507937, "stoch_d": 24.609143, "adx": 32.773465, "atr_14": 4.983659, "last_close": 162.46, "last_date": "2026-02-27"}