{"return_1d": -0.004588, "return_5d": 0.040832, "return_20d": -0.035233, "return_60d": -0.077336, "return_252d": -0.040129, "sma_20": 162.956035, "sma_50": 175.242368, "sma_200": 168.908779, "price_vs_sma20": 0.025123, "price_vs_sma50": -0.046749, "price_vs_sma200": -0.011005, "volatility_20d": 0.304455, "volatility_60d": 0.289671, "drawdown": -0.169358, "max_drawdown_1y": -0.277781, "volume_ratio": 0.853073, "rsi_14": 50.48439, "macd": -2.761457, "macd_signal": -4.509732, "macd_histogram": 1.748275, "bb_width": 0.150121, "bb_position": 0.663251, "stoch_k": 86.649135, "stoch_d": 91.710696, "adx": 25.546003, "atr_14": 4.911151, "last_close": 167.05, "last_date": "2026-03-05"}