{"return_1d": 0.009374, "return_5d": 0.021358, "return_20d": -0.086265, "return_60d": -0.06353, "return_252d": -0.040633, "sma_20": 165.0195, "sma_50": 177.3788, "sma_200": 169.739743, "price_vs_sma20": -0.014723, "price_vs_sma50": -0.083374, "price_vs_sma200": -0.042122, "volatility_20d": 0.418983, "volatility_60d": 0.291114, "drawdown": -0.194463, "max_drawdown_1y": -0.277782, "volume_ratio": 0.45742, "rsi_14": 42.742301, "macd": -5.615793, "macd_signal": -5.875735, "macd_histogram": 0.259942, "bb_width": 0.196909, "bb_position": 0.424115, "stoch_k": 37.081129, "stoch_d": 24.800207, "adx": 32.832036, "atr_14": 4.96723, "last_close": 162.59, "last_date": "2026-02-27"}