{"return_1d": 0.02771, "return_5d": 0.080484, "return_20d": -0.05821, "return_60d": -0.041901, "return_252d": -0.014782, "sma_20": 163.741, "sma_50": 176.5352, "sma_200": 169.640518, "price_vs_sma20": 0.030591, "price_vs_sma50": -0.0441, "price_vs_sma200": -0.005249, "volatility_20d": 0.434909, "volatility_60d": 0.294567, "drawdown": -0.163945, "max_drawdown_1y": -0.277782, "volume_ratio": 0.918841, "rsi_14": 52.192312, "macd": -4.069439, "macd_signal": -5.373877, "macd_histogram": 1.304438, "bb_width": 0.155606, "bb_position": 0.690757, "stoch_k": 94.73342, "stoch_d": 61.513076, "adx": 29.015866, "atr_14": 5.29341, "last_close": 168.75, "last_date": "2026-03-03"}