{"return_1d": -0.005876, "return_5d": 0.00053, "return_20d": 0.057932, "return_60d": 0.217918, "return_252d": 0.50726, "sma_20": 242.45034, "sma_50": 225.047718, "sma_200": 187.240719, "price_vs_sma20": 0.011754, "price_vs_sma50": 0.089991, "price_vs_sma200": 0.310078, "volatility_20d": 0.154376, "volatility_60d": 0.170258, "drawdown": -0.013116, "max_drawdown_1y": -0.14029, "volume_ratio": 0.624456, "rsi_14": 64.869769, "macd": 6.169486, "macd_signal": 6.885408, "macd_histogram": -0.715922, "bb_width": 0.067007, "bb_position": 0.673371, "stoch_k": 51.795088, "stoch_d": 66.564116, "adx": 38.840644, "atr_14": 3.949298, "last_close": 245.3, "last_date": "2026-03-04"}