{"return_1d": 0.018627, "return_5d": 0.02818, "return_20d": 0.09694, "return_60d": 0.214198, "return_252d": 0.563127, "sma_20": 239.770865, "sma_50": 222.719408, "sma_200": 185.697361, "price_vs_sma20": 0.034342, "price_vs_sma50": 0.113531, "price_vs_sma200": 0.335533, "volatility_20d": 0.150513, "volatility_60d": 0.170975, "drawdown": 0.0, "max_drawdown_1y": -0.14029, "volume_ratio": 0.465645, "rsi_14": 72.746265, "macd": 6.855438, "macd_signal": 7.270295, "macd_histogram": -0.414858, "bb_width": 0.093577, "bb_position": 0.854802, "stoch_k": 95.58024, "stoch_d": 82.400526, "adx": 40.544788, "atr_14": 3.867424, "last_close": 248.005, "last_date": "2026-02-27"}