{"return_1d": -0.023115, "return_5d": -0.015772, "return_20d": 0.02744, "return_60d": 0.193007, "return_252d": 0.488977, "sma_20": 242.770335, "sma_50": 225.734744, "sma_200": 187.70273, "price_vs_sma20": -0.012935, "price_vs_sma50": 0.061556, "price_vs_sma200": 0.276646, "volatility_20d": 0.17918, "volatility_60d": 0.178303, "drawdown": -0.035927, "max_drawdown_1y": -0.14029, "volume_ratio": 1.009993, "rsi_14": 53.030107, "macd": 5.334501, "macd_signal": 6.575226, "macd_histogram": -1.240725, "bb_width": 0.060023, "bb_position": 0.281669, "stoch_k": 23.447402, "stoch_d": 47.792314, "adx": 36.382024, "atr_14": 4.336491, "last_close": 239.63, "last_date": "2026-03-05"}