{"return_1d": 0.003213, "return_5d": -0.032323, "return_20d": 0.01635, "return_60d": 0.198681, "return_252d": 0.496476, "sma_20": 242.963705, "sma_50": 226.41827, "sma_200": 188.162945, "price_vs_sma20": -0.010552, "price_vs_sma50": 0.061752, "price_vs_sma200": 0.277616, "volatility_20d": 0.172959, "volatility_60d": 0.178052, "drawdown": -0.032829, "max_drawdown_1y": -0.14029, "volume_ratio": 0.787293, "rsi_14": 54.251256, "macd": 4.680943, "macd_signal": 6.19637, "macd_histogram": -1.515427, "bb_width": 0.055755, "bb_position": 0.308727, "stoch_k": 30.528256, "stoch_d": 35.256915, "adx": 34.213009, "atr_14": 4.409599, "last_close": 240.4, "last_date": "2026-03-06"}