{"return_1d": -0.019506, "return_5d": -0.041094, "return_20d": -0.074763, "return_60d": -0.06401, "return_252d": 0.19708, "sma_20": 305.958, "sma_50": 311.747608, "sma_200": 298.078321, "price_vs_sma20": -0.040555, "price_vs_sma50": -0.058373, "price_vs_sma200": -0.015192, "volatility_20d": 0.298229, "volatility_60d": 0.276521, "drawdown": -0.12271, "max_drawdown_1y": -0.244239, "volume_ratio": 1.209771, "rsi_14": 38.831597, "macd": -3.704374, "macd_signal": -2.803992, "macd_histogram": -0.900383, "bb_width": 0.108437, "bb_position": 0.110199, "stoch_k": 17.778753, "stoch_d": 29.618245, "adx": 20.527836, "atr_14": 8.243998, "last_close": 293.55, "last_date": "2026-03-05"}