{"return_1d": -0.002897, "return_5d": -0.012892, "return_20d": -0.049103, "return_60d": -0.048591, "return_252d": 0.172315, "sma_20": 307.144, "sma_50": 312.19232, "sma_200": 297.929566, "price_vs_sma20": -0.025245, "price_vs_sma50": -0.041008, "price_vs_sma200": 0.004902, "volatility_20d": 0.294725, "volatility_60d": 0.273861, "drawdown": -0.105257, "max_drawdown_1y": -0.244239, "volume_ratio": 0.776713, "rsi_14": 43.356307, "macd": -3.214992, "macd_signal": -2.578896, "macd_histogram": -0.636096, "bb_width": 0.104025, "bb_position": 0.251028, "stoch_k": 41.003317, "stoch_d": 29.620052, "adx": 19.548458, "atr_14": 8.20046, "last_close": 299.39, "last_date": "2026-03-04"}