{"return_1d": -0.02561, "return_5d": -0.04022, "return_20d": -0.026532, "return_60d": -0.030055, "return_252d": 0.176268, "sma_20": 308.627, "sma_50": 312.993782, "sma_200": 297.358212, "price_vs_sma20": -0.033494, "price_vs_sma50": -0.046978, "price_vs_sma200": 0.003134, "volatility_20d": 0.310802, "volatility_60d": 0.277757, "drawdown": -0.108544, "max_drawdown_1y": -0.244239, "volume_ratio": 0.807997, "rsi_14": 41.919109, "macd": -2.853471, "macd_signal": -2.061636, "macd_histogram": -0.791835, "bb_width": 0.097744, "bb_position": 0.145458, "stoch_k": 19.731582, "stoch_d": 31.962688, "adx": 17.524137, "atr_14": 8.165432, "last_close": 298.29, "last_date": "2026-02-27"}