{"return_1d": -0.010238, "return_5d": 0.006718, "return_20d": 0.092201, "return_60d": 0.074232, "return_252d": -0.080283, "sma_20": 29.273, "sma_50": 28.29732, "sma_200": 29.43838, "price_vs_sma20": 0.02381, "price_vs_sma50": 0.059111, "price_vs_sma200": 0.018059, "volatility_20d": 0.278423, "volatility_60d": 0.218915, "drawdown": -0.178231, "max_drawdown_1y": -0.311976, "volume_ratio": 0.76319, "rsi_14": 58.90452, "macd": 0.613322, "macd_signal": 0.547284, "macd_histogram": 0.066038, "bb_width": 0.121905, "bb_position": 0.690776, "stoch_k": 52.1875, "stoch_d": 62.236016, "adx": 26.425208, "atr_14": 0.700476, "last_close": 29.97, "last_date": "2026-03-02"}