{"return_1d": -0.013347, "return_5d": -0.047051, "return_20d": 0.076447, "return_60d": 0.052411, "return_252d": -0.09012, "sma_20": 29.378, "sma_50": 28.332326, "sma_200": 29.426542, "price_vs_sma20": 0.006536, "price_vs_sma50": 0.043684, "price_vs_sma200": 0.004875, "volatility_20d": 0.28544, "volatility_60d": 0.220598, "drawdown": -0.189199, "max_drawdown_1y": -0.311976, "volume_ratio": 0.729475, "rsi_14": 54.283481, "macd": 0.551228, "macd_signal": 0.548073, "macd_histogram": 0.003155, "bb_width": 0.110319, "bb_position": 0.558857, "stoch_k": 32.280702, "stoch_d": 50.347848, "adx": 26.002828, "atr_14": 0.689728, "last_close": 29.57, "last_date": "2026-03-03"}