{"return_1d": -0.001649, "return_5d": 0.025051, "return_20d": 0.129008, "return_60d": 0.083801, "return_252d": -0.074349, "sma_20": 29.1465, "sma_50": 28.265024, "sma_200": 29.449975, "price_vs_sma20": 0.03889, "price_vs_sma50": 0.071289, "price_vs_sma200": 0.028184, "volatility_20d": 0.280073, "volatility_60d": 0.217674, "drawdown": -0.169731, "max_drawdown_1y": -0.311976, "volume_ratio": 1.179287, "rsi_14": 62.748606, "macd": 0.642929, "macd_signal": 0.530775, "macd_histogram": 0.112154, "bb_width": 0.129563, "bb_position": 0.788925, "stoch_k": 66.575342, "stoch_d": 65.844749, "adx": 25.996873, "atr_14": 0.722821, "last_close": 30.28, "last_date": "2026-02-27"}