{"return_1d": -0.001813, "return_5d": 0.024882, "return_20d": 0.128822, "return_60d": 0.083622, "return_252d": -0.074501, "sma_20": 29.14625, "sma_50": 28.264924, "sma_200": 29.44995, "price_vs_sma20": 0.038727, "price_vs_sma50": 0.071116, "price_vs_sma200": 0.028015, "volatility_20d": 0.280135, "volatility_60d": 0.217684, "drawdown": -0.169868, "max_drawdown_1y": -0.311976, "volume_ratio": 0.571993, "rsi_14": 62.687336, "macd": 0.64253, "macd_signal": 0.530695, "macd_histogram": 0.111835, "bb_width": 0.129546, "bb_position": 0.787799, "stoch_k": 66.438356, "stoch_d": 65.799087, "adx": 25.996873, "atr_14": 0.723006, "last_close": 30.275, "last_date": "2026-02-27"}