{"return_1d": -0.001168, "return_5d": -0.111342, "return_20d": -0.011175, "return_60d": -0.117421, "return_252d": 0.032655, "sma_20": 274.895, "sma_50": 282.510684, "sma_200": 256.602164, "price_vs_sma20": -0.066553, "price_vs_sma50": -0.091716, "price_vs_sma200": -8e-06, "volatility_20d": 0.556325, "volatility_60d": 0.409174, "drawdown": -0.633754, "max_drawdown_1y": -0.781749, "volume_ratio": 0.045467, "rsi_14": 37.143727, "macd": -4.081988, "macd_signal": -1.857731, "macd_histogram": -2.224257, "bb_width": 0.180644, "bb_position": 0.105314, "stoch_k": 10.864745, "stoch_d": 8.672896, "adx": 17.081557, "atr_14": 10.434838, "last_close": 256.6, "last_date": "2026-03-05"}