{"return_1d": -0.00987, "return_5d": 0.028417, "return_20d": 0.08234, "return_60d": -0.025325, "return_252d": 0.148317, "sma_20": 274.98, "sma_50": 286.247752, "sma_200": 254.902051, "price_vs_sma20": 0.039712, "price_vs_sma50": -0.001215, "price_vs_sma200": 0.121607, "volatility_20d": 0.482542, "volatility_60d": 0.374722, "drawdown": -0.591934, "max_drawdown_1y": -0.781749, "volume_ratio": 1.176029, "rsi_14": 54.718435, "macd": 1.451953, "macd_signal": -1.021855, "macd_histogram": 2.473809, "bb_width": 0.155541, "bb_position": 0.745563, "stoch_k": 60.31746, "stoch_d": 73.553091, "adx": 17.802958, "atr_14": 10.173377, "last_close": 285.9, "last_date": "2026-02-27"}