{"return_1d": -0.047044, "return_5d": -0.04904, "return_20d": 0.053761, "return_60d": -0.069282, "return_252d": 0.079299, "sma_20": 275.675, "sma_50": 285.461652, "sma_200": 255.378041, "price_vs_sma20": -0.011699, "price_vs_sma50": -0.045581, "price_vs_sma200": 0.06685, "volatility_20d": 0.508728, "volatility_60d": 0.386842, "drawdown": -0.611132, "max_drawdown_1y": -0.781749, "volume_ratio": 0.146506, "rsi_14": 44.62927, "macd": 0.61073, "macd_signal": -0.695338, "macd_histogram": 1.306069, "bb_width": 0.153936, "bb_position": 0.423104, "stoch_k": 13.035714, "stoch_d": 50.558585, "adx": 16.786815, "atr_14": 10.493136, "last_close": 272.45, "last_date": "2026-03-02"}