{"return_1d": 0.018996, "return_5d": -0.080623, "return_20d": 0.018601, "return_60d": -0.078884, "return_252d": 0.0704, "sma_20": 275.2025, "sma_50": 281.829506, "sma_200": 257.049353, "price_vs_sma20": -0.044885, "price_vs_sma50": -0.067344, "price_vs_sma200": 0.022566, "volatility_20d": 0.559888, "volatility_60d": 0.409975, "drawdown": -0.624834, "max_drawdown_1y": -0.781749, "volume_ratio": 0.049664, "rsi_14": 42.079705, "macd": -4.315394, "macd_signal": -2.332033, "macd_histogram": -1.983361, "bb_width": 0.17006, "bb_position": 0.22366, "stoch_k": 24.722838, "stoch_d": 16.703622, "adx": 16.081521, "atr_14": 10.467043, "last_close": 262.85, "last_date": "2026-03-06"}