{"return_1d": -0.030571, "return_5d": -0.076815, "return_20d": 0.017985, "return_60d": -0.105295, "return_252d": 0.042455, "sma_20": 275.86, "sma_50": 284.525338, "sma_200": 255.815182, "price_vs_sma20": -0.045893, "price_vs_sma50": -0.074951, "price_vs_sma200": 0.028868, "volatility_20d": 0.526795, "volatility_60d": 0.393075, "drawdown": -0.624334, "max_drawdown_1y": -0.781749, "volume_ratio": 0.053555, "rsi_14": 39.30159, "macd": -0.85171, "macd_signal": -0.738738, "macd_histogram": -0.112972, "bb_width": 0.154515, "bb_position": 0.188701, "stoch_k": 1.89781, "stoch_d": 24.68732, "adx": 15.95966, "atr_14": 10.591841, "last_close": 263.2, "last_date": "2026-03-03"}