{"return_1d": -0.01135, "return_5d": -0.015586, "return_20d": -0.060332, "return_60d": 0.102541, "return_252d": 0.25107, "sma_20": 21.69187, "sma_50": 21.285706, "sma_200": 18.431127, "price_vs_sma20": -0.056328, "price_vs_sma50": -0.038322, "price_vs_sma200": 0.110621, "volatility_20d": 0.353627, "volatility_60d": 0.262549, "drawdown": -0.109318, "max_drawdown_1y": -0.41893, "volume_ratio": 0.890103, "rsi_14": 40.839856, "macd": -0.156218, "macd_signal": 0.033635, "macd_histogram": -0.189852, "bb_width": 0.147756, "bb_position": 0.096017, "stoch_k": 13.899921, "stoch_d": 14.431118, "adx": 15.959393, "atr_14": 0.683024, "last_close": 20.47, "last_date": "2026-03-03"}