{"return_1d": -0.05215, "return_5d": -0.066667, "return_20d": -0.042071, "return_60d": 0.12517, "return_252d": 0.288149, "sma_20": 22.0025, "sma_50": 21.492, "sma_200": 18.565955, "price_vs_sma20": -0.058289, "price_vs_sma50": -0.03592, "price_vs_sma200": 0.116021, "volatility_20d": 0.363152, "volatility_60d": 0.266852, "drawdown": -0.107281, "max_drawdown_1y": -0.418931, "volume_ratio": 1.144468, "rsi_14": 40.762947, "macd": -0.051846, "macd_signal": 0.127194, "macd_histogram": -0.179039, "bb_width": 0.130706, "bb_position": 0.026444, "stoch_k": 8.362369, "stoch_d": 28.605638, "adx": 16.114938, "atr_14": 0.685537, "last_close": 20.72, "last_date": "2026-02-27"}