{"return_1d": 0.011724, "return_5d": -0.025847, "return_20d": -0.063786, "return_60d": 0.094458, "return_252d": 0.291083, "sma_20": 21.62132, "sma_50": 21.285212, "sma_200": 18.455884, "price_vs_sma20": -0.042149, "price_vs_sma50": -0.027024, "price_vs_sma200": 0.122135, "volatility_20d": 0.351303, "volatility_60d": 0.260871, "drawdown": -0.098876, "max_drawdown_1y": -0.41893, "volume_ratio": 0.835302, "rsi_14": 43.814784, "macd": -0.179671, "macd_signal": -0.009027, "macd_histogram": -0.170645, "bb_width": 0.150325, "bb_position": 0.207276, "stoch_k": 25.819576, "stoch_d": 20.017363, "adx": 15.846439, "atr_14": 0.659951, "last_close": 20.71, "last_date": "2026-03-04"}