{"return_1d": 0.008197, "return_5d": -0.00476, "return_20d": -0.028346, "return_60d": 0.143873, "return_252d": 0.290773, "sma_20": 21.973, "sma_50": 21.499, "sma_200": 18.590356, "price_vs_sma20": -0.048378, "price_vs_sma50": -0.027397, "price_vs_sma200": 0.124777, "volatility_20d": 0.362977, "volatility_60d": 0.265609, "drawdown": -0.099095, "max_drawdown_1y": -0.418931, "volume_ratio": 0.680697, "rsi_14": 42.905544, "macd": -0.100562, "macd_signal": 0.081898, "macd_histogram": -0.18246, "bb_width": 0.135676, "bb_position": 0.125307, "stoch_k": 20.333333, "stoch_d": 25.07025, "adx": 15.999316, "atr_14": 0.691571, "last_close": 20.91, "last_date": "2026-03-02"}