{"return_1d": -0.051235, "return_5d": -0.065766, "return_20d": -0.041147, "return_60d": 0.126256, "return_252d": 0.289392, "sma_20": 22.0035, "sma_50": 21.4924, "sma_200": 18.566055, "price_vs_sma20": -0.057423, "price_vs_sma50": -0.035008, "price_vs_sma200": 0.117092, "volatility_20d": 0.361483, "volatility_60d": 0.266063, "drawdown": -0.10642, "max_drawdown_1y": -0.418931, "volume_ratio": 1.589057, "rsi_14": 40.917969, "macd": -0.05025, "macd_signal": 0.127513, "macd_histogram": -0.177763, "bb_width": 0.130217, "bb_position": 0.032159, "stoch_k": 9.059233, "stoch_d": 28.837926, "adx": 16.114938, "atr_14": 0.685537, "last_close": 20.74, "last_date": "2026-02-27"}