{"return_1d": -0.034252, "return_5d": 0.003516, "return_20d": 0.355102, "return_60d": 0.464305, "return_252d": 0.896446, "sma_20": 255.415, "sma_50": 228.598, "sma_200": 185.72705, "price_vs_sma20": 0.184504, "price_vs_sma50": 0.323459, "price_vs_sma200": 0.62895, "volatility_20d": 0.855912, "volatility_60d": 0.530242, "drawdown": -0.034252, "max_drawdown_1y": -0.389121, "volume_ratio": 0.86673, "rsi_14": 78.383471, "macd": 23.513087, "macd_signal": 17.00456, "macd_histogram": 6.508527, "bb_width": 0.441098, "bb_position": 0.853129, "stoch_k": 83.688663, "stoch_d": 91.371088, "adx": 50.746293, "atr_14": 12.24757, "last_close": 302.54, "last_date": "2026-03-03"}