{"return_1d": -0.042459, "return_5d": -0.113559, "return_20d": 0.229821, "return_60d": 0.299637, "return_252d": 0.740989, "sma_20": 264.794, "sma_50": 233.641, "sma_200": 187.5516, "price_vs_sma20": 0.028838, "price_vs_sma50": 0.16602, "price_vs_sma200": 0.45256, "volatility_20d": 0.905541, "volatility_60d": 0.553799, "drawdown": -0.130367, "max_drawdown_1y": -0.389121, "volume_ratio": 0.869777, "rsi_14": 55.915259, "macd": 19.285149, "macd_signal": 19.047584, "macd_histogram": 0.237565, "bb_width": 0.471424, "bb_position": 0.559456, "stoch_k": 48.934464, "stoch_d": 64.715323, "adx": 49.469337, "atr_14": 12.747597, "last_close": 272.43, "last_date": "2026-03-06"}