{"return_1d": -0.054533, "return_5d": -0.07032, "return_20d": 0.28389, "return_60d": 0.351656, "return_252d": 0.858328, "sma_20": 262.2485, "sma_50": 232.2666, "sma_200": 187.0033, "price_vs_sma20": 0.084887, "price_vs_sma50": 0.224929, "price_vs_sma200": 0.521417, "volatility_20d": 0.88417, "volatility_60d": 0.545299, "drawdown": -0.091806, "max_drawdown_1y": -0.389121, "volume_ratio": 1.132023, "rsi_14": 63.582605, "macd": 21.784384, "macd_signal": 18.988193, "macd_histogram": 2.796191, "bb_width": 0.469489, "bb_position": 0.66666, "stoch_k": 63.350254, "stoch_d": 76.300056, "adx": 51.350791, "atr_14": 12.658951, "last_close": 284.51, "last_date": "2026-03-05"}