{"return_1d": 0.019328, "return_5d": 0.278653, "return_20d": 0.448112, "return_60d": 0.555462, "return_252d": 0.98009, "sma_20": 251.451, "sma_50": 226.5178, "sma_200": 185.03665, "price_vs_sma20": 0.245849, "price_vs_sma50": 0.382982, "price_vs_sma200": 0.693016, "volatility_20d": 0.83585, "volatility_60d": 0.524613, "drawdown": 0.0, "max_drawdown_1y": -0.389121, "volume_ratio": 1.021608, "rsi_14": 89.094483, "macd": 23.115388, "macd_signal": 15.377428, "macd_histogram": 7.73796, "bb_width": 0.411377, "bb_position": 0.979693, "stoch_k": 95.792442, "stoch_d": 94.5991, "adx": 49.324474, "atr_14": 11.859691, "last_close": 313.27, "last_date": "2026-03-02"}