{"return_1d": -0.005355, "return_5d": -0.00417, "return_20d": 0.324705, "return_60d": 0.439327, "return_252d": 0.930335, "sma_20": 259.103, "sma_50": 230.6258, "sma_200": 186.40775, "price_vs_sma20": 0.161391, "price_vs_sma50": 0.304798, "price_vs_sma200": 0.614311, "volatility_20d": 0.859409, "volatility_60d": 0.530722, "drawdown": -0.039423, "max_drawdown_1y": -0.389121, "volume_ratio": 0.971969, "rsi_14": 76.880686, "macd": 23.427488, "macd_signal": 18.289146, "macd_histogram": 5.138343, "bb_width": 0.453328, "bb_position": 0.806542, "stoch_k": 81.861252, "stoch_d": 87.114119, "adx": 52.137316, "atr_14": 12.108101, "last_close": 300.92, "last_date": "2026-03-04"}