{"return_1d": -0.011832, "return_5d": -0.022599, "return_20d": 0.030638, "return_60d": -0.032361, "return_252d": -0.164144, "sma_20": 24.4465, "sma_50": 24.0114, "sma_200": 25.230699, "price_vs_sma20": -0.009265, "price_vs_sma50": 0.008688, "price_vs_sma200": -0.040058, "volatility_20d": 0.247504, "volatility_60d": 0.257913, "drawdown": -0.345172, "max_drawdown_1y": -0.394379, "volume_ratio": 0.94884, "rsi_14": 49.28057, "macd": 0.138775, "macd_signal": 0.154005, "macd_histogram": -0.01523, "bb_width": 0.054289, "bb_position": 0.32774, "stoch_k": 44.318182, "stoch_d": 57.19697, "adx": 10.978832, "atr_14": 0.63796, "last_close": 24.22, "last_date": "2026-03-03"}