{"return_1d": 0.005495, "return_5d": 0.0125, "return_20d": 0.067632, "return_60d": -0.026212, "return_252d": -0.144901, "sma_20": 24.37675, "sma_50": 24.0273, "sma_200": 25.249213, "price_vs_sma20": 0.013466, "price_vs_sma50": 0.028205, "price_vs_sma200": -0.021554, "volatility_20d": 0.259703, "volatility_60d": 0.259109, "drawdown": -0.332059, "max_drawdown_1y": -0.394379, "volume_ratio": 0.501343, "rsi_14": 55.920266, "macd": 0.185052, "macd_signal": 0.156323, "macd_histogram": 0.028729, "bb_width": 0.067184, "bb_position": 0.697768, "stoch_k": 71.875, "stoch_d": 66.477273, "adx": 11.882814, "atr_14": 0.656607, "last_close": 24.705, "last_date": "2026-02-27"}