{"return_1d": 0.007903, "return_5d": -0.013838, "return_20d": -0.010212, "return_60d": -0.004519, "return_252d": -0.171085, "sma_20": 24.4425, "sma_50": 23.9916, "sma_200": 25.208114, "price_vs_sma20": -0.008694, "price_vs_sma50": 0.009937, "price_vs_sma200": -0.038802, "volatility_20d": 0.226993, "volatility_60d": 0.255547, "drawdown": -0.344901, "max_drawdown_1y": -0.394379, "volume_ratio": 1.173007, "rsi_14": 49.668722, "macd": 0.080984, "macd_signal": 0.13052, "macd_histogram": -0.049536, "bb_width": 0.052716, "bb_position": 0.333636, "stoch_k": 50.0, "stoch_d": 44.097622, "adx": 10.78314, "atr_14": 0.627757, "last_close": 24.23, "last_date": "2026-03-05"}