{"return_1d": 0.001628, "return_5d": 0.008607, "return_20d": 0.063526, "return_60d": -0.029957, "return_252d": -0.148189, "sma_20": 24.372, "sma_50": 24.0254, "sma_200": 25.248738, "price_vs_sma20": 0.009765, "price_vs_sma50": 0.024333, "price_vs_sma200": -0.025298, "volatility_20d": 0.259653, "volatility_60d": 0.25886, "drawdown": -0.334627, "max_drawdown_1y": -0.394379, "volume_ratio": 1.006487, "rsi_14": 54.853716, "macd": 0.177473, "macd_signal": 0.154807, "macd_histogram": 0.022666, "bb_width": 0.066914, "bb_position": 0.644526, "stoch_k": 66.477273, "stoch_d": 64.67803, "adx": 11.882814, "atr_14": 0.656629, "last_close": 24.61, "last_date": "2026-02-27"}