{"return_1d": 0.012794, "return_5d": -0.002844, "return_20d": 0.003886, "return_60d": 0.001224, "return_252d": -0.160753, "sma_20": 24.44725, "sma_50": 23.9994, "sma_200": 25.19758, "price_vs_sma20": 0.003794, "price_vs_sma50": 0.022526, "price_vs_sma200": -0.026097, "volatility_20d": 0.231716, "volatility_60d": 0.256496, "drawdown": -0.33652, "max_drawdown_1y": -0.394379, "volume_ratio": 1.116506, "rsi_14": 53.933241, "macd": 0.091065, "macd_signal": 0.122629, "macd_histogram": -0.031564, "bb_width": 0.052166, "bb_position": 0.572453, "stoch_k": 69.620253, "stoch_d": 52.531646, "adx": 11.251111, "atr_14": 0.66006, "last_close": 24.54, "last_date": "2026-03-06"}