{"return_1d": -0.00423, "return_5d": 0.015969, "return_20d": 0.136649, "return_60d": 0.163716, "return_252d": 0.138816, "sma_20": 22.3785, "sma_50": 21.2484, "sma_200": 20.965333, "price_vs_sma20": 0.051902, "price_vs_sma50": 0.107848, "price_vs_sma200": 0.122806, "volatility_20d": 0.214883, "volatility_60d": 0.182506, "drawdown": -0.032745, "max_drawdown_1y": -0.258763, "volume_ratio": 1.049447, "rsi_14": 70.848571, "macd": 0.689398, "macd_signal": 0.606056, "macd_histogram": 0.083341, "bb_width": 0.149875, "bb_position": 0.829217, "stoch_k": 83.813747, "stoch_d": 89.333467, "adx": 50.90754, "atr_14": 0.436584, "last_close": 23.54, "last_date": "2026-02-27"}