{"return_1d": -0.002122, "return_5d": -0.005499, "return_20d": 0.09298, "return_60d": 0.167909, "return_252d": 0.146348, "sma_20": 22.871, "sma_50": 21.5158, "sma_200": 21.023109, "price_vs_sma20": 0.027939, "price_vs_sma50": 0.092685, "price_vs_sma200": 0.118293, "volatility_20d": 0.185781, "volatility_60d": 0.180889, "drawdown": -0.033977, "max_drawdown_1y": -0.258763, "volume_ratio": 1.021088, "rsi_14": 69.38491, "macd": 0.633203, "macd_signal": 0.636448, "macd_histogram": -0.003245, "bb_width": 0.114799, "bb_position": 0.736762, "stoch_k": 74.025974, "stoch_d": 78.798963, "adx": 49.901382, "atr_14": 0.426818, "last_close": 23.51, "last_date": "2026-03-05"}