{"return_1d": 0.000425, "return_5d": 0.006408, "return_20d": 0.117647, "return_60d": 0.175602, "return_252d": 0.143473, "sma_20": 22.503, "sma_50": 21.3182, "sma_200": 20.979674, "price_vs_sma20": 0.046972, "price_vs_sma50": 0.105159, "price_vs_sma200": 0.122992, "volatility_20d": 0.211296, "volatility_60d": 0.180821, "drawdown": -0.031923, "max_drawdown_1y": -0.258763, "volume_ratio": 1.019649, "rsi_14": 71.1533, "macd": 0.686155, "macd_signal": 0.622204, "macd_histogram": 0.063951, "bb_width": 0.146946, "bb_position": 0.805311, "stoch_k": 83.412322, "stoch_d": 88.838978, "adx": 51.405056, "atr_14": 0.436394, "last_close": 23.56, "last_date": "2026-03-02"}