{"return_1d": -0.044565, "return_5d": 0.041629, "return_20d": -0.077379, "return_60d": -0.297479, "return_252d": -0.253022, "sma_20": 98.05961, "sma_50": 113.67241, "sma_200": 126.687457, "price_vs_sma20": -0.068628, "price_vs_sma50": -0.196551, "price_vs_sma200": -0.279092, "volatility_20d": 0.571589, "volatility_60d": 0.47561, "drawdown": -0.449235, "max_drawdown_1y": -0.471246, "volume_ratio": 0.907128, "rsi_14": 36.013836, "macd": -6.094179, "macd_signal": -6.515164, "macd_histogram": 0.420984, "bb_width": 0.254844, "bb_position": 0.210864, "stoch_k": 32.59933, "stoch_d": 41.864533, "adx": 51.206025, "atr_14": 5.282076, "last_close": 91.33, "last_date": "2026-03-06"}