{"return_1d": 0.033417, "return_5d": -0.017139, "return_20d": -0.205539, "return_60d": -0.260066, "return_252d": -0.310316, "sma_20": 100.53528, "sma_50": 116.750274, "sma_200": 127.349491, "price_vs_sma20": -0.098724, "price_vs_sma50": -0.223899, "price_vs_sma200": -0.288493, "volatility_20d": 0.6454, "volatility_60d": 0.46724, "drawdown": -0.453577, "max_drawdown_1y": -0.471246, "volume_ratio": 1.240916, "rsi_14": 31.654067, "macd": -7.125709, "macd_signal": -6.625137, "macd_histogram": -0.500573, "bb_width": 0.271515, "bb_position": 0.096565, "stoch_k": 24.545762, "stoch_d": 14.875362, "adx": 50.704457, "atr_14": 5.414326, "last_close": 90.61, "last_date": "2026-03-02"}