{"return_1d": -0.061205, "return_5d": -0.13135, "return_20d": -0.234214, "return_60d": -0.2794, "return_252d": -0.33344, "sma_20": 101.71789, "sma_50": 117.605024, "sma_200": 127.529039, "price_vs_sma20": -0.135944, "price_vs_sma50": -0.252668, "price_vs_sma200": -0.310824, "volatility_20d": 0.622139, "volatility_60d": 0.459679, "drawdown": -0.46998, "max_drawdown_1y": -0.46998, "volume_ratio": 1.315054, "rsi_14": 26.422902, "macd": -7.052353, "macd_signal": -6.496643, "macd_histogram": -0.55571, "bb_width": 0.289175, "bb_position": -0.044072, "stoch_k": 6.701246, "stoch_d": 17.235822, "adx": 49.385305, "atr_14": 5.304658, "last_close": 87.89, "last_date": "2026-02-27"}