{"return_1d": 0.003011, "return_5d": 0.021992, "return_20d": -0.091306, "return_60d": 0.322946, "return_252d": 1.085918, "sma_20": 1451.55164, "sma_50": 1413.284292, "sma_200": 1092.312191, "price_vs_sma20": 0.053287, "price_vs_sma50": 0.081806, "price_vs_sma200": 0.399691, "volatility_20d": 0.69576, "volatility_60d": 0.546536, "drawdown": -0.091306, "max_drawdown_1y": -0.349475, "volume_ratio": 0.40224, "rsi_14": 58.021389, "macd": 28.4005, "macd_signal": 24.184798, "macd_histogram": 4.215702, "bb_width": 0.163453, "bb_position": 0.809513, "stoch_k": 71.017943, "stoch_d": 78.359684, "adx": 13.272001, "atr_14": 63.390678, "last_close": 1528.9, "last_date": "2026-02-27"}