{"return_1d": 0.006822, "return_5d": 0.031788, "return_20d": 0.076337, "return_60d": 0.291702, "return_252d": 1.212066, "sma_20": 1456.777295, "sma_50": 1419.460642, "sma_200": 1096.015636, "price_vs_sma20": 0.053661, "price_vs_sma50": 0.081361, "price_vs_sma200": 0.400482, "volatility_20d": 0.419605, "volatility_60d": 0.544525, "drawdown": -0.08771, "max_drawdown_1y": -0.349475, "volume_ratio": 0.696998, "rsi_14": 58.688329, "macd": 29.116205, "macd_signal": 25.115558, "macd_histogram": 4.000646, "bb_width": 0.16805, "bb_position": 0.803056, "stoch_k": 74.636962, "stoch_d": 72.515548, "adx": 12.445248, "atr_14": 63.786803, "last_close": 1534.95, "last_date": "2026-03-02"}