{"return_1d": -0.03154, "return_5d": -0.062291, "return_20d": 0.094856, "return_60d": 0.17848, "return_252d": 1.060368, "sma_20": 1470.71209, "sma_50": 1433.685918, "sma_200": 1105.828266, "price_vs_sma20": -0.028117, "price_vs_sma50": -0.003017, "price_vs_sma200": 0.29257, "volatility_20d": 0.452875, "volatility_60d": 0.566246, "drawdown": -0.150467, "max_drawdown_1y": -0.349475, "volume_ratio": 1.095151, "rsi_14": 45.888258, "macd": 12.951414, "macd_signal": 21.356252, "macd_histogram": -8.404838, "bb_width": 0.132504, "bb_position": 0.281663, "stoch_k": 21.008807, "stoch_d": 21.195515, "adx": 12.575769, "atr_14": 67.112586, "last_close": 1429.36, "last_date": "2026-03-05"}