{"return_1d": 0.000157, "return_5d": 0.019084, "return_20d": -0.093891, "return_60d": 0.319182, "return_252d": 1.079983, "sma_20": 1451.33414, "sma_50": 1413.197292, "sma_200": 1092.290444, "price_vs_sma20": 0.050447, "price_vs_sma50": 0.078795, "price_vs_sma200": 0.395737, "volatility_20d": 0.695463, "volatility_60d": 0.546618, "drawdown": -0.093891, "max_drawdown_1y": -0.349475, "volume_ratio": 0.929738, "rsi_14": 57.586562, "macd": 28.053492, "macd_signal": 24.115397, "macd_histogram": 3.938095, "bb_width": 0.16323, "bb_position": 0.794214, "stoch_k": 68.415839, "stoch_d": 77.492316, "adx": 13.272002, "atr_14": 63.634249, "last_close": 1524.55, "last_date": "2026-02-27"}