{"return_1d": 0.023978, "return_5d": -0.045756, "return_20d": 0.090213, "return_60d": 0.223286, "return_252d": 1.151632, "sma_20": 1464.52027, "sma_50": 1429.979788, "sma_200": 1102.607553, "price_vs_sma20": 0.007777, "price_vs_sma50": 0.032119, "price_vs_sma200": 0.338563, "volatility_20d": 0.457471, "volatility_60d": 0.561555, "drawdown": -0.1228, "max_drawdown_1y": -0.349475, "volume_ratio": 0.79079, "rsi_14": 50.817576, "macd": 19.19725, "macd_signal": 23.457462, "macd_histogram": -4.260212, "bb_width": 0.159934, "bb_position": 0.548252, "stoch_k": 32.745475, "stoch_d": 39.071566, "adx": 11.958653, "atr_14": 65.666631, "last_close": 1475.91, "last_date": "2026-03-04"}