{"return_1d": -0.060979, "return_5d": -0.043341, "return_20d": 0.023236, "return_60d": 0.191024, "return_252d": 1.04881, "sma_20": 1458.413815, "sma_50": 1424.877662, "sma_200": 1099.227674, "price_vs_sma20": -0.0117, "price_vs_sma50": 0.011561, "price_vs_sma200": 0.311239, "volatility_20d": 0.476451, "volatility_60d": 0.560177, "drawdown": -0.14334, "max_drawdown_1y": -0.349475, "volume_ratio": 1.181529, "rsi_14": 46.884074, "macd": 22.150339, "macd_signal": 24.522514, "macd_histogram": -2.372175, "bb_width": 0.176651, "bb_position": 0.432982, "stoch_k": 9.832261, "stoch_d": 50.961687, "adx": 12.216984, "atr_14": 66.975602, "last_close": 1441.35, "last_date": "2026-03-03"}