{"return_1d": 0.009603, "return_5d": 0.022198, "return_20d": 0.129536, "return_60d": 0.039196, "return_252d": -0.166409, "sma_20": 106.784, "sma_50": 102.8404, "sma_200": 117.127396, "price_vs_sma20": 0.043602, "price_vs_sma50": 0.083621, "price_vs_sma200": -0.048557, "volatility_20d": 0.181666, "volatility_60d": 0.181092, "drawdown": -0.219972, "max_drawdown_1y": -0.317125, "volume_ratio": 0.772576, "rsi_14": 66.759334, "macd": 2.427314, "macd_signal": 2.138338, "macd_histogram": 0.288976, "bb_width": 0.131243, "bb_position": 0.818344, "stoch_k": 95.365854, "stoch_d": 86.128558, "adx": 37.279301, "atr_14": 2.22863, "last_close": 111.44, "last_date": "2026-02-27"}