{"return_1d": -0.015255, "return_5d": -0.006968, "return_20d": 0.09751, "return_60d": 0.038556, "return_252d": -0.185157, "sma_20": 107.2715, "sma_50": 102.9844, "sma_200": 117.026557, "price_vs_sma20": 0.023012, "price_vs_sma50": 0.065598, "price_vs_sma200": -0.062264, "volatility_20d": 0.194513, "volatility_60d": 0.181316, "drawdown": -0.231871, "max_drawdown_1y": -0.317125, "volume_ratio": 0.573826, "rsi_14": 59.945851, "macd": 2.30889, "macd_signal": 2.172449, "macd_histogram": 0.136441, "bb_width": 0.122315, "bb_position": 0.683904, "stoch_k": 71.506849, "stoch_d": 84.550208, "adx": 37.10697, "atr_14": 2.215157, "last_close": 109.74, "last_date": "2026-03-02"}