{"return_1d": 0.00086, "return_5d": -0.041022, "return_20d": 0.039297, "return_60d": 0.010127, "return_252d": -0.239499, "sma_20": 107.7265, "sma_50": 103.0828, "sma_200": 116.760758, "price_vs_sma20": -0.027816, "price_vs_sma50": 0.015979, "price_vs_sma200": -0.103038, "volatility_20d": 0.262356, "volatility_60d": 0.203527, "drawdown": -0.266939, "max_drawdown_1y": -0.317125, "volume_ratio": 1.016283, "rsi_14": 45.338695, "macd": 1.357764, "macd_signal": 1.947193, "macd_histogram": -0.589429, "bb_width": 0.098044, "bb_position": 0.208174, "stoch_k": 15.595238, "stoch_d": 30.958789, "adx": 33.768731, "atr_14": 2.425314, "last_close": 104.73, "last_date": "2026-03-04"}