{"return_1d": -0.046473, "return_5d": -0.058231, "return_20d": 0.051658, "return_60d": -0.002057, "return_252d": -0.232983, "sma_20": 107.5285, "sma_50": 103.0184, "sma_200": 116.902736, "price_vs_sma20": -0.026863, "price_vs_sma50": 0.015741, "price_vs_sma200": -0.104897, "volatility_20d": 0.265023, "volatility_60d": 0.204871, "drawdown": -0.267569, "max_drawdown_1y": -0.317126, "volume_ratio": 1.188769, "rsi_14": 45.081101, "macd": 1.782958, "macd_signal": 2.094551, "macd_histogram": -0.311592, "bb_width": 0.111586, "bb_position": 0.25262, "stoch_k": 5.774278, "stoch_d": 57.548994, "adx": 35.205221, "atr_14": 2.452646, "last_close": 104.64, "last_date": "2026-03-03"}