{"return_1d": 0.008697, "return_5d": 0.02128, "return_20d": 0.128522, "return_60d": 0.038263, "return_252d": -0.167157, "sma_20": 106.779, "sma_50": 102.8384, "sma_200": 117.126896, "price_vs_sma20": 0.042714, "price_vs_sma50": 0.08267, "price_vs_sma200": -0.049407, "volatility_20d": 0.181468, "volatility_60d": 0.180911, "drawdown": -0.220672, "max_drawdown_1y": -0.317125, "volume_ratio": 0.338981, "rsi_14": 66.551675, "macd": 2.419337, "macd_signal": 2.136743, "macd_histogram": 0.282594, "bb_width": 0.131134, "bb_position": 0.812388, "stoch_k": 94.146341, "stoch_d": 85.722054, "adx": 37.279301, "atr_14": 2.22863, "last_close": 111.34, "last_date": "2026-02-27"}