{"return_1d": 0.009167, "return_5d": -0.049966, "return_20d": 0.015459, "return_60d": 0.039487, "return_252d": -0.221872, "sma_20": 106.57571, "sma_50": 102.029604, "sma_200": 115.037499, "price_vs_sma20": -0.018726, "price_vs_sma50": 0.024997, "price_vs_sma200": -0.090905, "volatility_20d": 0.248503, "volatility_60d": 0.202417, "drawdown": -0.258947, "max_drawdown_1y": -0.317125, "volume_ratio": 0.988861, "rsi_14": 48.830099, "macd": 0.816618, "macd_signal": 1.556089, "macd_histogram": -0.73947, "bb_width": 0.088686, "bb_position": 0.284825, "stoch_k": 32.969415, "stoch_d": 23.376897, "adx": 30.905463, "atr_14": 2.422267, "last_close": 104.58, "last_date": "2026-03-06"}