{"return_1d": 0.006352, "return_5d": 0.016499, "return_20d": 0.110874, "return_60d": 0.230955, "return_252d": 0.326164, "sma_20": 31.63285, "sma_50": 29.150464, "sma_200": 27.370314, "price_vs_sma20": 0.051755, "price_vs_sma50": 0.14132, "price_vs_sma200": 0.215551, "volatility_20d": 0.155951, "volatility_60d": 0.20539, "drawdown": 0.0, "max_drawdown_1y": -0.183952, "volume_ratio": 1.183276, "rsi_14": 82.318495, "macd": 1.147471, "macd_signal": 1.123633, "macd_histogram": 0.023838, "bb_width": 0.13606, "bb_position": 0.861663, "stoch_k": 97.231834, "stoch_d": 92.651666, "adx": 54.172374, "atr_14": 0.60435, "last_close": 33.27, "last_date": "2026-02-27"}