{"return_1d": -0.001178, "return_5d": 0.035093, "return_20d": 0.118734, "return_60d": 0.218391, "return_252d": 0.291221, "sma_20": 32.215, "sma_50": 29.7654, "sma_200": 27.709639, "price_vs_sma20": 0.052926, "price_vs_sma50": 0.139578, "price_vs_sma200": 0.224123, "volatility_20d": 0.120334, "volatility_60d": 0.204034, "drawdown": -0.001178, "max_drawdown_1y": -0.183953, "volume_ratio": 0.851186, "rsi_14": 82.929464, "macd": 1.161708, "macd_signal": 1.108327, "macd_histogram": 0.053382, "bb_width": 0.136253, "bb_position": 0.868911, "stoch_k": 88.652482, "stoch_d": 90.660406, "adx": 52.773234, "atr_14": 0.642399, "last_close": 33.92, "last_date": "2026-03-04"}