{"return_1d": -0.015625, "return_5d": 0.009982, "return_20d": 0.110778, "return_60d": 0.202377, "return_252d": 0.278111, "sma_20": 32.3815, "sma_50": 29.9034, "sma_200": 27.739163, "price_vs_sma20": 0.031144, "price_vs_sma50": 0.116595, "price_vs_sma200": 0.203713, "volatility_20d": 0.133294, "volatility_60d": 0.207393, "drawdown": -0.016784, "max_drawdown_1y": -0.183953, "volume_ratio": 1.27777, "rsi_14": 71.433025, "macd": 1.107944, "macd_signal": 1.10825, "macd_histogram": -0.000306, "bb_width": 0.128139, "bb_position": 0.735711, "stoch_k": 66.92607, "stoch_d": 82.112543, "adx": 52.843631, "atr_14": 0.653656, "last_close": 33.39, "last_date": "2026-03-05"}