{"return_1d": 0.018635, "return_5d": 0.036391, "return_20d": 0.122297, "return_60d": 0.274443, "return_252d": 0.348818, "sma_20": 31.8175, "sma_50": 29.306724, "sma_200": 27.406518, "price_vs_sma20": 0.065137, "price_vs_sma50": 0.15639, "price_vs_sma200": 0.236567, "volatility_20d": 0.162747, "volatility_60d": 0.203513, "drawdown": 0.0, "max_drawdown_1y": -0.183952, "volume_ratio": 1.140397, "rsi_14": 85.122188, "macd": 1.184351, "macd_signal": 1.135776, "macd_histogram": 0.048575, "bb_width": 0.139567, "bb_position": 0.938168, "stoch_k": 92.569659, "stoch_d": 94.600498, "adx": 54.916067, "atr_14": 0.636897, "last_close": 33.89, "last_date": "2026-03-02"}