{"return_1d": 0.00569, "return_5d": 0.009318, "return_20d": 0.107155, "return_60d": 0.230487, "return_252d": 0.297888, "sma_20": 32.544, "sma_50": 30.0372, "sma_200": 27.770078, "price_vs_sma20": 0.031834, "price_vs_sma50": 0.117947, "price_vs_sma200": 0.209215, "volatility_20d": 0.132598, "volatility_60d": 0.203017, "drawdown": -0.01119, "max_drawdown_1y": -0.183953, "volume_ratio": 0.97232, "rsi_14": 72.884262, "macd": 1.068351, "macd_signal": 1.10027, "macd_histogram": -0.031919, "bb_width": 0.117867, "bb_position": 0.761749, "stoch_k": 72.839506, "stoch_d": 76.139353, "adx": 52.786696, "atr_14": 0.637681, "last_close": 33.58, "last_date": "2026-03-06"}