{"return_1d": -0.01643, "return_5d": -0.00422, "return_20d": 0.072317, "return_60d": 0.135135, "return_252d": 0.165328, "sma_20": 79.0, "sma_50": 74.0726, "sma_200": 70.096901, "price_vs_sma20": 0.015443, "price_vs_sma50": 0.082992, "price_vs_sma200": 0.144416, "volatility_20d": 0.177361, "volatility_60d": 0.16368, "drawdown": -0.01643, "max_drawdown_1y": -0.098184, "volume_ratio": 0.887642, "rsi_14": 64.004311, "macd": 1.943109, "macd_signal": 2.020596, "macd_histogram": -0.077486, "bb_width": 0.075716, "bb_position": 0.700858, "stoch_k": 70.283806, "stoch_d": 83.774686, "adx": 40.878369, "atr_14": 1.266419, "last_close": 80.22, "last_date": "2026-03-02"}