{"return_1d": -0.0137, "return_5d": -0.043106, "return_20d": -0.004137, "return_60d": 0.100429, "return_252d": 0.129828, "sma_20": 79.245, "sma_50": 74.5402, "sma_200": 70.228263, "price_vs_sma20": -0.027951, "price_vs_sma50": 0.033402, "price_vs_sma200": 0.096852, "volatility_20d": 0.187958, "volatility_60d": 0.171323, "drawdown": -0.055542, "max_drawdown_1y": -0.098184, "volume_ratio": 1.162159, "rsi_14": 46.15034, "macd": 1.197931, "macd_signal": 1.740488, "macd_histogram": -0.542558, "bb_width": 0.062614, "bb_position": 0.040758, "stoch_k": 9.636364, "stoch_d": 22.931389, "adx": 34.552481, "atr_14": 1.344571, "last_close": 77.03, "last_date": "2026-03-05"}