{"return_1d": -0.01097, "return_5d": -0.017096, "return_20d": 0.053232, "return_60d": 0.120463, "return_252d": 0.147041, "sma_20": 79.2005, "sma_50": 74.246, "sma_200": 70.155232, "price_vs_sma20": 0.001761, "price_vs_sma50": 0.06861, "price_vs_sma200": 0.130921, "volatility_20d": 0.184092, "volatility_60d": 0.16588, "drawdown": -0.027219, "max_drawdown_1y": -0.098184, "volume_ratio": 1.002777, "rsi_14": 58.265298, "macd": 1.763565, "macd_signal": 1.969189, "macd_histogram": -0.205625, "bb_width": 0.063731, "bb_position": 0.527589, "stoch_k": 50.922509, "stoch_d": 71.286913, "adx": 39.035751, "atr_14": 1.294532, "last_close": 79.34, "last_date": "2026-03-03"}