{"return_1d": 0.012422, "return_5d": 0.020792, "return_20d": 0.109901, "return_60d": 0.132731, "return_252d": 0.185093, "sma_20": 78.7265, "sma_50": 73.8744, "sma_200": 70.03289, "price_vs_sma20": 0.03523, "price_vs_sma50": 0.103224, "price_vs_sma200": 0.163739, "volatility_20d": 0.168129, "volatility_60d": 0.164156, "drawdown": 0.0, "max_drawdown_1y": -0.098184, "volume_ratio": 0.482252, "rsi_14": 74.187034, "macd": 2.049624, "macd_signal": 2.03901, "macd_histogram": 0.010614, "bb_width": 0.08528, "bb_position": 0.899044, "stoch_k": 96.65493, "stoch_d": 90.945344, "adx": 40.952195, "atr_14": 1.233232, "last_close": 81.5, "last_date": "2026-02-27"}