{"return_1d": 0.00013, "return_5d": -0.055419, "return_20d": -0.018724, "return_60d": 0.096655, "return_252d": 0.131748, "sma_20": 79.1715, "sma_50": 74.6768, "sma_200": 70.261542, "price_vs_sma20": -0.026923, "price_vs_sma50": 0.031646, "price_vs_sma200": 0.096475, "volatility_20d": 0.179286, "volatility_60d": 0.171303, "drawdown": -0.055419, "max_drawdown_1y": -0.098184, "volume_ratio": 0.790926, "rsi_14": 46.204567, "macd": 0.945372, "macd_signal": 1.581465, "macd_histogram": -0.636093, "bb_width": 0.066989, "bb_position": 0.086983, "stoch_k": 12.212389, "stoch_d": 10.028016, "adx": 32.721777, "atr_14": 1.30853, "last_close": 77.04, "last_date": "2026-03-06"}