{"return_1d": -0.015629, "return_5d": -0.029452, "return_20d": 0.015737, "return_60d": 0.108588, "return_252d": 0.111783, "sma_20": 79.261, "sma_50": 74.4008, "sma_200": 70.195375, "price_vs_sma20": -0.014648, "price_vs_sma50": 0.04972, "price_vs_sma200": 0.112609, "volatility_20d": 0.182017, "volatility_60d": 0.169165, "drawdown": -0.042423, "max_drawdown_1y": -0.098184, "volume_ratio": 1.040263, "rsi_14": 51.286867, "macd": 1.503881, "macd_signal": 1.876128, "macd_histogram": -0.372247, "bb_width": 0.060338, "bb_position": 0.253629, "stoch_k": 8.235294, "stoch_d": 43.147203, "adx": 36.634836, "atr_14": 1.324923, "last_close": 78.1, "last_date": "2026-03-04"}