{"return_1d": 0.052655, "return_5d": 0.065347, "return_20d": 0.07678, "return_60d": 0.147008, "return_252d": 0.15594, "sma_20": 68.553935, "sma_50": 64.727486, "sma_200": 66.499516, "price_vs_sma20": 0.043996, "price_vs_sma50": 0.105713, "price_vs_sma200": 0.076248, "volatility_20d": 0.365941, "volatility_60d": 0.294385, "drawdown": -0.022461, "max_drawdown_1y": -0.194365, "volume_ratio": 2.164894, "rsi_14": 63.050266, "macd": 1.248665, "macd_signal": 1.260683, "macd_histogram": -0.012018, "bb_width": 0.078048, "bb_position": 1.039944, "stoch_k": 89.772727, "stoch_d": 54.545455, "adx": 26.168172, "atr_14": 2.091558, "last_close": 71.57, "last_date": "2026-03-05"}