{"return_1d": -0.00947, "return_5d": 0.005918, "return_20d": 0.064843, "return_60d": 0.082214, "return_252d": 0.103182, "sma_20": 68.29877, "sma_50": 64.538058, "sma_200": 66.48066, "price_vs_sma20": -0.004521, "price_vs_sma50": 0.053487, "price_vs_sma200": 0.022703, "volatility_20d": 0.347209, "volatility_60d": 0.275708, "drawdown": -0.071359, "max_drawdown_1y": -0.194365, "volume_ratio": 1.182237, "rsi_14": 53.561036, "macd": 1.051386, "macd_signal": 1.263687, "macd_histogram": -0.212301, "bb_width": 0.075526, "bb_position": 0.43987, "stoch_k": 31.655844, "stoch_d": 40.909091, "adx": 25.672162, "atr_14": 1.897832, "last_close": 67.99, "last_date": "2026-03-04"}