{"return_1d": 0.01187, "return_5d": 0.011573, "return_20d": 0.104157, "return_60d": 0.035302, "return_252d": 0.102155, "sma_20": 67.797025, "sma_50": 64.324824, "sma_200": 66.455405, "price_vs_sma20": 0.018481, "price_vs_sma50": 0.073458, "price_vs_sma200": 0.039043, "volatility_20d": 0.345002, "volatility_60d": 0.292695, "drawdown": -0.056881, "max_drawdown_1y": -0.194365, "volume_ratio": 0.818632, "rsi_14": 57.509516, "macd": 1.19025, "macd_signal": 1.358753, "macd_histogram": -0.168503, "bb_width": 0.114656, "bb_position": 0.658265, "stoch_k": 48.863636, "stoch_d": 33.087594, "adx": 26.471435, "atr_14": 1.942338, "last_close": 69.05, "last_date": "2026-03-02"}