{"return_1d": -0.005938, "return_5d": -0.016055, "return_20d": 0.093946, "return_60d": 0.042057, "return_252d": 0.080569, "sma_20": 68.09176, "sma_50": 64.427792, "sma_200": 66.473548, "price_vs_sma20": 0.008051, "price_vs_sma50": 0.065379, "price_vs_sma200": 0.032591, "volatility_20d": 0.347227, "volatility_60d": 0.291757, "drawdown": -0.062481, "max_drawdown_1y": -0.194365, "volume_ratio": 0.794415, "rsi_14": 55.985063, "macd": 1.148803, "macd_signal": 1.316763, "macd_histogram": -0.16796, "bb_width": 0.093786, "bb_position": 0.585164, "stoch_k": 42.207792, "stoch_d": 41.181571, "adx": 26.374686, "atr_14": 1.920742, "last_close": 68.64, "last_date": "2026-03-03"}