{"return_1d": 0.016969, "return_5d": 0.029536, "return_20d": 0.111945, "return_60d": 0.016472, "return_252d": 0.092725, "sma_20": 67.475345, "sma_50": 64.181226, "sma_200": 66.441249, "price_vs_sma20": 0.012518, "price_vs_sma50": 0.064486, "price_vs_sma200": 0.028277, "volatility_20d": 0.34766, "volatility_60d": 0.292543, "drawdown": -0.066852, "max_drawdown_1y": -0.194365, "volume_ratio": 0.494535, "rsi_14": 55.490035, "macd": 1.190475, "macd_signal": 1.402155, "macd_histogram": -0.211679, "bb_width": 0.132518, "bb_position": 0.593295, "stoch_k": 33.65413, "stoch_d": 26.905343, "adx": 26.790521, "atr_14": 1.971741, "last_close": 68.32, "last_date": "2026-02-27"}