{"return_1d": 0.015779, "return_5d": 0.02833, "return_20d": 0.110643, "return_60d": 0.015281, "return_252d": 0.091445, "sma_20": 67.471345, "sma_50": 64.179626, "sma_200": 66.440849, "price_vs_sma20": 0.011392, "price_vs_sma50": 0.063266, "price_vs_sma200": 0.027079, "volatility_20d": 0.347167, "volatility_60d": 0.292265, "drawdown": -0.067944, "max_drawdown_1y": -0.194365, "volume_ratio": 1.001232, "rsi_14": 55.275405, "macd": 1.184094, "macd_signal": 1.400878, "macd_histogram": -0.216785, "bb_width": 0.13259, "bb_position": 0.584954, "stoch_k": 32.473283, "stoch_d": 26.511727, "adx": 26.790561, "atr_14": 1.971749, "last_close": 68.24, "last_date": "2026-02-27"}