{"return_1d": -0.012029, "return_5d": -0.003166, "return_20d": 0.098103, "return_60d": 0.133269, "return_252d": -0.148493, "sma_20": 18.422655, "sma_50": 17.576634, "sma_200": 18.504469, "price_vs_sma20": 0.025368, "price_vs_sma50": 0.074722, "price_vs_sma200": 0.020835, "volatility_20d": 0.188233, "volatility_60d": 0.17175, "drawdown": -0.233164, "max_drawdown_1y": -0.440754, "volume_ratio": 0.663665, "rsi_14": 63.216272, "macd": 0.442147, "macd_signal": 0.432605, "macd_histogram": 0.009541, "bb_width": 0.116797, "bb_position": 0.711824, "stoch_k": 76.252866, "stoch_d": 88.610142, "adx": 39.405041, "atr_14": 0.34395, "last_close": 18.89, "last_date": "2026-03-02"}