{"return_1d": 0.007671, "return_5d": -0.03818, "return_20d": 0.029399, "return_60d": 0.109857, "return_252d": -0.167433, "sma_20": 18.55949, "sma_50": 17.683566, "sma_200": 18.408751, "price_vs_sma20": -0.009132, "price_vs_sma50": 0.039949, "price_vs_sma200": -0.001019, "volatility_20d": 0.229082, "volatility_60d": 0.189841, "drawdown": -0.253462, "max_drawdown_1y": -0.440754, "volume_ratio": 0.417153, "rsi_14": 52.555805, "macd": 0.222523, "macd_signal": 0.337538, "macd_histogram": -0.115015, "bb_width": 0.078034, "bb_position": 0.381892, "stoch_k": 36.8, "stoch_d": 26.402241, "adx": 31.72516, "atr_14": 0.379173, "last_close": 18.39, "last_date": "2026-03-06"}