{"return_1d": 0.004474, "return_5d": 0.019498, "return_20d": 0.122337, "return_60d": 0.121031, "return_252d": -0.142667, "sma_20": 18.336525, "sma_50": 17.539216, "sma_200": 18.523257, "price_vs_sma20": 0.040819, "price_vs_sma50": 0.088133, "price_vs_sma200": 0.030326, "volatility_20d": 0.178812, "volatility_60d": 0.175641, "drawdown": -0.225248, "max_drawdown_1y": -0.440754, "volume_ratio": 0.323981, "rsi_14": 69.047849, "macd": 0.458729, "macd_signal": 0.429662, "macd_histogram": 0.029067, "bb_width": 0.125397, "bb_position": 0.812749, "stoch_k": 93.558546, "stoch_d": 88.738539, "adx": 39.622204, "atr_14": 0.348505, "last_close": 19.085, "last_date": "2026-02-27"}