{"return_1d": 0.019724, "return_5d": 0.032606, "return_20d": 0.06332, "return_60d": 0.055919, "return_252d": 0.311034, "sma_20": 109.500075, "sma_50": 106.565846, "sma_200": 98.734296, "price_vs_sma20": 0.024566, "price_vs_sma50": 0.052776, "price_vs_sma200": 0.136282, "volatility_20d": 0.164967, "volatility_60d": 0.155239, "drawdown": 0.0, "max_drawdown_1y": -0.121621, "volume_ratio": 0.860334, "rsi_14": 67.092118, "macd": 1.226667, "macd_signal": 1.187143, "macd_histogram": 0.039524, "bb_width": 0.049282, "bb_position": 0.986519, "stoch_k": 97.137888, "stoch_d": 50.776193, "adx": 32.220376, "atr_14": 1.981966, "last_close": 112.19, "last_date": "2026-03-02"}