{"return_1d": -9e-05, "return_5d": 0.018639, "return_20d": 0.038584, "return_60d": 0.067607, "return_252d": 0.282522, "sma_20": 109.99622, "sma_50": 106.790088, "sma_200": 98.970567, "price_vs_sma20": 0.01358, "price_vs_sma50": 0.044011, "price_vs_sma200": 0.126497, "volatility_20d": 0.161566, "volatility_60d": 0.153095, "drawdown": -0.006239, "max_drawdown_1y": -0.12162, "volume_ratio": 0.610648, "rsi_14": 63.150383, "macd": 1.311857, "macd_signal": 1.227435, "macd_histogram": 0.084422, "bb_width": 0.037902, "bb_position": 0.853504, "stoch_k": 81.726514, "stoch_d": 86.937026, "adx": 32.452906, "atr_14": 2.094706, "last_close": 111.49, "last_date": "2026-03-04"}