{"return_1d": -0.003091, "return_5d": -0.003272, "return_20d": -0.010522, "return_60d": 0.081976, "return_252d": 0.288226, "sma_20": 109.96957, "sma_50": 106.892562, "sma_200": 99.177071, "price_vs_sma20": -0.002815, "price_vs_sma50": 0.02589, "price_vs_sma200": 0.105699, "volatility_20d": 0.149956, "volatility_60d": 0.149019, "drawdown": -0.022551, "max_drawdown_1y": -0.121621, "volume_ratio": 0.838834, "rsi_14": 53.495603, "macd": 1.072617, "macd_signal": 1.192177, "macd_histogram": -0.11956, "bb_width": 0.037673, "bb_position": 0.425066, "stoch_k": 45.041322, "stoch_d": 58.56338, "adx": 30.899761, "atr_14": 2.1062, "last_close": 109.66, "last_date": "2026-03-06"}