{"return_1d": 0.00594, "return_5d": 0.003403, "return_20d": 0.052192, "return_60d": 0.035183, "return_252d": 0.310668, "sma_20": 109.169035, "sma_50": 106.401248, "sma_200": 98.615479, "price_vs_sma20": 0.008345, "price_vs_sma50": 0.034574, "price_vs_sma200": 0.116255, "volatility_20d": 0.154613, "volatility_60d": 0.150339, "drawdown": -0.010124, "max_drawdown_1y": -0.12162, "volume_ratio": 0.524538, "rsi_14": 60.11794, "macd": 1.071353, "macd_signal": 1.178219, "macd_histogram": -0.106865, "bb_width": 0.054371, "bb_position": 0.652205, "stoch_k": 32.626596, "stoch_d": 26.579647, "adx": 31.550221, "atr_14": 1.883244, "last_close": 110.08, "last_date": "2026-02-27"}