{"return_1d": 0.024557, "return_5d": 0.043023, "return_20d": -0.047164, "return_60d": -0.038822, "return_252d": 0.397623, "sma_20": 179.2295, "sma_50": 185.4118, "sma_200": 177.160945, "price_vs_sma20": 0.000951, "price_vs_sma50": -0.032424, "price_vs_sma200": 0.012639, "volatility_20d": 0.626099, "volatility_60d": 0.413802, "drawdown": -0.098935, "max_drawdown_1y": -0.356779, "volume_ratio": 1.239255, "rsi_14": 49.415072, "macd": -3.656854, "macd_signal": -4.059499, "macd_histogram": 0.402645, "bb_width": 0.205685, "bb_position": 0.504621, "stoch_k": 52.503577, "stoch_d": 45.026228, "adx": 28.330895, "atr_14": 6.452821, "last_close": 179.4, "last_date": "2026-03-02"}