{"return_1d": -0.006084, "return_5d": 0.007435, "return_20d": -0.066243, "return_60d": -0.070231, "return_252d": 0.362549, "sma_20": 179.658, "sma_50": 185.4608, "sma_200": 177.034022, "price_vs_sma20": -0.027096, "price_vs_sma50": -0.057537, "price_vs_sma200": -0.012676, "volatility_20d": 0.61929, "volatility_60d": 0.410833, "drawdown": -0.122089, "max_drawdown_1y": -0.356779, "volume_ratio": 0.740583, "rsi_14": 45.012589, "macd": -4.305347, "macd_signal": -4.165106, "macd_histogram": -0.140242, "bb_width": 0.216066, "bb_position": 0.371102, "stoch_k": 39.313305, "stoch_d": 35.660467, "adx": 28.431362, "atr_14": 6.580731, "last_close": 174.79, "last_date": "2026-02-27"}