{"return_1d": 0.006968, "return_5d": 0.037443, "return_20d": -0.0393, "return_60d": -0.039162, "return_252d": 0.404112, "sma_20": 178.86, "sma_50": 185.3976, "sma_200": 177.304334, "price_vs_sma20": 0.010008, "price_vs_sma50": -0.025608, "price_vs_sma200": 0.01887, "volatility_20d": 0.626846, "volatility_60d": 0.413775, "drawdown": -0.092657, "max_drawdown_1y": -0.356779, "volume_ratio": 1.360942, "rsi_14": 50.589192, "macd": -3.02676, "macd_signal": -3.852951, "macd_histogram": 0.82619, "bb_width": 0.199505, "bb_position": 0.549666, "stoch_k": 56.080114, "stoch_d": 49.594659, "adx": 27.824874, "atr_14": 6.351906, "last_close": 180.65, "last_date": "2026-03-03"}