{"return_1d": -0.004322, "return_5d": 0.009222, "return_20d": -0.064587, "return_60d": -0.068582, "return_252d": 0.364966, "sma_20": 179.6735, "sma_50": 185.467, "sma_200": 177.035572, "price_vs_sma20": -0.025455, "price_vs_sma50": -0.055897, "price_vs_sma200": -0.010933, "volatility_20d": 0.619193, "volatility_60d": 0.410753, "drawdown": -0.120532, "max_drawdown_1y": -0.356779, "volume_ratio": 1.246676, "rsi_14": 45.260097, "macd": -4.280618, "macd_signal": -4.16016, "macd_histogram": -0.120458, "bb_width": 0.215507, "bb_position": 0.3788, "stoch_k": 40.200286, "stoch_d": 35.956128, "adx": 28.431362, "atr_14": 6.580731, "last_close": 175.1, "last_date": "2026-02-27"}