{"return_1d": -0.005886, "return_5d": -0.001137, "return_20d": -0.06782, "return_60d": -0.057601, "return_252d": 0.342093, "sma_20": 177.5665, "sma_50": 185.1274, "sma_200": 177.498554, "price_vs_sma20": -0.010737, "price_vs_sma50": -0.05114, "price_vs_sma200": -0.010358, "volatility_20d": 0.629558, "volatility_60d": 0.409627, "drawdown": -0.11772, "max_drawdown_1y": -0.338558, "volume_ratio": 0.76933, "rsi_14": 45.932338, "macd": -2.697678, "macd_signal": -3.455617, "macd_histogram": 0.757939, "bb_width": 0.1901, "bb_position": 0.442907, "stoch_k": 72.758964, "stoch_d": 68.925775, "adx": 27.472313, "atr_14": 6.03547, "last_close": 175.66, "last_date": "2026-03-05"}