{"return_1d": -0.021865, "return_5d": 0.040085, "return_20d": -0.068971, "return_60d": -0.07961, "return_252d": 0.381596, "sma_20": 178.2055, "sma_50": 185.3078, "sma_200": 177.409605, "price_vs_sma20": -0.008448, "price_vs_sma50": -0.046451, "price_vs_sma200": -0.004, "volatility_20d": 0.629654, "volatility_60d": 0.413637, "drawdown": -0.112496, "max_drawdown_1y": -0.341744, "volume_ratio": 0.955387, "rsi_14": 46.885762, "macd": -2.813705, "macd_signal": -3.645102, "macd_histogram": 0.831397, "bb_width": 0.196063, "bb_position": 0.456544, "stoch_k": 77.938247, "stoch_d": 62.173979, "adx": 27.354998, "atr_14": 6.218198, "last_close": 176.7, "last_date": "2026-03-04"}