{"return_1d": -0.032791, "return_5d": -0.048107, "return_20d": 0.016037, "return_60d": -0.143578, "return_252d": -0.064681, "sma_20": 115.90833, "sma_50": 112.623008, "sma_200": 117.850082, "price_vs_sma20": -0.045711, "price_vs_sma50": -0.017874, "price_vs_sma200": -0.061435, "volatility_20d": 0.373829, "volatility_60d": 0.397874, "drawdown": -0.391782, "max_drawdown_1y": -0.444856, "volume_ratio": 0.896844, "rsi_14": 41.640124, "macd": -0.324977, "macd_signal": 0.556726, "macd_histogram": -0.881703, "bb_width": 0.143653, "bb_position": 0.16655, "stoch_k": 10.324289, "stoch_d": 21.663358, "adx": 16.413085, "atr_14": 4.166005, "last_close": 110.61, "last_date": "2026-03-02"}