{"return_1d": 0.021071, "return_5d": -0.018032, "return_20d": 0.032728, "return_60d": -0.117942, "return_252d": -0.042123, "sma_20": 115.821035, "sma_50": 112.75176, "sma_200": 117.851599, "price_vs_sma20": -0.012615, "price_vs_sma50": 0.014264, "price_vs_sma200": -0.029627, "volatility_20d": 0.358694, "volatility_60d": 0.392781, "drawdown": -0.371161, "max_drawdown_1y": -0.444856, "volume_ratio": 0.960799, "rsi_14": 48.010879, "macd": 0.062914, "macd_signal": 0.777152, "macd_histogram": -0.714237, "bb_width": 0.143575, "bb_position": 0.411017, "stoch_k": 35.14229, "stoch_d": 21.928083, "adx": 16.357715, "atr_14": 4.114159, "last_close": 114.36, "last_date": "2026-02-27"}