{"return_1d": 0.024464, "return_5d": -0.014769, "return_20d": 0.03616, "return_60d": -0.115011, "return_252d": -0.03894, "sma_20": 115.840035, "sma_50": 112.75936, "sma_200": 117.853498, "price_vs_sma20": -0.009496, "price_vs_sma50": 0.017565, "price_vs_sma200": -0.026418, "volatility_20d": 0.361298, "volatility_60d": 0.393685, "drawdown": -0.369072, "max_drawdown_1y": -0.444856, "volume_ratio": 0.457131, "rsi_14": 48.748701, "macd": 0.093228, "macd_signal": 0.783214, "macd_histogram": -0.689987, "bb_width": 0.142893, "bb_position": 0.432906, "stoch_k": 37.657181, "stoch_d": 22.76638, "adx": 16.37275, "atr_14": 4.11023, "last_close": 114.74, "last_date": "2026-02-27"}