{"return_1d": -0.007562, "return_5d": -0.004333, "return_20d": 0.034367, "return_60d": 0.076774, "return_252d": 0.117403, "sma_20": 281.61474, "sma_50": 268.74475, "sma_200": 264.707143, "price_vs_sma20": -0.002716, "price_vs_sma50": 0.045044, "price_vs_sma200": 0.060984, "volatility_20d": 0.276534, "volatility_60d": 0.223262, "drawdown": -0.029635, "max_drawdown_1y": -0.183723, "volume_ratio": 0.545525, "rsi_14": 52.774294, "macd": 4.187716, "macd_signal": 4.802924, "macd_histogram": -0.615208, "bb_width": 0.064926, "bb_position": 0.458061, "stoch_k": 66.724363, "stoch_d": 74.969691, "adx": 18.889668, "atr_14": 6.826159, "last_close": 280.85, "last_date": "2026-03-04"}