{"return_1d": -0.017554, "return_5d": -0.038271, "return_20d": 0.001638, "return_60d": 0.070523, "return_252d": 0.085947, "sma_20": 281.637305, "sma_50": 269.235168, "sma_200": 264.852395, "price_vs_sma20": -0.0203, "price_vs_sma50": 0.024829, "price_vs_sma200": 0.041788, "volatility_20d": 0.280411, "volatility_60d": 0.225008, "drawdown": -0.046669, "max_drawdown_1y": -0.183723, "volume_ratio": 0.724718, "rsi_14": 47.378713, "macd": 3.318598, "macd_signal": 4.506059, "macd_histogram": -1.187461, "bb_width": 0.065659, "bb_position": 0.184419, "stoch_k": 52.069972, "stoch_d": 64.113406, "adx": 18.524366, "atr_14": 6.810719, "last_close": 275.92, "last_date": "2026-03-05"}