{"return_1d": -0.012148, "return_5d": -0.011945, "return_20d": 0.049614, "return_60d": 0.067505, "return_252d": 0.139372, "sma_20": 281.14817, "sma_50": 268.155732, "sma_200": 264.521164, "price_vs_sma20": 0.006551, "price_vs_sma50": 0.05532, "price_vs_sma200": 0.06982, "volatility_20d": 0.27481, "volatility_60d": 0.225391, "drawdown": -0.022242, "max_drawdown_1y": -0.183723, "volume_ratio": 0.514582, "rsi_14": 55.313319, "macd": 4.734152, "macd_signal": 4.956726, "macd_histogram": -0.222575, "bb_width": 0.07156, "bb_position": 0.590951, "stoch_k": 73.545884, "stoch_d": 83.756916, "adx": 20.170059, "atr_14": 7.020479, "last_close": 282.99, "last_date": "2026-03-03"}