{"return_1d": -0.009166, "return_5d": 0.006621, "return_20d": 0.057708, "return_60d": 0.079942, "return_252d": 0.168511, "sma_20": 280.47934, "sma_50": 267.599324, "sma_200": 264.305194, "price_vs_sma20": 0.021359, "price_vs_sma50": 0.070518, "price_vs_sma200": 0.083861, "volatility_20d": 0.2707, "volatility_60d": 0.223711, "drawdown": -0.010218, "max_drawdown_1y": -0.183723, "volume_ratio": 0.58466, "rsi_14": 59.646536, "macd": 5.144851, "macd_signal": 5.01237, "macd_histogram": 0.132481, "bb_width": 0.078574, "bb_position": 0.766143, "stoch_k": 84.638826, "stoch_d": 87.911456, "adx": 21.548941, "atr_14": 6.962824, "last_close": 286.47, "last_date": "2026-03-02"}