{"return_1d": 0.007738, "return_5d": 0.025385, "return_20d": 0.074258, "return_60d": 0.082604, "return_252d": 0.162617, "sma_20": 279.697855, "sma_50": 267.019202, "sma_200": 264.109617, "price_vs_sma20": 0.033687, "price_vs_sma50": 0.082769, "price_vs_sma200": 0.094697, "volatility_20d": 0.267068, "volatility_60d": 0.223275, "drawdown": -0.001062, "max_drawdown_1y": -0.183723, "volume_ratio": 0.832218, "rsi_14": 63.144355, "macd": 5.239891, "macd_signal": 4.97925, "macd_histogram": 0.260641, "bb_width": 0.080561, "bb_position": 0.904525, "stoch_k": 93.086037, "stoch_d": 83.238501, "adx": 22.047713, "atr_14": 7.197656, "last_close": 289.12, "last_date": "2026-02-27"}