{"return_1d": 0.021625, "return_5d": 0.009181, "return_20d": 0.075001, "return_60d": 0.306185, "return_252d": 0.780907, "sma_20": 353.665915, "sma_50": 339.54818, "sma_200": 288.41272, "price_vs_sma20": 0.0366, "price_vs_sma50": 0.079699, "price_vs_sma200": 0.27113, "volatility_20d": 0.338319, "volatility_60d": 0.312022, "drawdown": -0.027988, "max_drawdown_1y": -0.234511, "volume_ratio": 1.292458, "rsi_14": 58.833056, "macd": 7.560745, "macd_signal": 7.116759, "macd_histogram": 0.443986, "bb_width": 0.113057, "bb_position": 0.812299, "stoch_k": 77.291338, "stoch_d": 72.670693, "adx": 26.636392, "atr_14": 10.723633, "last_close": 366.61, "last_date": "2026-03-06"}