{"return_1d": 0.03824, "return_5d": 0.065721, "return_20d": 0.103923, "return_60d": 0.381465, "return_252d": 0.882529, "sma_20": 350.316, "sma_50": 334.316, "sma_200": 286.571185, "price_vs_sma20": 0.080396, "price_vs_sma50": 0.132103, "price_vs_sma200": 0.320719, "volatility_20d": 0.347711, "volatility_60d": 0.298829, "drawdown": 0.0, "max_drawdown_1y": -0.234511, "volume_ratio": 2.198528, "rsi_14": 68.207074, "macd": 7.450956, "macd_signal": 6.318589, "macd_histogram": 1.132367, "bb_width": 0.100828, "bb_position": 1.238024, "stoch_k": 98.498498, "stoch_d": 91.251057, "adx": 31.690735, "atr_14": 10.73726, "last_close": 378.48, "last_date": "2026-03-02"}