{"return_1d": 0.026411, "return_5d": 0.023586, "return_20d": 0.023931, "return_60d": 0.338646, "return_252d": 0.836224, "sma_20": 348.5345, "sma_50": 332.4034, "sma_200": 285.755986, "price_vs_sma20": 0.045922, "price_vs_sma50": 0.09668, "price_vs_sma200": 0.275704, "volatility_20d": 0.355314, "volatility_60d": 0.290979, "drawdown": 0.0, "max_drawdown_1y": -0.234511, "volume_ratio": 1.495267, "rsi_14": 62.288553, "macd": 5.802975, "macd_signal": 6.035497, "macd_histogram": -0.232522, "bb_width": 0.078339, "bb_position": 1.060465, "stoch_k": 96.735254, "stoch_d": 70.321541, "adx": 32.403264, "atr_14": 10.433203, "last_close": 364.54, "last_date": "2026-02-27"}