{"return_1d": 0.050017, "return_5d": 0.018948, "return_20d": 0.152244, "return_60d": 0.170981, "return_252d": -0.073562, "sma_20": 542.048, "sma_50": 520.172838, "sma_200": 541.565526, "price_vs_sma20": 0.054593, "price_vs_sma50": 0.098942, "price_vs_sma200": 0.055532, "volatility_20d": 0.371196, "volatility_60d": 0.305803, "drawdown": -0.1477, "max_drawdown_1y": -0.339363, "volume_ratio": 1.054262, "rsi_14": 63.083, "macd": 11.744125, "macd_signal": 11.759925, "macd_histogram": -0.0158, "bb_width": 0.157205, "bb_position": 0.829294, "stoch_k": 92.995827, "stoch_d": 61.614063, "adx": 24.578277, "atr_14": 18.887338, "last_close": 571.64, "last_date": "2026-02-27"}