{"return_1d": 0.046895, "return_5d": 0.015918, "return_20d": 0.148818, "return_60d": 0.167499, "return_252d": -0.076317, "sma_20": 541.963, "sma_50": 520.138838, "sma_200": 541.557026, "price_vs_sma20": 0.051622, "price_vs_sma50": 0.095746, "price_vs_sma200": 0.05241, "volatility_20d": 0.366575, "volatility_60d": 0.303805, "drawdown": -0.150234, "max_drawdown_1y": -0.339363, "volume_ratio": 1.762412, "rsi_14": 62.612654, "macd": 11.608512, "macd_signal": 11.732803, "macd_histogram": -0.12429, "bb_width": 0.156908, "bb_position": 0.812843, "stoch_k": 89.911087, "stoch_d": 60.585816, "adx": 24.661641, "atr_14": 19.029124, "last_close": 569.94, "last_date": "2026-02-27"}