{"return_1d": -0.019702, "return_5d": -0.010782, "return_20d": 0.115104, "return_60d": 0.107492, "return_252d": -0.072262, "sma_20": 548.2295, "sma_50": 522.906412, "sma_200": 541.21115, "price_vs_sma20": 0.007425, "price_vs_sma50": 0.056212, "price_vs_sma200": 0.020489, "volatility_20d": 0.382468, "volatility_60d": 0.304257, "drawdown": -0.176535, "max_drawdown_1y": -0.339363, "volume_ratio": 0.641221, "rsi_14": 54.480683, "macd": 10.820431, "macd_signal": 11.55118, "macd_histogram": -0.730748, "bb_width": 0.119021, "bb_position": 0.561923, "stoch_k": 46.046512, "stoch_d": 69.79585, "adx": 24.355569, "atr_14": 19.676285, "last_close": 552.3, "last_date": "2026-03-03"}