{"return_1d": -0.039861, "return_5d": -0.02882, "return_20d": -0.010869, "return_60d": 0.03613, "return_252d": -0.068346, "sma_20": 550.048, "sma_50": 524.727766, "sma_200": 540.652556, "price_vs_sma20": -0.038775, "price_vs_sma50": 0.007608, "price_vs_sma200": -0.022071, "volatility_20d": 0.363278, "volatility_60d": 0.314592, "drawdown": -0.211692, "max_drawdown_1y": -0.339363, "volume_ratio": 0.940943, "rsi_14": 45.182025, "macd": 7.223083, "macd_signal": 10.413068, "macd_histogram": -3.189985, "bb_width": 0.106387, "bb_position": 0.120828, "stoch_k": 7.603406, "stoch_d": 31.968577, "adx": 22.512357, "atr_14": 20.222205, "last_close": 528.72, "last_date": "2026-03-05"}