{"return_1d": -0.021278, "return_5d": -0.092062, "return_20d": 0.000619, "return_60d": 0.030601, "return_252d": -0.111583, "sma_20": 550.064, "sma_50": 525.193644, "sma_200": 540.239925, "price_vs_sma20": -0.059255, "price_vs_sma50": -0.014706, "price_vs_sma200": -0.042148, "volatility_20d": 0.352078, "volatility_60d": 0.315971, "drawdown": -0.228466, "max_drawdown_1y": -0.339363, "volume_ratio": 0.901399, "rsi_14": 41.522657, "macd": 4.186693, "macd_signal": 9.167793, "macd_histogram": -4.981101, "bb_width": 0.108411, "bb_position": -0.081002, "stoch_k": 18.008658, "stoch_d": 22.622626, "adx": 21.702635, "atr_14": 20.472762, "last_close": 517.47, "last_date": "2026-03-06"}