{"return_1d": -0.015039, "return_5d": -0.004603, "return_20d": 0.090229, "return_60d": 0.226152, "return_252d": 0.088609, "sma_20": 483.262, "sma_50": 456.1884, "sma_200": 453.672252, "price_vs_sma20": 0.038112, "price_vs_sma50": 0.099721, "price_vs_sma200": 0.10582, "volatility_20d": 0.234032, "volatility_60d": 0.190966, "drawdown": -0.015039, "max_drawdown_1y": -0.191848, "volume_ratio": 1.247578, "rsi_14": 65.982668, "macd": 15.382579, "macd_signal": 14.373125, "macd_histogram": 1.009454, "bb_width": 0.151764, "bb_position": 0.741906, "stoch_k": 83.799892, "stoch_d": 92.540985, "adx": 41.960937, "atr_14": 10.129328, "last_close": 501.68, "last_date": "2026-03-03"}