{"return_1d": 0.018836, "return_5d": 0.02294, "return_20d": 0.116264, "return_60d": 0.252077, "return_252d": 0.11524, "sma_20": 478.5585, "sma_50": 452.8814, "sma_200": 453.054646, "price_vs_sma20": 0.061312, "price_vs_sma50": 0.121486, "price_vs_sma200": 0.121057, "volatility_20d": 0.221972, "volatility_60d": 0.186889, "drawdown": -0.000728, "max_drawdown_1y": -0.191848, "volume_ratio": 0.403621, "rsi_14": 72.91991, "macd": 15.750368, "macd_signal": 13.649259, "macd_histogram": 2.101109, "bb_width": 0.147343, "bb_position": 0.892081, "stoch_k": 95.87273, "stoch_d": 91.864927, "adx": 41.567879, "atr_14": 9.393637, "last_close": 507.9, "last_date": "2026-02-27"}