{"return_1d": 0.00248, "return_5d": 0.022381, "return_20d": 0.114603, "return_60d": 0.250559, "return_252d": 0.121487, "sma_20": 481.186, "sma_50": 454.6016, "sma_200": 453.371419, "price_vs_sma20": 0.05851, "price_vs_sma50": 0.12041, "price_vs_sma200": 0.12345, "volatility_20d": 0.222501, "volatility_60d": 0.187034, "drawdown": 0.0, "max_drawdown_1y": -0.191848, "volume_ratio": 1.032739, "rsi_14": 73.450119, "macd": 15.995282, "macd_signal": 14.120761, "macd_histogram": 1.87452, "bb_width": 0.150595, "bb_position": 0.867048, "stoch_k": 97.680184, "stoch_d": 91.867681, "adx": 42.536287, "atr_14": 9.543122, "last_close": 509.34, "last_date": "2026-03-02"}