{"return_1d": 0.00719, "return_5d": -0.058613, "return_20d": -0.028268, "return_60d": -0.005621, "return_252d": 0.073079, "sma_20": 1025.42284, "sma_50": 1045.898286, "sma_200": 878.366247, "price_vs_sma20": -0.034223, "price_vs_sma50": -0.05313, "price_vs_sma200": 0.127468, "volatility_20d": 0.328979, "volatility_60d": 0.402882, "drawdown": -0.106273, "max_drawdown_1y": -0.34475, "volume_ratio": 0.824373, "rsi_14": 42.561259, "macd": -11.647957, "macd_signal": -7.254448, "macd_histogram": -4.393509, "bb_width": 0.081315, "bb_position": 0.064217, "stoch_k": 24.38856, "stoch_d": 18.439047, "adx": 8.920374, "atr_14": 34.084347, "last_close": 990.33, "last_date": "2026-03-06"}