{"return_1d": -0.032339, "return_5d": -0.038345, "return_20d": -0.016855, "return_60d": -0.025285, "return_252d": 0.132957, "sma_20": 1034.60797, "sma_50": 1050.99077, "sma_200": 873.155107, "price_vs_sma20": -0.016081, "price_vs_sma50": -0.031419, "price_vs_sma200": 0.165852, "volatility_20d": 0.586297, "volatility_60d": 0.40332, "drawdown": -0.08133, "max_drawdown_1y": -0.34475, "volume_ratio": 0.817839, "rsi_14": 46.587182, "macd": -4.066056, "macd_signal": -4.320754, "macd_histogram": 0.254698, "bb_width": 0.087341, "bb_position": 0.312868, "stoch_k": 24.031608, "stoch_d": 30.449166, "adx": 8.605277, "atr_14": 36.30247, "last_close": 1017.97, "last_date": "2026-03-02"}