{"return_1d": 0.025638, "return_5d": -0.000273, "return_20d": 0.05714, "return_60d": 0.498395, "return_252d": 0.534493, "sma_20": 640.849, "sma_50": 575.6684, "sma_200": 489.550961, "price_vs_sma20": 0.026888, "price_vs_sma50": 0.143158, "price_vs_sma200": 0.344252, "volatility_20d": 0.29201, "volatility_60d": 0.286867, "drawdown": -0.012648, "max_drawdown_1y": -0.317884, "volume_ratio": 1.60881, "rsi_14": 63.836911, "macd": 22.017728, "macd_signal": 25.456592, "macd_histogram": -3.438864, "bb_width": 0.103649, "bb_position": 0.75262, "stoch_k": 75.722904, "stoch_d": 65.976564, "adx": 41.525139, "atr_14": 17.984192, "last_close": 658.08, "last_date": "2026-02-27"}