{"return_1d": 0.026059, "return_5d": 0.000137, "return_20d": 0.057573, "return_60d": 0.49901, "return_252d": 0.535122, "sma_20": 640.8625, "sma_50": 575.6738, "sma_200": 489.552311, "price_vs_sma20": 0.027287, "price_vs_sma50": 0.143616, "price_vs_sma200": 0.3448, "volatility_20d": 0.292447, "volatility_60d": 0.286986, "drawdown": -0.012243, "max_drawdown_1y": -0.317884, "volume_ratio": 0.682396, "rsi_14": 63.910761, "macd": 22.039267, "macd_signal": 25.4609, "macd_histogram": -3.421633, "bb_width": 0.10369, "bb_position": 0.756174, "stoch_k": 76.284585, "stoch_d": 66.163791, "adx": 41.373194, "atr_14": 17.736092, "last_close": 658.35, "last_date": "2026-02-27"}