{"return_1d": -0.014267, "return_5d": 0.026218, "return_20d": 0.092395, "return_60d": 0.456108, "return_252d": 0.499253, "sma_20": 646.282985, "sma_50": 588.20686, "sma_200": 491.33711, "price_vs_sma20": 0.013488, "price_vs_sma50": 0.113554, "price_vs_sma200": 0.333097, "volatility_20d": 0.271688, "volatility_60d": 0.298993, "drawdown": -0.032067, "max_drawdown_1y": -0.317884, "volume_ratio": 1.074015, "rsi_14": 59.01795, "macd": 20.362655, "macd_signal": 23.187146, "macd_histogram": -2.824491, "bb_width": 0.10614, "bb_position": 0.625385, "stoch_k": 39.625351, "stoch_d": 54.873553, "adx": 41.205933, "atr_14": 19.674788, "last_close": 655.0, "last_date": "2026-03-05"}