{"return_1d": 0.010707, "return_5d": 0.016969, "return_20d": 0.097576, "return_60d": 0.076955, "return_252d": 0.165047, "sma_20": 69.09725, "sma_50": 66.85482, "sma_200": 64.507557, "price_vs_sma20": 0.045121, "price_vs_sma50": 0.080176, "price_vs_sma200": 0.119481, "volatility_20d": 0.181281, "volatility_60d": 0.148207, "drawdown": 0.0, "max_drawdown_1y": -0.109782, "volume_ratio": 1.029695, "rsi_14": 70.925381, "macd": 1.503609, "macd_signal": 1.284807, "macd_histogram": 0.218801, "bb_width": 0.126019, "bb_position": 0.842592, "stoch_k": 99.263502, "stoch_d": 89.991826, "adx": 31.987377, "atr_14": 1.22552, "last_close": 72.215, "last_date": "2026-02-27"}