{"return_1d": -0.013278, "return_5d": -0.00154, "return_20d": 0.068764, "return_60d": 0.08916, "return_252d": 0.136673, "sma_20": 70.2985, "sma_50": 67.719, "sma_200": 65.210567, "price_vs_sma20": 0.014815, "price_vs_sma50": 0.053471, "price_vs_sma200": 0.093994, "volatility_20d": 0.173821, "volatility_60d": 0.146148, "drawdown": -0.013824, "max_drawdown_1y": -0.109782, "volume_ratio": 0.803952, "rsi_14": 60.605266, "macd": 1.333916, "macd_signal": 1.310983, "macd_histogram": 0.022933, "bb_width": 0.107013, "bb_position": 0.636423, "stoch_k": 58.412698, "stoch_d": 80.411272, "adx": 27.246911, "atr_14": 1.250826, "last_close": 71.34, "last_date": "2026-03-05"}