{"return_1d": 0.000969, "return_5d": 0.014594, "return_20d": 0.086728, "return_60d": 0.100289, "return_252d": 0.12092, "sma_20": 70.069, "sma_50": 67.5848, "sma_200": 65.161518, "price_vs_sma20": 0.03184, "price_vs_sma50": 0.069767, "price_vs_sma200": 0.109551, "volatility_20d": 0.16232, "volatility_60d": 0.143236, "drawdown": -0.000553, "max_drawdown_1y": -0.109782, "volume_ratio": 0.550479, "rsi_14": 69.640943, "macd": 1.435866, "macd_signal": 1.30525, "macd_histogram": 0.130616, "bb_width": 0.112914, "bb_position": 0.773283, "stoch_k": 91.27182, "stoch_d": 92.531545, "adx": 28.4189, "atr_14": 1.24089, "last_close": 72.3, "last_date": "2026-03-04"}