{"return_1d": 0.012456, "return_5d": 0.01873, "return_20d": 0.099476, "return_60d": 0.078819, "return_252d": 0.167064, "sma_20": 69.1035, "sma_50": 66.85732, "sma_200": 64.508182, "price_vs_sma20": 0.046836, "price_vs_sma50": 0.082006, "price_vs_sma200": 0.121408, "volatility_20d": 0.18215, "volatility_60d": 0.148725, "drawdown": 0.0, "max_drawdown_1y": -0.109782, "volume_ratio": 1.646543, "rsi_14": 71.359998, "macd": 1.51358, "macd_signal": 1.286802, "macd_histogram": 0.226779, "bb_width": 0.126283, "bb_position": 0.854284, "stoch_k": 99.04, "stoch_d": 89.917325, "adx": 32.069526, "atr_14": 1.235163, "last_close": 72.34, "last_date": "2026-02-27"}