{"return_1d": -0.02797, "return_5d": -0.062655, "return_20d": -0.037033, "return_60d": 0.062322, "return_252d": 0.068647, "sma_20": 275.924, "sma_50": 265.299354, "sma_200": 243.666152, "price_vs_sma20": -0.067968, "price_vs_sma50": -0.030642, "price_vs_sma200": 0.055419, "volatility_20d": 0.304119, "volatility_60d": 0.265756, "drawdown": -0.105153, "max_drawdown_1y": -0.248312, "volume_ratio": 1.029128, "rsi_14": 36.351498, "macd": -0.833881, "macd_signal": 2.602357, "macd_histogram": -3.436238, "bb_width": 0.128286, "bb_position": -0.068453, "stoch_k": 2.657988, "stoch_d": 8.030877, "adx": 25.30489, "atr_14": 7.324203, "last_close": 257.17, "last_date": "2026-03-02"}