{"return_1d": -0.011071, "return_5d": -0.047927, "return_20d": -0.08367, "return_60d": 0.033499, "return_252d": 0.057649, "sma_20": 272.3375, "sma_50": 266.281622, "sma_200": 244.200434, "price_vs_sma20": -0.075081, "price_vs_sma50": -0.054047, "price_vs_sma200": 0.031489, "volatility_20d": 0.293695, "volatility_60d": 0.264674, "drawdown": -0.123526, "max_drawdown_1y": -0.248312, "volume_ratio": 1.08903, "rsi_14": 33.166594, "macd": -4.105665, "macd_signal": -0.783039, "macd_histogram": -3.322626, "bb_width": 0.184957, "bb_position": 0.061107, "stoch_k": 9.053892, "stoch_d": 11.807899, "adx": 29.676515, "atr_14": 6.963873, "last_close": 251.89, "last_date": "2026-03-06"}