{"return_1d": 0.00357, "return_5d": -0.016729, "return_20d": -0.05905, "return_60d": 0.055293, "return_252d": 0.071791, "sma_20": 274.5445, "sma_50": 265.756676, "sma_200": 243.976562, "price_vs_sma20": -0.058003, "price_vs_sma50": -0.026854, "price_vs_sma200": 0.06002, "volatility_20d": 0.290528, "volatility_60d": 0.263996, "drawdown": -0.100108, "max_drawdown_1y": -0.248312, "volume_ratio": 0.756699, "rsi_14": 38.160435, "macd": -2.477154, "macd_signal": 0.880802, "macd_histogram": -3.357956, "bb_width": 0.150979, "bb_position": 0.092162, "stoch_k": 17.528736, "stoch_d": 11.837465, "adx": 27.138861, "atr_14": 7.06893, "last_close": 258.62, "last_date": "2026-03-04"}