{"return_1d": 0.000681, "return_5d": -0.05632, "return_20d": -0.007763, "return_60d": 0.078608, "return_252d": 0.092411, "sma_20": 276.4185, "sma_50": 265.063314, "sma_200": 243.517326, "price_vs_sma20": -0.042864, "price_vs_sma50": -0.001861, "price_vs_sma200": 0.086452, "volatility_20d": 0.287932, "volatility_60d": 0.260486, "drawdown": -0.079404, "max_drawdown_1y": -0.248312, "volume_ratio": 1.103668, "rsi_14": 41.887926, "macd": 0.475506, "macd_signal": 3.461416, "macd_histogram": -2.98591, "bb_width": 0.111229, "bb_position": 0.097372, "stoch_k": 13.561893, "stoch_d": 7.647614, "adx": 24.818787, "atr_14": 7.242988, "last_close": 264.57, "last_date": "2026-02-27"}