{"return_1d": -0.021667, "return_5d": -0.045035, "return_20d": -0.057541, "return_60d": 0.513502, "return_252d": 1.903223, "sma_20": 233.9965, "sma_50": 213.8698, "sma_200": 141.981569, "price_vs_sma20": -0.000455, "price_vs_sma50": 0.093609, "price_vs_sma200": 0.647326, "volatility_20d": 0.589493, "volatility_60d": 0.552664, "drawdown": -0.06249, "max_drawdown_1y": -0.471026, "volume_ratio": 1.169135, "rsi_14": 52.492412, "macd": 7.388975, "macd_signal": 8.561924, "macd_histogram": -1.172948, "bb_width": 0.159899, "bb_position": 0.497152, "stoch_k": 37.441669, "stoch_d": 59.061623, "adx": 30.716336, "atr_14": 11.614683, "last_close": 233.89, "last_date": "2026-02-27"}