{"return_1d": -0.037266, "return_5d": -0.100944, "return_20d": 0.024584, "return_60d": 0.354362, "return_252d": 1.837592, "sma_20": 232.49915, "sma_50": 218.233412, "sma_200": 144.553824, "price_vs_sma20": -0.076642, "price_vs_sma50": -0.016283, "price_vs_sma200": 0.485122, "volatility_20d": 0.508557, "volatility_60d": 0.576396, "drawdown": -0.138459, "max_drawdown_1y": -0.471026, "volume_ratio": 1.027597, "rsi_14": 42.140766, "macd": 1.442552, "macd_signal": 5.462553, "macd_histogram": -4.02, "bb_width": 0.180037, "bb_position": 0.038965, "stoch_k": 13.577156, "stoch_d": 11.81937, "adx": 25.231484, "atr_14": 11.540204, "last_close": 214.68, "last_date": "2026-03-05"}