{"return_1d": -0.012356, "return_5d": -0.046518, "return_20d": -0.010537, "return_60d": 0.462673, "return_252d": 2.060462, "sma_20": 233.8735, "sma_50": 215.2246, "sma_200": 142.712913, "price_vs_sma20": -0.012287, "price_vs_sma50": 0.073297, "price_vs_sma200": 0.618634, "volatility_20d": 0.55166, "volatility_60d": 0.553309, "drawdown": -0.074074, "max_drawdown_1y": -0.471026, "volume_ratio": 0.961628, "rsi_14": 50.555943, "macd": 6.272005, "macd_signal": 8.10394, "macd_histogram": -1.831935, "bb_width": 0.162287, "bb_position": 0.42335, "stoch_k": 29.508647, "stoch_d": 40.170147, "adx": 29.032494, "atr_14": 11.260777, "last_close": 231.0, "last_date": "2026-03-02"}