{"return_1d": -0.007278, "return_5d": -0.03099, "return_20d": -0.04368, "return_60d": 0.535763, "return_252d": 1.945923, "sma_20": 234.1685, "sma_50": 213.9386, "sma_200": 141.998769, "price_vs_sma20": 0.013501, "price_vs_sma50": 0.109337, "price_vs_sma200": 0.671353, "volatility_20d": 0.585421, "volatility_60d": 0.550199, "drawdown": -0.048701, "max_drawdown_1y": -0.471026, "volume_ratio": 0.391532, "rsi_14": 54.812998, "macd": 7.663391, "macd_signal": 8.616807, "macd_histogram": -0.953415, "bb_width": 0.158054, "bb_position": 0.584282, "stoch_k": 46.884436, "stoch_d": 62.209212, "adx": 30.716336, "atr_14": 11.614683, "last_close": 237.33, "last_date": "2026-02-27"}