{"return_1d": -0.059437, "return_5d": -0.110461, "return_20d": -0.085179, "return_60d": 0.360063, "return_252d": 1.857177, "sma_20": 232.862, "sma_50": 216.4704, "sma_200": 143.376998, "price_vs_sma20": -0.066958, "price_vs_sma50": 0.003694, "price_vs_sma200": 0.515376, "volatility_20d": 0.586007, "volatility_60d": 0.569673, "drawdown": -0.129109, "max_drawdown_1y": -0.471026, "volume_ratio": 1.166884, "rsi_14": 42.528902, "macd": 4.230139, "macd_signal": 7.32918, "macd_histogram": -3.09904, "bb_width": 0.184047, "bb_position": 0.110081, "stoch_k": 3.619467, "stoch_d": 23.523261, "adx": 27.449913, "atr_14": 11.542865, "last_close": 217.27, "last_date": "2026-03-03"}