{"return_1d": -0.014447, "return_5d": 0.133143, "return_20d": 0.060481, "return_60d": -0.015336, "return_252d": -0.256755, "sma_20": 7736.3, "sma_50": 8376.68, "sma_200": 9310.482401, "price_vs_sma20": 0.128705, "price_vs_sma50": 0.042418, "price_vs_sma200": -0.062132, "volatility_20d": 0.657984, "volatility_60d": 0.414444, "drawdown": -0.277955, "max_drawdown_1y": -0.407116, "volume_ratio": 0.038954, "rsi_14": 64.35541, "macd": 44.529596, "macd_signal": -132.359421, "macd_histogram": 176.889017, "bb_width": 0.205102, "bb_position": 1.055961, "stoch_k": 85.172414, "stoch_d": 90.253138, "adx": 25.444975, "atr_14": 339.86864, "last_close": 8732.0, "last_date": "2026-03-02"}