{"return_1d": 0.003202, "return_5d": -0.009932, "return_20d": 0.169288, "return_60d": 0.036145, "return_252d": -0.189923, "sma_20": 8003.0, "sma_50": 8361.48, "sma_200": 9254.354223, "price_vs_sma20": 0.096089, "price_vs_sma50": 0.049097, "price_vs_sma200": -0.052122, "volatility_20d": 0.407486, "volatility_60d": 0.414433, "drawdown": -0.274648, "max_drawdown_1y": -0.407116, "volume_ratio": 0.044983, "rsi_14": 63.279618, "macd": 165.430534, "macd_signal": 23.951393, "macd_histogram": 141.479142, "bb_width": 0.240761, "bb_position": 0.864118, "stoch_k": 85.953608, "stoch_d": 82.946735, "adx": 22.207461, "atr_14": 320.147825, "last_close": 8772.0, "last_date": "2026-03-06"}