{"return_1d": -0.010785, "return_5d": -0.029082, "return_20d": -0.02686, "return_60d": -0.044048, "return_252d": -0.523345, "sma_20": 178.1255, "sma_50": 192.2066, "sma_200": 204.055, "price_vs_sma20": -0.021645, "price_vs_sma50": -0.093319, "price_vs_sma200": -0.145966, "volatility_20d": 0.47478, "volatility_60d": 0.453091, "drawdown": -0.659156, "max_drawdown_1y": -0.68732, "volume_ratio": 1.33996, "rsi_14": 42.74889, "macd": -2.221998, "macd_signal": -2.814445, "macd_histogram": 0.592447, "bb_width": 0.115433, "bb_position": 0.308341, "stoch_k": 24.39834, "stoch_d": 42.102351, "adx": 19.775129, "atr_14": 7.304912, "last_close": 174.27, "last_date": "2026-03-03"}