{"return_1d": -0.000173, "return_5d": -0.069425, "return_20d": -0.027079, "return_60d": -0.088574, "return_252d": -0.498451, "sma_20": 177.9665, "sma_50": 190.6432, "sma_200": 202.58495, "price_vs_sma20": -0.026896, "price_vs_sma50": -0.091601, "price_vs_sma200": -0.145149, "volatility_20d": 0.428843, "volatility_60d": 0.446895, "drawdown": -0.661288, "max_drawdown_1y": -0.68732, "volume_ratio": 1.037244, "rsi_14": 41.920056, "macd": -2.849635, "macd_signal": -2.78543, "macd_histogram": -0.064205, "bb_width": 0.116746, "bb_position": 0.263256, "stoch_k": 19.373695, "stoch_d": 21.257345, "adx": 19.304233, "atr_14": 6.827449, "last_close": 173.18, "last_date": "2026-03-05"}