{"return_1d": -0.036423, "return_5d": -0.057881, "return_20d": 0.011856, "return_60d": 0.41757, "return_252d": 0.633971, "sma_20": 51.65875, "sma_50": 46.036098, "sma_200": 36.003651, "price_vs_sma20": -0.050016, "price_vs_sma50": 0.066011, "price_vs_sma200": 0.363056, "volatility_20d": 0.476321, "volatility_60d": 0.515526, "drawdown": -0.177123, "max_drawdown_1y": -0.603178, "volume_ratio": 0.519351, "rsi_14": 49.107051, "macd": 1.391335, "macd_signal": 2.114413, "macd_histogram": -0.723078, "bb_width": 0.15082, "bb_position": 0.150915, "stoch_k": 5.703125, "stoch_d": 13.693219, "adx": 33.860608, "atr_14": 1.916992, "last_close": 49.075, "last_date": "2026-02-27"}