{"return_1d": -0.053303, "return_5d": -0.156313, "return_20d": -0.208532, "return_60d": 0.099899, "return_252d": 0.417946, "sma_20": 50.427, "sma_50": 46.482794, "sma_200": 36.361261, "price_vs_sma20": -0.175838, "price_vs_sma50": -0.105906, "price_vs_sma200": 0.142975, "volatility_20d": 0.495768, "volatility_60d": 0.541656, "drawdown": -0.303132, "max_drawdown_1y": -0.603178, "volume_ratio": 1.300984, "rsi_14": 30.309016, "macd": -0.565018, "macd_signal": 0.817097, "macd_histogram": -1.382115, "bb_width": 0.32172, "bb_position": -0.163167, "stoch_k": 7.445355, "stoch_d": 6.655242, "adx": 30.8301, "atr_14": 2.138009, "last_close": 41.56, "last_date": "2026-03-06"}