{"return_1d": -0.020097, "return_5d": -0.05167, "return_20d": 0.015783, "return_60d": 0.368341, "return_252d": 0.609794, "sma_20": 51.7055, "sma_50": 46.165458, "sma_200": 36.091912, "price_vs_sma20": -0.066444, "price_vs_sma50": 0.045587, "price_vs_sma200": 0.337419, "volatility_20d": 0.47263, "volatility_60d": 0.516434, "drawdown": -0.190621, "max_drawdown_1y": -0.603178, "volume_ratio": 0.953001, "rsi_14": 46.56109, "macd": 1.092694, "macd_signal": 1.91243, "macd_histogram": -0.819737, "bb_width": 0.145746, "bb_position": 0.011666, "stoch_k": 16.176471, "stoch_d": 17.188439, "adx": 32.073325, "atr_14": 1.945064, "last_close": 48.27, "last_date": "2026-03-02"}