{"return_1d": -0.010773, "return_5d": -0.05707, "return_20d": -0.038074, "return_60d": 0.344116, "return_252d": 0.570915, "sma_20": 51.611, "sma_50": 46.304414, "sma_200": 36.176203, "price_vs_sma20": -0.07481, "price_vs_sma50": 0.031219, "price_vs_sma200": 0.319928, "volatility_20d": 0.445257, "volatility_60d": 0.51753, "drawdown": -0.19934, "max_drawdown_1y": -0.603178, "volume_ratio": 1.178786, "rsi_14": 44.965546, "macd": 0.793219, "macd_signal": 1.688588, "macd_histogram": -0.895369, "bb_width": 0.160116, "bb_position": -0.005001, "stoch_k": 19.031903, "stoch_d": 14.600708, "adx": 30.851457, "atr_14": 1.970417, "last_close": 47.75, "last_date": "2026-03-03"}