{"return_1d": -0.03279, "return_5d": -0.054329, "return_20d": 0.01567, "return_60d": 0.422914, "return_252d": 0.64013, "sma_20": 51.668, "sma_50": 46.039798, "sma_200": 36.004576, "price_vs_sma20": -0.046605, "price_vs_sma50": 0.069944, "price_vs_sma200": 0.368159, "volatility_20d": 0.472695, "volatility_60d": 0.514292, "drawdown": -0.174021, "max_drawdown_1y": -0.603178, "volume_ratio": 0.84984, "rsi_14": 49.677356, "macd": 1.406093, "macd_signal": 2.117364, "macd_histogram": -0.711272, "bb_width": 0.149237, "bb_position": 0.172444, "stoch_k": 8.59375, "stoch_d": 14.656761, "adx": 33.860608, "atr_14": 1.916992, "last_close": 49.26, "last_date": "2026-02-27"}