{"return_1d": -0.016586, "return_5d": -0.014477, "return_20d": -0.036041, "return_60d": -0.163355, "return_252d": 0.24833, "sma_20": 56.713725, "sma_50": 59.147852, "sma_200": 54.572353, "price_vs_sma20": -0.027749, "price_vs_sma50": -0.06776, "price_vs_sma200": 0.010402, "volatility_20d": 0.232906, "volatility_60d": 0.384511, "drawdown": -0.202364, "max_drawdown_1y": -0.52173, "volume_ratio": 0.795797, "rsi_14": 40.405021, "macd": -0.883316, "macd_signal": -0.926888, "macd_histogram": 0.043572, "bb_width": 0.076015, "bb_position": 0.124542, "stoch_k": 26.77305, "stoch_d": 35.579196, "adx": 17.215487, "atr_14": 1.884569, "last_close": 55.14, "last_date": "2026-03-05"}