{"return_1d": -0.006347, "return_5d": 0.011486, "return_20d": 0.074418, "return_60d": -0.173054, "return_252d": 0.315332, "sma_20": 56.82809, "sma_50": 59.79685, "sma_200": 54.363898, "price_vs_sma20": -0.008237, "price_vs_sma50": -0.057475, "price_vs_sma200": 0.036717, "volatility_20d": 0.306809, "volatility_60d": 0.385079, "drawdown": -0.184716, "max_drawdown_1y": -0.52173, "volume_ratio": 1.057169, "rsi_14": 44.662598, "macd": -0.87687, "macd_signal": -0.980207, "macd_histogram": 0.103337, "bb_width": 0.070759, "bb_position": 0.382624, "stoch_k": 48.404255, "stoch_d": 48.108747, "adx": 16.559096, "atr_14": 1.921601, "last_close": 56.36, "last_date": "2026-03-02"}