{"return_1d": -0.01171, "return_5d": 0.011807, "return_20d": 0.006302, "return_60d": -0.16282, "return_252d": 0.271724, "sma_20": 56.84553, "sma_50": 59.587952, "sma_200": 54.433256, "price_vs_sma20": -0.020152, "price_vs_sma50": -0.065247, "price_vs_sma200": 0.023272, "volatility_20d": 0.243477, "volatility_60d": 0.383064, "drawdown": -0.194264, "max_drawdown_1y": -0.52173, "volume_ratio": 0.817443, "rsi_14": 42.11749, "macd": -0.882073, "macd_signal": -0.96058, "macd_histogram": 0.078507, "bb_width": 0.06993, "bb_position": 0.205907, "stoch_k": 36.702128, "stoch_d": 46.631206, "adx": 16.886707, "atr_14": 1.915772, "last_close": 55.7, "last_date": "2026-03-03"}