{"return_1d": -0.018759, "return_5d": -0.022302, "return_20d": -0.005617, "return_60d": -0.229752, "return_252d": -0.061556, "sma_20": 48.426, "sma_50": 45.2476, "sma_200": 53.760274, "price_vs_sma20": -0.049478, "price_vs_sma50": 0.017292, "price_vs_sma200": -0.143792, "volatility_20d": 0.333006, "volatility_60d": 0.598777, "drawdown": -0.579622, "max_drawdown_1y": -0.632043, "volume_ratio": 0.787281, "rsi_14": 42.414259, "macd": -0.027282, "macd_signal": 0.2937, "macd_histogram": -0.320981, "bb_width": 0.120002, "bb_position": 0.066233, "stoch_k": 7.706946, "stoch_d": 12.410011, "adx": 21.424558, "atr_14": 1.466193, "last_close": 46.03, "last_date": "2026-03-04"}