{"return_1d": 0.015595, "return_5d": -0.001657, "return_20d": 0.057262, "return_60d": -0.183331, "return_252d": -0.045397, "sma_20": 48.302, "sma_50": 45.804214, "sma_200": 53.41907, "price_vs_sma20": -0.002319, "price_vs_sma50": 0.052087, "price_vs_sma200": -0.097888, "volatility_20d": 0.330061, "volatility_60d": 0.598759, "drawdown": -0.556226, "max_drawdown_1y": -0.632043, "volume_ratio": 0.762882, "rsi_14": 53.144268, "macd": 0.391429, "macd_signal": 0.578997, "macd_histogram": -0.187569, "bb_width": 0.130553, "bb_position": 0.482198, "stoch_k": 32.517483, "stoch_d": 21.736597, "adx": 20.94299, "atr_14": 1.393513, "last_close": 48.19, "last_date": "2026-02-27"}