{"return_1d": 0.015595, "return_5d": -0.001657, "return_20d": 0.04852, "return_60d": -0.190084, "return_252d": -0.05329, "sma_20": 48.302, "sma_50": 46.025, "sma_200": 53.824155, "price_vs_sma20": -0.002319, "price_vs_sma50": 0.04704, "price_vs_sma200": -0.104677, "volatility_20d": 0.329816, "volatility_60d": 0.598393, "drawdown": -0.559895, "max_drawdown_1y": -0.632043, "volume_ratio": 0.762882, "rsi_14": 52.699625, "macd": 0.323754, "macd_signal": 0.498647, "macd_histogram": -0.174893, "bb_width": 0.130553, "bb_position": 0.482198, "stoch_k": 32.517483, "stoch_d": 21.736597, "adx": 20.660299, "atr_14": 1.396083, "last_close": 48.19, "last_date": "2026-02-27"}