{"return_1d": -0.029259, "return_5d": -0.009318, "return_20d": 0.018506, "return_60d": -0.20779, "return_252d": -0.073313, "sma_20": 48.3445, "sma_50": 45.7646, "sma_200": 53.80518, "price_vs_sma20": -0.032361, "price_vs_sma50": 0.022187, "price_vs_sma200": -0.130567, "volatility_20d": 0.348624, "volatility_60d": 0.600795, "drawdown": -0.572772, "max_drawdown_1y": -0.632043, "volume_ratio": 0.889461, "rsi_14": 45.722043, "macd": 0.201136, "macd_signal": 0.439145, "macd_histogram": -0.238009, "bb_width": 0.129861, "bb_position": 0.242465, "stoch_k": 9.56341, "stoch_d": 20.553771, "adx": 20.705798, "atr_14": 1.429934, "last_close": 46.78, "last_date": "2026-03-02"}