{"return_1d": 0.063735, "return_5d": 0.10435, "return_20d": 0.172532, "return_60d": 0.452079, "return_252d": -0.062188, "sma_20": 56.501055, "sma_50": 50.888764, "sma_200": 50.245682, "price_vs_sma20": 0.095909, "price_vs_sma50": 0.216772, "price_vs_sma200": 0.232345, "volatility_20d": 0.494056, "volatility_60d": 0.443845, "drawdown": -0.320744, "max_drawdown_1y": -0.553517, "volume_ratio": 1.283957, "rsi_14": 71.101565, "macd": 2.168065, "macd_signal": 2.022001, "macd_histogram": 0.146064, "bb_width": 0.118153, "bb_position": 1.240691, "stoch_k": 96.512033, "stoch_d": 81.452769, "adx": 23.311297, "atr_14": 2.566345, "last_close": 61.92, "last_date": "2026-03-04"}