{"return_1d": 0.01867, "return_5d": 0.18089, "return_20d": 0.260668, "return_60d": 0.606548, "return_252d": -0.020927, "sma_20": 57.66812, "sma_50": 51.835562, "sma_200": 50.366293, "price_vs_sma20": 0.163728, "price_vs_sma50": 0.294671, "price_vs_sma200": 0.332439, "volatility_20d": 0.423996, "volatility_60d": 0.454646, "drawdown": -0.26381, "max_drawdown_1y": -0.553517, "volume_ratio": 1.807312, "rsi_14": 78.130867, "macd": 3.170855, "macd_signal": 2.359055, "macd_histogram": 0.8118, "bb_width": 0.201904, "bb_position": 1.196828, "stoch_k": 88.401809, "stoch_d": 90.4582, "adx": 27.004182, "atr_14": 2.909961, "last_close": 67.11, "last_date": "2026-03-06"}