{"return_1d": 0.02167, "return_5d": 0.014999, "return_20d": 0.151552, "return_60d": 0.200334, "return_252d": -0.170793, "sma_20": 55.8135, "sma_50": 50.4992, "sma_200": 50.779012, "price_vs_sma20": 0.030575, "price_vs_sma50": 0.139028, "price_vs_sma200": 0.132751, "volatility_20d": 0.506203, "volatility_60d": 0.456711, "drawdown": -0.37658, "max_drawdown_1y": -0.553518, "volume_ratio": 0.885806, "rsi_14": 59.97585, "macd": 1.832046, "macd_signal": 2.082611, "macd_histogram": -0.250565, "bb_width": 0.173784, "bb_position": 0.670717, "stoch_k": 57.616893, "stoch_d": 49.592963, "adx": 23.049512, "atr_14": 2.417701, "last_close": 57.52, "last_date": "2026-02-27"}