{"return_1d": 0.005701, "return_5d": 0.010232, "return_20d": 0.172473, "return_60d": 0.279965, "return_252d": -0.157622, "sma_20": 56.045495, "sma_50": 50.501234, "sma_200": 50.203423, "price_vs_sma20": 0.03862, "price_vs_sma50": 0.152645, "price_vs_sma200": 0.159483, "volatility_20d": 0.493977, "volatility_60d": 0.449716, "drawdown": -0.361442, "max_drawdown_1y": -0.553517, "volume_ratio": 1.127393, "rsi_14": 63.441224, "macd": 1.870333, "macd_signal": 1.985485, "macd_histogram": -0.115151, "bb_width": 0.105367, "bb_position": 0.852905, "stoch_k": 76.67897, "stoch_d": 68.48775, "adx": 22.64009, "atr_14": 2.455295, "last_close": 58.21, "last_date": "2026-03-03"}