{"return_1d": 0.063953, "return_5d": 0.184368, "return_20d": 0.167775, "return_60d": 0.538174, "return_252d": -0.003027, "sma_20": 56.974305, "sma_50": 51.354902, "sma_200": 50.301563, "price_vs_sma20": 0.156311, "price_vs_sma50": 0.282838, "price_vs_sma200": 0.309701, "volatility_20d": 0.487286, "volatility_60d": 0.459095, "drawdown": -0.277303, "max_drawdown_1y": -0.553517, "volume_ratio": 2.512662, "rsi_14": 76.710939, "macd": 2.692521, "macd_signal": 2.156105, "macd_histogram": 0.536416, "bb_width": 0.166491, "bb_position": 1.311937, "stoch_k": 86.460757, "stoch_d": 86.550587, "adx": 25.133335, "atr_14": 2.803035, "last_close": 65.88, "last_date": "2026-03-05"}