{"return_1d": 0.018476, "return_5d": 0.033935, "return_20d": 0.195566, "return_60d": 0.226095, "return_252d": -0.153139, "sma_20": 55.617355, "sma_50": 50.201736, "sma_200": 50.183148, "price_vs_sma20": 0.040682, "price_vs_sma50": 0.152948, "price_vs_sma200": 0.153375, "volatility_20d": 0.49751, "volatility_60d": 0.457537, "drawdown": -0.365062, "max_drawdown_1y": -0.553517, "volume_ratio": 1.40365, "rsi_14": 62.622882, "macd": 1.84086, "macd_signal": 2.014273, "macd_histogram": -0.173413, "bb_width": 0.13788, "bb_position": 0.783522, "stoch_k": 71.167304, "stoch_d": 55.999869, "adx": 23.213064, "atr_14": 2.398779, "last_close": 57.88, "last_date": "2026-03-02"}