{"return_1d": 0.036033, "return_5d": 0.005717, "return_20d": 0.107051, "return_60d": 0.247902, "return_252d": 0.150816, "sma_20": 152.011, "sma_50": 147.2694, "sma_200": 149.34265, "price_vs_sma20": 0.076238, "price_vs_sma50": 0.110889, "price_vs_sma200": 0.095467, "volatility_20d": 0.349873, "volatility_60d": 0.314553, "drawdown": -0.060094, "max_drawdown_1y": -0.278352, "volume_ratio": 0.898766, "rsi_14": 65.988982, "macd": 4.140882, "macd_signal": 3.485391, "macd_histogram": 0.655492, "bb_width": 0.184684, "bb_position": 0.88356, "stoch_k": 82.41367, "stoch_d": 68.712457, "adx": 25.877732, "atr_14": 5.443357, "last_close": 163.6, "last_date": "2026-02-27"}