{"return_1d": -0.002035, "return_5d": 0.022302, "return_20d": 0.112479, "return_60d": 0.25883, "return_252d": 0.147914, "sma_20": 152.756, "sma_50": 147.7144, "sma_200": 149.4294, "price_vs_sma20": 0.059271, "price_vs_sma50": 0.095425, "price_vs_sma200": 0.082853, "volatility_20d": 0.332894, "volatility_60d": 0.307528, "drawdown": -0.070378, "max_drawdown_1y": -0.278352, "volume_ratio": 0.98973, "rsi_14": 64.008829, "macd": 4.154587, "macd_signal": 3.600595, "macd_histogram": 0.553992, "bb_width": 0.187557, "bb_position": 0.798333, "stoch_k": 67.675312, "stoch_d": 70.028198, "adx": 26.034653, "atr_14": 5.539545, "last_close": 161.81, "last_date": "2026-03-02"}