{"return_1d": 0.007186, "return_5d": 0.011842, "return_20d": 0.121578, "return_60d": 0.146774, "return_252d": 0.156569, "sma_20": 155.3935, "sma_50": 148.9964, "sma_200": 149.65525, "price_vs_sma20": 0.028228, "price_vs_sma50": 0.072375, "price_vs_sma200": 0.067654, "volatility_20d": 0.331126, "volatility_60d": 0.285972, "drawdown": -0.082041, "max_drawdown_1y": -0.278352, "volume_ratio": 0.86691, "rsi_14": 59.17199, "macd": 3.807066, "macd_signal": 3.781106, "macd_histogram": 0.025959, "bb_width": 0.165002, "bb_position": 0.666382, "stoch_k": 44.59203, "stoch_d": 53.302568, "adx": 25.895997, "atr_14": 5.653827, "last_close": 159.78, "last_date": "2026-03-05"}