{"return_1d": -0.022844, "return_5d": -0.037067, "return_20d": 0.129086, "return_60d": 0.130721, "return_252d": 0.140968, "sma_20": 156.286, "sma_50": 149.284, "sma_200": 149.6944, "price_vs_sma20": -0.000998, "price_vs_sma50": 0.045859, "price_vs_sma200": 0.042992, "volatility_20d": 0.322633, "volatility_60d": 0.289725, "drawdown": -0.10301, "max_drawdown_1y": -0.278352, "volume_ratio": 0.771053, "rsi_14": 52.698321, "macd": 3.347047, "macd_signal": 3.694295, "macd_histogram": -0.347247, "bb_width": 0.135635, "bb_position": 0.492633, "stoch_k": 21.505376, "stoch_d": 37.566449, "adx": 25.522202, "atr_14": 5.560697, "last_close": 156.13, "last_date": "2026-03-06"}