{"return_1d": 0.001607, "return_5d": 0.025889, "return_20d": 0.125955, "return_60d": 0.191604, "return_252d": 0.130511, "sma_20": 153.6625, "sma_50": 148.2276, "sma_200": 149.52865, "price_vs_sma20": 0.054714, "price_vs_sma50": 0.093386, "price_vs_sma200": 0.083873, "volatility_20d": 0.327967, "volatility_60d": 0.286138, "drawdown": -0.068884, "max_drawdown_1y": -0.278352, "volume_ratio": 1.192147, "rsi_14": 64.300399, "macd": 4.229968, "macd_signal": 3.72647, "macd_histogram": 0.503498, "bb_width": 0.186653, "bb_position": 0.777926, "stoch_k": 68.713733, "stoch_d": 71.201712, "adx": 25.968389, "atr_14": 5.711007, "last_close": 162.07, "last_date": "2026-03-03"}