{"return_1d": 0.00474, "return_5d": -0.017477, "return_20d": -0.048774, "return_60d": -0.047766, "return_252d": -0.07318, "sma_20": 529.5005, "sma_50": 546.021052, "sma_200": 560.735156, "price_vs_sma20": -0.023211, "price_vs_sma50": -0.052765, "price_vs_sma200": -0.077622, "volatility_20d": 0.303777, "volatility_60d": 0.258748, "drawdown": -0.134048, "max_drawdown_1y": -0.169509, "volume_ratio": 1.229779, "rsi_14": 44.066751, "macd": -9.698655, "macd_signal": -8.706283, "macd_histogram": -0.992372, "bb_width": 0.134377, "bb_position": 0.32316, "stoch_k": 47.736842, "stoch_d": 37.261248, "adx": 25.586051, "atr_14": 13.204025, "last_close": 517.21, "last_date": "2026-02-27"}