{"return_1d": -0.00267, "return_5d": 0.026561, "return_20d": -0.050479, "return_60d": -0.034306, "return_252d": -0.085196, "sma_20": 525.6685, "sma_50": 543.482776, "sma_200": 559.952064, "price_vs_sma20": -0.005229, "price_vs_sma50": -0.037835, "price_vs_sma200": -0.066134, "volatility_20d": 0.280887, "volatility_60d": 0.254369, "drawdown": -0.124488, "max_drawdown_1y": -0.169509, "volume_ratio": 0.790162, "rsi_14": 47.297267, "macd": -6.853386, "macd_signal": -8.180569, "macd_histogram": 1.327183, "bb_width": 0.117024, "bb_position": 0.455085, "stoch_k": 62.113208, "stoch_d": 60.417963, "adx": 22.270341, "atr_14": 13.066291, "last_close": 522.92, "last_date": "2026-03-04"}