{"return_1d": -0.004422, "return_5d": 0.009919, "return_20d": -0.053543, "return_60d": -0.03204, "return_252d": -0.059008, "sma_20": 522.748, "sma_50": 541.498612, "sma_200": 559.362966, "price_vs_sma20": -0.00078, "price_vs_sma50": -0.035381, "price_vs_sma200": -0.066188, "volatility_20d": 0.28041, "volatility_60d": 0.253619, "drawdown": -0.125459, "max_drawdown_1y": -0.169509, "volume_ratio": 0.741088, "rsi_14": 46.998564, "macd": -5.42388, "macd_signal": -7.278155, "macd_histogram": 1.854274, "bb_width": 0.094709, "bb_position": 0.491753, "stoch_k": 79.342493, "stoch_d": 73.415445, "adx": 21.622224, "atr_14": 12.990067, "last_close": 522.34, "last_date": "2026-03-06"}