{"return_1d": 0.002079, "return_5d": -0.020079, "return_20d": -0.051294, "return_60d": -0.050288, "return_252d": -0.075635, "sma_20": 529.432, "sma_50": 545.993652, "sma_200": 560.728304, "price_vs_sma20": -0.025673, "price_vs_sma50": -0.055227, "price_vs_sma200": -0.080054, "volatility_20d": 0.303103, "volatility_60d": 0.258567, "drawdown": -0.136342, "max_drawdown_1y": -0.169509, "volume_ratio": 0.572562, "rsi_14": 43.318657, "macd": -9.807943, "macd_signal": -8.728141, "macd_histogram": -1.079802, "bb_width": 0.135128, "bb_position": 0.305006, "stoch_k": 45.333333, "stoch_d": 36.460078, "adx": 25.576348, "atr_14": 13.079382, "last_close": 515.84, "last_date": "2026-02-27"}