{"return_1d": -0.012053, "return_5d": -0.007993, "return_20d": 0.015835, "return_60d": 0.025174, "return_252d": -0.185229, "sma_20": 134.2555, "sma_50": 134.673556, "sma_200": 137.320708, "price_vs_sma20": -0.010916, "price_vs_sma50": -0.013986, "price_vs_sma200": -0.032994, "volatility_20d": 0.169723, "volatility_60d": 0.197665, "drawdown": -0.321574, "max_drawdown_1y": -0.362077, "volume_ratio": 0.819309, "rsi_14": 45.540893, "macd": -0.138784, "macd_signal": -0.028917, "macd_histogram": -0.109866, "bb_width": 0.032935, "bb_position": 0.164912, "stoch_k": 24.60177, "stoch_d": 39.706154, "adx": 8.789023, "atr_14": 2.674239, "last_close": 132.79, "last_date": "2026-03-06"}