{"return_1d": -0.004027, "return_5d": -0.003878, "return_20d": 0.009523, "return_60d": 0.004213, "return_252d": -0.171133, "sma_20": 134.105, "sma_50": 134.706912, "sma_200": 137.664808, "price_vs_sma20": -0.003989, "price_vs_sma50": -0.00844, "price_vs_sma200": -0.029745, "volatility_20d": 0.215554, "volatility_60d": 0.19876, "drawdown": -0.317589, "max_drawdown_1y": -0.362077, "volume_ratio": 0.641782, "rsi_14": 47.926287, "macd": -0.026468, "macd_signal": 0.021711, "macd_histogram": -0.048179, "bb_width": 0.041503, "bb_position": 0.403492, "stoch_k": 34.003091, "stoch_d": 38.279238, "adx": 8.406206, "atr_14": 2.744903, "last_close": 133.57, "last_date": "2026-03-03"}