{"return_1d": -0.013542, "return_5d": 0.004196, "return_20d": 0.002618, "return_60d": 0.001344, "return_252d": -0.148526, "sma_20": 134.06, "sma_50": 134.70162, "sma_200": 137.872177, "price_vs_sma20": -0.000224, "price_vs_sma50": -0.004986, "price_vs_sma200": -0.027868, "volatility_20d": 0.221359, "volatility_60d": 0.198504, "drawdown": -0.315239, "max_drawdown_1y": -0.362077, "volume_ratio": 0.375482, "rsi_14": 49.238329, "macd": 0.071125, "macd_signal": 0.036201, "macd_histogram": 0.034923, "bb_width": 0.042883, "bb_position": 0.49478, "stoch_k": 41.112828, "stoch_d": 56.726991, "adx": 8.371525, "atr_14": 2.770538, "last_close": 134.03, "last_date": "2026-02-27"}