{"return_1d": -0.014794, "return_5d": 0.002922, "return_20d": 0.001346, "return_60d": 7.4e-05, "return_252d": -0.149606, "sma_20": 134.0515, "sma_50": 134.69822, "sma_200": 137.871326, "price_vs_sma20": -0.001429, "price_vs_sma50": -0.006223, "price_vs_sma200": -0.029095, "volatility_20d": 0.222433, "volatility_60d": 0.198887, "drawdown": -0.316107, "max_drawdown_1y": -0.362077, "volume_ratio": 1.097648, "rsi_14": 48.787592, "macd": 0.057563, "macd_signal": 0.033489, "macd_histogram": 0.024074, "bb_width": 0.042957, "bb_position": 0.466697, "stoch_k": 38.485317, "stoch_d": 55.851154, "adx": 8.371525, "atr_14": 2.770538, "last_close": 133.86, "last_date": "2026-02-27"}