{"return_1d": -0.027744, "return_5d": -0.052468, "return_20d": -0.006201, "return_60d": 0.127182, "return_252d": 0.205685, "sma_20": 344.059905, "sma_50": 328.494976, "sma_200": 285.933482, "price_vs_sma20": -0.058885, "price_vs_sma50": -0.014292, "price_vs_sma200": 0.132431, "volatility_20d": 0.397168, "volatility_60d": 0.298891, "drawdown": -0.098668, "max_drawdown_1y": -0.305001, "volume_ratio": 1.039802, "rsi_14": 40.843124, "macd": 1.1961, "macd_signal": 4.698204, "macd_histogram": -3.502104, "bb_width": 0.130089, "bb_position": 0.019027, "stoch_k": 17.092343, "stoch_d": 26.492292, "adx": 26.00317, "atr_14": 10.151227, "last_close": 323.8, "last_date": "2026-03-06"}