{"return_1d": -0.025216, "return_5d": -0.015922, "return_20d": 0.070739, "return_60d": 0.128362, "return_252d": 0.225307, "sma_20": 341.14825, "sma_50": 326.187522, "sma_200": 284.396882, "price_vs_sma20": 0.001705, "price_vs_sma50": 0.047649, "price_vs_sma200": 0.201595, "volatility_20d": 0.367661, "volatility_60d": 0.295003, "drawdown": -0.048757, "max_drawdown_1y": -0.305001, "volume_ratio": 0.887051, "rsi_14": 53.383883, "macd": 6.94029, "macd_signal": 8.259394, "macd_histogram": -1.319103, "bb_width": 0.168272, "bb_position": 0.510117, "stoch_k": 37.064638, "stoch_d": 49.653688, "adx": 28.914164, "atr_14": 8.83578, "last_close": 341.73, "last_date": "2026-02-27"}