{"return_1d": -0.03295, "return_5d": -0.033598, "return_20d": 0.050138, "return_60d": 0.086849, "return_252d": 0.203399, "sma_20": 341.93715, "sma_50": 326.689322, "sma_200": 284.691366, "price_vs_sma20": -0.033536, "price_vs_sma50": 0.011573, "price_vs_sma200": 0.160801, "volatility_20d": 0.385475, "volatility_60d": 0.303624, "drawdown": -0.080101, "max_drawdown_1y": -0.305001, "volume_ratio": 1.066184, "rsi_14": 45.081997, "macd": 5.26405, "macd_signal": 7.660325, "macd_histogram": -2.396275, "bb_width": 0.160918, "bb_position": 0.284365, "stoch_k": 10.718434, "stoch_d": 35.054445, "adx": 27.64166, "atr_14": 9.341796, "last_close": 330.47, "last_date": "2026-03-02"}