{"return_1d": -0.025115, "return_5d": -0.111142, "return_20d": -0.100935, "return_60d": 0.023575, "return_252d": -0.118475, "sma_20": 72.57647, "sma_50": 69.274702, "sma_200": 67.006538, "price_vs_sma20": -0.122856, "price_vs_sma50": -0.08105, "price_vs_sma200": -0.049943, "volatility_20d": 0.439624, "volatility_60d": 0.35691, "drawdown": -0.237387, "max_drawdown_1y": -0.309491, "volume_ratio": 0.782122, "rsi_14": 30.646621, "macd": -0.911033, "macd_signal": 0.468714, "macd_histogram": -1.379746, "bb_width": 0.239291, "bb_position": -0.085328, "stoch_k": 9.175454, "stoch_d": 8.331657, "adx": 26.815428, "atr_14": 2.381341, "last_close": 63.66, "last_date": "2026-03-06"}