{"return_1d": -0.010773, "return_5d": -0.046973, "return_20d": 0.085193, "return_60d": 0.110493, "return_252d": -0.040209, "sma_20": 72.903315, "sma_50": 69.009936, "sma_200": 66.980811, "price_vs_sma20": -0.017603, "price_vs_sma50": 0.037822, "price_vs_sma200": 0.069261, "volatility_20d": 0.425026, "volatility_60d": 0.33415, "drawdown": -0.142031, "max_drawdown_1y": -0.309491, "volume_ratio": 0.728745, "rsi_14": 49.015734, "macd": 1.211501, "macd_signal": 1.798508, "macd_histogram": -0.587007, "bb_width": 0.186852, "bb_position": 0.404104, "stoch_k": 9.847427, "stoch_d": 16.80079, "adx": 27.008732, "atr_14": 2.20381, "last_close": 71.62, "last_date": "2026-02-27"}