{"return_1d": 0.006027, "return_5d": -0.047593, "return_20d": 0.010037, "return_60d": 0.067282, "return_252d": -0.056899, "sma_20": 73.224095, "sma_50": 69.252158, "sma_200": 67.021231, "price_vs_sma20": -0.065335, "price_vs_sma50": -0.011728, "price_vs_sma200": 0.021169, "volatility_20d": 0.442561, "volatility_60d": 0.342682, "drawdown": -0.180126, "max_drawdown_1y": -0.309491, "volume_ratio": 0.600187, "rsi_14": 40.611048, "macd": 0.101142, "macd_signal": 1.115953, "macd_histogram": -1.01481, "bb_width": 0.162454, "bb_position": 0.069712, "stoch_k": 13.189636, "stoch_d": 9.285666, "adx": 24.992857, "atr_14": 2.23688, "last_close": 68.44, "last_date": "2026-03-04"}