{"return_1d": -0.025358, "return_5d": -0.079182, "return_20d": 0.026307, "return_60d": 0.057276, "return_252d": -0.078011, "sma_20": 73.19009, "sma_50": 69.180008, "sma_200": 67.008899, "price_vs_sma20": -0.070503, "price_vs_sma50": -0.016623, "price_vs_sma200": 0.015238, "volatility_20d": 0.448767, "volatility_60d": 0.342673, "drawdown": -0.185038, "max_drawdown_1y": -0.309491, "volume_ratio": 0.829638, "rsi_14": 39.073844, "macd": 0.413935, "macd_signal": 1.369655, "macd_histogram": -0.95572, "bb_width": 0.167067, "bb_position": 0.045988, "stoch_k": 9.631905, "stoch_d": 8.171597, "adx": 25.2705, "atr_14": 2.298948, "last_close": 68.03, "last_date": "2026-03-03"}