{"return_1d": -0.04588, "return_5d": -0.098066, "return_20d": -0.081648, "return_60d": 0.037651, "return_252d": -0.082295, "sma_20": 72.933815, "sma_50": 69.281224, "sma_200": 67.015702, "price_vs_sma20": -0.104668, "price_vs_sma50": -0.057465, "price_vs_sma200": -0.025601, "volatility_20d": 0.433121, "volatility_60d": 0.353823, "drawdown": -0.217742, "max_drawdown_1y": -0.309491, "volume_ratio": 1.056582, "rsi_14": 33.615819, "macd": -0.39556, "macd_signal": 0.81365, "macd_histogram": -1.20921, "bb_width": 0.19903, "bb_position": -0.087369, "stoch_k": 2.62988, "stoch_d": 8.483807, "adx": 25.542913, "atr_14": 2.330675, "last_close": 65.3, "last_date": "2026-03-05"}