{"return_1d": 0.0, "return_5d": -0.004051, "return_20d": 0.020938, "return_60d": 0.014443, "return_252d": 0.072538, "sma_20": 58.657, "sma_50": 59.0894, "sma_200": 54.946825, "price_vs_sma20": 0.005848, "price_vs_sma50": -0.001513, "price_vs_sma200": 0.073765, "volatility_20d": 0.239928, "volatility_60d": 0.241868, "drawdown": -0.098001, "max_drawdown_1y": -0.344033, "volume_ratio": 1.562163, "rsi_14": 52.162433, "macd": 0.059806, "macd_signal": -0.049251, "macd_histogram": 0.109058, "bb_width": 0.052814, "bb_position": 0.610075, "stoch_k": 80.855019, "stoch_d": 80.793061, "adx": 9.0874, "atr_14": 1.378128, "last_close": 59.0, "last_date": "2026-02-27"}