{"return_1d": 0.000898, "return_5d": -0.055932, "return_20d": -0.052399, "return_60d": -0.095779, "return_252d": -0.002964, "sma_20": 57.8855, "sma_50": 58.6318, "sma_200": 55.036075, "price_vs_sma20": -0.037756, "price_vs_sma50": -0.050004, "price_vs_sma200": 0.012063, "volatility_20d": 0.21994, "volatility_60d": 0.228229, "drawdown": -0.148452, "max_drawdown_1y": -0.344033, "volume_ratio": 0.052793, "rsi_14": 37.434874, "macd": -0.65315, "macd_signal": -0.330609, "macd_histogram": -0.322541, "bb_width": 0.087581, "bb_position": 0.051994, "stoch_k": 16.890595, "stoch_d": 21.817019, "adx": 16.488525, "atr_14": 1.447708, "last_close": 55.7, "last_date": "2026-03-06"}