{"return_1d": -0.015633, "return_5d": -0.071525, "return_20d": -0.06805, "return_60d": -0.110714, "return_252d": -0.019432, "sma_20": 57.8395, "sma_50": 58.6134, "sma_200": 55.031475, "price_vs_sma20": -0.052896, "price_vs_sma50": -0.065401, "price_vs_sma200": -0.00457, "volatility_20d": 0.224243, "volatility_60d": 0.229972, "drawdown": -0.162517, "max_drawdown_1y": -0.344033, "volume_ratio": 1.053544, "rsi_14": 33.900179, "macd": -0.72654, "macd_signal": -0.345287, "macd_histogram": -0.381253, "bb_width": 0.096004, "bb_position": -0.081755, "stoch_k": 9.482759, "stoch_d": 19.34774, "adx": 17.081504, "atr_14": 1.536279, "last_close": 54.78, "last_date": "2026-03-06"}