{"return_1d": -0.028644, "return_5d": -0.016981, "return_20d": -0.019, "return_60d": -0.029795, "return_252d": 0.025348, "sma_20": 58.6015, "sma_50": 59.0018, "sma_200": 54.969725, "price_vs_sma20": -0.022039, "price_vs_sma50": -0.028674, "price_vs_sma200": 0.042574, "volatility_20d": 0.258911, "volatility_60d": 0.246885, "drawdown": -0.123838, "max_drawdown_1y": -0.344033, "volume_ratio": 0.177844, "rsi_14": 42.126261, "macd": -0.059588, "macd_signal": -0.051319, "macd_histogram": -0.00827, "bb_width": 0.058048, "bb_position": 0.11178, "stoch_k": 49.442379, "stoch_d": 70.384139, "adx": 9.902862, "atr_14": 1.437547, "last_close": 57.31, "last_date": "2026-03-02"}