{"return_1d": -0.007117, "return_5d": -0.077008, "return_20d": -0.063409, "return_60d": -0.185137, "return_252d": -0.171643, "sma_20": 530.48, "sma_50": 571.682, "sma_200": 539.441908, "price_vs_sma20": -0.05331, "price_vs_sma50": -0.12154, "price_vs_sma200": -0.069038, "volatility_20d": 0.305245, "volatility_60d": 0.297541, "drawdown": -0.40989, "max_drawdown_1y": -0.490256, "volume_ratio": 1.08292, "rsi_14": 31.911563, "macd": -14.959809, "macd_signal": -13.052826, "macd_histogram": -1.906983, "bb_width": 0.147722, "bb_position": 0.118795, "stoch_k": 7.986348, "stoch_d": 11.990899, "adx": 31.831013, "atr_14": 16.085824, "last_close": 502.2, "last_date": "2026-03-06"}