{"return_1d": -0.01281, "return_5d": -0.091914, "return_20d": -0.069305, "return_60d": -0.198816, "return_252d": -0.18624, "sma_20": 531.935, "sma_50": 574.086, "sma_200": 539.295288, "price_vs_sma20": -0.058344, "price_vs_sma50": -0.127483, "price_vs_sma200": -0.071195, "volatility_20d": 0.306905, "volatility_60d": 0.298923, "drawdown": -0.411417, "max_drawdown_1y": -0.490257, "volume_ratio": 0.141742, "rsi_14": 31.640844, "macd": -14.37608, "macd_signal": -12.654257, "macd_histogram": -1.721823, "bb_width": 0.142134, "bb_position": 0.064084, "stoch_k": 6.211604, "stoch_d": 9.761092, "adx": 31.466597, "atr_14": 15.931437, "last_close": 500.9, "last_date": "2026-03-05"}