{"return_1d": -0.019597, "return_5d": -0.09167, "return_20d": -0.03535, "return_60d": -0.193966, "return_252d": -0.199789, "sma_20": 535.64, "sma_50": 579.27, "sma_200": 539.065357, "price_vs_sma20": -0.047308, "price_vs_sma50": -0.119064, "price_vs_sma200": -0.053362, "volatility_20d": 0.290258, "volatility_60d": 0.29168, "drawdown": -0.400372, "max_drawdown_1y": -0.490257, "volume_ratio": 0.178426, "rsi_14": 32.585012, "macd": -10.853879, "macd_signal": -11.924431, "macd_histogram": 1.070552, "bb_width": 0.112732, "bb_position": 0.059513, "stoch_k": 6.761006, "stoch_d": 28.429638, "adx": 29.879286, "atr_14": 16.081451, "last_close": 510.3, "last_date": "2026-03-03"}