{"return_1d": 0.011269, "return_5d": -0.059915, "return_20d": -0.046065, "return_60d": -0.170047, "return_252d": -0.156303, "sma_20": 530.945, "sma_50": 571.868, "sma_200": 539.488407, "price_vs_sma20": -0.036623, "price_vs_sma50": -0.105563, "price_vs_sma200": -0.05188, "volatility_20d": 0.308985, "volatility_60d": 0.298898, "drawdown": -0.398962, "max_drawdown_1y": -0.490257, "volume_ratio": 0.06141, "rsi_14": 36.35752, "macd": -14.217929, "macd_signal": -12.90445, "macd_histogram": -1.313479, "bb_width": 0.140279, "bb_position": 0.229, "stoch_k": 20.682594, "stoch_d": 16.222981, "adx": 31.831013, "atr_14": 15.442967, "last_close": 511.5, "last_date": "2026-03-06"}