{"return_1d": -0.013597, "return_5d": -0.019109, "return_20d": -0.00512, "return_60d": -0.144766, "return_252d": -0.165195, "sma_20": 537.465, "sma_50": 584.036, "sma_200": 538.763227, "price_vs_sma20": 0.012345, "price_vs_sma50": -0.068379, "price_vs_sma200": 0.009906, "volatility_20d": 0.249298, "volatility_60d": 0.278047, "drawdown": -0.360655, "max_drawdown_1y": -0.490257, "volume_ratio": 1.354384, "rsi_14": 44.681004, "macd": -7.565998, "macd_signal": -12.987368, "macd_histogram": 5.42137, "bb_width": 0.093714, "bb_position": 0.630124, "stoch_k": 55.729167, "stoch_d": 65.219907, "adx": 29.33912, "atr_14": 14.584996, "last_close": 544.1, "last_date": "2026-02-27"}