{"return_1d": 0.001863, "return_5d": -0.032743, "return_20d": 0.019824, "return_60d": 0.064891, "return_252d": 0.09172, "sma_20": 328.727175, "sma_50": 316.518056, "sma_200": 304.528065, "price_vs_sma20": -0.00203, "price_vs_sma50": 0.036465, "price_vs_sma200": 0.077273, "volatility_20d": 0.17788, "volatility_60d": 0.154886, "drawdown": -0.032743, "max_drawdown_1y": -0.106198, "volume_ratio": 0.925295, "rsi_14": 54.099128, "macd": 4.041394, "macd_signal": 4.915764, "macd_histogram": -0.874369, "bb_width": 0.050545, "bb_position": 0.459764, "stoch_k": 36.370504, "stoch_d": 43.005423, "adx": 33.520125, "atr_14": 5.644031, "last_close": 328.06, "last_date": "2026-03-06"}