{"return_1d": -0.012932, "return_5d": -0.015696, "return_20d": 0.017267, "return_60d": 0.057993, "return_252d": 0.095677, "sma_20": 328.408325, "sma_50": 316.246122, "sma_200": 304.457596, "price_vs_sma20": -0.002918, "price_vs_sma50": 0.035428, "price_vs_sma200": 0.075519, "volatility_20d": 0.17795, "volatility_60d": 0.155319, "drawdown": -0.034542, "max_drawdown_1y": -0.106198, "volume_ratio": 1.186958, "rsi_14": 53.267961, "macd": 4.539955, "macd_signal": 5.134356, "macd_histogram": -0.594401, "bb_width": 0.054, "bb_position": 0.445803, "stoch_k": 30.408799, "stoch_d": 52.294863, "adx": 35.988127, "atr_14": 5.538957, "last_close": 327.45, "last_date": "2026-03-05"}