{"return_1d": -0.018296, "return_5d": 0.000777, "return_20d": 0.062921, "return_60d": 0.113395, "return_252d": 0.105435, "sma_20": 328.483, "sma_50": 317.1584, "sma_200": 305.796172, "price_vs_sma20": 0.019292, "price_vs_sma50": 0.055687, "price_vs_sma200": 0.094912, "volatility_20d": 0.176319, "volatility_60d": 0.159446, "drawdown": -0.018296, "max_drawdown_1y": -0.106198, "volume_ratio": 1.209683, "rsi_14": 62.52359, "macd": 5.752917, "macd_signal": 5.300817, "macd_histogram": 0.452101, "bb_width": 0.065586, "bb_position": 0.788575, "stoch_k": 67.916667, "stoch_d": 84.064987, "adx": 39.565157, "atr_14": 5.59796, "last_close": 334.82, "last_date": "2026-03-02"}