{"return_1d": -0.001295, "return_5d": 0.001751, "return_20d": 0.044176, "return_60d": 0.081199, "return_252d": 0.115431, "sma_20": 328.130415, "sma_50": 315.97883, "sma_200": 304.377378, "price_vs_sma20": 0.011, "price_vs_sma50": 0.04988, "price_vs_sma200": 0.089897, "volatility_20d": 0.175114, "volatility_60d": 0.153358, "drawdown": -0.021893, "max_drawdown_1y": -0.106198, "volume_ratio": 0.669786, "rsi_14": 60.411797, "macd": 5.172373, "macd_signal": 5.282956, "macd_histogram": -0.110583, "bb_width": 0.055963, "bb_position": 0.694427, "stoch_k": 62.236965, "stoch_d": 64.797486, "adx": 38.007586, "atr_14": 5.378876, "last_close": 331.74, "last_date": "2026-03-04"}