{"return_1d": 0.018055, "return_5d": 0.034444, "return_20d": 0.079427, "return_60d": 0.121883, "return_252d": 0.145409, "sma_20": 327.4675, "sma_50": 316.7422, "sma_200": 305.636601, "price_vs_sma20": 0.040012, "price_vs_sma50": 0.075228, "price_vs_sma200": 0.114297, "volatility_20d": 0.156662, "volatility_60d": 0.154963, "drawdown": 0.0, "max_drawdown_1y": -0.106198, "volume_ratio": 0.65164, "rsi_14": 74.137823, "macd": 5.874532, "macd_signal": 5.179974, "macd_histogram": 0.694559, "bb_width": 0.070063, "bb_position": 1.04911, "stoch_k": 97.007126, "stoch_d": 87.929664, "adx": 38.931837, "atr_14": 5.453243, "last_close": 340.57, "last_date": "2026-02-27"}