{"return_1d": -0.002373, "return_5d": 0.002929, "return_20d": 0.048647, "return_60d": 0.085521, "return_252d": 0.108607, "sma_20": 327.428675, "sma_50": 315.701516, "sma_200": 304.255525, "price_vs_sma20": 0.01448, "price_vs_sma50": 0.052165, "price_vs_sma200": 0.091747, "volatility_20d": 0.174632, "volatility_60d": 0.153282, "drawdown": -0.020625, "max_drawdown_1y": -0.106198, "volume_ratio": 0.774489, "rsi_14": 61.175402, "macd": 5.467534, "macd_signal": 5.310602, "macd_histogram": 0.156932, "bb_width": 0.061204, "bb_position": 0.733217, "stoch_k": 64.238827, "stoch_d": 76.929172, "adx": 38.704915, "atr_14": 5.544944, "last_close": 332.17, "last_date": "2026-03-03"}