{"return_1d": -0.020871, "return_5d": -0.073804, "return_20d": -0.082813, "return_60d": 0.086396, "return_252d": 0.242285, "sma_20": 76.12292, "sma_50": 73.408028, "sma_200": 66.058874, "price_vs_sma20": -0.081748, "price_vs_sma50": -0.047788, "price_vs_sma200": 0.058147, "volatility_20d": 0.332391, "volatility_60d": 0.410979, "drawdown": -0.261906, "max_drawdown_1y": -0.63767, "volume_ratio": 0.776954, "rsi_14": 34.795792, "macd": -0.41153, "macd_signal": 0.636788, "macd_histogram": -1.048318, "bb_width": 0.13941, "bb_position": -0.138591, "stoch_k": 4.141369, "stoch_d": 9.537935, "adx": 22.382695, "atr_14": 2.97714, "last_close": 69.9, "last_date": "2026-03-04"}