{"return_1d": -0.004402, "return_5d": -0.034099, "return_20d": -0.053938, "return_60d": 0.405195, "return_252d": 0.286132, "sma_20": 76.808415, "sma_50": 72.952322, "sma_200": 65.872946, "price_vs_sma20": -0.028231, "price_vs_sma50": 0.023134, "price_vs_sma200": 0.13309, "volatility_20d": 0.356069, "volatility_60d": 0.481806, "drawdown": -0.211855, "max_drawdown_1y": -0.63767, "volume_ratio": 1.033468, "rsi_14": 47.01277, "macd": 0.605096, "macd_signal": 1.297946, "macd_histogram": -0.692849, "bb_width": 0.082647, "bb_position": 0.148486, "stoch_k": 22.007001, "stoch_d": 22.600609, "adx": 25.4252, "atr_14": 2.945781, "last_close": 74.64, "last_date": "2026-02-27"}