{"return_1d": -0.004421, "return_5d": -0.029896, "return_20d": -0.015443, "return_60d": 0.318067, "return_252d": 0.339851, "sma_20": 76.750135, "sma_50": 73.128236, "sma_200": 65.942042, "price_vs_sma20": -0.031793, "price_vs_sma50": 0.01616, "price_vs_sma200": 0.126899, "volatility_20d": 0.322074, "volatility_60d": 0.468248, "drawdown": -0.21534, "max_drawdown_1y": -0.63767, "volume_ratio": 0.550461, "rsi_14": 45.988592, "macd": 0.407424, "macd_signal": 1.119841, "macd_histogram": -0.712417, "bb_width": 0.086767, "bb_position": 0.121547, "stoch_k": 18.876694, "stoch_d": 20.419604, "adx": 23.671046, "atr_14": 2.897511, "last_close": 74.31, "last_date": "2026-03-02"}