{"return_1d": -0.044831, "return_5d": -0.132235, "return_20d": -0.165154, "return_60d": -0.032645, "return_252d": 0.118493, "sma_20": 74.984155, "sma_50": 73.451982, "sma_200": 66.130553, "price_vs_sma20": -0.136218, "price_vs_sma50": -0.118199, "price_vs_sma200": -0.020574, "volatility_20d": 0.35713, "volatility_60d": 0.422477, "drawdown": -0.316075, "max_drawdown_1y": -0.63767, "volume_ratio": 1.254129, "rsi_14": 26.071674, "macd": -1.528636, "macd_signal": -0.043418, "macd_histogram": -1.485218, "bb_width": 0.233498, "bb_position": -0.175376, "stoch_k": 3.550462, "stoch_d": 4.76725, "adx": 23.897185, "atr_14": 3.063044, "last_close": 64.77, "last_date": "2026-03-06"}