{"return_1d": -0.039295, "return_5d": -0.059792, "return_20d": -0.080298, "return_60d": 0.128915, "return_252d": 0.249149, "sma_20": 76.438485, "sma_50": 73.283728, "sma_200": 66.004547, "price_vs_sma20": -0.066046, "price_vs_sma50": -0.025841, "price_vs_sma200": 0.081592, "volatility_20d": 0.330728, "volatility_60d": 0.40949, "drawdown": -0.246173, "max_drawdown_1y": -0.63767, "volume_ratio": 0.972838, "rsi_14": 38.08285, "macd": 0.014975, "macd_signal": 0.898868, "macd_histogram": -0.883893, "bb_width": 0.110645, "bb_position": -0.139133, "stoch_k": 5.595741, "stoch_d": 15.493145, "adx": 22.744937, "atr_14": 2.947689, "last_close": 71.39, "last_date": "2026-03-03"}