{"return_1d": 0.00446, "return_5d": 0.044797, "return_20d": 0.193169, "return_60d": 0.19534, "return_252d": 0.604205, "sma_20": 935.67648, "sma_50": 868.566746, "sma_200": 776.096118, "price_vs_sma20": 0.059073, "price_vs_sma50": 0.140903, "price_vs_sma200": 0.276839, "volatility_20d": 0.643554, "volatility_60d": 0.394722, "drawdown": 0.0, "max_drawdown_1y": -0.105174, "volume_ratio": 0.584946, "rsi_14": 70.733592, "macd": 33.398187, "macd_signal": 30.749545, "macd_histogram": 2.648642, "bb_width": 0.178548, "bb_position": 0.8124, "stoch_k": 95.929775, "stoch_d": 97.506327, "adx": 27.597421, "atr_14": 23.076322, "last_close": 990.95, "last_date": "2026-03-02"}