{"return_1d": 0.007337, "return_5d": 0.036011, "return_20d": 0.193725, "return_60d": 0.145538, "return_252d": 0.580696, "sma_20": 928.1375, "sma_50": 865.537, "sma_200": 775.181676, "price_vs_sma20": 0.057602, "price_vs_sma50": 0.134094, "price_vs_sma200": 0.266284, "volatility_20d": 0.643212, "volatility_60d": 0.400683, "drawdown": 0.0, "max_drawdown_1y": -0.105174, "volume_ratio": 0.34338, "rsi_14": 69.085767, "macd": 32.058286, "macd_signal": 30.020335, "macd_histogram": 2.037951, "bb_width": 0.193882, "bb_position": 0.780916, "stoch_k": 98.316495, "stoch_d": 95.666908, "adx": 26.184413, "atr_14": 23.367915, "last_close": 981.6, "last_date": "2026-02-27"}