{"return_1d": 0.013259, "return_5d": 0.042101, "return_20d": 0.200742, "return_60d": 0.152272, "return_252d": 0.589988, "sma_20": 928.426, "sma_50": 865.6524, "sma_200": 775.210524, "price_vs_sma20": 0.063488, "price_vs_sma50": 0.140608, "price_vs_sma200": 0.27368, "volatility_20d": 0.643277, "volatility_60d": 0.401168, "drawdown": 0.0, "max_drawdown_1y": -0.105174, "volume_ratio": 1.173656, "rsi_14": 70.012484, "macd": 32.518571, "macd_signal": 30.112392, "macd_histogram": 2.406179, "bb_width": 0.194125, "bb_position": 0.807523, "stoch_k": 100.0, "stoch_d": 96.228076, "adx": 26.313601, "atr_14": 23.696493, "last_close": 987.37, "last_date": "2026-02-27"}