{"return_1d": -0.012981, "return_5d": -0.068207, "return_20d": -0.03944, "return_60d": 0.153014, "return_252d": 0.442877, "sma_20": 953.199875, "sma_50": 880.006424, "sma_200": 781.078955, "price_vs_sma20": -0.035606, "price_vs_sma50": 0.044606, "price_vs_sma200": 0.17691, "volatility_20d": 0.304502, "volatility_60d": 0.404511, "drawdown": -0.076761, "max_drawdown_1y": -0.105174, "volume_ratio": 1.148186, "rsi_14": 47.506427, "macd": 22.567854, "macd_signal": 29.267744, "macd_histogram": -6.69989, "bb_width": 0.096577, "bb_position": 0.117706, "stoch_k": 10.635437, "stoch_d": 37.150244, "adx": 26.308154, "atr_14": 25.207594, "last_close": 919.26, "last_date": "2026-03-06"}