{"return_1d": -0.017054, "return_5d": 0.016905, "return_20d": 0.150864, "return_60d": 0.20308, "return_252d": 0.524487, "sma_20": 949.585475, "sma_50": 875.740006, "sma_200": 779.050255, "price_vs_sma20": 0.030671, "price_vs_sma50": 0.117581, "price_vs_sma200": 0.256286, "volatility_20d": 0.649431, "volatility_60d": 0.390881, "drawdown": -0.017054, "max_drawdown_1y": -0.105174, "volume_ratio": 0.625866, "rsi_14": 64.74869, "macd": 32.917385, "macd_signal": 31.720149, "macd_histogram": 1.197236, "bb_width": 0.145561, "bb_position": 0.704438, "stoch_k": 80.704289, "stoch_d": 91.162089, "adx": 28.925554, "atr_14": 22.934073, "last_close": 978.71, "last_date": "2026-03-04"}