{"return_1d": 0.004783, "return_5d": 0.040902, "return_20d": 0.177207, "return_60d": 0.237341, "return_252d": 0.563013, "sma_20": 943.17063, "sma_50": 872.363542, "sma_200": 777.676594, "price_vs_sma20": 0.055684, "price_vs_sma50": 0.14137, "price_vs_sma200": 0.280339, "volatility_20d": 0.642895, "volatility_60d": 0.388841, "drawdown": 0.0, "max_drawdown_1y": -0.105174, "volume_ratio": 0.640449, "rsi_14": 71.527868, "macd": 34.106019, "macd_signal": 31.42084, "macd_histogram": 2.685179, "bb_width": 0.164497, "bb_position": 0.820655, "stoch_k": 96.852203, "stoch_d": 97.593993, "adx": 28.286082, "atr_14": 23.285156, "last_close": 995.69, "last_date": "2026-03-03"}