{"return_1d": 0.004085, "return_5d": -0.009632, "return_20d": 0.033406, "return_60d": -0.029027, "return_252d": -0.013434, "sma_20": 449.247775, "sma_50": 489.653394, "sma_200": 489.963968, "price_vs_sma20": 0.050578, "price_vs_sma50": -0.036114, "price_vs_sma200": -0.036725, "volatility_20d": 0.437166, "volatility_60d": 0.359419, "drawdown": -0.123459, "max_drawdown_1y": -0.24652, "volume_ratio": 0.761501, "rsi_14": 52.283157, "macd": -3.086541, "macd_signal": -8.379891, "macd_histogram": 5.293349, "bb_width": 0.177975, "bb_position": 0.770506, "stoch_k": 82.697537, "stoch_d": 83.04527, "adx": 25.5518, "atr_14": 14.545316, "last_close": 471.97, "last_date": "2026-03-06"}