{"return_1d": 0.014452, "return_5d": 0.018685, "return_20d": 0.002076, "return_60d": -0.035654, "return_252d": -0.054313, "sma_20": 447.993185, "sma_50": 491.02391, "sma_200": 490.129788, "price_vs_sma20": 0.051378, "price_vs_sma50": -0.04076, "price_vs_sma200": -0.03901, "volatility_20d": 0.44542, "volatility_60d": 0.362597, "drawdown": -0.125242, "max_drawdown_1y": -0.24652, "volume_ratio": 0.696012, "rsi_14": 51.83892, "macd": -5.241053, "macd_signal": -11.09269, "macd_histogram": 5.851637, "bb_width": 0.17001, "bb_position": 0.787435, "stoch_k": 85.433566, "stoch_d": 80.678909, "adx": 28.375616, "atr_14": 15.006107, "last_close": 471.01, "last_date": "2026-03-04"}