{"return_1d": -0.010522, "return_5d": 0.05941, "return_20d": -0.079591, "return_60d": -0.026301, "return_252d": -0.04253, "sma_20": 453.76425, "sma_50": 493.7273, "sma_200": 491.365132, "price_vs_sma20": 0.045532, "price_vs_sma50": -0.039095, "price_vs_sma200": -0.034476, "volatility_20d": 0.540427, "volatility_60d": 0.359615, "drawdown": -0.1208, "max_drawdown_1y": -0.24652, "volume_ratio": 0.531915, "rsi_14": 52.812696, "macd": -9.354498, "macd_signal": -15.697448, "macd_histogram": 6.34295, "bb_width": 0.237339, "bb_position": 0.683488, "stoch_k": 88.369672, "stoch_d": 91.062455, "adx": 33.234552, "atr_14": 15.431409, "last_close": 474.425, "last_date": "2026-02-27"}