{"return_1d": -0.003921, "return_5d": 0.066478, "return_20d": -0.07345, "return_60d": -0.019805, "return_252d": -0.036142, "sma_20": 453.9225, "sma_50": 493.7906, "sma_200": 491.380957, "price_vs_sma20": 0.05214, "price_vs_sma50": -0.032809, "price_vs_sma200": -0.028066, "volatility_20d": 0.539809, "volatility_60d": 0.359059, "drawdown": -0.114935, "max_drawdown_1y": -0.24652, "volume_ratio": 0.92546, "rsi_14": 54.146714, "macd": -9.10202, "macd_signal": -15.646952, "macd_histogram": 6.544932, "bb_width": 0.236808, "bb_position": 0.709267, "stoch_k": 92.246448, "stoch_d": 92.354714, "adx": 33.234552, "atr_14": 15.431052, "last_close": 477.59, "last_date": "2026-02-27"}