{"return_1d": -0.003862, "return_5d": 0.028136, "return_20d": -0.10008, "return_60d": -0.05428, "return_252d": -0.071374, "sma_20": 447.94439, "sma_50": 491.536042, "sma_200": 490.192268, "price_vs_sma20": 0.036513, "price_vs_sma50": -0.05541, "price_vs_sma200": -0.052821, "volatility_20d": 0.542977, "volatility_60d": 0.361403, "drawdown": -0.137704, "max_drawdown_1y": -0.24652, "volume_ratio": 0.87267, "rsi_14": 48.922201, "macd": -6.661044, "macd_signal": -12.555599, "macd_histogram": 5.894556, "bb_width": 0.171993, "bb_position": 0.704813, "stoch_k": 77.196799, "stoch_d": 82.949851, "adx": 30.060402, "atr_14": 15.218884, "last_close": 464.3, "last_date": "2026-03-03"}