{"return_1d": -0.002038, "return_5d": -0.017528, "return_20d": 0.02137, "return_60d": -0.051227, "return_252d": -0.015651, "sma_20": 448.48492, "sma_50": 490.38501, "sma_200": 490.050029, "price_vs_sma20": 0.048084, "price_vs_sma50": -0.041467, "price_vs_sma200": -0.040812, "volatility_20d": 0.438397, "volatility_60d": 0.361314, "drawdown": -0.127025, "max_drawdown_1y": -0.24652, "volume_ratio": 0.981189, "rsi_14": 51.386807, "macd": -4.145379, "macd_signal": -9.703228, "macd_histogram": 5.557849, "bb_width": 0.173853, "bb_position": 0.763891, "stoch_k": 81.004708, "stoch_d": 81.211691, "adx": 26.713214, "atr_14": 14.724956, "last_close": 470.05, "last_date": "2026-03-05"}