{"return_1d": -0.021949, "return_5d": 0.068627, "return_20d": -0.093981, "return_60d": -0.042499, "return_252d": -0.046797, "sma_20": 450.526135, "sma_50": 492.208918, "sma_200": 490.247222, "price_vs_sma20": 0.034568, "price_vs_sma50": -0.053044, "price_vs_sma200": -0.049255, "volatility_20d": 0.543643, "volatility_60d": 0.36183, "drawdown": -0.134361, "max_drawdown_1y": -0.24652, "volume_ratio": 0.987968, "rsi_14": 49.671528, "macd": -7.693381, "macd_signal": -14.029238, "macd_histogram": 6.335858, "bb_width": 0.211897, "bb_position": 0.657686, "stoch_k": 79.406364, "stoch_d": 89.574214, "adx": 31.319457, "atr_14": 15.26649, "last_close": 466.1, "last_date": "2026-03-02"}