{"return_1d": 0.027361, "return_5d": 0.047279, "return_20d": 0.074507, "return_60d": 0.101896, "return_252d": 0.001188, "sma_20": 60.2095, "sma_50": 57.29883, "sma_200": 60.647182, "price_vs_sma20": 0.022762, "price_vs_sma50": 0.074717, "price_vs_sma200": 0.015381, "volatility_20d": 0.269817, "volatility_60d": 0.230047, "drawdown": -0.152821, "max_drawdown_1y": -0.291358, "volume_ratio": 1.097503, "rsi_14": 60.349628, "macd": 0.827909, "macd_signal": 0.95198, "macd_histogram": -0.124071, "bb_width": 0.071823, "bb_position": 0.809869, "stoch_k": 74.476987, "stoch_d": 52.859135, "adx": 19.519458, "atr_14": 1.476519, "last_close": 61.58, "last_date": "2026-02-27"}