{"return_1d": -0.00869, "return_5d": -0.029363, "return_20d": -0.020539, "return_60d": 0.069306, "return_252d": -0.080748, "sma_20": 60.212, "sma_50": 57.718634, "sma_200": 60.567664, "price_vs_sma20": -0.033747, "price_vs_sma50": 0.007993, "price_vs_sma200": -0.039421, "volatility_20d": 0.289859, "volatility_60d": 0.238669, "drawdown": -0.199596, "max_drawdown_1y": -0.291358, "volume_ratio": 1.269126, "rsi_14": 44.656091, "macd": 0.271956, "macd_signal": 0.670428, "macd_histogram": -0.398472, "bb_width": 0.079092, "bb_position": 0.05841, "stoch_k": 10.116732, "stoch_d": 13.274615, "adx": 16.98451, "atr_14": 1.418488, "last_close": 58.18, "last_date": "2026-03-05"}