{"return_1d": -0.001361, "return_5d": -0.023786, "return_20d": -0.013116, "return_60d": 0.061475, "return_252d": -0.079598, "sma_20": 60.273, "sma_50": 57.63509, "sma_200": 60.595575, "price_vs_sma20": -0.026264, "price_vs_sma50": 0.018303, "price_vs_sma200": -0.031447, "volatility_20d": 0.288396, "volatility_60d": 0.240416, "drawdown": -0.19258, "max_drawdown_1y": -0.291358, "volume_ratio": 1.087577, "rsi_14": 46.767942, "macd": 0.4396, "macd_signal": 0.770046, "macd_histogram": -0.330445, "bb_width": 0.072967, "bb_position": 0.130349, "stoch_k": 14.016736, "stoch_d": 26.778243, "adx": 17.339559, "atr_14": 1.448372, "last_close": 58.69, "last_date": "2026-03-04"}