{"return_1d": 0.022189, "return_5d": 0.042007, "return_20d": 0.069098, "return_60d": 0.096349, "return_252d": -0.003852, "sma_20": 60.194, "sma_50": 57.29263, "sma_200": 60.645632, "price_vs_sma20": 0.017876, "price_vs_sma50": 0.069422, "price_vs_sma200": 0.010295, "volatility_20d": 0.264381, "volatility_60d": 0.227819, "drawdown": -0.157086, "max_drawdown_1y": -0.291358, "volume_ratio": 0.424032, "rsi_14": 59.225142, "macd": 0.80318, "macd_signal": 0.947034, "macd_histogram": -0.143854, "bb_width": 0.071058, "bb_position": 0.747146, "stoch_k": 67.991632, "stoch_d": 50.69735, "adx": 19.519459, "atr_14": 1.476876, "last_close": 61.27, "last_date": "2026-02-27"}