{"return_1d": -0.018513, "return_5d": 0.000994, "return_20d": 0.033692, "return_60d": 0.089417, "return_252d": -0.025487, "sma_20": 60.308, "sma_50": 57.438076, "sma_200": 60.636331, "price_vs_sma20": 0.002189, "price_vs_sma50": 0.052264, "price_vs_sma200": -0.003238, "volatility_20d": 0.273421, "volatility_60d": 0.233058, "drawdown": -0.168504, "max_drawdown_1y": -0.291358, "volume_ratio": 0.582393, "rsi_14": 54.407422, "macd": 0.777121, "macd_signal": 0.917008, "macd_histogram": -0.139887, "bb_width": 0.068275, "bb_position": 0.531988, "stoch_k": 50.627615, "stoch_d": 55.090656, "adx": 19.38005, "atr_14": 1.46391, "last_close": 60.44, "last_date": "2026-03-02"}