{"return_1d": 0.003781, "return_5d": -0.05164, "return_20d": -0.03167, "return_60d": 0.076289, "return_252d": -0.091328, "sma_20": 60.1165, "sma_50": 57.810342, "sma_200": 60.538901, "price_vs_sma20": -0.028553, "price_vs_sma50": 0.0102, "price_vs_sma200": -0.035331, "volatility_20d": 0.284144, "volatility_60d": 0.238581, "drawdown": -0.196569, "max_drawdown_1y": -0.291358, "volume_ratio": 0.941625, "rsi_14": 45.79321, "macd": 0.155062, "macd_signal": 0.567355, "macd_histogram": -0.412293, "bb_width": 0.083268, "bb_position": 0.147018, "stoch_k": 19.301471, "stoch_d": 14.478313, "adx": 16.871987, "atr_14": 1.405739, "last_close": 58.4, "last_date": "2026-03-06"}