{"return_1d": -0.027631, "return_5d": -0.038606, "return_20d": 0.001363, "return_60d": 0.058558, "return_252d": -0.056101, "sma_20": 60.312, "sma_50": 57.546896, "sma_200": 60.620058, "price_vs_sma20": -0.025567, "price_vs_sma50": 0.021254, "price_vs_sma200": -0.030519, "volatility_20d": 0.292477, "volatility_60d": 0.240602, "drawdown": -0.191479, "max_drawdown_1y": -0.291358, "volume_ratio": 0.915102, "rsi_14": 47.092333, "macd": 0.595254, "macd_signal": 0.852657, "macd_histogram": -0.257403, "bb_width": 0.069796, "bb_position": 0.12408, "stoch_k": 15.690377, "stoch_d": 46.93166, "adx": 18.121664, "atr_14": 1.483631, "last_close": 58.77, "last_date": "2026-03-03"}