{"return_1d": -0.022686, "return_5d": -0.06922, "return_20d": -0.117047, "return_60d": -0.09571, "return_252d": -0.003113, "sma_20": 97.889, "sma_50": 98.63937, "sma_200": 93.32402, "price_vs_sma20": -0.071397, "price_vs_sma50": -0.078461, "price_vs_sma200": -0.025974, "volatility_20d": 0.215937, "volatility_60d": 0.197269, "drawdown": -0.226816, "max_drawdown_1y": -0.329455, "volume_ratio": 1.228468, "rsi_14": 27.649805, "macd": -1.601365, "macd_signal": -0.899957, "macd_histogram": -0.701407, "bb_width": 0.124691, "bb_position": -0.116619, "stoch_k": 8.286039, "stoch_d": 5.86539, "adx": 23.477513, "atr_14": 2.201241, "last_close": 90.9, "last_date": "2026-03-06"}