{"return_1d": 0.006493, "return_5d": 0.008259, "return_20d": -0.033069, "return_60d": -0.048015, "return_252d": 0.11217, "sma_20": 99.855, "sma_50": 98.898116, "sma_200": 93.047733, "price_vs_sma20": -0.021982, "price_vs_sma50": -0.012519, "price_vs_sma200": 0.049569, "volatility_20d": 0.209283, "volatility_60d": 0.182866, "drawdown": -0.169316, "max_drawdown_1y": -0.329455, "volume_ratio": 0.895734, "rsi_14": 44.754012, "macd": -0.782819, "macd_signal": -0.387054, "macd_histogram": -0.395765, "bb_width": 0.101215, "bb_position": 0.277939, "stoch_k": 26.568266, "stoch_d": 19.297166, "adx": 20.756741, "atr_14": 2.114277, "last_close": 97.66, "last_date": "2026-02-27"}