{"return_1d": 0.004505, "return_5d": -0.005172, "return_20d": -0.047203, "return_60d": -0.031449, "return_252d": 0.115211, "sma_20": 99.612, "sma_50": 98.919982, "sma_200": 93.122425, "price_vs_sma20": -0.015179, "price_vs_sma50": -0.008289, "price_vs_sma200": 0.053452, "volatility_20d": 0.195692, "volatility_60d": 0.181466, "drawdown": -0.165574, "max_drawdown_1y": -0.329455, "volume_ratio": 0.699105, "rsi_14": 46.63883, "macd": -0.730104, "macd_signal": -0.455664, "macd_histogram": -0.27444, "bb_width": 0.097515, "bb_position": 0.341944, "stoch_k": 34.165572, "stoch_d": 26.426431, "adx": 20.096419, "atr_14": 2.1104, "last_close": 98.1, "last_date": "2026-03-02"}