{"return_1d": -0.011478, "return_5d": -0.010864, "return_20d": -0.073464, "return_60d": -0.055761, "return_252d": 0.045762, "sma_20": 98.933, "sma_50": 98.859308, "sma_200": 93.251672, "price_vs_sma20": -0.033689, "price_vs_sma50": -0.032969, "price_vs_sma200": 0.025183, "volatility_20d": 0.200276, "volatility_60d": 0.184938, "drawdown": -0.186838, "max_drawdown_1y": -0.329455, "volume_ratio": 0.809067, "rsi_14": 38.357878, "macd": -0.918891, "macd_signal": -0.602021, "macd_histogram": -0.316869, "bb_width": 0.096941, "bb_position": 0.140359, "stoch_k": 2.538787, "stoch_d": 17.988471, "adx": 20.033334, "atr_14": 2.065345, "last_close": 95.6, "last_date": "2026-03-04"}