{"return_1d": 0.009593, "return_5d": -0.119833, "return_20d": -0.207633, "return_60d": -0.148686, "return_252d": -0.200242, "sma_20": 1977.906, "sma_50": 2042.407802, "sma_200": 2256.883653, "price_vs_sma20": -0.111394, "price_vs_sma50": -0.139457, "price_vs_sma200": -0.221236, "volatility_20d": 0.436667, "volatility_60d": 0.41417, "drawdown": -0.327533, "max_drawdown_1y": -0.333923, "volume_ratio": 1.172346, "rsi_14": 30.41265, "macd": -79.194435, "macd_signal": -49.871479, "macd_histogram": -29.322956, "bb_width": 0.257475, "bb_position": 0.013128, "stoch_k": 22.481839, "stoch_d": 22.0054, "adx": 27.653826, "atr_14": 89.653706, "last_close": 1757.58, "last_date": "2026-02-27"}