{"return_1d": 0.006405, "return_5d": 0.022678, "return_20d": -0.132708, "return_60d": -0.138433, "return_252d": -0.135693, "sma_20": 1907.541505, "sma_50": 2026.974402, "sma_200": 2240.833003, "price_vs_sma20": -0.066673, "price_vs_sma50": -0.121666, "price_vs_sma200": -0.205492, "volatility_20d": 0.467096, "volatility_60d": 0.417393, "drawdown": -0.318817, "max_drawdown_1y": -0.344203, "volume_ratio": 0.691263, "rsi_14": 36.886508, "macd": -87.734628, "macd_signal": -72.277033, "macd_histogram": -15.457595, "bb_width": 0.26182, "bb_position": 0.227157, "stoch_k": 32.040241, "stoch_d": 23.338715, "adx": 32.198881, "atr_14": 87.678219, "last_close": 1780.36, "last_date": "2026-03-05"}