{"return_1d": 0.004699, "return_5d": -0.124099, "return_20d": -0.211474, "return_60d": -0.152813, "return_252d": -0.204119, "sma_20": 1977.480005, "sma_50": 2042.237404, "sma_200": 2256.841053, "price_vs_sma20": -0.115511, "price_vs_sma50": -0.143557, "price_vs_sma200": -0.224996, "volatility_20d": 0.433914, "volatility_60d": 0.413689, "drawdown": -0.330793, "max_drawdown_1y": -0.333923, "volume_ratio": 0.874788, "rsi_14": 29.420607, "macd": -79.874085, "macd_signal": -50.007409, "macd_histogram": -29.866676, "bb_width": 0.260655, "bb_position": -0.00103, "stoch_k": 20.628317, "stoch_d": 21.387559, "adx": 27.653826, "atr_14": 89.653706, "last_close": 1749.0601, "last_date": "2026-02-27"}