{"return_1d": -0.035447, "return_5d": -0.108475, "return_20d": -0.201754, "return_60d": -0.19144, "return_252d": -0.192217, "sma_20": 1937.706, "sma_50": 2035.228002, "sma_200": 2248.943102, "price_vs_sma20": -0.115444, "price_vs_sma50": -0.157829, "price_vs_sma200": -0.23786, "volatility_20d": 0.444787, "volatility_60d": 0.416602, "drawdown": -0.344203, "max_drawdown_1y": -0.344203, "volume_ratio": 1.354905, "rsi_14": 29.317964, "macd": -89.677918, "macd_signal": -63.098783, "macd_histogram": -26.579135, "bb_width": 0.274218, "bb_position": 0.024063, "stoch_k": 13.003092, "stoch_d": 20.730544, "adx": 31.432927, "atr_14": 92.138349, "last_close": 1714.01, "last_date": "2026-03-03"}