{"return_1d": 0.011049, "return_5d": -0.046909, "return_20d": -0.172638, "return_60d": -0.160172, "return_252d": -0.165649, "sma_20": 1959.3665, "sma_50": 2039.273402, "sma_200": 2253.193053, "price_vs_sma20": -0.093074, "price_vs_sma50": -0.128611, "price_vs_sma200": -0.211341, "volatility_20d": 0.436404, "volatility_60d": 0.411248, "drawdown": -0.320103, "max_drawdown_1y": -0.333923, "volume_ratio": 1.187971, "rsi_14": 32.73352, "macd": -82.784082, "macd_signal": -56.453999, "macd_histogram": -26.330083, "bb_width": 0.256954, "bb_position": 0.100605, "stoch_k": 26.706702, "stoch_d": 22.679087, "adx": 29.553121, "atr_14": 90.241299, "last_close": 1777.0, "last_date": "2026-03-02"}