{"return_1d": 0.0321, "return_5d": 0.000747, "return_20d": -0.157565, "return_60d": -0.173181, "return_252d": -0.145565, "sma_20": 1921.162505, "sma_50": 2031.319402, "sma_200": 2244.855803, "price_vs_sma20": -0.079188, "price_vs_sma50": -0.129123, "price_vs_sma200": -0.211963, "volatility_20d": 0.467607, "volatility_60d": 0.422107, "drawdown": -0.323152, "max_drawdown_1y": -0.344203, "volume_ratio": 0.721342, "rsi_14": 35.635513, "macd": -89.668042, "macd_signal": -68.412635, "macd_histogram": -21.255407, "bb_width": 0.264083, "bb_position": 0.174353, "stoch_k": 24.972811, "stoch_d": 21.560869, "adx": 32.011591, "atr_14": 90.913467, "last_close": 1769.03, "last_date": "2026-03-04"}