{"return_1d": 0.008945, "return_5d": -0.026424, "return_20d": -0.046554, "return_60d": -0.053628, "return_252d": -0.119, "sma_20": 76.28, "sma_50": 77.430798, "sma_200": 77.596512, "price_vs_sma20": -0.038804, "price_vs_sma50": -0.05309, "price_vs_sma200": -0.055112, "volatility_20d": 0.338753, "volatility_60d": 0.27087, "drawdown": -0.138968, "max_drawdown_1y": -0.219728, "volume_ratio": 0.726409, "rsi_14": 40.835101, "macd": -1.14631, "macd_signal": -0.665409, "macd_histogram": -0.4809, "bb_width": 0.11741, "bb_position": 0.156154, "stoch_k": 37.029703, "stoch_d": 31.341254, "adx": 22.508553, "atr_14": 2.409636, "last_close": 73.32, "last_date": "2026-03-04"}