{"return_1d": -0.007783, "return_5d": -0.035439, "return_20d": -0.083167, "return_60d": -0.055725, "return_252d": -0.131674, "sma_20": 76.459, "sma_50": 77.58697, "sma_200": 77.623474, "price_vs_sma20": -0.049556, "price_vs_sma50": -0.063374, "price_vs_sma200": -0.063814, "volatility_20d": 0.349649, "volatility_60d": 0.270566, "drawdown": -0.146601, "max_drawdown_1y": -0.219728, "volume_ratio": 1.386705, "rsi_14": 38.37196, "macd": -1.07806, "macd_signal": -0.545184, "macd_histogram": -0.532876, "bb_width": 0.112546, "bb_position": 0.036726, "stoch_k": 30.594059, "stoch_d": 20.898061, "adx": 22.146257, "atr_14": 2.478839, "last_close": 72.67, "last_date": "2026-03-03"}