{"return_1d": 0.016234, "return_5d": -0.026582, "return_20d": -0.064848, "return_60d": -0.032845, "return_252d": -0.102685, "sma_20": 76.7886, "sma_50": 77.772426, "sma_200": 77.651194, "price_vs_sma20": -0.046213, "price_vs_sma50": -0.058278, "price_vs_sma200": -0.056808, "volatility_20d": 0.353934, "volatility_60d": 0.2724, "drawdown": -0.139907, "max_drawdown_1y": -0.219728, "volume_ratio": 0.904134, "rsi_14": 39.718421, "macd": -0.909087, "macd_signal": -0.411965, "macd_histogram": -0.497122, "bb_width": 0.105721, "bb_position": 0.041702, "stoch_k": 26.4, "stoch_d": 24.675197, "adx": 21.043799, "atr_14": 2.38798, "last_close": 73.24, "last_date": "2026-03-02"}