{"return_1d": -0.050961, "return_5d": -0.088875, "return_20d": -0.072141, "return_60d": -0.048794, "return_252d": -0.100867, "sma_20": 77.04254, "sma_50": 77.941518, "sma_200": 77.681979, "price_vs_sma20": -0.064543, "price_vs_sma50": -0.075332, "price_vs_sma200": -0.072243, "volatility_20d": 0.349277, "volatility_60d": 0.270182, "drawdown": -0.153647, "max_drawdown_1y": -0.219728, "volume_ratio": 1.988247, "rsi_14": 35.397722, "macd": -0.738228, "macd_signal": -0.287685, "macd_histogram": -0.450543, "bb_width": 0.098819, "bb_position": -0.198204, "stoch_k": 5.700124, "stoch_d": 24.06025, "adx": 20.352602, "atr_14": 2.356286, "last_close": 72.07, "last_date": "2026-02-27"}