{"return_1d": -0.015218, "return_5d": -0.00333, "return_20d": -0.046336, "return_60d": -0.080046, "return_252d": -0.115808, "sma_20": 75.852, "sma_50": 77.393, "sma_200": 78.022393, "price_vs_sma20": -0.053024, "price_vs_sma50": -0.07188, "price_vs_sma200": -0.079367, "volatility_20d": 0.315637, "volatility_60d": 0.275106, "drawdown": -0.162467, "max_drawdown_1y": -0.219728, "volume_ratio": 0.910554, "rsi_14": 36.735536, "macd": -1.430043, "macd_signal": -0.993041, "macd_histogram": -0.437002, "bb_width": 0.13412, "bb_position": 0.082512, "stoch_k": 22.507404, "stoch_d": 30.934811, "adx": 23.8635, "atr_14": 2.432628, "last_close": 71.83, "last_date": "2026-03-06"}