{"return_1d": -0.010723, "return_5d": 0.005418, "return_20d": -0.012586, "return_60d": -0.018282, "return_252d": 0.035395, "sma_20": 654.66, "sma_50": 656.8382, "sma_200": 690.804413, "price_vs_sma20": 0.009028, "price_vs_sma50": 0.005681, "price_vs_sma200": -0.043767, "volatility_20d": 0.238148, "volatility_60d": 0.337054, "drawdown": -0.162589, "max_drawdown_1y": -0.341508, "volume_ratio": 1.038699, "rsi_14": 51.711416, "macd": -0.738709, "macd_signal": -1.961526, "macd_histogram": 1.222817, "bb_width": 0.0711, "bb_position": 0.625834, "stoch_k": 72.658001, "stoch_d": 69.351598, "adx": 12.542429, "atr_14": 19.679081, "last_close": 660.57, "last_date": "2026-03-05"}