{"return_1d": 0.0083, "return_5d": 0.025594, "return_20d": -0.087844, "return_60d": 0.010807, "return_252d": -0.003979, "sma_20": 658.846, "sma_50": 656.625, "sma_200": 690.583485, "price_vs_sma20": -0.008023, "price_vs_sma50": -0.004668, "price_vs_sma200": -0.053612, "volatility_20d": 0.260097, "volatility_60d": 0.344142, "drawdown": -0.171475, "max_drawdown_1y": -0.341508, "volume_ratio": 0.739832, "rsi_14": 49.314989, "macd": -3.194165, "macd_signal": -2.460488, "macd_histogram": -0.733677, "bb_width": 0.109965, "bb_position": 0.426449, "stoch_k": 48.4, "stoch_d": 45.677689, "adx": 12.633605, "atr_14": 19.740363, "last_close": 653.56, "last_date": "2026-03-02"}