{"return_1d": -0.023782, "return_5d": -0.005122, "return_20d": -0.037824, "return_60d": -0.032115, "return_252d": -0.014588, "sma_20": 653.3925, "sma_50": 656.5054, "sma_200": 690.833789, "price_vs_sma20": -0.013059, "price_vs_sma50": -0.017738, "price_vs_sma200": -0.066548, "volatility_20d": 0.251754, "volatility_60d": 0.339976, "drawdown": -0.182504, "max_drawdown_1y": -0.341508, "volume_ratio": 1.040339, "rsi_14": 45.708233, "macd": -1.548946, "macd_signal": -1.87901, "macd_histogram": 0.330064, "bb_width": 0.070444, "bb_position": 0.312169, "stoch_k": 37.449574, "stoch_d": 64.274799, "adx": 11.717346, "atr_14": 20.020575, "last_close": 644.86, "last_date": "2026-03-06"}