{"return_1d": 0.002326, "return_5d": 0.024683, "return_20d": -0.072663, "return_60d": 0.025038, "return_252d": -0.016543, "sma_20": 656.2795, "sma_50": 656.7366, "sma_200": 690.569525, "price_vs_sma20": -0.001828, "price_vs_sma50": -0.002522, "price_vs_sma200": -0.051392, "volatility_20d": 0.258562, "volatility_60d": 0.343251, "drawdown": -0.169548, "max_drawdown_1y": -0.341508, "volume_ratio": 0.931337, "rsi_14": 49.919374, "macd": -2.711524, "macd_signal": -2.510695, "macd_histogram": -0.200829, "bb_width": 0.087175, "bb_position": 0.478995, "stoch_k": 52.679969, "stoch_d": 45.797505, "adx": 12.293228, "atr_14": 19.773195, "last_close": 655.08, "last_date": "2026-03-03"}