{"return_1d": -0.016943, "return_5d": -0.007857, "return_20d": 0.00937, "return_60d": 0.083219, "return_252d": 0.153831, "sma_20": 300.6985, "sma_50": 294.6478, "sma_200": 274.252343, "price_vs_sma20": -0.000494, "price_vs_sma50": 0.020031, "price_vs_sma200": 0.095889, "volatility_20d": 0.108238, "volatility_60d": 0.092701, "drawdown": -0.016943, "max_drawdown_1y": -0.161798, "volume_ratio": 0.304322, "rsi_14": 53.017059, "macd": 2.910229, "macd_signal": 3.041392, "macd_histogram": -0.131163, "bb_width": 0.041808, "bb_position": 0.488182, "stoch_k": 39.035917, "stoch_d": 72.877379, "adx": 32.634958, "atr_14": 2.800308, "last_close": 300.55, "last_date": "2026-03-02"}