{"return_1d": 0.009294, "return_5d": -0.037386, "return_20d": -0.011819, "return_60d": 0.056277, "return_252d": 0.132969, "sma_20": 300.235, "sma_50": 295.0816, "sma_200": 274.571093, "price_vs_sma20": -0.019768, "price_vs_sma50": -0.002649, "price_vs_sma200": 0.071854, "volatility_20d": 0.158624, "volatility_60d": 0.114411, "drawdown": -0.037386, "max_drawdown_1y": -0.161798, "volume_ratio": 0.144377, "rsi_14": 42.535907, "macd": 1.19908, "macd_signal": 2.487896, "macd_histogram": -1.288816, "bb_width": 0.05266, "bb_position": 0.117041, "stoch_k": 25.947522, "stoch_d": 26.429334, "adx": 32.194643, "atr_14": 3.393429, "last_close": 294.3, "last_date": "2026-03-05"}