{"return_1d": 0.003599, "return_5d": -0.042227, "return_20d": -0.015533, "return_60d": 0.052061, "return_252d": 0.162907, "sma_20": 299.915, "sma_50": 295.4722, "sma_200": 274.864394, "price_vs_sma20": -0.023657, "price_vs_sma50": -0.008976, "price_vs_sma200": 0.065325, "volatility_20d": 0.16259, "volatility_60d": 0.119634, "drawdown": -0.042227, "max_drawdown_1y": -0.161798, "volume_ratio": 0.223794, "rsi_14": 41.690974, "macd": 0.033778, "macd_signal": 1.699611, "macd_histogram": -1.665833, "bb_width": 0.05909, "bb_position": 0.089951, "stoch_k": 17.317784, "stoch_d": 20.641399, "adx": 31.039238, "atr_14": 3.527151, "last_close": 292.82, "last_date": "2026-03-06"}