{"return_1d": 0.001337, "return_5d": -0.044974, "return_20d": -0.019609, "return_60d": 0.047951, "return_252d": 0.124038, "sma_20": 300.119, "sma_50": 295.0352, "sma_200": 274.559493, "price_vs_sma20": -0.027119, "price_vs_sma50": -0.010355, "price_vs_sma200": 0.063449, "volatility_20d": 0.154539, "volatility_60d": 0.113084, "drawdown": -0.044974, "max_drawdown_1y": -0.161798, "volume_ratio": 0.161337, "rsi_14": 37.734297, "macd": 1.014009, "macd_signal": 2.450881, "macd_histogram": -1.436873, "bb_width": 0.05589, "bb_position": 0.001249, "stoch_k": 12.419825, "stoch_d": 21.920102, "adx": 32.194643, "atr_14": 3.290572, "last_close": 291.98, "last_date": "2026-03-04"}