{"return_1d": 0.023152, "return_5d": 0.031496, "return_20d": 0.073456, "return_60d": 0.036451, "return_252d": 0.105152, "sma_20": 36.1555, "sma_50": 35.5416, "sma_200": 34.91865, "price_vs_sma20": 0.014507, "price_vs_sma50": 0.03203, "price_vs_sma200": 0.050442, "volatility_20d": 0.640792, "volatility_60d": 0.433359, "drawdown": -0.279371, "max_drawdown_1y": -0.49332, "volume_ratio": 0.782412, "rsi_14": 53.950355, "macd": 0.303148, "macd_signal": 0.256797, "macd_histogram": 0.046351, "bb_width": 0.131245, "bb_position": 0.608952, "stoch_k": 70.469799, "stoch_d": 56.625596, "adx": 12.597079, "atr_14": 1.678446, "last_close": 36.68, "last_date": "2026-03-04"}