{"return_1d": -0.020202, "return_5d": 0.001903, "return_20d": 0.105579, "return_60d": 0.040068, "return_252d": 0.048052, "sma_20": 35.803, "sma_50": 35.5728, "sma_200": 34.8986, "price_vs_sma20": 0.029523, "price_vs_sma50": 0.036185, "price_vs_sma200": 0.056203, "volatility_20d": 0.626696, "volatility_60d": 0.426136, "drawdown": -0.275835, "max_drawdown_1y": -0.49332, "volume_ratio": 1.164365, "rsi_14": 54.799178, "macd": 0.342853, "macd_signal": 0.226961, "macd_histogram": 0.115892, "bb_width": 0.160618, "bb_position": 0.678536, "stoch_k": 72.234273, "stoch_d": 68.329718, "adx": 14.856157, "atr_14": 1.626216, "last_close": 36.86, "last_date": "2026-02-27"}