{"return_1d": 0.003639, "return_5d": 0.022825, "return_20d": 0.070469, "return_60d": 0.008723, "return_252d": 0.031358, "sma_20": 36.03, "sma_50": 35.5434, "sma_200": 34.9072, "price_vs_sma20": -0.004996, "price_vs_sma50": 0.008626, "price_vs_sma200": 0.027009, "volatility_20d": 0.639761, "volatility_60d": 0.430996, "drawdown": -0.295678, "max_drawdown_1y": -0.49332, "volume_ratio": 0.840126, "rsi_14": 50.765846, "macd": 0.264004, "macd_signal": 0.245209, "macd_histogram": 0.018794, "bb_width": 0.14184, "bb_position": 0.464601, "stoch_k": 51.901566, "stoch_d": 57.213754, "adx": 13.440616, "atr_14": 1.706788, "last_close": 35.85, "last_date": "2026-03-03"}