{"return_1d": -0.030928, "return_5d": 0.04292, "return_20d": 0.064997, "return_60d": 0.010753, "return_252d": 0.030286, "sma_20": 35.912, "sma_50": 35.5504, "sma_200": 34.9027, "price_vs_sma20": -0.005346, "price_vs_sma50": 0.004771, "price_vs_sma200": 0.023417, "volatility_20d": 0.640077, "volatility_60d": 0.431079, "drawdown": -0.298232, "max_drawdown_1y": -0.49332, "volume_ratio": 0.809447, "rsi_14": 50.265635, "macd": 0.29471, "macd_signal": 0.240511, "macd_histogram": 0.054199, "bb_width": 0.155292, "bb_position": 0.465387, "stoch_k": 47.505423, "stoch_d": 69.486623, "adx": 14.01808, "atr_14": 1.655772, "last_close": 35.72, "last_date": "2026-03-02"}