{"return_1d": -0.023923, "return_5d": -0.001903, "return_20d": 0.10138, "return_60d": 0.036117, "return_252d": 0.044072, "sma_20": 35.796, "sma_50": 35.57, "sma_200": 34.8979, "price_vs_sma20": 0.025813, "price_vs_sma50": 0.032331, "price_vs_sma200": 0.052212, "volatility_20d": 0.628877, "volatility_60d": 0.426995, "drawdown": -0.278585, "max_drawdown_1y": -0.49332, "volume_ratio": 0.730329, "rsi_14": 54.241305, "macd": 0.331684, "macd_signal": 0.224727, "macd_histogram": 0.106957, "bb_width": 0.160719, "bb_position": 0.656567, "stoch_k": 69.197397, "stoch_d": 67.317426, "adx": 14.856157, "atr_14": 1.626216, "last_close": 36.72, "last_date": "2026-02-27"}