{"return_1d": 0.012268, "return_5d": -0.013025, "return_20d": 0.005416, "return_60d": 0.029387, "return_252d": 0.138608, "sma_20": 36.1655, "sma_50": 35.5382, "sma_200": 34.93445, "price_vs_sma20": 0.026669, "price_vs_sma50": 0.044791, "price_vs_sma200": 0.062848, "volatility_20d": 0.575161, "volatility_60d": 0.432342, "drawdown": -0.27053, "max_drawdown_1y": -0.49332, "volume_ratio": 0.844257, "rsi_14": 55.626155, "macd": 0.36626, "macd_signal": 0.27869, "macd_histogram": 0.08757, "bb_width": 0.13043, "bb_position": 0.699159, "stoch_k": 80.536913, "stoch_d": 67.636092, "adx": 11.911782, "atr_14": 1.627129, "last_close": 37.13, "last_date": "2026-03-05"}