{"return_1d": 0.0257, "return_5d": 0.03708, "return_20d": 0.158513, "return_60d": 0.077382, "return_252d": -0.090605, "sma_20": 68.136, "sma_50": 67.125058, "sma_200": 68.173075, "price_vs_sma20": 0.042621, "price_vs_sma50": 0.058323, "price_vs_sma200": 0.042054, "volatility_20d": 0.305009, "volatility_60d": 0.313058, "drawdown": -0.259101, "max_drawdown_1y": -0.366001, "volume_ratio": 1.047625, "rsi_14": 61.18994, "macd": 1.139158, "macd_signal": 1.014272, "macd_histogram": 0.124886, "bb_width": 0.163171, "bb_position": 0.750525, "stoch_k": 76.173913, "stoch_d": 56.992218, "adx": 17.333, "atr_14": 1.873392, "last_close": 71.04, "last_date": "2026-02-27"}