{"return_1d": -0.029112, "return_5d": -0.04824, "return_20d": 0.038079, "return_60d": 0.042887, "return_252d": -0.204326, "sma_20": 68.9885, "sma_50": 67.11146, "sma_200": 68.095907, "price_vs_sma20": -0.047667, "price_vs_sma50": -0.021032, "price_vs_sma200": -0.035184, "volatility_20d": 0.339671, "volatility_60d": 0.322924, "drawdown": -0.314793, "max_drawdown_1y": -0.366001, "volume_ratio": 0.927634, "rsi_14": 42.624796, "macd": 0.555833, "macd_signal": 0.914924, "macd_histogram": -0.359091, "bb_width": 0.096198, "bb_position": -0.020316, "stoch_k": 5.225989, "stoch_d": 19.280048, "adx": 16.221812, "atr_14": 1.979469, "last_close": 65.7, "last_date": "2026-03-04"}