{"return_1d": -0.006545, "return_5d": -0.057609, "return_20d": -0.019676, "return_60d": 0.038352, "return_252d": -0.186786, "sma_20": 68.923, "sma_50": 67.054812, "sma_200": 68.052685, "price_vs_sma20": -0.053001, "price_vs_sma50": -0.026617, "price_vs_sma200": -0.04089, "volatility_20d": 0.284733, "volatility_60d": 0.323225, "drawdown": -0.319278, "max_drawdown_1y": -0.366001, "volume_ratio": 0.673915, "rsi_14": 41.465129, "macd": 0.251873, "macd_signal": 0.782314, "macd_histogram": -0.530441, "bb_width": 0.104247, "bb_position": -0.036873, "stoch_k": 8.108108, "stoch_d": 5.794227, "adx": 16.944458, "atr_14": 1.923078, "last_close": 65.27, "last_date": "2026-03-05"}