{"return_1d": -0.031903, "return_5d": -0.033286, "return_20d": 0.107529, "return_60d": 0.062766, "return_252d": -0.159436, "sma_20": 68.868, "sma_50": 67.157126, "sma_200": 68.133743, "price_vs_sma20": -0.017396, "price_vs_sma50": 0.007637, "price_vs_sma200": -0.006806, "volatility_20d": 0.338794, "volatility_60d": 0.317762, "drawdown": -0.294248, "max_drawdown_1y": -0.366001, "volume_ratio": 0.88261, "rsi_14": 48.381027, "macd": 0.89193, "macd_signal": 1.004697, "macd_histogram": -0.112767, "bb_width": 0.111607, "bb_position": 0.341376, "stoch_k": 4.048583, "stoch_d": 42.929357, "adx": 15.754946, "atr_14": 1.934813, "last_close": 67.67, "last_date": "2026-03-03"}