{"return_1d": -0.016047, "return_5d": 0.005321, "return_20d": 0.130519, "return_60d": 0.075644, "return_252d": -0.12142, "sma_20": 68.5395, "sma_50": 67.167166, "sma_200": 68.155945, "price_vs_sma20": 0.01985, "price_vs_sma50": 0.040687, "price_vs_sma200": 0.025589, "volatility_20d": 0.316258, "volatility_60d": 0.31342, "drawdown": -0.27099, "max_drawdown_1y": -0.366001, "volume_ratio": 0.578283, "rsi_14": 56.384738, "macd": 1.107357, "macd_signal": 1.032889, "macd_histogram": 0.074468, "bb_width": 0.144795, "bb_position": 0.634421, "stoch_k": 48.565574, "stoch_d": 56.840873, "adx": 16.37602, "atr_14": 1.896721, "last_close": 69.9, "last_date": "2026-03-02"}