{"return_1d": 0.023968, "return_5d": 0.035328, "return_20d": 0.156556, "return_60d": 0.075562, "return_252d": -0.092141, "sma_20": 68.13, "sma_50": 67.122658, "sma_200": 68.172474, "price_vs_sma20": 0.040951, "price_vs_sma50": 0.056573, "price_vs_sma200": 0.040303, "volatility_20d": 0.303701, "volatility_60d": 0.312504, "drawdown": -0.260352, "max_drawdown_1y": -0.366001, "volume_ratio": 0.36397, "rsi_14": 60.863939, "macd": 1.129585, "macd_signal": 1.012357, "macd_histogram": 0.117228, "bb_width": 0.163114, "bb_position": 0.741182, "stoch_k": 74.086957, "stoch_d": 56.296566, "adx": 17.234118, "atr_14": 1.860528, "last_close": 70.92, "last_date": "2026-02-27"}