{"return_1d": -0.036244, "return_5d": -0.097301, "return_20d": -0.08974, "return_60d": -0.01842, "return_252d": 0.283971, "sma_20": 670.29679, "sma_50": 656.024856, "sma_200": 610.214607, "price_vs_sma20": -0.08997, "price_vs_sma50": -0.070172, "price_vs_sma200": -0.000368, "volatility_20d": 0.400304, "volatility_60d": 0.312616, "drawdown": -0.137508, "max_drawdown_1y": -0.267759, "volume_ratio": 1.017379, "rsi_14": 33.383938, "macd": -4.563295, "macd_signal": 3.13499, "macd_histogram": -7.698285, "bb_width": 0.140491, "bb_position": -0.203711, "stoch_k": 9.769485, "stoch_d": 18.482642, "adx": 16.181005, "atr_14": 20.946766, "last_close": 609.99, "last_date": "2026-03-06"}