{"return_1d": -0.015376, "return_5d": -0.025501, "return_20d": 0.021807, "return_60d": 0.095688, "return_252d": 0.389094, "sma_20": 675.092165, "sma_50": 655.014004, "sma_200": 608.484453, "price_vs_sma20": -0.014431, "price_vs_sma50": 0.01578, "price_vs_sma200": 0.093454, "volatility_20d": 0.355043, "volatility_60d": 0.290268, "drawdown": -0.059232, "max_drawdown_1y": -0.267759, "volume_ratio": 0.935752, "rsi_14": 48.943594, "macd": 6.03626, "macd_signal": 8.011383, "macd_histogram": -1.975123, "bb_width": 0.082399, "bb_position": 0.322301, "stoch_k": 29.522191, "stoch_d": 41.422764, "adx": 10.455618, "atr_14": 18.604709, "last_close": 665.35, "last_date": "2026-03-02"}