{"return_1d": -0.002786, "return_5d": -0.01366, "return_20d": 0.035572, "return_60d": 0.099667, "return_252d": 0.385537, "sma_20": 675.2105, "sma_50": 655.085, "sma_200": 608.609266, "price_vs_sma20": 0.002013, "price_vs_sma50": 0.032797, "price_vs_sma200": 0.111666, "volatility_20d": 0.349853, "volatility_60d": 0.289461, "drawdown": -0.044541, "max_drawdown_1y": -0.267759, "volume_ratio": 0.885961, "rsi_14": 52.831565, "macd": 7.476344, "macd_signal": 8.515608, "macd_histogram": -1.039264, "bb_width": 0.086039, "bb_position": 0.523355, "stoch_k": 45.886424, "stoch_d": 45.157569, "adx": 10.341228, "atr_14": 18.644879, "last_close": 676.57, "last_date": "2026-02-27"}