{"return_1d": -0.01288, "return_5d": -0.056344, "return_20d": 0.004977, "return_60d": 0.067736, "return_252d": 0.368932, "sma_20": 675.2548, "sma_50": 655.784592, "sma_200": 609.077689, "price_vs_sma20": -0.02736, "price_vs_sma50": 0.001518, "price_vs_sma200": 0.078319, "volatility_20d": 0.358437, "volatility_60d": 0.290813, "drawdown": -0.071349, "max_drawdown_1y": -0.267759, "volume_ratio": 0.881573, "rsi_14": 45.940459, "macd": 4.162737, "macd_signal": 7.241654, "macd_histogram": -3.078916, "bb_width": 0.082014, "bb_position": 0.157019, "stoch_k": 24.895792, "stoch_d": 33.434822, "adx": 11.411593, "atr_14": 18.94723, "last_close": 656.78, "last_date": "2026-03-03"}