{"return_1d": -0.041886, "return_5d": -0.065962, "return_20d": -0.055817, "return_60d": 0.014955, "return_252d": 0.377568, "sma_20": 673.303635, "sma_50": 656.459738, "sma_200": 609.990444, "price_vs_sma20": -0.059963, "price_vs_sma50": -0.035843, "price_vs_sma200": 0.037606, "volatility_20d": 0.382285, "volatility_60d": 0.303522, "drawdown": -0.105072, "max_drawdown_1y": -0.267759, "volume_ratio": 1.269462, "rsi_14": 38.822488, "macd": -0.237219, "macd_signal": 5.059562, "macd_histogram": -5.29678, "bb_width": 0.103484, "bb_position": -0.116408, "stoch_k": 14.369843, "stoch_d": 23.524745, "adx": 13.820817, "atr_14": 20.031132, "last_close": 632.93, "last_date": "2026-03-05"}