{"return_1d": -0.005958, "return_5d": -0.011253, "return_20d": 0.061013, "return_60d": -0.026741, "return_252d": 0.141043, "sma_20": 165.64886, "sma_50": 163.24576, "sma_200": 156.795168, "price_vs_sma20": -0.00283, "price_vs_sma50": 0.011849, "price_vs_sma200": 0.053476, "volatility_20d": 0.313277, "volatility_60d": 0.281423, "drawdown": -0.049761, "max_drawdown_1y": -0.187145, "volume_ratio": 0.495701, "rsi_14": 49.876732, "macd": 0.905588, "macd_signal": 1.256462, "macd_histogram": -0.350874, "bb_width": 0.145446, "bb_position": 0.480484, "stoch_k": 18.926103, "stoch_d": 25.394384, "adx": 17.033613, "atr_14": 4.044062, "last_close": 165.18, "last_date": "2026-02-27"}