{"return_1d": -0.017925, "return_5d": -0.072042, "return_20d": -0.066523, "return_60d": -0.060147, "return_252d": 0.058445, "sma_20": 165.798065, "sma_50": 162.948044, "sma_200": 157.04334, "price_vs_sma20": -0.074718, "price_vs_sma50": -0.058534, "price_vs_sma200": -0.023136, "volatility_20d": 0.287677, "volatility_60d": 0.289465, "drawdown": -0.117471, "max_drawdown_1y": -0.187145, "volume_ratio": 1.248709, "rsi_14": 34.649079, "macd": -1.647131, "macd_signal": -0.09896, "macd_histogram": -1.548171, "bb_width": 0.141522, "bb_position": -0.070593, "stoch_k": 8.358663, "stoch_d": 11.973968, "adx": 16.906208, "atr_14": 4.310972, "last_close": 153.41, "last_date": "2026-03-06"}