{"return_1d": 0.015207, "return_5d": -0.02809, "return_20d": 0.038103, "return_60d": -0.045242, "return_252d": 0.068015, "sma_20": 166.68711, "sma_50": 163.16608, "sma_200": 157.003692, "price_vs_sma20": -0.034778, "price_vs_sma50": -0.013949, "price_vs_sma200": 0.024753, "volatility_20d": 0.325287, "volatility_60d": 0.285071, "drawdown": -0.074441, "max_drawdown_1y": -0.187145, "volume_ratio": 0.970794, "rsi_14": 44.056973, "macd": -0.397348, "macd_signal": 0.604884, "macd_histogram": -1.002232, "bb_width": 0.102148, "bb_position": 0.147263, "stoch_k": 20.477816, "stoch_d": 13.881827, "adx": 15.828081, "atr_14": 4.156452, "last_close": 160.89, "last_date": "2026-03-04"}