{"return_1d": -0.005115, "return_5d": -0.010415, "return_20d": 0.061912, "return_60d": -0.025916, "return_252d": 0.14201, "sma_20": 165.65586, "sma_50": 163.24856, "sma_200": 156.795868, "price_vs_sma20": -0.002027, "price_vs_sma50": 0.012689, "price_vs_sma200": 0.054365, "volatility_20d": 0.312966, "volatility_60d": 0.281356, "drawdown": -0.048956, "max_drawdown_1y": -0.187145, "volume_ratio": 1.292414, "rsi_14": 50.130665, "macd": 0.916756, "macd_signal": 1.258696, "macd_histogram": -0.341939, "bb_width": 0.145311, "bb_position": 0.486019, "stoch_k": 19.918483, "stoch_d": 25.725177, "adx": 17.033611, "atr_14": 4.044062, "last_close": 165.32, "last_date": "2026-02-27"}