{"return_1d": -0.029088, "return_5d": -0.059939, "return_20d": -0.041999, "return_60d": -0.063107, "return_252d": 0.090694, "sma_20": 166.344695, "sma_50": 163.06555, "sma_200": 157.033045, "price_vs_sma20": -0.060926, "price_vs_sma50": -0.042042, "price_vs_sma200": -0.005241, "volatility_20d": 0.284823, "volatility_60d": 0.290311, "drawdown": -0.101363, "max_drawdown_1y": -0.187145, "volume_ratio": 1.168576, "rsi_14": 37.813045, "macd": -0.979121, "macd_signal": 0.288083, "macd_histogram": -1.267204, "bb_width": 0.118992, "bb_position": -0.045236, "stoch_k": 7.085427, "stoch_d": 11.951831, "adx": 16.101018, "atr_14": 4.300277, "last_close": 156.21, "last_date": "2026-03-05"}