{"return_1d": -0.015694, "return_5d": 0.018386, "return_20d": 0.065717, "return_60d": 0.123107, "return_252d": 0.6515, "sma_20": 82.675, "sma_50": 79.8708, "sma_200": 69.04665, "price_vs_sma20": 0.031751, "price_vs_sma50": 0.067975, "price_vs_sma200": 0.235397, "volatility_20d": 0.178334, "volatility_60d": 0.180782, "drawdown": -0.015694, "max_drawdown_1y": -0.146754, "volume_ratio": 1.847045, "rsi_14": 63.994085, "macd": 1.676137, "macd_signal": 1.419539, "macd_histogram": 0.256598, "bb_width": 0.087847, "bb_position": 0.850312, "stoch_k": 72.667543, "stoch_d": 88.225359, "adx": 37.881523, "atr_14": 1.608871, "last_close": 85.3, "last_date": "2026-02-27"}