{"return_1d": -0.049707, "return_5d": -0.042862, "return_20d": 0.003715, "return_60d": 0.084995, "return_252d": 0.561248, "sma_20": 82.69, "sma_50": 79.9852, "sma_200": 69.1508, "price_vs_sma20": -0.019712, "price_vs_sma50": 0.013437, "price_vs_sma200": 0.172221, "volatility_20d": 0.257433, "volatility_60d": 0.206368, "drawdown": -0.06462, "max_drawdown_1y": -0.106984, "volume_ratio": 0.987914, "rsi_14": 46.082279, "macd": 1.315206, "macd_signal": 1.398672, "macd_histogram": -0.083466, "bb_width": 0.091739, "bb_position": 0.280806, "stoch_k": 16.95138, "stoch_d": 62.542486, "adx": 35.371899, "atr_14": 1.80038, "last_close": 81.06, "last_date": "2026-03-02"}