{"return_1d": -0.014211, "return_5d": -0.113599, "return_20d": -0.075107, "return_60d": 0.022586, "return_252d": 0.366034, "sma_20": 81.8725, "sma_50": 80.109, "sma_200": 69.4549, "price_vs_sma20": -0.076491, "price_vs_sma50": -0.056161, "price_vs_sma200": 0.08862, "volatility_20d": 0.28202, "volatility_60d": 0.219789, "drawdown": -0.12751, "max_drawdown_1y": -0.12751, "volume_ratio": 0.860763, "rsi_14": 32.213793, "macd": -0.480636, "macd_signal": 0.617856, "macd_histogram": -1.098492, "bb_width": 0.152691, "bb_position": -0.042444, "stoch_k": 2.566225, "stoch_d": 3.371457, "adx": 33.829572, "atr_14": 1.819588, "last_close": 75.61, "last_date": "2026-03-06"}