{"return_1d": -0.024297, "return_5d": -0.114932, "return_20d": -0.058202, "return_60d": 0.040141, "return_252d": 0.399124, "sma_20": 82.1795, "sma_50": 80.15, "sma_200": 69.39135, "price_vs_sma20": -0.066677, "price_vs_sma50": -0.043044, "price_vs_sma200": 0.105325, "volatility_20d": 0.280398, "volatility_60d": 0.217689, "drawdown": -0.114932, "max_drawdown_1y": -0.114932, "volume_ratio": 1.016916, "rsi_14": 34.551406, "macd": -0.023375, "macd_signal": 0.892479, "macd_histogram": -0.915854, "bb_width": 0.130649, "bb_position": -0.046815, "stoch_k": 1.74793, "stoch_d": 4.912803, "adx": 33.503386, "atr_14": 1.851864, "last_close": 76.7, "last_date": "2026-03-05"}