{"return_1d": -0.025537, "return_5d": -0.076572, "return_20d": -0.026017, "return_60d": 0.067577, "return_252d": 0.44538, "sma_20": 82.5845, "sma_50": 80.0782, "sma_200": 69.24075, "price_vs_sma20": -0.043525, "price_vs_sma50": -0.013589, "price_vs_sma200": 0.140802, "volatility_20d": 0.272664, "volatility_60d": 0.212496, "drawdown": -0.088507, "max_drawdown_1y": -0.106984, "volume_ratio": 1.072195, "rsi_14": 40.170764, "macd": 0.85231, "macd_signal": 1.2894, "macd_histogram": -0.43709, "bb_width": 0.101319, "bb_position": 0.050865, "stoch_k": 7.190265, "stoch_d": 32.269729, "adx": 34.397099, "atr_14": 1.866067, "last_close": 78.99, "last_date": "2026-03-03"}