{"return_1d": -0.004389, "return_5d": 0.023607, "return_20d": 0.157381, "return_60d": 0.190919, "return_252d": 0.351364, "sma_20": 66.437255, "sma_50": 61.96786, "sma_200": 60.304896, "price_vs_sma20": 0.041059, "price_vs_sma50": 0.116145, "price_vs_sma200": 0.146923, "volatility_20d": 0.219059, "volatility_60d": 0.22732, "drawdown": -0.007674, "max_drawdown_1y": -0.16397, "volume_ratio": 0.71921, "rsi_14": 69.948726, "macd": 2.144475, "macd_signal": 2.032988, "macd_histogram": 0.111486, "bb_width": 0.130286, "bb_position": 0.802716, "stoch_k": 80.653623, "stoch_d": 88.222841, "adx": 36.620014, "atr_14": 1.397885, "last_close": 69.1651, "last_date": "2026-02-27"}