{"return_1d": -0.011177, "return_5d": -0.022669, "return_20d": 0.061721, "return_60d": 0.189007, "return_252d": 0.273814, "sma_20": 67.297, "sma_50": 62.604944, "sma_200": 60.521245, "price_vs_sma20": 0.012229, "price_vs_sma50": 0.088093, "price_vs_sma200": 0.125555, "volatility_20d": 0.176257, "volatility_60d": 0.228334, "drawdown": -0.022669, "max_drawdown_1y": -0.16397, "volume_ratio": 1.204544, "rsi_14": 61.46366, "macd": 1.813326, "macd_signal": 1.977411, "macd_histogram": -0.164085, "bb_width": 0.0994, "bb_position": 0.621546, "stoch_k": 50.924025, "stoch_d": 66.765843, "adx": 36.50047, "atr_14": 1.399253, "last_close": 68.12, "last_date": "2026-03-04"}