{"return_1d": -0.007017, "return_5d": -0.036645, "return_20d": 0.017128, "return_60d": 0.165501, "return_252d": 0.27394, "sma_20": 67.444, "sma_50": 62.983082, "sma_200": 60.626528, "price_vs_sma20": -0.013849, "price_vs_sma50": 0.055998, "price_vs_sma200": 0.097045, "volatility_20d": 0.185215, "volatility_60d": 0.232055, "drawdown": -0.045768, "max_drawdown_1y": -0.16397, "volume_ratio": 1.049884, "rsi_14": 51.352417, "macd": 1.353389, "macd_signal": 1.790076, "macd_histogram": -0.436687, "bb_width": 0.094514, "bb_position": 0.351419, "stoch_k": 12.280702, "stoch_d": 27.351767, "adx": 32.483723, "atr_14": 1.410785, "last_close": 66.51, "last_date": "2026-03-06"}