{"return_1d": 0.05138, "return_5d": 0.019073, "return_20d": -0.167901, "return_60d": 0.061241, "return_252d": -0.45952, "sma_20": 149.714, "sma_50": 167.5674, "sma_200": 194.08935, "price_vs_sma20": 0.027826, "price_vs_sma50": -0.081683, "price_vs_sma200": -0.207169, "volatility_20d": 1.057407, "volatility_60d": 0.677737, "drawdown": -0.633209, "max_drawdown_1y": -0.707649, "volume_ratio": 0.764125, "rsi_14": 48.830689, "macd": -6.346873, "macd_signal": -8.164328, "macd_histogram": 1.817455, "bb_width": 0.508048, "bb_position": 0.553288, "stoch_k": 87.45004, "stoch_d": 65.333899, "adx": 26.199436, "atr_14": 8.628141, "last_close": 153.88, "last_date": "2026-02-27"}