{"return_1d": -0.049928, "return_5d": -0.023599, "return_20d": -0.20074, "return_60d": -0.028707, "return_252d": -0.519095, "sma_20": 146.5455, "sma_50": 167.0518, "sma_200": 192.466, "price_vs_sma20": -0.011843, "price_vs_sma50": -0.133143, "price_vs_sma200": -0.247607, "volatility_20d": 1.06495, "volatility_60d": 0.685403, "drawdown": -0.654828, "max_drawdown_1y": -0.707649, "volume_ratio": 0.53673, "rsi_14": 42.684527, "macd": -5.516363, "macd_signal": -7.21798, "macd_histogram": 1.701617, "bb_width": 0.461764, "bb_position": 0.474046, "stoch_k": 63.282707, "stoch_d": 78.248512, "adx": 23.814978, "atr_14": 8.560599, "last_close": 144.81, "last_date": "2026-03-03"}