{"return_1d": -0.010581, "return_5d": -0.024262, "return_20d": -0.151289, "return_60d": 0.044187, "return_252d": -0.47976, "sma_20": 148.364, "sma_50": 167.4016, "sma_200": 193.30005, "price_vs_sma20": 0.027338, "price_vs_sma50": -0.089495, "price_vs_sma200": -0.211485, "volatility_20d": 1.055157, "volatility_60d": 0.678519, "drawdown": -0.636689, "max_drawdown_1y": -0.707649, "volume_ratio": 0.513643, "rsi_14": 47.787446, "macd": -5.570457, "macd_signal": -7.643384, "macd_histogram": 2.072927, "bb_width": 0.481032, "bb_position": 0.55532, "stoch_k": 83.559819, "stoch_d": 79.625189, "adx": 24.559491, "atr_14": 8.456029, "last_close": 152.42, "last_date": "2026-03-02"}