{"return_1d": -0.015529, "return_5d": 0.009224, "return_20d": -0.170355, "return_60d": -0.027328, "return_252d": -0.518059, "sma_20": 143.461, "sma_50": 166.4786, "sma_200": 190.7582, "price_vs_sma20": 0.029618, "price_vs_sma50": -0.112739, "price_vs_sma200": -0.225669, "volatility_20d": 1.076026, "volatility_60d": 0.689663, "drawdown": -0.647916, "max_drawdown_1y": -0.707649, "volume_ratio": 0.318382, "rsi_14": 45.290982, "macd": -4.713538, "macd_signal": -6.36124, "macd_histogram": 1.647702, "bb_width": 0.342845, "bb_position": 0.583903, "stoch_k": 63.985435, "stoch_d": 67.770617, "adx": 22.216464, "atr_14": 8.254649, "last_close": 147.71, "last_date": "2026-03-05"}