{"return_1d": 0.052542, "return_5d": 0.020199, "return_20d": -0.166982, "return_60d": 0.062414, "return_252d": -0.458923, "sma_20": 149.7225, "sma_50": 167.5708, "sma_200": 194.0902, "price_vs_sma20": 0.028903, "price_vs_sma50": -0.080687, "price_vs_sma200": -0.206297, "volatility_20d": 1.058261, "volatility_60d": 0.678103, "drawdown": -0.632803, "max_drawdown_1y": -0.707649, "volume_ratio": 1.074398, "rsi_14": 48.951388, "macd": -6.333312, "macd_signal": -8.161616, "macd_histogram": 1.828304, "bb_width": 0.507535, "bb_position": 0.555349, "stoch_k": 87.903011, "stoch_d": 65.48489, "adx": 26.093025, "atr_14": 8.69957, "last_close": 154.05, "last_date": "2026-02-27"}