{"return_1d": -0.011853, "return_5d": -0.042464, "return_20d": 0.000364, "return_60d": 0.13873, "return_252d": 0.13107, "sma_20": 28.791, "sma_50": 27.1092, "sma_200": 30.587982, "price_vs_sma20": -0.044493, "price_vs_sma50": 0.014785, "price_vs_sma200": -0.100627, "volatility_20d": 0.440978, "volatility_60d": 0.411735, "drawdown": -0.613107, "max_drawdown_1y": -0.686851, "volume_ratio": 1.29818, "rsi_14": 45.742036, "macd": 0.080565, "macd_signal": 0.447866, "macd_histogram": -0.367301, "bb_width": 0.161204, "bb_position": 0.211144, "stoch_k": 24.144869, "stoch_d": 24.010731, "adx": 20.027356, "atr_14": 1.164409, "last_close": 27.51, "last_date": "2026-03-02"}