{"return_1d": 0.001142, "return_5d": -0.054957, "return_20d": -0.052233, "return_60d": 0.112944, "return_252d": 0.124768, "sma_20": 28.452, "sma_50": 27.2946, "sma_200": 30.435392, "price_vs_sma20": -0.075285, "price_vs_sma50": -0.036073, "price_vs_sma200": -0.135546, "volatility_20d": 0.415115, "volatility_60d": 0.418211, "drawdown": -0.629983, "max_drawdown_1y": -0.686851, "volume_ratio": 1.376347, "rsi_14": 40.446185, "macd": -0.381789, "macd_signal": 0.026644, "macd_histogram": -0.408433, "bb_width": 0.222705, "bb_position": 0.134431, "stoch_k": 13.939394, "stoch_d": 11.463172, "adx": 18.493458, "atr_14": 1.220904, "last_close": 26.31, "last_date": "2026-03-06"}