{"return_1d": 0.023748, "return_5d": -0.055216, "return_20d": -0.008381, "return_60d": 0.124197, "return_252d": 0.137307, "sma_20": 28.78875, "sma_50": 27.0275, "sma_200": 30.617694, "price_vs_sma20": -0.034171, "price_vs_sma50": 0.028767, "price_vs_sma200": -0.091865, "volatility_20d": 0.443534, "volatility_60d": 0.41379, "drawdown": -0.608957, "max_drawdown_1y": -0.686851, "volume_ratio": 0.542824, "rsi_14": 47.364676, "macd": 0.164079, "macd_signal": 0.539133, "macd_histogram": -0.375054, "bb_width": 0.159797, "bb_position": 0.278592, "stoch_k": 30.080483, "stoch_d": 18.948988, "adx": 21.445625, "atr_14": 1.109529, "last_close": 27.805, "last_date": "2026-02-27"}