{"return_1d": -0.026536, "return_5d": -0.060021, "return_20d": -0.017968, "return_60d": 0.116298, "return_252d": 0.154913, "sma_20": 28.7665, "sma_50": 27.1642, "sma_200": 30.557133, "price_vs_sma20": -0.069056, "price_vs_sma50": -0.014144, "price_vs_sma200": -0.123609, "volatility_20d": 0.450379, "volatility_60d": 0.415591, "drawdown": -0.623373, "max_drawdown_1y": -0.686851, "volume_ratio": 1.219349, "rsi_14": 41.902004, "macd": -0.046206, "macd_signal": 0.349052, "macd_histogram": -0.395258, "bb_width": 0.17129, "bb_position": 0.066941, "stoch_k": 14.933837, "stoch_d": 23.287805, "adx": 19.664782, "atr_14": 1.189809, "last_close": 26.78, "last_date": "2026-03-03"}