{"return_1d": -0.02432, "return_5d": -0.002948, "return_20d": 0.121902, "return_60d": 0.005217, "return_252d": 0.369705, "sma_20": 195.8245, "sma_50": 180.933404, "sma_200": 177.460616, "price_vs_sma20": 0.001815, "price_vs_sma50": 0.084266, "price_vs_sma200": 0.105485, "volatility_20d": 0.405082, "volatility_60d": 0.337007, "drawdown": -0.066083, "max_drawdown_1y": -0.447492, "volume_ratio": 1.110135, "rsi_14": 55.332428, "macd": 4.374968, "macd_signal": 5.195359, "macd_histogram": -0.820392, "bb_width": 0.163911, "bb_position": 0.511055, "stoch_k": 30.921525, "stoch_d": 39.058163, "adx": 26.781513, "atr_14": 6.776993, "last_close": 196.18, "last_date": "2026-02-27"}