{"return_1d": -0.014224, "return_5d": 0.007369, "return_20d": 0.133511, "return_60d": 0.015618, "return_252d": 0.383878, "sma_20": 195.926, "sma_50": 180.974004, "sma_200": 177.470767, "price_vs_sma20": 0.011657, "price_vs_sma50": 0.09524, "price_vs_sma200": 0.11686, "volatility_20d": 0.396529, "volatility_60d": 0.334482, "drawdown": -0.056418, "max_drawdown_1y": -0.447492, "volume_ratio": 1.981642, "rsi_14": 57.982063, "macd": 4.536905, "macd_signal": 5.227747, "macd_histogram": -0.690842, "bb_width": 0.162568, "bb_position": 0.570882, "stoch_k": 41.633247, "stoch_d": 42.628737, "adx": 26.781513, "atr_14": 6.776993, "last_close": 198.21, "last_date": "2026-02-27"}