{"return_1d": -0.015446, "return_5d": 0.081017, "return_20d": 0.114993, "return_60d": 0.146535, "return_252d": 0.556739, "sma_20": 202.27616, "sma_50": 184.48679, "sma_200": 178.560418, "price_vs_sma20": 0.074571, "price_vs_sma50": 0.178187, "price_vs_sma200": 0.217291, "volatility_20d": 0.39755, "volatility_60d": 0.362127, "drawdown": -0.015446, "max_drawdown_1y": -0.447492, "volume_ratio": 1.580823, "rsi_14": 69.301935, "macd": 7.618875, "macd_signal": 6.089019, "macd_histogram": 1.529855, "bb_width": 0.137145, "bb_position": 1.006001, "stoch_k": 70.729793, "stoch_d": 84.159311, "adx": 31.519087, "atr_14": 8.033129, "last_close": 217.36, "last_date": "2026-03-05"}