{"return_1d": 0.058574, "return_5d": 0.088165, "return_20d": 0.196842, "return_60d": 0.094299, "return_252d": 0.448307, "sma_20": 197.65143, "sma_50": 181.652236, "sma_200": 177.722764, "price_vs_sma20": 0.061566, "price_vs_sma50": 0.155064, "price_vs_sma200": 0.180603, "volatility_20d": 0.436802, "volatility_60d": 0.352841, "drawdown": -0.001149, "max_drawdown_1y": -0.447492, "volume_ratio": 1.516711, "rsi_14": 67.552103, "macd": 5.243674, "macd_signal": 5.230932, "macd_histogram": 0.012741, "bb_width": 0.135234, "bb_position": 0.92885, "stoch_k": 97.014925, "stoch_d": 65.032348, "adx": 27.358558, "atr_14": 7.165064, "last_close": 209.82, "last_date": "2026-03-02"}