{"return_1d": 0.018035, "return_5d": 0.116392, "return_20d": 0.135622, "return_60d": 0.172566, "return_252d": 0.672781, "sma_20": 203.597485, "sma_50": 185.633422, "sma_200": 178.872505, "price_vs_sma20": 0.08685, "price_vs_sma50": 0.192027, "price_vs_sma200": 0.237082, "volatility_20d": 0.399134, "volatility_60d": 0.363195, "drawdown": 0.0, "max_drawdown_1y": -0.447492, "volume_ratio": 1.395552, "rsi_14": 71.518368, "macd": 8.278056, "macd_signal": 6.526827, "macd_histogram": 1.75123, "bb_width": 0.15026, "bb_position": 1.031811, "stoch_k": 80.983521, "stoch_d": 82.559759, "adx": 33.13516, "atr_14": 7.972191, "last_close": 221.28, "last_date": "2026-03-06"}