{"return_1d": -0.031683, "return_5d": -0.050959, "return_20d": -0.034155, "return_60d": 0.233019, "return_252d": 0.715694, "sma_20": 1177.82701, "sma_50": 1066.570102, "sma_200": 896.200424, "price_vs_sma20": -0.02979, "price_vs_sma50": 0.071416, "price_vs_sma200": 0.275094, "volatility_20d": 0.522895, "volatility_60d": 0.415343, "drawdown": -0.072414, "max_drawdown_1y": -0.516466, "volume_ratio": 1.145006, "rsi_14": 49.512777, "macd": 31.474961, "macd_signal": 40.201557, "macd_histogram": -8.726595, "bb_width": 0.103021, "bb_position": 0.201961, "stoch_k": 11.9491, "stoch_d": 45.7913, "adx": 25.530037, "atr_14": 56.294452, "last_close": 1142.74, "last_date": "2026-02-27"}