{"return_1d": -0.033573, "return_5d": -0.052811, "return_20d": -0.036039, "return_60d": 0.230612, "return_252d": 0.712346, "sma_20": 1177.71551, "sma_50": 1066.525502, "sma_200": 896.189274, "price_vs_sma20": -0.031591, "price_vs_sma50": 0.06937, "price_vs_sma200": 0.272622, "volatility_20d": 0.524396, "volatility_60d": 0.416051, "drawdown": -0.074224, "max_drawdown_1y": -0.516466, "volume_ratio": 0.615127, "rsi_14": 49.230844, "macd": 31.29707, "macd_signal": 40.165978, "macd_histogram": -8.868909, "bb_width": 0.103702, "bb_position": 0.185426, "stoch_k": 10.218808, "stoch_d": 45.214536, "adx": 25.530037, "atr_14": 56.294452, "last_close": 1140.51, "last_date": "2026-02-27"}