{"return_1d": -0.051259, "return_5d": -0.104643, "return_20d": -0.114906, "return_60d": 0.042, "return_252d": 0.685184, "sma_20": 1160.954505, "sma_50": 1081.572184, "sma_200": 905.387706, "price_vs_sma20": -0.118691, "price_vs_sma50": -0.054007, "price_vs_sma200": 0.130079, "volatility_20d": 0.53765, "volatility_60d": 0.447933, "drawdown": -0.169479, "max_drawdown_1y": -0.516466, "volume_ratio": 1.21043, "rsi_14": 36.8218, "macd": -5.736583, "macd_signal": 17.739655, "macd_histogram": -23.476239, "bb_width": 0.211179, "bb_position": -0.137732, "stoch_k": 4.389564, "stoch_d": 11.181818, "adx": 23.413141, "atr_14": 54.879709, "last_close": 1023.16, "last_date": "2026-03-06"}