{"return_1d": -0.059698, "return_5d": -0.114776, "return_20d": -0.084255, "return_60d": 0.123345, "return_252d": 0.772947, "sma_20": 1173.80601, "sma_50": 1073.699834, "sma_200": 899.966025, "price_vs_sma20": -0.084712, "price_vs_sma50": 0.000624, "price_vs_sma200": 0.19379, "volatility_20d": 0.508714, "volatility_60d": 0.43262, "drawdown": -0.127911, "max_drawdown_1y": -0.516466, "volume_ratio": 1.202057, "rsi_14": 41.137434, "macd": 16.215551, "macd_signal": 33.154011, "macd_histogram": -16.93846, "bb_width": 0.134353, "bb_position": -0.188879, "stoch_k": 2.966706, "stoch_d": 13.669472, "adx": 23.457082, "atr_14": 56.603883, "last_close": 1074.37, "last_date": "2026-03-03"}