{"return_1d": -0.018726, "return_5d": -0.086169, "return_20d": -0.051362, "return_60d": 0.121443, "return_252d": 0.848834, "sma_20": 1167.596005, "sma_50": 1079.980266, "sma_200": 903.76434, "price_vs_sma20": -0.076359, "price_vs_sma50": -0.001426, "price_vs_sma200": 0.193276, "volatility_20d": 0.514699, "volatility_60d": 0.436211, "drawdown": -0.124607, "max_drawdown_1y": -0.516466, "volume_ratio": 0.935735, "rsi_14": 42.415023, "macd": 3.771539, "macd_signal": 23.608715, "macd_histogram": -19.837176, "bb_width": 0.162761, "bb_position": -0.00793, "stoch_k": 13.036198, "stoch_d": 10.707532, "adx": 22.808917, "atr_14": 54.025848, "last_close": 1078.4399, "last_date": "2026-03-05"}