{"return_1d": -0.00014, "return_5d": -0.039897, "return_20d": 0.016395, "return_60d": 0.201992, "return_252d": 0.890551, "sma_20": 1178.74851, "sma_50": 1070.426628, "sma_200": 898.245173, "price_vs_sma20": -0.030684, "price_vs_sma50": 0.067406, "price_vs_sma200": 0.272014, "volatility_20d": 0.490316, "volatility_60d": 0.412909, "drawdown": -0.072544, "max_drawdown_1y": -0.516466, "volume_ratio": 0.796732, "rsi_14": 49.490877, "macd": 26.136902, "macd_signal": 37.388626, "macd_histogram": -11.251724, "bb_width": 0.097988, "bb_position": 0.176948, "stoch_k": 26.092612, "stoch_d": 26.334098, "adx": 24.113642, "atr_14": 55.28342, "last_close": 1142.58, "last_date": "2026-03-02"}