{"return_1d": 0.03663, "return_5d": 0.011533, "return_20d": 0.141499, "return_60d": 0.224856, "return_252d": 0.435659, "sma_20": 119.739, "sma_50": 112.0912, "sma_200": 90.677505, "price_vs_sma20": 0.03283, "price_vs_sma50": 0.103298, "price_vs_sma200": 0.363844, "volatility_20d": 0.27851, "volatility_60d": 0.235475, "drawdown": -0.020669, "max_drawdown_1y": -0.434434, "volume_ratio": 0.533438, "rsi_14": 64.787192, "macd": 3.3177, "macd_signal": 3.559432, "macd_histogram": -0.241733, "bb_width": 0.112433, "bb_position": 0.782713, "stoch_k": 83.738938, "stoch_d": 63.163717, "adx": 39.153002, "atr_14": 3.008658, "last_close": 123.67, "last_date": "2026-02-27"}