{"return_1d": -0.035002, "return_5d": -0.027075, "return_20d": -0.019099, "return_60d": 0.173908, "return_252d": 0.301141, "sma_20": 120.7355, "sma_50": 113.6614, "sma_200": 91.603397, "price_vs_sma20": -0.038642, "price_vs_sma50": 0.021191, "price_vs_sma200": 0.267093, "volatility_20d": 0.295714, "volatility_60d": 0.249694, "drawdown": -0.080853, "max_drawdown_1y": -0.434434, "volume_ratio": 1.235903, "rsi_14": 45.655051, "macd": 1.927562, "macd_signal": 2.914842, "macd_histogram": -0.98728, "bb_width": 0.073975, "bb_position": -0.04337, "stoch_k": 15.15435, "stoch_d": 29.420069, "adx": 32.648455, "atr_14": 3.184343, "last_close": 116.07, "last_date": "2026-03-05"}