{"return_1d": 0.037888, "return_5d": 0.01276, "return_20d": 0.142884, "return_60d": 0.226341, "return_252d": 0.437401, "sma_20": 119.7465, "sma_50": 112.0942, "sma_200": 90.678255, "price_vs_sma20": 0.034018, "price_vs_sma50": 0.104607, "price_vs_sma200": 0.365487, "volatility_20d": 0.280327, "volatility_60d": 0.236244, "drawdown": -0.019481, "max_drawdown_1y": -0.434434, "volume_ratio": 1.270175, "rsi_14": 65.025049, "macd": 3.329665, "macd_signal": 3.561825, "macd_histogram": -0.23216, "bb_width": 0.112575, "bb_position": 0.792236, "stoch_k": 85.39823, "stoch_d": 63.716814, "adx": 39.153002, "atr_14": 3.008658, "last_close": 123.82, "last_date": "2026-02-27"}