{"return_1d": -0.002412, "return_5d": -0.064852, "return_20d": -0.033069, "return_60d": 0.180427, "return_252d": 0.289227, "sma_20": 120.5375, "sma_50": 113.8828, "sma_200": 91.806973, "price_vs_sma20": -0.039386, "price_vs_sma50": 0.016747, "price_vs_sma200": 0.261233, "volatility_20d": 0.29184, "volatility_60d": 0.248938, "drawdown": -0.08307, "max_drawdown_1y": -0.434434, "volume_ratio": 1.145118, "rsi_14": 45.098391, "macd": 1.436703, "macd_signal": 2.619214, "macd_histogram": -1.182511, "bb_width": 0.082785, "bb_position": 0.004731, "stoch_k": 17.402827, "stoch_d": 21.932978, "adx": 31.360678, "atr_14": 3.138319, "last_close": 115.79, "last_date": "2026-03-06"}