{"return_1d": 0.159944, "return_5d": 0.12517, "return_20d": 0.369668, "return_60d": 1.267556, "return_252d": 0.909481, "sma_20": 46.974, "sma_50": 42.0246, "sma_200": 30.857075, "price_vs_sma20": 0.230468, "price_vs_sma50": 0.375385, "price_vs_sma200": 0.873152, "volatility_20d": 0.74321, "volatility_60d": 0.818314, "drawdown": -0.880694, "max_drawdown_1y": -0.953846, "volume_ratio": 2.167109, "rsi_14": 72.562345, "macd": 3.520972, "macd_signal": 2.921222, "macd_histogram": 0.599749, "bb_width": 0.361528, "bb_position": 1.018082, "stoch_k": 91.558128, "stoch_d": 84.066057, "adx": 38.95576, "atr_14": 3.879902, "last_close": 57.8, "last_date": "2026-03-04"}