{"return_1d": -0.057054, "return_5d": -0.013658, "return_20d": 0.171093, "return_60d": 0.978952, "return_252d": 0.609496, "sma_20": 46.194, "sma_50": 41.4876, "sma_200": 30.686325, "price_vs_sma20": 0.078712, "price_vs_sma50": 0.201082, "price_vs_sma200": 0.62385, "volatility_20d": 0.519944, "volatility_60d": 0.760506, "drawdown": -0.897145, "max_drawdown_1y": -0.953846, "volume_ratio": 0.923781, "rsi_14": 60.250975, "macd": 3.085074, "macd_signal": 2.771285, "macd_histogram": 0.313789, "bb_width": 0.376188, "bb_position": 0.693967, "stoch_k": 72.073304, "stoch_d": 86.016208, "adx": 37.779717, "atr_14": 3.430664, "last_close": 49.83, "last_date": "2026-03-03"}