{"return_1d": -0.024336, "return_5d": -0.019601, "return_20d": 0.28505, "return_60d": 0.877726, "return_252d": 0.491622, "sma_20": 48.1095, "sma_50": 42.7776, "sma_200": 31.132575, "price_vs_sma20": 0.091676, "price_vs_sma50": 0.227745, "price_vs_sma200": 0.686979, "volatility_20d": 0.787009, "volatility_60d": 0.825534, "drawdown": -0.891593, "max_drawdown_1y": -0.953846, "volume_ratio": 1.131045, "rsi_14": 59.225343, "macd": 3.349224, "macd_signal": 3.100334, "macd_histogram": 0.24889, "bb_width": 0.396794, "bb_position": 0.71164, "stoch_k": 60.011377, "stoch_d": 73.465948, "adx": 39.889627, "atr_14": 4.110477, "last_close": 52.52, "last_date": "2026-03-06"}