{"return_1d": 0.015181, "return_5d": 0.052637, "return_20d": 0.120252, "return_60d": 1.172806, "return_252d": 0.563282, "sma_20": 45.3375, "sma_50": 40.6206, "sma_200": 30.415125, "price_vs_sma20": 0.157872, "price_vs_sma50": 0.292325, "price_vs_sma200": 0.72595, "volatility_20d": 0.531064, "volatility_60d": 0.746992, "drawdown": -0.891644, "max_drawdown_1y": -0.953846, "volume_ratio": 0.457827, "rsi_14": 73.023547, "macd": 3.123017, "macd_signal": 2.525065, "macd_histogram": 0.597953, "bb_width": 0.327827, "bb_position": 0.915909, "stoch_k": 91.217967, "stoch_d": 87.551588, "adx": 36.457843, "atr_14": 3.166282, "last_close": 52.495, "last_date": "2026-02-27"}