{"return_1d": 0.03597, "return_5d": 0.074193, "return_20d": 0.143192, "return_60d": 1.217301, "return_252d": 0.595295, "sma_20": 45.39125, "sma_50": 40.6421, "sma_200": 30.4205, "price_vs_sma20": 0.180183, "price_vs_sma50": 0.318091, "price_vs_sma200": 0.760984, "volatility_20d": 0.540754, "volatility_60d": 0.748339, "drawdown": -0.889426, "max_drawdown_1y": -0.953846, "volume_ratio": 0.873215, "rsi_14": 74.642989, "macd": 3.208772, "macd_signal": 2.542216, "macd_histogram": 0.666557, "bb_width": 0.328324, "bb_position": 0.965011, "stoch_k": 97.40858, "stoch_d": 89.615126, "adx": 36.592114, "atr_14": 3.239853, "last_close": 53.57, "last_date": "2026-02-27"}