{"return_1d": 0.003311, "return_5d": 0.020652, "return_20d": -0.019364, "return_60d": 0.014074, "return_252d": -0.214775, "sma_20": 180.267, "sma_50": 182.363496, "sma_200": 195.996862, "price_vs_sma20": 0.025368, "price_vs_sma50": 0.01358, "price_vs_sma200": -0.056924, "volatility_20d": 0.331569, "volatility_60d": 0.259342, "drawdown": -0.232748, "max_drawdown_1y": -0.289615, "volume_ratio": 0.636412, "rsi_14": 56.026681, "macd": 0.803336, "macd_signal": -0.210818, "macd_histogram": 1.014154, "bb_width": 0.118117, "bb_position": 0.709456, "stoch_k": 83.16092, "stoch_d": 85.038314, "adx": 15.953957, "atr_14": 3.99704, "last_close": 184.84, "last_date": "2026-03-04"}