{"return_1d": -0.010378, "return_5d": -0.019599, "return_20d": -0.023625, "return_60d": 0.013268, "return_252d": -0.216757, "sma_20": 179.808, "sma_50": 182.358294, "sma_200": 195.552955, "price_vs_sma20": 0.018197, "price_vs_sma50": 0.003958, "price_vs_sma200": -0.063783, "volatility_20d": 0.329899, "volatility_60d": 0.25976, "drawdown": -0.240053, "max_drawdown_1y": -0.289615, "volume_ratio": 0.934816, "rsi_14": 52.193203, "macd": 0.890149, "macd_signal": 0.194134, "macd_histogram": 0.696015, "bb_width": 0.106984, "bb_position": 0.667052, "stoch_k": 65.565345, "stoch_d": 76.959442, "adx": 14.791897, "atr_14": 3.995611, "last_close": 183.08, "last_date": "2026-03-06"}