{"return_1d": 0.007826, "return_5d": 0.041379, "return_20d": -0.006279, "return_60d": 0.020044, "return_252d": -0.17957, "sma_20": 180.7385, "sma_50": 182.3822, "sma_200": 196.540661, "price_vs_sma20": 0.033205, "price_vs_sma50": 0.023894, "price_vs_sma200": -0.049866, "volatility_20d": 0.328802, "volatility_60d": 0.258313, "drawdown": -0.224861, "max_drawdown_1y": -0.289615, "volume_ratio": 0.964405, "rsi_14": 60.090562, "macd": 0.010439, "macd_signal": -1.036545, "macd_histogram": 1.046984, "bb_width": 0.127707, "bb_position": 0.751656, "stoch_k": 94.08046, "stoch_d": 73.648054, "adx": 17.679478, "atr_14": 4.134455, "last_close": 186.74, "last_date": "2026-02-27"}