{"return_1d": 0.000866, "return_5d": -0.001565, "return_20d": -0.025033, "return_60d": 0.022655, "return_252d": -0.2051, "sma_20": 180.0295, "sma_50": 182.388154, "sma_200": 195.780818, "price_vs_sma20": 0.027609, "price_vs_sma50": 0.01432, "price_vs_sma200": -0.055066, "volatility_20d": 0.330477, "volatility_60d": 0.25882, "drawdown": -0.232083, "max_drawdown_1y": -0.289615, "volume_ratio": 0.607685, "rsi_14": 56.294031, "macd": 0.943922, "macd_signal": 0.02013, "macd_histogram": 0.923792, "bb_width": 0.111008, "bb_position": 0.742033, "stoch_k": 82.152062, "stoch_d": 81.656051, "adx": 15.65335, "atr_14": 3.992965, "last_close": 185.0, "last_date": "2026-03-05"}