{"return_1d": 0.032791, "return_5d": 0.030322, "return_20d": 0.006762, "return_60d": -0.100451, "return_252d": -0.13421, "sma_20": 78.9675, "sma_50": 81.959854, "sma_200": 78.446784, "price_vs_sma20": 0.037009, "price_vs_sma50": -0.000852, "price_vs_sma200": 0.043892, "volatility_20d": 0.447629, "volatility_60d": 0.450344, "drawdown": -0.348219, "max_drawdown_1y": -0.607885, "volume_ratio": 0.918585, "rsi_14": 54.088542, "macd": -0.490425, "macd_signal": -0.920779, "macd_histogram": 0.430353, "bb_width": 0.112187, "bb_position": 0.818114, "stoch_k": 75.486381, "stoch_d": 65.133862, "adx": 16.917825, "atr_14": 3.462721, "last_close": 81.89, "last_date": "2026-02-27"}