{"return_1d": 0.007483, "return_5d": -0.034973, "return_20d": 0.033757, "return_60d": -0.204133, "return_252d": -0.087139, "sma_20": 79.1245, "sma_50": 81.68385, "sma_200": 78.647344, "price_vs_sma20": -0.013074, "price_vs_sma50": -0.043997, "price_vs_sma200": -0.007087, "volatility_20d": 0.435256, "volatility_60d": 0.421604, "drawdown": -0.378464, "max_drawdown_1y": -0.607885, "volume_ratio": 1.125182, "rsi_14": 45.1782, "macd": -0.613756, "macd_signal": -0.730426, "macd_histogram": 0.11667, "bb_width": 0.113681, "bb_position": 0.383468, "stoch_k": 29.925926, "stoch_d": 36.910025, "adx": 17.434856, "atr_14": 3.422317, "last_close": 78.09, "last_date": "2026-03-04"}