{"return_1d": 0.030269, "return_5d": 0.027806, "return_20d": 0.004303, "return_60d": -0.102648, "return_252d": -0.136323, "sma_20": 78.9575, "sma_50": 81.955854, "sma_200": 78.445785, "price_vs_sma20": 0.034607, "price_vs_sma50": -0.003244, "price_vs_sma200": 0.041356, "volatility_20d": 0.445314, "volatility_60d": 0.449556, "drawdown": -0.349811, "max_drawdown_1y": -0.607885, "volume_ratio": 1.531944, "rsi_14": 53.647187, "macd": -0.50638, "macd_signal": -0.92397, "macd_histogram": 0.41759, "bb_width": 0.111857, "bb_position": 0.799039, "stoch_k": 72.892348, "stoch_d": 64.269184, "adx": 16.917825, "atr_14": 3.462721, "last_close": 81.69, "last_date": "2026-02-27"}