{"return_1d": -0.01016, "return_5d": 0.039465, "return_20d": 0.024582, "return_60d": -0.128882, "return_252d": -0.074386, "sma_20": 79.0545, "sma_50": 81.892862, "sma_200": 78.523404, "price_vs_sma20": 0.022839, "price_vs_sma50": -0.012612, "price_vs_sma200": 0.029757, "volatility_20d": 0.432871, "volatility_60d": 0.447738, "drawdown": -0.356417, "max_drawdown_1y": -0.607885, "volume_ratio": 1.142533, "rsi_14": 51.437267, "macd": -0.377423, "macd_signal": -0.81466, "macd_histogram": 0.437237, "bb_width": 0.114847, "bb_position": 0.694421, "stoch_k": 62.127108, "stoch_d": 58.927799, "adx": 16.574522, "atr_14": 3.459669, "last_close": 80.86, "last_date": "2026-03-02"}