{"return_1d": 0.183536, "return_5d": 0.096462, "return_20d": 0.20698, "return_60d": -0.025713, "return_252d": -0.003004, "sma_20": 79.99, "sma_50": 81.61348, "sma_200": 78.843381, "price_vs_sma20": 0.119765, "price_vs_sma50": 0.09749, "price_vs_sma200": 0.13605, "volatility_20d": 0.782563, "volatility_60d": 0.554678, "drawdown": -0.287092, "max_drawdown_1y": -0.607885, "volume_ratio": 5.053386, "rsi_14": 64.436609, "macd": 0.069644, "macd_signal": -0.590716, "macd_histogram": 0.66036, "bb_width": 0.122808, "bb_position": 1.370914, "stoch_k": 78.909692, "stoch_d": 38.213456, "adx": 18.765794, "atr_14": 4.549549, "last_close": 89.57, "last_date": "2026-03-06"}