{"return_1d": -0.030862, "return_5d": -0.045529, "return_20d": 0.026448, "return_60d": -0.23431, "return_252d": -0.140351, "sma_20": 79.222, "sma_50": 81.51686, "sma_200": 78.707645, "price_vs_sma20": -0.04471, "price_vs_sma50": -0.071603, "price_vs_sma200": -0.038467, "volatility_20d": 0.441364, "volatility_60d": 0.424686, "drawdown": -0.397646, "max_drawdown_1y": -0.607885, "volume_ratio": 2.945274, "rsi_14": 40.222222, "macd": -0.857328, "macd_signal": -0.755806, "macd_histogram": -0.101522, "bb_width": 0.106422, "bb_position": 0.060219, "stoch_k": 5.804749, "stoch_d": 18.135906, "adx": 18.303204, "atr_14": 3.536437, "last_close": 75.68, "last_date": "2026-03-05"}