{"return_1d": -0.030016, "return_5d": -0.084174, "return_20d": -0.097346, "return_60d": -0.079089, "return_252d": 0.363761, "sma_20": 172.312, "sma_50": 178.7124, "sma_200": 157.321435, "price_vs_sma20": -0.056653, "price_vs_sma50": -0.090438, "price_vs_sma200": 0.033235, "volatility_20d": 0.431, "volatility_60d": 0.322948, "drawdown": -0.149976, "max_drawdown_1y": -0.292387, "volume_ratio": 0.883296, "rsi_14": 37.890712, "macd": -3.636444, "macd_signal": -2.832668, "macd_histogram": -0.803776, "bb_width": 0.130874, "bb_position": 0.041121, "stoch_k": 14.541387, "stoch_d": 27.829943, "adx": 22.016055, "atr_14": 6.256647, "last_close": 162.55, "last_date": "2026-03-05"}