{"return_1d": -0.061863, "return_5d": -0.050738, "return_20d": -0.082084, "return_60d": -0.006186, "return_252d": 0.304681, "sma_20": 175.7025, "sma_50": 178.877146, "sma_200": 155.835338, "price_vs_sma20": -0.052319, "price_vs_sma50": -0.069138, "price_vs_sma200": 0.0685, "volatility_20d": 0.426283, "volatility_60d": 0.322847, "drawdown": -0.124468, "max_drawdown_1y": -0.292388, "volume_ratio": 1.501306, "rsi_14": 40.851744, "macd": -2.424754, "macd_signal": -1.952112, "macd_histogram": -0.472641, "bb_width": 0.131094, "bb_position": 0.078877, "stoch_k": 13.911386, "stoch_d": 42.814038, "adx": 17.964697, "atr_14": 6.220067, "last_close": 166.51, "last_date": "2026-02-27"}