{"return_1d": -0.061863, "return_5d": -0.050738, "return_20d": -0.087116, "return_60d": -0.011634, "return_252d": 0.297527, "sma_20": 175.7025, "sma_50": 179.4758, "sma_200": 156.597544, "price_vs_sma20": -0.052319, "price_vs_sma50": -0.072243, "price_vs_sma200": 0.063299, "volatility_20d": 0.42473, "volatility_60d": 0.322489, "drawdown": -0.129268, "max_drawdown_1y": -0.292387, "volume_ratio": 1.501306, "rsi_14": 40.587172, "macd": -2.602962, "macd_signal": -2.161616, "macd_histogram": -0.441346, "bb_width": 0.131094, "bb_position": 0.078877, "stoch_k": 13.911386, "stoch_d": 42.814038, "adx": 17.939804, "atr_14": 6.225239, "last_close": 166.51, "last_date": "2026-02-27"}