{"return_1d": -0.006287, "return_5d": -0.016826, "return_20d": -0.103458, "return_60d": -0.044727, "return_252d": 0.273151, "sma_20": 173.955, "sma_50": 179.1086, "sma_200": 156.977151, "price_vs_sma20": -0.046018, "price_vs_sma50": -0.073467, "price_vs_sma200": 0.05716, "volatility_20d": 0.420278, "volatility_60d": 0.31759, "drawdown": -0.132197, "max_drawdown_1y": -0.292387, "volume_ratio": 0.895187, "rsi_14": 40.257849, "macd": -3.176588, "macd_signal": -2.482134, "macd_histogram": -0.694455, "bb_width": 0.128304, "bb_position": 0.124038, "stoch_k": 28.449502, "stoch_d": 21.327905, "adx": 20.090199, "atr_14": 6.388242, "last_close": 165.95, "last_date": "2026-03-03"}