{"return_1d": 0.009822, "return_5d": -0.0354, "return_20d": -0.083812, "return_60d": -0.041798, "return_252d": 0.325283, "sma_20": 173.1885, "sma_50": 179.001, "sma_200": 157.161054, "price_vs_sma20": -0.032384, "price_vs_sma50": -0.063804, "price_vs_sma200": 0.066295, "volatility_20d": 0.422705, "volatility_60d": 0.317956, "drawdown": -0.123673, "max_drawdown_1y": -0.292387, "volume_ratio": 0.643226, "rsi_14": 42.394756, "macd": -3.230086, "macd_signal": -2.631724, "macd_histogram": -0.598362, "bb_width": 0.121168, "bb_position": 0.223793, "stoch_k": 40.498938, "stoch_d": 30.190422, "adx": 20.744351, "atr_14": 6.164081, "last_close": 167.58, "last_date": "2026-03-04"}