{"return_1d": -0.010762, "return_5d": -0.011626, "return_20d": -0.004516, "return_60d": 0.056072, "return_252d": 0.01097, "sma_20": 548.234475, "sma_50": 570.822206, "sma_200": 560.889676, "price_vs_sma20": 0.032788, "price_vs_sma50": -0.00808, "price_vs_sma200": 0.009486, "volatility_20d": 0.386846, "volatility_60d": 0.325851, "drawdown": -0.119703, "max_drawdown_1y": -0.222923, "volume_ratio": 1.073478, "rsi_14": 52.31478, "macd": 0.310682, "macd_signal": -3.940259, "macd_histogram": 4.250941, "bb_width": 0.144127, "bb_position": 0.720272, "stoch_k": 80.609168, "stoch_d": 87.614073, "adx": 11.796046, "atr_14": 18.090913, "last_close": 566.21, "last_date": "2026-03-05"}