{"return_1d": -0.001815, "return_5d": 0.050946, "return_20d": -0.056156, "return_60d": 0.025772, "return_252d": 0.000177, "sma_20": 553.187055, "sma_50": 569.942714, "sma_200": 560.747098, "price_vs_sma20": 0.033701, "price_vs_sma50": 0.003311, "price_vs_sma200": 0.019765, "volatility_20d": 0.467149, "volatility_60d": 0.326937, "drawdown": -0.110966, "max_drawdown_1y": -0.222923, "volume_ratio": 1.008345, "rsi_14": 55.518156, "macd": -4.226132, "macd_signal": -8.685824, "macd_histogram": 4.459693, "bb_width": 0.199505, "bb_position": 0.663416, "stoch_k": 96.368793, "stoch_d": 86.539019, "adx": 14.136504, "atr_14": 18.458351, "last_close": 571.83, "last_date": "2026-02-27"}