{"return_1d": -0.014446, "return_5d": 0.030763, "return_20d": -0.091126, "return_60d": 0.0408, "return_252d": -0.029282, "sma_20": 548.70426, "sma_50": 570.575436, "sma_200": 560.867418, "price_vs_sma20": 0.030774, "price_vs_sma50": -0.008738, "price_vs_sma200": 0.00842, "volatility_20d": 0.457249, "volatility_60d": 0.324979, "drawdown": -0.120667, "max_drawdown_1y": -0.222923, "volume_ratio": 0.676744, "rsi_14": 52.518964, "macd": -1.418904, "macd_signal": -6.210066, "macd_histogram": 4.791162, "bb_width": 0.148308, "bb_position": 0.701305, "stoch_k": 87.003809, "stoch_d": 93.742067, "adx": 12.48905, "atr_14": 18.237864, "last_close": 565.59, "last_date": "2026-03-03"}