{"return_1d": -0.004783, "return_5d": 0.047821, "return_20d": -0.058962, "return_60d": 0.022723, "return_252d": -0.002796, "sma_20": 553.102055, "sma_50": 569.908714, "sma_200": 560.738596, "price_vs_sma20": 0.030786, "price_vs_sma50": 0.000388, "price_vs_sma200": 0.016748, "volatility_20d": 0.467213, "volatility_60d": 0.327088, "drawdown": -0.113609, "max_drawdown_1y": -0.222923, "volume_ratio": 0.582672, "rsi_14": 54.819598, "macd": -4.361744, "macd_signal": -8.712947, "macd_histogram": 4.351203, "bb_width": 0.199727, "bb_position": 0.649538, "stoch_k": 94.403605, "stoch_d": 85.883956, "adx": 14.122659, "atr_14": 18.441922, "last_close": 570.13, "last_date": "2026-02-27"}