{"return_1d": 0.005351, "return_5d": -0.004529, "return_20d": 0.009866, "return_60d": 0.064413, "return_252d": 0.006855, "sma_20": 548.51255, "sma_50": 570.719478, "sma_200": 560.901866, "price_vs_sma20": 0.037788, "price_vs_sma50": -0.002592, "price_vs_sma200": 0.014866, "volatility_20d": 0.38575, "volatility_60d": 0.325874, "drawdown": -0.114992, "max_drawdown_1y": -0.222923, "volume_ratio": 0.828178, "rsi_14": 53.572741, "macd": 0.929144, "macd_signal": -2.966378, "macd_histogram": 3.895522, "bb_width": 0.145082, "bb_position": 0.750979, "stoch_k": 85.177925, "stoch_d": 87.005445, "adx": 11.095085, "atr_14": 18.086562, "last_close": 569.24, "last_date": "2026-03-06"}