{"return_1d": 0.003144, "return_5d": 0.011483, "return_20d": -0.012366, "return_60d": -0.155385, "return_252d": 0.050998, "sma_20": 400.128005, "sma_50": 439.954534, "sma_200": 483.08826, "price_vs_sma20": 0.012676, "price_vs_sma50": -0.078996, "price_vs_sma200": -0.16123, "volatility_20d": 0.315242, "volatility_60d": 0.321545, "drawdown": -0.249387, "max_drawdown_1y": -0.287788, "volume_ratio": 0.887077, "rsi_14": 45.05413, "macd": -11.098626, "macd_signal": -14.453264, "macd_histogram": 3.354638, "bb_width": 0.071305, "bb_position": 0.675547, "stoch_k": 80.115962, "stoch_d": 62.306819, "adx": 29.58893, "atr_14": 11.120973, "last_close": 405.2, "last_date": "2026-03-04"}