{"return_1d": -0.022354, "return_5d": -0.011303, "return_20d": -0.091958, "return_60d": -0.19128, "return_252d": -0.009965, "sma_20": 402.843485, "sma_50": 444.465308, "sma_200": 483.778557, "price_vs_sma20": -0.02508, "price_vs_sma50": -0.116376, "price_vs_sma200": -0.188182, "volatility_20d": 0.321599, "volatility_60d": 0.321856, "drawdown": -0.272468, "max_drawdown_1y": -0.287788, "volume_ratio": 1.194231, "rsi_14": 36.644818, "macd": -14.783989, "macd_signal": -16.568074, "macd_histogram": 1.784086, "bb_width": 0.109319, "bb_position": 0.264674, "stoch_k": 26.899027, "stoch_d": 40.588348, "adx": 33.895984, "atr_14": 10.958912, "last_close": 392.74, "last_date": "2026-02-27"}