{"return_1d": 0.013524, "return_5d": 0.022304, "return_20d": -0.006211, "return_60d": -0.148072, "return_252d": 0.064883, "sma_20": 399.999665, "sma_50": 438.471866, "sma_200": 482.883431, "price_vs_sma20": 0.026701, "price_vs_sma50": -0.063383, "price_vs_sma200": -0.149526, "volatility_20d": 0.318046, "volatility_60d": 0.322895, "drawdown": -0.239235, "max_drawdown_1y": -0.287788, "volume_ratio": 0.972808, "rsi_14": 48.623394, "macd": -9.504051, "macd_signal": -13.463421, "macd_histogram": 3.959371, "bb_width": 0.068263, "bb_position": 0.880976, "stoch_k": 96.889632, "stoch_d": 80.914042, "adx": 27.890636, "atr_14": 10.841618, "last_close": 410.68, "last_date": "2026-03-05"}