{"return_1d": -0.004188, "return_5d": 0.0413, "return_20d": 0.041211, "return_60d": -0.16522, "return_252d": 0.027607, "sma_20": 400.80899, "sma_50": 436.974752, "sma_200": 482.647131, "price_vs_sma20": 0.020336, "price_vs_sma50": -0.064111, "price_vs_sma200": -0.152673, "volatility_20d": 0.260021, "volatility_60d": 0.320541, "drawdown": -0.242421, "max_drawdown_1y": -0.287788, "volume_ratio": 0.812807, "rsi_14": 47.578701, "macd": -8.283639, "macd_signal": -12.427465, "macd_histogram": 4.143826, "bb_width": 0.06907, "bb_position": 0.788563, "stoch_k": 86.949585, "stoch_d": 87.98506, "adx": 26.175145, "atr_14": 10.391502, "last_close": 408.96, "last_date": "2026-03-06"}