{"return_1d": 0.014794, "return_5d": 0.036622, "return_20d": -0.07165, "return_60d": -0.184776, "return_252d": 0.023109, "sma_20": 401.30548, "sma_50": 442.930206, "sma_200": 483.542673, "price_vs_sma20": -0.006866, "price_vs_sma50": -0.100197, "price_vs_sma200": -0.175771, "volatility_20d": 0.328621, "volatility_60d": 0.323357, "drawdown": -0.261706, "max_drawdown_1y": -0.287788, "volume_ratio": 0.847354, "rsi_14": 40.678607, "macd": -13.784118, "macd_signal": -16.011283, "macd_histogram": 2.227165, "bb_width": 0.089059, "bb_position": 0.422368, "stoch_k": 41.067962, "stoch_d": 38.921893, "adx": 32.848712, "atr_14": 10.930418, "last_close": 398.55, "last_date": "2026-03-02"}