{"return_1d": -0.0137, "return_5d": -0.044582, "return_20d": 0.104543, "return_60d": 0.2447, "return_252d": 0.093157, "sma_20": 458.0235, "sma_50": 418.6962, "sma_200": 422.793503, "price_vs_sma20": 0.005975, "price_vs_sma50": 0.100464, "price_vs_sma200": 0.089799, "volatility_20d": 0.329369, "volatility_60d": 0.227441, "drawdown": -0.074758, "max_drawdown_1y": -0.270084, "volume_ratio": 0.750451, "rsi_14": 58.501214, "macd": 16.553682, "macd_signal": 18.412494, "macd_histogram": -1.858812, "bb_width": 0.178342, "bb_position": 0.533302, "stoch_k": 29.859624, "stoch_d": 48.774685, "adx": 56.413549, "atr_14": 10.283806, "last_close": 460.76, "last_date": "2026-03-06"}