{"return_1d": 0.021846, "return_5d": 0.042138, "return_20d": 0.19623, "return_60d": 0.29601, "return_252d": 0.143709, "sma_20": 441.8575, "sma_50": 408.3416, "sma_200": 421.36264, "price_vs_sma20": 0.091438, "price_vs_sma50": 0.181021, "price_vs_sma200": 0.144525, "volatility_20d": 0.295595, "volatility_60d": 0.219055, "drawdown": -0.031584, "max_drawdown_1y": -0.270084, "volume_ratio": 1.170247, "rsi_14": 84.244528, "macd": 20.154899, "macd_signal": 17.603481, "macd_histogram": 2.551419, "bb_width": 0.21336, "bb_position": 0.892657, "stoch_k": 99.800583, "stoch_d": 97.191116, "adx": 59.421096, "atr_14": 10.457992, "last_close": 482.26, "last_date": "2026-02-27"}