{"return_1d": 0.007983, "return_5d": 0.04533, "return_20d": 0.207607, "return_60d": 0.29179, "return_252d": 0.144037, "sma_20": 446.036, "sma_50": 410.7872, "sma_200": 421.743728, "price_vs_sma20": 0.089845, "price_vs_sma50": 0.183362, "price_vs_sma200": 0.152619, "volatility_20d": 0.292959, "volatility_60d": 0.218718, "drawdown": -0.023853, "max_drawdown_1y": -0.270084, "volume_ratio": 0.835438, "rsi_14": 85.132896, "macd": 20.79406, "macd_signal": 18.241596, "macd_histogram": 2.552463, "bb_width": 0.212176, "bb_position": 0.888537, "stoch_k": 94.345564, "stoch_d": 96.843443, "adx": 60.634972, "atr_14": 10.299564, "last_close": 486.11, "last_date": "2026-03-02"}