{"return_1d": 0.016887, "return_5d": 0.037082, "return_20d": 0.190425, "return_60d": 0.289722, "return_252d": 0.13816, "sma_20": 441.7405, "sma_50": 408.2948, "sma_200": 421.35094, "price_vs_sma20": 0.08643, "price_vs_sma50": 0.175425, "price_vs_sma200": 0.139003, "volatility_20d": 0.293288, "volatility_60d": 0.217601, "drawdown": -0.036283, "max_drawdown_1y": -0.270084, "volume_ratio": 0.522446, "rsi_14": 83.694649, "macd": 19.968233, "macd_signal": 17.566147, "macd_histogram": 2.402085, "bb_width": 0.212906, "bb_position": 0.873657, "stoch_k": 97.573118, "stoch_d": 96.448628, "adx": 59.396072, "atr_14": 10.393349, "last_close": 479.92, "last_date": "2026-02-27"}