{"return_1d": -0.036106, "return_5d": 0.064762, "return_20d": -0.049774, "return_60d": -0.295716, "return_252d": -0.480562, "sma_20": 129.5115, "sma_50": 148.0476, "sma_200": 281.7404, "price_vs_sma20": 0.024465, "price_vs_sma50": -0.103802, "price_vs_sma200": -0.52907, "volatility_20d": 1.337567, "volatility_60d": 0.914457, "drawdown": -0.719984, "max_drawdown_1y": -0.774202, "volume_ratio": 0.768771, "rsi_14": 46.98025, "macd": -5.062226, "macd_signal": -7.193142, "macd_histogram": 2.130916, "bb_width": 0.204966, "bb_position": 0.616511, "stoch_k": 65.685373, "stoch_d": 68.879921, "adx": 20.358849, "atr_14": 10.295177, "last_close": 132.68, "last_date": "2026-03-03"}