{"return_1d": -0.045275, "return_5d": 0.048051, "return_20d": 0.083043, "return_60d": -0.218895, "return_252d": -0.491877, "sma_20": 130.7065, "sma_50": 147.3114, "sma_200": 279.1875, "price_vs_sma20": 0.069648, "price_vs_sma50": -0.050922, "price_vs_sma200": -0.499225, "volatility_20d": 1.379798, "volatility_60d": 0.941947, "drawdown": -0.704936, "max_drawdown_1y": -0.774202, "volume_ratio": 0.83346, "rsi_14": 50.841666, "macd": -2.830439, "macd_signal": -5.735604, "macd_histogram": 2.905164, "bb_width": 0.228371, "bb_position": 0.785121, "stoch_k": 68.754014, "stoch_d": 74.828115, "adx": 19.27842, "atr_14": 10.654515, "last_close": 139.81, "last_date": "2026-03-05"}