{"return_1d": -0.029235, "return_5d": -0.011828, "return_20d": -0.095607, "return_60d": -0.244546, "return_252d": -0.50811, "sma_20": 130.462, "sma_50": 149.1986, "sma_200": 284.58055, "price_vs_sma20": -0.007374, "price_vs_sma50": -0.132029, "price_vs_sma200": -0.544944, "volatility_20d": 1.343935, "volatility_60d": 0.914704, "drawdown": -0.726695, "max_drawdown_1y": -0.774202, "volume_ratio": 0.550191, "rsi_14": 44.739642, "macd": -6.562685, "macd_signal": -8.273729, "macd_histogram": 1.711044, "bb_width": 0.252874, "bb_position": 0.470623, "stoch_k": 52.407932, "stoch_d": 72.163365, "adx": 23.477793, "atr_14": 10.262454, "last_close": 129.5, "last_date": "2026-02-27"}