{"return_1d": 0.062934, "return_5d": 0.112683, "return_20d": -0.080556, "return_60d": -0.240887, "return_252d": -0.426578, "sma_20": 129.859, "sma_50": 148.6016, "sma_200": 283.16075, "price_vs_sma20": 0.059996, "price_vs_sma50": -0.073698, "price_vs_sma200": -0.51388, "volatility_20d": 1.353446, "volatility_60d": 0.91622, "drawdown": -0.709495, "max_drawdown_1y": -0.774202, "volume_ratio": 0.992433, "rsi_14": 49.812592, "macd": -5.534437, "macd_signal": -7.725871, "macd_histogram": 2.191434, "bb_width": 0.206952, "bb_position": 0.773494, "stoch_k": 88.546458, "stoch_d": 72.045038, "adx": 21.868996, "atr_14": 10.329421, "last_close": 137.65, "last_date": "2026-03-02"}