{"return_1d": -0.002369, "return_5d": 0.009081, "return_20d": -0.022327, "return_60d": 0.12715, "return_252d": 0.185009, "sma_20": 226.84005, "sma_50": 216.68507, "sma_200": 194.859563, "price_vs_sma20": -0.03465, "price_vs_sma50": 0.010591, "price_vs_sma200": 0.123784, "volatility_20d": 0.288911, "volatility_60d": 0.231903, "drawdown": -0.07355, "max_drawdown_1y": -0.285136, "volume_ratio": 0.720679, "rsi_14": 46.877487, "macd": 0.416581, "macd_signal": 2.403211, "macd_histogram": -1.98663, "bb_width": 0.112294, "bb_position": 0.180359, "stoch_k": 27.565483, "stoch_d": 22.749331, "adx": 26.346419, "atr_14": 6.063484, "last_close": 218.98, "last_date": "2026-03-03"}