{"return_1d": -0.025603, "return_5d": -0.023297, "return_20d": -0.094105, "return_60d": 0.081802, "return_252d": 0.216683, "sma_20": 224.64854, "sma_50": 217.35808, "sma_200": 195.360105, "price_vs_sma20": -0.063159, "price_vs_sma50": -0.031736, "price_vs_sma200": 0.077293, "volatility_20d": 0.287241, "volatility_60d": 0.240918, "drawdown": -0.109596, "max_drawdown_1y": -0.285136, "volume_ratio": 1.224347, "rsi_14": 38.229742, "macd": -1.124868, "macd_signal": 0.973595, "macd_histogram": -2.098462, "bb_width": 0.138293, "bb_position": 0.012508, "stoch_k": 14.407899, "stoch_d": 21.359975, "adx": 26.928528, "atr_14": 5.975887, "last_close": 210.46, "last_date": "2026-03-06"}