{"return_1d": -0.037142, "return_5d": -0.066833, "return_20d": -0.020141, "return_60d": 0.140679, "return_252d": 0.178485, "sma_20": 228.698, "sma_50": 217.567, "sma_200": 195.825978, "price_vs_sma20": -0.051238, "price_vs_sma50": -0.002698, "price_vs_sma200": 0.108025, "volatility_20d": 0.288263, "volatility_60d": 0.233757, "drawdown": -0.088358, "max_drawdown_1y": -0.285136, "volume_ratio": 1.448909, "rsi_14": 42.629672, "macd": 1.180826, "macd_signal": 3.454479, "macd_histogram": -2.273652, "bb_width": 0.109279, "bb_position": 0.005804, "stoch_k": 11.066236, "stoch_d": 22.438745, "adx": 27.543383, "atr_14": 5.805307, "last_close": 216.98, "last_date": "2026-02-27"}