{"return_1d": -0.038385, "return_5d": -0.068037, "return_20d": -0.021405, "return_60d": 0.139207, "return_252d": 0.176965, "sma_20": 228.684, "sma_50": 217.5614, "sma_200": 195.824578, "price_vs_sma20": -0.052404, "price_vs_sma50": -0.003959, "price_vs_sma200": 0.106603, "volatility_20d": 0.290364, "volatility_60d": 0.234665, "drawdown": -0.089534, "max_drawdown_1y": -0.285136, "volume_ratio": 0.782685, "rsi_14": 42.381493, "macd": 1.15849, "macd_signal": 3.450011, "macd_histogram": -2.291521, "bb_width": 0.109935, "bb_position": -0.003044, "stoch_k": 9.917188, "stoch_d": 22.055729, "adx": 27.54261, "atr_14": 5.804949, "last_close": 216.7, "last_date": "2026-02-27"}