{"return_1d": 0.018656, "return_5d": -0.004916, "return_20d": -0.002446, "return_60d": 0.157336, "return_252d": 0.202119, "sma_20": 227.09009, "sma_50": 216.399372, "sma_200": 194.664549, "price_vs_sma20": -0.033423, "price_vs_sma50": 0.014328, "price_vs_sma200": 0.127581, "volatility_20d": 0.296482, "volatility_60d": 0.236129, "drawdown": -0.07135, "max_drawdown_1y": -0.285136, "volume_ratio": 0.85625, "rsi_14": 47.423105, "macd": 0.776948, "macd_signal": 2.899868, "macd_histogram": -2.12292, "bb_width": 0.107887, "bb_position": 0.179488, "stoch_k": 29.616134, "stoch_d": 25.186051, "adx": 26.96888, "atr_14": 5.978367, "last_close": 219.5, "last_date": "2026-03-02"}