{"return_1d": 0.001187, "return_5d": -0.007882, "return_20d": -0.032237, "return_60d": 0.128835, "return_252d": 0.196218, "sma_20": 226.4749, "sma_50": 217.024828, "sma_200": 195.048255, "price_vs_sma20": -0.031946, "price_vs_sma50": 0.010207, "price_vs_sma200": 0.12403, "volatility_20d": 0.285341, "volatility_60d": 0.231857, "drawdown": -0.07245, "max_drawdown_1y": -0.285136, "volume_ratio": 0.61207, "rsi_14": 47.204563, "macd": 0.150235, "macd_signal": 1.952616, "macd_histogram": -1.80238, "bb_width": 0.116171, "bb_position": 0.215936, "stoch_k": 29.587368, "stoch_d": 28.922995, "adx": 25.768438, "atr_14": 5.800378, "last_close": 219.24, "last_date": "2026-03-04"}