{"return_1d": -0.01566, "return_5d": -0.01566, "return_20d": -0.023462, "return_60d": -0.07876, "return_252d": -0.00582, "sma_20": 31.0665, "sma_50": 31.581432, "sma_200": 32.818711, "price_vs_sma20": -0.008578, "price_vs_sma50": -0.024743, "price_vs_sma200": -0.061511, "volatility_20d": 0.515554, "volatility_60d": 0.332416, "drawdown": -0.819348, "max_drawdown_1y": -0.844168, "volume_ratio": 1.003958, "rsi_14": 46.758533, "macd": -0.056953, "macd_signal": -0.120154, "macd_histogram": 0.063202, "bb_width": 0.113993, "bb_position": 0.424096, "stoch_k": 42.016807, "stoch_d": 51.524039, "adx": 11.170666, "atr_14": 1.07575, "last_close": 30.8, "last_date": "2026-03-03"}