{"return_1d": -0.00981, "return_5d": 0.013277, "return_20d": 0.004494, "return_60d": -0.066045, "return_252d": 0.00461, "sma_20": 31.1035, "sma_50": 31.611826, "sma_200": 32.809249, "price_vs_sma20": 0.005996, "price_vs_sma50": -0.010181, "price_vs_sma200": -0.046305, "volatility_20d": 0.514395, "volatility_60d": 0.331046, "drawdown": -0.816474, "max_drawdown_1y": -0.844168, "volume_ratio": 0.693228, "rsi_14": 49.71869, "macd": -0.01789, "macd_signal": -0.135955, "macd_histogram": 0.118065, "bb_width": 0.112665, "bb_position": 0.552903, "stoch_k": 53.04878, "stoch_d": 63.35298, "adx": 11.785271, "atr_14": 1.071577, "last_close": 31.29, "last_date": "2026-03-02"}