{"return_1d": 0.016558, "return_5d": -0.028243, "return_20d": 0.022868, "return_60d": -0.087648, "return_252d": 0.043211, "sma_20": 31.1965, "sma_50": 31.518716, "sma_200": 32.843107, "price_vs_sma20": 0.003638, "price_vs_sma50": -0.006622, "price_vs_sma200": -0.04668, "volatility_20d": 0.360127, "volatility_60d": 0.331374, "drawdown": -0.816357, "max_drawdown_1y": -0.844168, "volume_ratio": 1.196564, "rsi_14": 50.328359, "macd": -0.068703, "macd_signal": -0.104545, "macd_histogram": 0.035842, "bb_width": 0.091677, "bb_position": 0.539541, "stoch_k": 65.549348, "stoch_d": 51.373697, "adx": 10.468167, "atr_14": 1.076565, "last_close": 31.31, "last_date": "2026-03-05"}