{"return_1d": 0.0, "return_5d": -0.018483, "return_20d": 0.065744, "return_60d": -0.085557, "return_252d": 0.044238, "sma_20": 31.1615, "sma_50": 31.54905, "sma_200": 32.83031, "price_vs_sma20": -0.011601, "price_vs_sma50": -0.023742, "price_vs_sma200": -0.061843, "volatility_20d": 0.411982, "volatility_60d": 0.331945, "drawdown": -0.819348, "max_drawdown_1y": -0.844168, "volume_ratio": 0.852914, "rsi_14": 46.758533, "macd": -0.086908, "macd_signal": -0.113505, "macd_histogram": 0.026597, "bb_width": 0.094572, "bb_position": 0.375893, "stoch_k": 46.554935, "stoch_d": 47.206841, "adx": 10.383465, "atr_14": 1.057839, "last_close": 30.8, "last_date": "2026-03-04"}