{"return_1d": -0.026828, "return_5d": -0.035759, "return_20d": -0.012318, "return_60d": -0.10198, "return_252d": -0.010387, "sma_20": 31.1775, "sma_50": 31.476552, "sma_200": 32.848363, "price_vs_sma20": -0.022693, "price_vs_sma50": -0.031978, "price_vs_sma200": -0.072404, "volatility_20d": 0.372682, "volatility_60d": 0.334884, "drawdown": -0.821284, "max_drawdown_1y": -0.844168, "volume_ratio": 0.954749, "rsi_14": 44.979012, "macd": -0.120665, "macd_signal": -0.107769, "macd_histogram": -0.012897, "bb_width": 0.096019, "bb_position": 0.258177, "stoch_k": 34.264432, "stoch_d": 48.789572, "adx": 9.722008, "atr_14": 1.100382, "last_close": 30.47, "last_date": "2026-03-06"}