{"return_1d": -0.025295, "return_5d": -0.013352, "return_20d": 0.012411, "return_60d": -0.064001, "return_252d": -0.013966, "sma_20": 31.08675, "sma_50": 31.622754, "sma_200": 32.793364, "price_vs_sma20": 0.010237, "price_vs_sma50": -0.006886, "price_vs_sma200": -0.042337, "volatility_20d": 0.51666, "volatility_60d": 0.332203, "drawdown": -0.8158, "max_drawdown_1y": -0.844168, "volume_ratio": 0.730361, "rsi_14": 50.499799, "macd": -0.033219, "macd_signal": -0.168582, "macd_histogram": 0.135363, "bb_width": 0.11155, "bb_position": 0.590845, "stoch_k": 53.846154, "stoch_d": 61.490082, "adx": 12.454701, "atr_14": 1.069775, "last_close": 31.405, "last_date": "2026-02-27"}