{"return_1d": -0.022822, "return_5d": -0.067577, "return_20d": -0.060764, "return_60d": -0.095691, "return_252d": 0.014204, "sma_20": 1367.347485, "sma_50": 1405.813196, "sma_200": 1318.050352, "price_vs_sma20": -0.05901, "price_vs_sma50": -0.084757, "price_vs_sma200": -0.023816, "volatility_20d": 0.201332, "volatility_60d": 0.225941, "drawdown": -0.244266, "max_drawdown_1y": -0.430172, "volume_ratio": 1.912882, "rsi_14": 27.554458, "macd": -22.014208, "macd_signal": -15.296485, "macd_histogram": -6.717723, "bb_width": 0.085744, "bb_position": -0.231371, "stoch_k": 2.853367, "stoch_d": 10.785508, "adx": 27.197947, "atr_14": 36.877378, "last_close": 1286.66, "last_date": "2026-03-04"}