{"return_1d": -0.01978, "return_5d": -0.084235, "return_20d": -0.092478, "return_60d": -0.108597, "return_252d": 0.01631, "sma_20": 1360.921485, "sma_50": 1402.987196, "sma_200": 1318.569202, "price_vs_sma20": -0.073268, "price_vs_sma50": -0.101054, "price_vs_sma200": -0.043501, "volatility_20d": 0.198476, "volatility_60d": 0.22887, "drawdown": -0.259214, "max_drawdown_1y": -0.430172, "volume_ratio": 1.345082, "rsi_14": 24.343448, "macd": -27.478774, "macd_signal": -17.732943, "macd_histogram": -9.745831, "bb_width": 0.112473, "bb_position": -0.202927, "stoch_k": 5.456374, "stoch_d": 10.74993, "adx": 29.029496, "atr_14": 37.169709, "last_close": 1261.21, "last_date": "2026-03-05"}