{"return_1d": -0.030438, "return_5d": -0.048915, "return_20d": -0.035063, "return_60d": -0.084351, "return_252d": 0.057281, "sma_20": 1374.954485, "sma_50": 1409.227798, "sma_200": 1316.339352, "price_vs_sma20": -0.036266, "price_vs_sma50": -0.059705, "price_vs_sma200": 0.006648, "volatility_20d": 0.193834, "volatility_60d": 0.222301, "drawdown": -0.221694, "max_drawdown_1y": -0.430172, "volume_ratio": 1.27102, "rsi_14": 33.688066, "macd": -14.114707, "macd_signal": -12.693693, "macd_histogram": -1.421014, "bb_width": 0.049243, "bb_position": -0.264189, "stoch_k": 5.563107, "stoch_d": 33.357076, "adx": 24.356242, "atr_14": 36.285303, "last_close": 1325.09, "last_date": "2026-03-02"}