{"return_1d": -0.009349, "return_5d": -0.009586, "return_20d": -0.02043, "return_60d": -0.070667, "return_252d": 0.058025, "sma_20": 1377.24474, "sma_50": 1410.4081, "sma_200": 1315.587428, "price_vs_sma20": -0.009366, "price_vs_sma50": -0.032659, "price_vs_sma200": 0.037061, "volatility_20d": 0.169726, "volatility_60d": 0.215886, "drawdown": -0.198637, "max_drawdown_1y": -0.430172, "volume_ratio": 0.829413, "rsi_14": 42.110472, "macd": -10.870702, "macd_signal": -12.375851, "macd_histogram": 1.505149, "bb_width": 0.034553, "bb_position": 0.226367, "stoch_k": 38.406413, "stoch_d": 49.465036, "adx": 23.54316, "atr_14": 35.436076, "last_close": 1364.345, "last_date": "2026-02-27"}