{"return_1d": -0.006324, "return_5d": -0.045627, "return_20d": -0.049725, "return_60d": -0.082355, "return_252d": 0.034564, "sma_20": 1371.509485, "sma_50": 1407.868396, "sma_200": 1317.333851, "price_vs_sma20": -0.039956, "price_vs_sma50": -0.064749, "price_vs_sma200": -0.000474, "volatility_20d": 0.190195, "volatility_60d": 0.222049, "drawdown": -0.226616, "max_drawdown_1y": -0.430172, "volume_ratio": 1.248446, "rsi_14": 32.213161, "macd": -17.310501, "macd_signal": -13.617055, "macd_histogram": -3.693447, "bb_width": 0.062123, "bb_position": -0.169934, "stoch_k": 23.94005, "stoch_d": 23.46637, "adx": 25.792016, "atr_14": 36.425638, "last_close": 1316.71, "last_date": "2026-03-03"}