{"return_1d": -0.009282, "return_5d": -0.044542, "return_20d": 0.046521, "return_60d": 0.674439, "return_252d": 3.367886, "sma_20": 406.1315, "sma_50": 373.831318, "sma_200": 213.703573, "price_vs_sma20": -0.022361, "price_vs_sma50": 0.06211, "price_vs_sma200": 0.857947, "volatility_20d": 0.613395, "volatility_60d": 0.700683, "drawdown": -0.093079, "max_drawdown_1y": -0.576289, "volume_ratio": 0.898273, "rsi_14": 49.837848, "macd": 7.31013, "macd_signal": 13.037816, "macd_histogram": -5.727687, "bb_width": 0.161053, "bb_position": 0.357982, "stoch_k": 36.092397, "stoch_d": 28.302988, "adx": 28.130312, "atr_14": 24.83702, "last_close": 397.05, "last_date": "2026-03-05"}