{"return_1d": -0.016544, "return_5d": -0.045508, "return_20d": -0.062197, "return_60d": 0.700283, "return_252d": 3.196341, "sma_20": 409.01475, "sma_50": 361.396362, "sma_200": 207.659001, "price_vs_sma20": -0.000806, "price_vs_sma50": 0.13085, "price_vs_sma200": 0.968058, "volatility_20d": 0.684387, "volatility_60d": 0.682551, "drawdown": -0.066503, "max_drawdown_1y": -0.57629, "volume_ratio": 0.604429, "rsi_14": 53.74733, "macd": 14.896732, "macd_signal": 18.101501, "macd_histogram": -3.204768, "bb_width": 0.16995, "bb_position": 0.495252, "stoch_k": 58.623298, "stoch_d": 71.092035, "adx": 35.165607, "atr_14": 23.81511, "last_close": 408.685, "last_date": "2026-02-27"}