{"return_1d": -0.079943, "return_5d": -0.091696, "return_20d": -0.132755, "return_60d": 0.622111, "return_252d": 3.068402, "sma_20": 406.1825, "sma_50": 368.160162, "sma_200": 210.679819, "price_vs_sma20": -0.065248, "price_vs_sma50": 0.03129, "price_vs_sma200": 0.802166, "volatility_20d": 0.685937, "volatility_60d": 0.702577, "drawdown": -0.132755, "max_drawdown_1y": -0.57629, "volume_ratio": 1.103809, "rsi_14": 44.405561, "macd": 10.177219, "macd_signal": 15.889122, "macd_histogram": -5.711902, "bb_width": 0.180822, "bb_position": 0.113972, "stoch_k": 7.988166, "stoch_d": 45.261172, "adx": 31.578387, "atr_14": 24.628615, "last_close": 379.68, "last_date": "2026-03-03"}