{"return_1d": 0.000728, "return_5d": -0.019716, "return_20d": -0.005327, "return_60d": 0.723816, "return_252d": 3.509064, "sma_20": 409.0885, "sma_50": 365.07514, "sma_200": 209.257081, "price_vs_sma20": 0.008755, "price_vs_sma50": 0.13037, "price_vs_sma200": 0.972072, "volatility_20d": 0.660577, "volatility_60d": 0.680984, "drawdown": -0.057401, "max_drawdown_1y": -0.57629, "volume_ratio": 0.854473, "rsi_14": 55.086389, "macd": 13.944316, "macd_signal": 17.317097, "macd_histogram": -3.372782, "bb_width": 0.168169, "bb_position": 0.551608, "stoch_k": 64.103975, "stoch_d": 65.29134, "adx": 33.770953, "atr_14": 23.590816, "last_close": 412.67, "last_date": "2026-03-02"}