{"return_1d": 0.055547, "return_5d": -0.065804, "return_20d": -0.044512, "return_60d": 0.768947, "return_252d": 3.44095, "sma_20": 405.249, "sma_50": 371.20657, "sma_200": 212.207358, "price_vs_sma20": -0.011052, "price_vs_sma50": 0.079641, "price_vs_sma200": 0.888577, "volatility_20d": 0.705587, "volatility_60d": 0.703622, "drawdown": -0.084582, "max_drawdown_1y": -0.576289, "volume_ratio": 0.936668, "rsi_14": 50.952741, "macd": 8.792204, "macd_signal": 14.469738, "macd_histogram": -5.677534, "bb_width": 0.168907, "bb_position": 0.433833, "stoch_k": 40.828402, "stoch_d": 37.640181, "adx": 29.997204, "atr_14": 24.883714, "last_close": 400.77, "last_date": "2026-03-04"}