{"return_1d": -0.067372, "return_5d": -0.10202, "return_20d": -0.032882, "return_60d": 0.500282, "return_252d": 2.938029, "sma_20": 405.502, "sma_50": 375.707752, "sma_200": 215.062793, "price_vs_sma20": -0.086811, "price_vs_sma50": -0.014394, "price_vs_sma200": 0.721823, "volatility_20d": 0.66143, "volatility_60d": 0.714997, "drawdown": -0.15418, "max_drawdown_1y": -0.576289, "volume_ratio": 1.038891, "rsi_14": 42.616632, "macd": 3.931751, "macd_signal": 11.216603, "macd_histogram": -7.284852, "bb_width": 0.184699, "bb_position": -0.014694, "stoch_k": 4.104263, "stoch_d": 27.008354, "adx": 26.498376, "atr_14": 25.177233, "last_close": 370.3, "last_date": "2026-03-06"}