{"return_1d": -0.007676, "return_5d": -0.036901, "return_20d": -0.053741, "return_60d": 0.715614, "return_252d": 3.234178, "sma_20": 409.199, "sma_50": 361.470062, "sma_200": 207.677426, "price_vs_sma20": 0.007749, "price_vs_sma50": 0.140814, "price_vs_sma200": 0.985627, "volatility_20d": 0.682665, "volatility_60d": 0.681331, "drawdown": -0.058086, "max_drawdown_1y": -0.57629, "volume_ratio": 0.791182, "rsi_14": 54.994982, "macd": 15.190693, "macd_signal": 18.160293, "macd_histogram": -2.9696, "bb_width": 0.168577, "bb_position": 0.545615, "stoch_k": 63.691377, "stoch_d": 72.781394, "adx": 35.164294, "atr_14": 23.82011, "last_close": 412.37, "last_date": "2026-02-27"}