{"return_1d": -0.016199, "return_5d": 0.007001, "return_20d": 0.056028, "return_60d": 0.011847, "return_252d": 0.00676, "sma_20": 536.87, "sma_50": 533.48, "sma_200": 548.042, "price_vs_sma20": 0.018124, "price_vs_sma50": 0.024593, "price_vs_sma200": -0.002631, "volatility_20d": 0.172738, "volatility_60d": 0.176552, "drawdown": -0.100691, "max_drawdown_1y": -0.166173, "volume_ratio": 0.174109, "rsi_14": 57.630961, "macd": 6.332869, "macd_signal": 4.335984, "macd_histogram": 1.996885, "bb_width": 0.072477, "bb_position": 0.745608, "stoch_k": 62.711864, "stoch_d": 73.06968, "adx": 23.075482, "atr_14": 9.996655, "last_close": 546.6, "last_date": "2026-03-02"}