{"return_1d": 0.016393, "return_5d": -0.035107, "return_20d": 0.012533, "return_60d": 0.001503, "return_252d": -0.018969, "sma_20": 537.89, "sma_50": 532.428, "sma_200": 547.523, "price_vs_sma20": -0.008719, "price_vs_sma50": 0.00145, "price_vs_sma200": -0.02616, "volatility_20d": 0.242819, "volatility_60d": 0.203064, "drawdown": -0.122738, "max_drawdown_1y": -0.166173, "volume_ratio": 0.096152, "rsi_14": 48.308623, "macd": 3.715034, "macd_signal": 4.321947, "macd_histogram": -0.606913, "bb_width": 0.069005, "bb_position": 0.372532, "stoch_k": 26.519337, "stoch_d": 35.560966, "adx": 21.860056, "atr_14": 11.427436, "last_close": 533.2, "last_date": "2026-03-04"}