{"return_1d": 0.000752, "return_5d": -0.041757, "return_20d": 0.000752, "return_60d": 0.001505, "return_252d": -0.018695, "sma_20": 538.18, "sma_50": 531.472, "sma_200": 547.099, "price_vs_sma20": -0.01074, "price_vs_sma50": 0.001746, "price_vs_sma200": -0.026867, "volatility_20d": 0.244582, "volatility_60d": 0.203802, "drawdown": -0.124054, "max_drawdown_1y": -0.166173, "volume_ratio": 0.065665, "rsi_14": 47.89462, "macd": 2.16803, "macd_signal": 3.677517, "macd_histogram": -1.509486, "bb_width": 0.067444, "bb_position": 0.33903, "stoch_k": 24.309392, "stoch_d": 25.966851, "adx": 20.874042, "atr_14": 10.690931, "last_close": 532.4, "last_date": "2026-03-06"}