{"return_1d": -0.010101, "return_5d": -0.035363, "return_20d": 0.002273, "return_60d": -0.010101, "return_252d": -0.024246, "sma_20": 538.02, "sma_50": 531.884, "sma_200": 547.265, "price_vs_sma20": -0.016393, "price_vs_sma50": -0.005046, "price_vs_sma200": -0.03301, "volatility_20d": 0.248204, "volatility_60d": 0.204947, "drawdown": -0.129319, "max_drawdown_1y": -0.166173, "volume_ratio": 0.088131, "rsi_14": 46.148477, "macd": 2.673946, "macd_signal": 4.010216, "macd_histogram": -1.33627, "bb_width": 0.068829, "bb_position": 0.257852, "stoch_k": 15.469613, "stoch_d": 16.206262, "adx": 21.316651, "atr_14": 11.18364, "last_close": 529.2, "last_date": "2026-03-05"}