{"return_1d": -0.012782, "return_5d": -0.054716, "return_20d": -0.012782, "return_60d": -0.012039, "return_252d": -0.031966, "sma_20": 537.82, "sma_50": 531.328, "sma_200": 547.063, "price_vs_sma20": -0.023465, "price_vs_sma50": -0.011533, "price_vs_sma200": -0.039964, "volatility_20d": 0.248823, "volatility_60d": 0.205499, "drawdown": -0.1359, "max_drawdown_1y": -0.166173, "volume_ratio": 1.294621, "rsi_14": 43.93211, "macd": 1.593671, "macd_signal": 3.562645, "macd_histogram": -1.968973, "bb_width": 0.071123, "bb_position": 0.162151, "stoch_k": 12.182741, "stoch_d": 21.924634, "adx": 21.478774, "atr_14": 11.448074, "last_close": 525.2, "last_date": "2026-03-06"}