{"return_1d": -0.026821, "return_5d": -0.021501, "return_20d": 0.040698, "return_60d": -0.00223, "return_252d": 0.001562, "sma_20": 538.18, "sma_50": 533.168, "sma_200": 547.838, "price_vs_sma20": -0.002193, "price_vs_sma50": 0.007187, "price_vs_sma200": -0.019783, "volatility_20d": 0.193179, "volatility_60d": 0.182429, "drawdown": -0.116486, "max_drawdown_1y": -0.166173, "volume_ratio": 0.134726, "rsi_14": 49.922182, "macd": 5.681762, "macd_signal": 4.67151, "macd_histogram": 1.010252, "bb_width": 0.067042, "bb_position": 0.467224, "stoch_k": 25.974026, "stoch_d": 63.836916, "adx": 21.53308, "atr_14": 10.615261, "last_close": 537.0, "last_date": "2026-03-03"}