{"return_1d": -0.041028, "return_5d": -0.11227, "return_20d": -0.100254, "return_60d": 0.12958, "return_252d": -0.06382, "sma_20": 23.247, "sma_50": 22.8538, "sma_200": 22.1051, "price_vs_sma20": -0.085043, "price_vs_sma50": -0.069301, "price_vs_sma200": -0.037779, "volatility_20d": 0.808995, "volatility_60d": 0.647935, "drawdown": -0.36903, "max_drawdown_1y": -0.540196, "volume_ratio": 1.383111, "rsi_14": 42.11834, "macd": 0.206324, "macd_signal": 0.406275, "macd_histogram": -0.199951, "bb_width": 0.197512, "bb_position": 0.029408, "stoch_k": 16.375546, "stoch_d": 45.408887, "adx": 27.040057, "atr_14": 1.396891, "last_close": 21.27, "last_date": "2026-03-03"}