{"return_1d": -0.009193, "return_5d": 0.019745, "return_20d": 0.081588, "return_60d": 0.334949, "return_252d": -0.010379, "sma_20": 23.3545, "sma_50": 22.8464, "sma_200": 22.08175, "price_vs_sma20": 0.061466, "price_vs_sma50": 0.085072, "price_vs_sma200": 0.122647, "volatility_20d": 0.764015, "volatility_60d": 0.601505, "drawdown": -0.26461, "max_drawdown_1y": -0.540196, "volume_ratio": 1.098064, "rsi_14": 58.19737, "macd": 0.606842, "macd_signal": 0.463905, "macd_histogram": 0.142937, "bb_width": 0.155581, "bb_position": 0.872195, "stoch_k": 92.307692, "stoch_d": 88.096895, "adx": 30.27521, "atr_14": 1.238702, "last_close": 24.79, "last_date": "2026-02-27"}