{"return_1d": -0.007522, "return_5d": -0.113398, "return_20d": -0.062195, "return_60d": 0.122872, "return_252d": -0.038269, "sma_20": 23.177, "sma_50": 22.8434, "sma_200": 22.1152, "price_vs_sma20": -0.089183, "price_vs_sma50": -0.075882, "price_vs_sma200": -0.045453, "volatility_20d": 0.792568, "volatility_60d": 0.648222, "drawdown": -0.373776, "max_drawdown_1y": -0.540196, "volume_ratio": 1.159345, "rsi_14": 41.525327, "macd": 0.019339, "macd_signal": 0.328888, "macd_histogram": -0.309549, "bb_width": 0.215991, "bb_position": 0.046667, "stoch_k": 12.882096, "stoch_d": 18.933689, "adx": 25.834109, "atr_14": 1.356399, "last_close": 21.11, "last_date": "2026-03-04"}