{"return_1d": -0.010526, "return_5d": -0.019374, "return_20d": 0.008275, "return_60d": 0.076219, "return_252d": 0.406187, "sma_20": 16.65075, "sma_50": 16.4211, "sma_200": 14.295925, "price_vs_sma20": -0.012057, "price_vs_sma50": 0.00176, "price_vs_sma200": 0.150678, "volatility_20d": 0.203109, "volatility_60d": 0.184277, "drawdown": -0.03349, "max_drawdown_1y": -0.174582, "volume_ratio": 1.584963, "rsi_14": 47.361033, "macd": 0.046988, "macd_signal": 0.078259, "macd_histogram": -0.031272, "bb_width": 0.04211, "bb_position": 0.210197, "stoch_k": 45.19774, "stoch_d": 61.393597, "adx": 14.927337, "atr_14": 0.300518, "last_close": 16.45, "last_date": "2026-02-27"}