{"return_1d": 0.009482, "return_5d": -0.029179, "return_20d": -0.045142, "return_60d": 0.03634, "return_252d": 0.388816, "sma_20": 16.436, "sma_50": 16.4602, "sma_200": 14.372975, "price_vs_sma20": -0.028352, "price_vs_sma50": -0.029781, "price_vs_sma200": 0.111113, "volatility_20d": 0.236852, "volatility_60d": 0.21132, "drawdown": -0.061692, "max_drawdown_1y": -0.174582, "volume_ratio": 0.061793, "rsi_14": 43.054549, "macd": -0.145083, "macd_signal": -0.044988, "macd_histogram": -0.100095, "bb_width": 0.08991, "bb_position": 0.175457, "stoch_k": 38.666667, "stoch_d": 36.555556, "adx": 21.877813, "atr_14": 0.352034, "last_close": 15.97, "last_date": "2026-03-06"}