{"return_1d": -0.01359, "return_5d": -0.051368, "return_20d": -0.066966, "return_60d": 0.012654, "return_252d": 0.357075, "sma_20": 16.41775, "sma_50": 16.4529, "sma_200": 14.37115, "price_vs_sma20": -0.049504, "price_vs_sma50": -0.051535, "price_vs_sma200": 0.085856, "volatility_20d": 0.235915, "volatility_60d": 0.212504, "drawdown": -0.083137, "max_drawdown_1y": -0.174582, "volume_ratio": 0.933582, "rsi_14": 37.210396, "macd": -0.1742, "macd_signal": -0.050811, "macd_histogram": -0.123389, "bb_width": 0.099999, "bb_position": -0.020833, "stoch_k": 14.333333, "stoch_d": 28.444444, "adx": 22.584099, "atr_14": 0.382034, "last_close": 15.605, "last_date": "2026-03-06"}