{"return_1d": 0.001813, "return_5d": 0.009705, "return_20d": 0.034148, "return_60d": -0.015256, "return_252d": 0.136048, "sma_20": 84.036, "sma_50": 92.1478, "sma_200": 90.120523, "price_vs_sma20": 0.052287, "price_vs_sma50": -0.040346, "price_vs_sma200": -0.018758, "volatility_20d": 0.358845, "volatility_60d": 0.326424, "drawdown": -0.124282, "max_drawdown_1y": -0.217568, "volume_ratio": 1.086818, "rsi_14": 52.649721, "macd": -0.721557, "macd_signal": -1.912309, "macd_histogram": 1.190752, "bb_width": 0.158889, "bb_position": 0.812728, "stoch_k": 82.725694, "stoch_d": 88.860753, "adx": 25.764987, "atr_14": 2.757727, "last_close": 88.43, "last_date": "2026-03-06"}