{"return_1d": -0.007606, "return_5d": 0.077796, "return_20d": -0.096994, "return_60d": -0.007222, "return_252d": 0.069077, "sma_20": 83.83, "sma_50": 92.5818, "sma_200": 90.006181, "price_vs_sma20": 0.042825, "price_vs_sma50": -0.055754, "price_vs_sma200": -0.028733, "volatility_20d": 0.501054, "volatility_60d": 0.326716, "drawdown": -0.134284, "max_drawdown_1y": -0.217568, "volume_ratio": 0.596273, "rsi_14": 50.593173, "macd": -1.658156, "macd_signal": -2.843541, "macd_histogram": 1.185385, "bb_width": 0.151151, "bb_position": 0.771689, "stoch_k": 86.515913, "stoch_d": 88.833054, "adx": 31.232705, "atr_14": 2.800161, "last_close": 87.42, "last_date": "2026-03-03"}