{"return_1d": -0.011401, "return_5d": 0.069745, "return_20d": -0.107146, "return_60d": -0.01698, "return_252d": 0.107698, "sma_20": 84.7395, "sma_50": 92.8044, "sma_200": 89.934554, "price_vs_sma20": 0.03352, "price_vs_sma50": -0.056295, "price_vs_sma200": -0.026181, "volatility_20d": 0.50037, "volatility_60d": 0.326739, "drawdown": -0.1327, "max_drawdown_1y": -0.217568, "volume_ratio": 0.756157, "rsi_14": 51.109818, "macd": -2.470287, "macd_signal": -3.42543, "macd_histogram": 0.955143, "bb_width": 0.23057, "bb_position": 0.640665, "stoch_k": 87.855946, "stoch_d": 79.968637, "adx": 34.863412, "atr_14": 2.719003, "last_close": 87.58, "last_date": "2026-02-27"}