{"return_1d": -0.012078, "return_5d": 0.069012, "return_20d": -0.107758, "return_60d": -0.017654, "return_252d": 0.106939, "sma_20": 84.7365, "sma_50": 92.8032, "sma_200": 89.934255, "price_vs_sma20": 0.032849, "price_vs_sma50": -0.056929, "price_vs_sma200": -0.026845, "volatility_20d": 0.500488, "volatility_60d": 0.326843, "drawdown": -0.133294, "max_drawdown_1y": -0.217568, "volume_ratio": 0.443043, "rsi_14": 50.980041, "macd": -2.475073, "macd_signal": -3.426387, "macd_histogram": 0.951314, "bb_width": 0.230652, "bb_position": 0.637888, "stoch_k": 87.353434, "stoch_d": 79.801133, "adx": 34.863412, "atr_14": 2.718289, "last_close": 87.52, "last_date": "2026-02-27"}