{"return_1d": 0.005823, "return_5d": 0.102227, "return_20d": -0.090825, "return_60d": -0.00176, "return_252d": 0.103669, "sma_20": 84.2995, "sma_50": 92.7076, "sma_200": 89.970779, "price_vs_sma20": 0.044965, "price_vs_sma50": -0.049808, "price_vs_sma200": -0.020904, "volatility_20d": 0.501093, "volatility_60d": 0.326358, "drawdown": -0.127649, "max_drawdown_1y": -0.217568, "volume_ratio": 0.707556, "rsi_14": 52.223126, "macd": -1.99772, "macd_signal": -3.139888, "macd_histogram": 1.142168, "bb_width": 0.195158, "bb_position": 0.720487, "stoch_k": 92.127303, "stoch_d": 92.099386, "adx": 32.980823, "atr_14": 2.794789, "last_close": 88.09, "last_date": "2026-03-02"}