{"return_1d": 0.019561, "return_5d": 0.061198, "return_20d": 0.01619, "return_60d": -0.009887, "return_252d": 0.100759, "sma_20": 83.901, "sma_50": 92.4702, "sma_200": 90.049042, "price_vs_sma20": 0.062323, "price_vs_sma50": -0.036122, "price_vs_sma200": -0.010206, "volatility_20d": 0.37981, "volatility_60d": 0.325967, "drawdown": -0.11735, "max_drawdown_1y": -0.217568, "volume_ratio": 0.494142, "rsi_14": 54.496733, "macd": -1.23681, "macd_signal": -2.522195, "macd_histogram": 1.285385, "bb_width": 0.152581, "bb_position": 0.884498, "stoch_k": 98.205546, "stoch_d": 92.282921, "adx": 29.33466, "atr_14": 2.739435, "last_close": 89.13, "last_date": "2026-03-04"}