{"return_1d": -0.015059, "return_5d": -0.023879, "return_20d": 0.039255, "return_60d": 0.210369, "return_252d": 0.388539, "sma_20": 291.6035, "sma_50": 271.6864, "sma_200": 234.332148, "price_vs_sma20": -0.013112, "price_vs_sma50": 0.059236, "price_vs_sma200": 0.228086, "volatility_20d": 0.215448, "volatility_60d": 0.186155, "drawdown": -0.038458, "max_drawdown_1y": -0.391494, "volume_ratio": 0.716871, "rsi_14": 53.298807, "macd": 5.383717, "macd_signal": 7.259019, "macd_histogram": -1.875302, "bb_width": 0.070034, "bb_position": 0.31029, "stoch_k": 23.076923, "stoch_d": 30.84489, "adx": 47.660593, "atr_14": 6.829575, "last_close": 287.78, "last_date": "2026-03-03"}