{"return_1d": 0.001264, "return_5d": 0.009718, "return_20d": 0.065418, "return_60d": 0.250946, "return_252d": 0.408987, "sma_20": 290.155, "sma_50": 269.5506, "sma_200": 233.42707, "price_vs_sma20": 0.009771, "price_vs_sma50": 0.086957, "price_vs_sma200": 0.255167, "volatility_20d": 0.205882, "volatility_60d": 0.181895, "drawdown": -0.02105, "max_drawdown_1y": -0.391494, "volume_ratio": 0.667542, "rsi_14": 61.524224, "macd": 6.584836, "macd_signal": 8.111796, "macd_histogram": -1.526961, "bb_width": 0.094428, "bb_position": 0.602471, "stoch_k": 35.281727, "stoch_d": 38.713949, "adx": 51.140545, "atr_14": 6.541275, "last_close": 292.99, "last_date": "2026-02-27"}