{"return_1d": -0.001294, "return_5d": -0.025697, "return_20d": 0.079826, "return_60d": 0.097367, "return_252d": 0.358752, "sma_20": 91.398435, "sma_50": 85.696522, "sma_200": 77.810812, "price_vs_sma20": 0.013037, "price_vs_sma50": 0.080441, "price_vs_sma200": 0.189937, "volatility_20d": 0.246319, "volatility_60d": 0.210384, "drawdown": -0.025697, "max_drawdown_1y": -0.251738, "volume_ratio": 1.075347, "rsi_14": 58.85324, "macd": 2.077223, "macd_signal": 2.281421, "macd_histogram": -0.204198, "bb_width": 0.084527, "bb_position": 0.65225, "stoch_k": 50.665977, "stoch_d": 63.678204, "adx": 39.363331, "atr_14": 2.219973, "last_close": 92.59, "last_date": "2026-03-03"}