{"return_1d": -0.001207, "return_5d": -0.029327, "return_20d": 0.027247, "return_60d": 0.137686, "return_252d": 0.329837, "sma_20": 91.826685, "sma_50": 86.41549, "sma_200": 78.099775, "price_vs_sma20": -0.008785, "price_vs_sma50": 0.053283, "price_vs_sma200": 0.165432, "volatility_20d": 0.23117, "volatility_60d": 0.197892, "drawdown": -0.042217, "max_drawdown_1y": -0.251739, "volume_ratio": 0.927781, "rsi_14": 52.626356, "macd": 1.49617, "macd_signal": 1.990827, "macd_histogram": -0.494657, "bb_width": 0.071197, "bb_position": 0.375518, "stoch_k": 20.893573, "stoch_d": 31.163027, "adx": 32.659082, "atr_14": 2.162766, "last_close": 91.02, "last_date": "2026-03-06"}