{"return_1d": -0.011304, "return_5d": -0.007632, "return_20d": 0.061913, "return_60d": 0.103596, "return_252d": 0.387343, "sma_20": 91.0562, "sma_50": 85.439646, "sma_200": 77.698389, "price_vs_sma20": 0.018162, "price_vs_sma50": 0.085093, "price_vs_sma200": 0.193204, "volatility_20d": 0.257762, "volatility_60d": 0.210367, "drawdown": -0.024434, "max_drawdown_1y": -0.251739, "volume_ratio": 0.973738, "rsi_14": 59.3128, "macd": 2.209877, "macd_signal": 2.33247, "macd_histogram": -0.122593, "bb_width": 0.098746, "bb_position": 0.68065, "stoch_k": 61.327349, "stoch_d": 62.746844, "adx": 41.357674, "atr_14": 2.177663, "last_close": 92.71, "last_date": "2026-03-02"}