{"return_1d": 0.000108, "return_5d": -0.019752, "return_20d": 0.049666, "return_60d": 0.118017, "return_252d": 0.331388, "sma_20": 91.61751, "sma_50": 85.942474, "sma_200": 77.911829, "price_vs_sma20": 0.010724, "price_vs_sma50": 0.077465, "price_vs_sma200": 0.188523, "volatility_20d": 0.228278, "volatility_60d": 0.206248, "drawdown": -0.025591, "max_drawdown_1y": -0.251738, "volume_ratio": 0.893403, "rsi_14": 58.881831, "macd": 1.950417, "macd_signal": 2.21522, "macd_histogram": -0.264803, "bb_width": 0.079026, "bb_position": 0.634261, "stoch_k": 49.649886, "stoch_d": 53.881071, "adx": 37.511442, "atr_14": 2.166403, "last_close": 92.6, "last_date": "2026-03-04"}