{"return_1d": -0.015875, "return_5d": -0.002594, "return_20d": 0.0198, "return_60d": 0.10371, "return_252d": 0.324491, "sma_20": 91.705975, "sma_50": 86.185048, "sma_200": 78.003309, "price_vs_sma20": -0.006281, "price_vs_sma50": 0.057376, "price_vs_sma200": 0.168284, "volatility_20d": 0.233687, "volatility_60d": 0.209221, "drawdown": -0.04106, "max_drawdown_1y": -0.251738, "volume_ratio": 1.15127, "rsi_14": 53.046635, "macd": 1.711576, "macd_signal": 2.114491, "macd_histogram": -0.402915, "bb_width": 0.077236, "bb_position": 0.418168, "stoch_k": 22.945621, "stoch_d": 41.087161, "adx": 34.995404, "atr_14": 2.204517, "last_close": 91.13, "last_date": "2026-03-05"}