{"return_1d": 0.022672, "return_5d": 0.067387, "return_20d": 0.027023, "return_60d": 0.41958, "return_252d": 2.041999, "sma_20": 120.9685, "sma_50": 114.864, "sma_200": 83.117038, "price_vs_sma20": 0.077636, "price_vs_sma50": 0.134907, "price_vs_sma200": 0.568391, "volatility_20d": 0.695933, "volatility_60d": 0.504091, "drawdown": -0.01205, "max_drawdown_1y": -0.456433, "volume_ratio": 0.616375, "rsi_14": 62.246303, "macd": 3.507779, "macd_signal": 3.285466, "macd_histogram": 0.222313, "bb_width": 0.168921, "bb_position": 0.926488, "stoch_k": 94.321977, "stoch_d": 92.932375, "adx": 14.337226, "atr_14": 5.430132, "last_close": 130.36, "last_date": "2026-02-27"}