{"return_1d": 0.007172, "return_5d": -0.041957, "return_20d": 0.021099, "return_60d": 0.318469, "return_252d": 1.87157, "sma_20": 121.94178, "sma_50": 116.027608, "sma_200": 84.045853, "price_vs_sma20": -0.02109, "price_vs_sma50": 0.028807, "price_vs_sma200": 0.420296, "volatility_20d": 0.608579, "volatility_60d": 0.530517, "drawdown": -0.093508, "max_drawdown_1y": -0.449961, "volume_ratio": 0.813697, "rsi_14": 48.267273, "macd": 2.209353, "macd_signal": 3.016749, "macd_histogram": -0.807396, "bb_width": 0.164143, "bb_position": 0.368745, "stoch_k": 22.042012, "stoch_d": 38.467202, "adx": 14.11811, "atr_14": 5.867997, "last_close": 119.37, "last_date": "2026-03-04"}