{"return_1d": -0.07745, "return_5d": -0.042954, "return_20d": 0.052369, "return_60d": 0.324706, "return_252d": 1.819173, "sma_20": 121.81845, "sma_50": 115.622996, "sma_200": 83.695006, "price_vs_sma20": -0.027077, "price_vs_sma50": 0.025056, "price_vs_sma200": 0.416094, "volatility_20d": 0.621925, "volatility_60d": 0.530684, "drawdown": -0.099963, "max_drawdown_1y": -0.453335, "volume_ratio": 1.427932, "rsi_14": 47.25961, "macd": 2.778402, "macd_signal": 3.218598, "macd_histogram": -0.440196, "bb_width": 0.168471, "bb_position": 0.334807, "stoch_k": 16.673614, "stoch_d": 61.758829, "adx": 13.852585, "atr_14": 6.071689, "last_close": 118.52, "last_date": "2026-03-03"}