{"return_1d": 0.001723, "return_5d": -0.103651, "return_20d": 0.073669, "return_60d": 0.309274, "return_252d": 1.686469, "sma_20": 122.31454, "sma_50": 116.560136, "sma_200": 84.709085, "price_vs_sma20": -0.049254, "price_vs_sma50": -0.002318, "price_vs_sma200": 0.372816, "volatility_20d": 0.556193, "volatility_60d": 0.5331, "drawdown": -0.116898, "max_drawdown_1y": -0.449961, "volume_ratio": 0.898205, "rsi_14": 44.982578, "macd": 0.901787, "macd_signal": 2.347347, "macd_histogram": -1.44556, "bb_width": 0.139533, "bb_position": 0.128717, "stoch_k": 17.04906, "stoch_d": 16.779633, "adx": 15.998579, "atr_14": 5.727099, "last_close": 116.29, "last_date": "2026-03-06"}