{"return_1d": 0.019848, "return_5d": 0.06444, "return_20d": 0.024187, "return_60d": 0.415659, "return_252d": 2.033598, "sma_20": 120.9505, "sma_50": 114.8568, "sma_200": 83.115238, "price_vs_sma20": 0.07482, "price_vs_sma50": 0.131844, "price_vs_sma200": 0.564093, "volatility_20d": 0.694907, "volatility_60d": 0.503734, "drawdown": -0.014778, "max_drawdown_1y": -0.456433, "volume_ratio": 1.472163, "rsi_14": 61.920239, "macd": 3.479061, "macd_signal": 3.279722, "macd_histogram": 0.199339, "bb_width": 0.168459, "bb_position": 0.913226, "stoch_k": 91.917168, "stoch_d": 92.130772, "adx": 14.337226, "atr_14": 5.430132, "last_close": 130.0, "last_date": "2026-02-27"}