{"return_1d": -0.000374, "return_5d": -0.046082, "return_20d": 0.015465, "return_60d": 0.010597, "return_252d": -0.063353, "sma_20": 80.682, "sma_50": 77.5918, "sma_200": 77.88305, "price_vs_sma20": -0.00709, "price_vs_sma50": 0.032454, "price_vs_sma200": 0.028594, "volatility_20d": 0.217649, "volatility_60d": 0.197733, "drawdown": -0.305493, "max_drawdown_1y": -0.384471, "volume_ratio": 0.053218, "rsi_14": 51.276638, "macd": 1.099854, "macd_signal": 1.39311, "macd_histogram": -0.293256, "bb_width": 0.085789, "bb_position": 0.41677, "stoch_k": 32.64095, "stoch_d": 35.113749, "adx": 23.719148, "atr_14": 1.582295, "last_close": 80.11, "last_date": "2026-03-06"}