{"return_1d": 0.015232, "return_5d": 0.037943, "return_20d": 0.143674, "return_60d": 0.050801, "return_252d": -0.008932, "sma_20": 79.7675, "sma_50": 77.3776, "sma_200": 78.0095, "price_vs_sma20": 0.05281, "price_vs_sma50": 0.085327, "price_vs_sma200": 0.076536, "volatility_20d": 0.216357, "volatility_60d": 0.192607, "drawdown": -0.271942, "max_drawdown_1y": -0.384471, "volume_ratio": 1.306958, "rsi_14": 71.76794, "macd": 1.830234, "macd_signal": 1.383588, "macd_histogram": 0.446646, "bb_width": 0.10538, "bb_position": 0.976001, "stoch_k": 98.546896, "stoch_d": 89.823603, "adx": 23.905128, "atr_14": 1.657728, "last_close": 83.98, "last_date": "2026-02-27"}