{"return_1d": 0.008862, "return_5d": -0.011218, "return_20d": 0.049686, "return_60d": 0.037595, "return_252d": -0.024429, "sma_20": 80.605, "sma_50": 77.5994, "sma_200": 77.9574, "price_vs_sma20": 0.016934, "price_vs_sma50": 0.056323, "price_vs_sma200": 0.051472, "volatility_20d": 0.215265, "volatility_60d": 0.198636, "drawdown": -0.289367, "max_drawdown_1y": -0.384471, "volume_ratio": 0.088246, "rsi_14": 58.998968, "macd": 1.599413, "macd_signal": 1.535176, "macd_histogram": 0.064237, "bb_width": 0.090133, "bb_position": 0.684754, "stoch_k": 60.237389, "stoch_d": 64.834204, "adx": 25.811152, "atr_14": 1.672911, "last_close": 81.97, "last_date": "2026-03-04"}