{"return_1d": 0.002262, "return_5d": 0.034029, "return_20d": 0.114687, "return_60d": 0.054366, "return_252d": -0.020526, "sma_20": 80.2005, "sma_50": 77.502, "sma_200": 78.005, "price_vs_sma20": 0.049495, "price_vs_sma50": 0.086036, "price_vs_sma200": 0.079033, "volatility_20d": 0.201252, "volatility_60d": 0.19258, "drawdown": -0.270294, "max_drawdown_1y": -0.384471, "volume_ratio": 0.178588, "rsi_14": 72.263729, "macd": 1.926601, "macd_signal": 1.49219, "macd_histogram": 0.434411, "bb_width": 0.103794, "bb_position": 0.954368, "stoch_k": 94.095941, "stoch_d": 92.293989, "adx": 25.575989, "atr_14": 1.628605, "last_close": 84.17, "last_date": "2026-03-02"}