{"return_1d": 0.001248, "return_5d": -0.044534, "return_20d": 0.017112, "return_60d": 0.012237, "return_252d": -0.061833, "sma_20": 80.6885, "sma_50": 77.5944, "sma_200": 77.8837, "price_vs_sma20": -0.005558, "price_vs_sma50": 0.034095, "price_vs_sma200": 0.030254, "volatility_20d": 0.217604, "volatility_60d": 0.197739, "drawdown": -0.304366, "max_drawdown_1y": -0.384471, "volume_ratio": 0.736592, "rsi_14": 51.852587, "macd": 1.110224, "macd_signal": 1.395184, "macd_histogram": -0.284959, "bb_width": 0.085554, "bb_position": 0.434667, "stoch_k": 34.569733, "stoch_d": 35.756677, "adx": 23.176514, "atr_14": 1.687295, "last_close": 80.24, "last_date": "2026-03-06"}