{"return_1d": -0.004807, "return_5d": -0.001567, "return_20d": 0.08846, "return_60d": 0.034349, "return_252d": -0.020732, "sma_20": 80.489, "sma_50": 77.56, "sma_200": 77.9883, "price_vs_sma20": 0.028836, "price_vs_sma50": 0.06769, "price_vs_sma200": 0.061826, "volatility_20d": 0.210255, "volatility_60d": 0.193953, "drawdown": -0.282085, "max_drawdown_1y": -0.384471, "volume_ratio": 0.08583, "rsi_14": 64.483395, "macd": 1.812531, "macd_signal": 1.544006, "macd_histogram": 0.268525, "bb_width": 0.094698, "bb_position": 0.795972, "stoch_k": 74.011299, "stoch_d": 84.948673, "adx": 27.050862, "atr_14": 1.612531, "last_close": 82.81, "last_date": "2026-03-03"}