{"return_1d": -0.027337, "return_5d": 0.040075, "return_20d": 0.020824, "return_60d": 0.306098, "return_252d": 1.567445, "sma_20": 21.1235, "sma_50": 20.5122, "sma_200": 16.211765, "price_vs_sma20": 0.044335, "price_vs_sma50": 0.075458, "price_vs_sma200": 0.36074, "volatility_20d": 0.396603, "volatility_60d": 0.360905, "drawdown": -0.550775, "max_drawdown_1y": -0.856639, "volume_ratio": 0.190677, "rsi_14": 59.849095, "macd": 0.369315, "macd_signal": 0.290751, "macd_histogram": 0.078563, "bb_width": 0.097451, "bb_position": 0.935629, "stoch_k": 75.098814, "stoch_d": 78.472614, "adx": 17.124661, "atr_14": 0.728965, "last_close": 22.06, "last_date": "2026-03-03"}