{"return_1d": 0.017872, "return_5d": 0.183192, "return_20d": 0.18543, "return_60d": 0.443133, "return_252d": 1.965856, "sma_20": 21.6025, "sma_50": 20.8696, "sma_200": 16.431895, "price_vs_sma20": 0.160051, "price_vs_sma50": 0.20079, "price_vs_sma200": 0.525083, "volatility_20d": 0.464026, "volatility_60d": 0.39321, "drawdown": -0.489684, "max_drawdown_1y": -0.856639, "volume_ratio": 1.650968, "rsi_14": 78.128402, "macd": 0.846325, "macd_signal": 0.489487, "macd_histogram": 0.356838, "bb_width": 0.202325, "bb_position": 1.181916, "stoch_k": 94.594595, "stoch_d": 93.106648, "adx": 23.591226, "atr_14": 0.855413, "last_close": 25.06, "last_date": "2026-03-06"}