{"return_1d": -0.001761, "return_5d": 0.06133, "return_20d": 0.053928, "return_60d": 0.322637, "return_252d": 1.697365, "sma_20": 21.214, "sma_50": 20.6143, "sma_200": 16.280775, "price_vs_sma20": 0.068634, "price_vs_sma50": 0.099722, "price_vs_sma200": 0.39244, "volatility_20d": 0.38131, "volatility_60d": 0.354469, "drawdown": -0.538353, "max_drawdown_1y": -0.856639, "volume_ratio": 0.109461, "rsi_14": 67.189119, "macd": 0.478124, "macd_signal": 0.336522, "macd_histogram": 0.141602, "bb_width": 0.121576, "bb_position": 1.028278, "stoch_k": 92.279412, "stoch_d": 97.294718, "adx": 18.220554, "atr_14": 0.736692, "last_close": 22.67, "last_date": "2026-03-04"}