{"return_1d": -0.005634, "return_5d": -0.005167, "return_20d": -0.017625, "return_60d": 0.266746, "return_252d": 1.355165, "sma_20": 21.0345, "sma_50": 20.3557, "sma_200": 16.082545, "price_vs_sma20": 0.006917, "price_vs_sma50": 0.040495, "price_vs_sma200": 0.316956, "volatility_20d": 0.290529, "volatility_60d": 0.328571, "drawdown": -0.568695, "max_drawdown_1y": -0.856639, "volume_ratio": 2.19712, "rsi_14": 54.318098, "macd": 0.230596, "macd_signal": 0.254321, "macd_histogram": -0.023724, "bb_width": 0.068181, "bb_position": 0.600756, "stoch_k": 60.714286, "stoch_d": 72.940798, "adx": 15.261914, "atr_14": 0.669628, "last_close": 21.18, "last_date": "2026-02-27"}