{"return_1d": 0.045326, "return_5d": 0.050783, "return_20d": 0.037002, "return_60d": 0.330529, "return_252d": 1.448086, "sma_20": 21.074, "sma_50": 20.4322, "sma_200": 16.145265, "price_vs_sma20": 0.050584, "price_vs_sma50": 0.083584, "price_vs_sma200": 0.3713, "volatility_20d": 0.330834, "volatility_60d": 0.338641, "drawdown": -0.549146, "max_drawdown_1y": -0.856639, "volume_ratio": 0.34207, "rsi_14": 63.802229, "macd": 0.295192, "macd_signal": 0.262495, "macd_histogram": 0.032697, "bb_width": 0.077688, "bb_position": 1.119761, "stoch_k": 86.462882, "stoch_d": 74.734732, "adx": 15.935291, "atr_14": 0.712512, "last_close": 22.14, "last_date": "2026-03-02"}