{"return_1d": -0.001513, "return_5d": 0.028886, "return_20d": 0.224434, "return_60d": 0.02304, "return_252d": -0.000727, "sma_20": 84.906, "sma_50": 86.763, "sma_200": 109.67718, "price_vs_sma20": 0.166231, "price_vs_sma50": 0.14127, "price_vs_sma200": -0.097169, "volatility_20d": 0.603123, "volatility_60d": 0.402103, "drawdown": -0.260565, "max_drawdown_1y": -0.433513, "volume_ratio": 0.727406, "rsi_14": 73.906735, "macd": 3.667286, "macd_signal": 1.040954, "macd_histogram": 2.626333, "bb_width": 0.358589, "bb_position": 0.897493, "stoch_k": 95.353455, "stoch_d": 95.632267, "adx": 35.631302, "atr_14": 3.236571, "last_close": 99.02, "last_date": "2026-03-06"}