{"return_1d": 0.009826, "return_5d": 0.192987, "return_20d": 0.234176, "return_60d": -0.044177, "return_252d": 0.013248, "sma_20": 83.048, "sma_50": 86.5516, "sma_200": 109.877815, "price_vs_sma20": 0.187988, "price_vs_sma50": 0.139898, "price_vs_sma200": -0.102094, "volatility_20d": 0.60182, "volatility_60d": 0.412618, "drawdown": -0.263253, "max_drawdown_1y": -0.433513, "volume_ratio": 0.921976, "rsi_14": 73.854877, "macd": 2.550699, "macd_signal": -0.320525, "macd_histogram": 2.871224, "bb_width": 0.306509, "bb_position": 1.016267, "stoch_k": 95.594179, "stoch_d": 96.034486, "adx": 33.327981, "atr_14": 3.387443, "last_close": 98.66, "last_date": "2026-03-04"}