{"return_1d": 0.005169, "return_5d": 0.172361, "return_20d": 0.237151, "return_60d": -0.010674, "return_252d": 0.019659, "sma_20": 83.9985, "sma_50": 86.6472, "sma_200": 109.7779, "price_vs_sma20": 0.180616, "price_vs_sma50": 0.144526, "price_vs_sma200": -0.096631, "volatility_20d": 0.60143, "volatility_60d": 0.408474, "drawdown": -0.259445, "max_drawdown_1y": -0.433513, "volume_ratio": 0.931825, "rsi_14": 74.350475, "macd": 3.203954, "macd_signal": 0.384371, "macd_histogram": 2.819584, "bb_width": 0.334632, "bb_position": 0.957173, "stoch_k": 95.949166, "stoch_d": 96.100802, "adx": 34.684921, "atr_14": 3.294768, "last_close": 99.17, "last_date": "2026-03-05"}