{"return_1d": 0.136826, "return_5d": 0.222373, "return_20d": 0.156374, "return_60d": -0.118812, "return_252d": -0.028704, "sma_20": 80.681205, "sma_50": 86.348282, "sma_200": 110.14389, "price_vs_sma20": 0.191902, "price_vs_sma50": 0.113677, "price_vs_sma200": -0.126923, "volatility_20d": 0.623851, "volatility_60d": 0.42207, "drawdown": -0.281891, "max_drawdown_1y": -0.433513, "volume_ratio": 2.977232, "rsi_14": 71.531216, "macd": -0.437566, "macd_signal": -2.354518, "macd_histogram": 1.916951, "bb_width": 0.182119, "bb_position": 1.384063, "stoch_k": 97.484332, "stoch_d": 86.8501, "adx": 29.249301, "atr_14": 3.501691, "last_close": 96.1641, "last_date": "2026-02-27"}