{"return_1d": 0.008832, "return_5d": 0.277164, "return_20d": 0.162894, "return_60d": -0.112117, "return_252d": 0.00813, "sma_20": 81.365, "sma_50": 86.4002, "sma_200": 110.0605, "price_vs_sma20": 0.193265, "price_vs_sma50": 0.123724, "price_vs_sma200": -0.117849, "volatility_20d": 0.626131, "volatility_60d": 0.42382, "drawdown": -0.274977, "max_drawdown_1y": -0.433513, "volume_ratio": 1.425438, "rsi_14": 72.371218, "macd": 0.758991, "macd_signal": -1.730847, "macd_histogram": 2.489838, "bb_width": 0.232648, "bb_position": 1.196173, "stoch_k": 95.750217, "stoch_d": 92.260387, "adx": 30.615357, "atr_14": 3.459224, "last_close": 97.09, "last_date": "2026-03-02"}