{"return_1d": -0.010934, "return_5d": 0.007281, "return_20d": 0.068362, "return_60d": 0.12, "return_252d": 0.207126, "sma_20": 45.9575, "sma_50": 44.1118, "sma_200": 41.98505, "price_vs_sma20": 0.023554, "price_vs_sma50": 0.066381, "price_vs_sma200": 0.120399, "volatility_20d": 0.188446, "volatility_60d": 0.154832, "drawdown": -0.010934, "max_drawdown_1y": -0.099928, "volume_ratio": 0.73948, "rsi_14": 62.920563, "macd": 0.887409, "macd_signal": 0.85751, "macd_histogram": 0.029899, "bb_width": 0.092131, "bb_position": 0.749778, "stoch_k": 77.173913, "stoch_d": 81.447754, "adx": 28.413914, "atr_14": 0.920255, "last_close": 47.04, "last_date": "2026-03-05"}