{"return_1d": 0.012848, "return_5d": 0.020056, "return_20d": 0.066617, "return_60d": 0.107547, "return_252d": 0.215401, "sma_20": 45.32341, "sma_50": 43.461382, "sma_200": 41.543415, "price_vs_sma20": 0.043611, "price_vs_sma50": 0.088323, "price_vs_sma200": 0.138568, "volatility_20d": 0.175439, "volatility_60d": 0.154164, "drawdown": 0.0, "max_drawdown_1y": -0.099928, "volume_ratio": 0.873228, "rsi_14": 72.01088, "macd": 0.96149, "macd_signal": 0.866494, "macd_histogram": 0.094996, "bb_width": 0.097226, "bb_position": 0.929808, "stoch_k": 98.637602, "stoch_d": 91.578834, "adx": 31.871451, "atr_14": 0.843562, "last_close": 47.3, "last_date": "2026-02-27"}