{"return_1d": 0.009422, "return_5d": 0.016606, "return_20d": 0.063009, "return_60d": 0.1038, "return_252d": 0.21129, "sma_20": 45.31541, "sma_50": 43.458182, "sma_200": 41.542614, "price_vs_sma20": 0.040264, "price_vs_sma50": 0.084721, "price_vs_sma200": 0.134738, "volatility_20d": 0.173372, "volatility_60d": 0.153268, "drawdown": 0.0, "max_drawdown_1y": -0.099928, "volume_ratio": 0.34756, "rsi_14": 71.159893, "macd": 0.948726, "macd_signal": 0.863941, "macd_histogram": 0.084785, "bb_width": 0.096427, "bb_position": 0.9014, "stoch_k": 96.648045, "stoch_d": 90.915649, "adx": 31.786343, "atr_14": 0.837133, "last_close": 47.14, "last_date": "2026-02-27"}