{"return_1d": 0.017544, "return_5d": 0.022136, "return_20d": 0.081893, "return_60d": 0.143143, "return_252d": 0.185328, "sma_20": 45.807, "sma_50": 43.821506, "sma_200": 41.689607, "price_vs_sma20": 0.038269, "price_vs_sma50": 0.085312, "price_vs_sma200": 0.140812, "volatility_20d": 0.180924, "volatility_60d": 0.152418, "drawdown": 0.0, "max_drawdown_1y": -0.099928, "volume_ratio": 0.935495, "rsi_14": 69.663007, "macd": 0.963339, "macd_signal": 0.909368, "macd_histogram": 0.05397, "bb_width": 0.095094, "bb_position": 0.887603, "stoch_k": 96.405229, "stoch_d": 83.350744, "adx": 30.726308, "atr_14": 0.911077, "last_close": 47.56, "last_date": "2026-03-04"}