{"return_1d": -0.010573, "return_5d": -0.086706, "return_20d": -0.090547, "return_60d": -0.113193, "return_252d": -0.23078, "sma_20": 62.354795, "sma_50": 62.636512, "sma_200": 66.509644, "price_vs_sma20": -0.069518, "price_vs_sma50": -0.073703, "price_vs_sma200": -0.127645, "volatility_20d": 0.31005, "volatility_60d": 0.394381, "drawdown": -0.648684, "max_drawdown_1y": -0.685343, "volume_ratio": 1.429723, "rsi_14": 34.670477, "macd": -0.954347, "macd_signal": -0.364912, "macd_histogram": -0.589435, "bb_width": 0.136389, "bb_position": -0.047788, "stoch_k": 5.56163, "stoch_d": 4.685101, "adx": 15.563172, "atr_14": 2.00735, "last_close": 58.02, "last_date": "2026-03-05"}