{"return_1d": -0.012628, "return_5d": -0.06894, "return_20d": -0.031195, "return_60d": -0.101398, "return_252d": -0.233368, "sma_20": 62.643625, "sma_50": 62.64257, "sma_200": 66.527367, "price_vs_sma20": -0.063911, "price_vs_sma50": -0.063895, "price_vs_sma200": -0.118558, "volatility_20d": 0.371961, "volatility_60d": 0.394037, "drawdown": -0.64493, "max_drawdown_1y": -0.685343, "volume_ratio": 1.038331, "rsi_14": 36.211506, "macd": -0.709345, "macd_signal": -0.217554, "macd_histogram": -0.491791, "bb_width": 0.118044, "bb_position": -0.078381, "stoch_k": 0.318188, "stoch_d": 9.836229, "adx": 14.872362, "atr_14": 2.057146, "last_close": 58.64, "last_date": "2026-03-04"}