{"return_1d": -0.026553, "return_5d": -0.067184, "return_20d": -0.03853, "return_60d": -0.089349, "return_252d": -0.229654, "sma_20": 62.738035, "sma_50": 62.773716, "sma_200": 66.538531, "price_vs_sma20": -0.053365, "price_vs_sma50": -0.053903, "price_vs_sma200": -0.107434, "volatility_20d": 0.375899, "volatility_60d": 0.39337, "drawdown": -0.640389, "max_drawdown_1y": -0.685343, "volume_ratio": 1.12887, "rsi_14": 38.114446, "macd": -0.449442, "macd_signal": -0.094606, "macd_histogram": -0.354836, "bb_width": 0.104517, "bb_position": -0.039374, "stoch_k": 8.175486, "stoch_d": 15.532844, "adx": 14.732451, "atr_14": 2.147696, "last_close": 59.39, "last_date": "2026-03-03"}