{"return_1d": -0.031587, "return_5d": -0.053058, "return_20d": -0.010703, "return_60d": -0.052913, "return_252d": -0.219111, "sma_20": 63.2815, "sma_50": 63.4176, "sma_200": 66.982362, "price_vs_sma20": -0.021357, "price_vs_sma50": -0.023457, "price_vs_sma200": -0.075428, "volatility_20d": 0.369247, "volatility_60d": 0.391299, "drawdown": -0.627482, "max_drawdown_1y": -0.685343, "volume_ratio": 0.858576, "rsi_14": 44.184801, "macd": -0.03552, "macd_signal": 0.035784, "macd_histogram": -0.071304, "bb_width": 0.088328, "bb_position": 0.252931, "stoch_k": 14.136126, "stoch_d": 29.363002, "adx": 14.694614, "atr_14": 2.104408, "last_close": 61.93, "last_date": "2026-02-27"}