{"return_1d": -0.027678, "return_5d": -0.049235, "return_20d": -0.006709, "return_60d": -0.04909, "return_252d": -0.215958, "sma_20": 63.294, "sma_50": 63.4226, "sma_200": 66.983612, "price_vs_sma20": -0.0176, "price_vs_sma50": -0.019592, "price_vs_sma200": -0.071713, "volatility_20d": 0.365089, "volatility_60d": 0.390057, "drawdown": -0.625978, "max_drawdown_1y": -0.685343, "volume_ratio": 1.196701, "rsi_14": 44.910164, "macd": -0.015577, "macd_signal": 0.039772, "macd_histogram": -0.05535, "bb_width": 0.087245, "bb_position": 0.29465, "stoch_k": 17.408377, "stoch_d": 30.453752, "adx": 14.694556, "atr_14": 2.104415, "last_close": 62.18, "last_date": "2026-02-27"}