{"return_1d": -0.012304, "return_5d": -0.02655, "return_20d": -0.006391, "return_60d": -0.054136, "return_252d": -0.214475, "sma_20": 62.857035, "sma_50": 62.891054, "sma_200": 66.542675, "price_vs_sma20": -0.029385, "price_vs_sma50": -0.02991, "price_vs_sma200": -0.083145, "volatility_20d": 0.364949, "volatility_60d": 0.390583, "drawdown": -0.63058, "max_drawdown_1y": -0.685343, "volume_ratio": 1.015066, "rsi_14": 42.605096, "macd": -0.187538, "macd_signal": -0.005897, "macd_histogram": -0.181642, "bb_width": 0.089904, "bb_position": 0.16326, "stoch_k": 21.015014, "stoch_d": 26.332769, "adx": 14.587031, "atr_14": 2.129057, "last_close": 61.01, "last_date": "2026-03-02"}