{"return_1d": -0.006942, "return_5d": 0.071328, "return_20d": 0.072732, "return_60d": 0.367549, "return_252d": 0.61795, "sma_20": 714.364555, "sma_50": 662.747172, "sma_200": 579.204698, "price_vs_sma20": 0.05526, "price_vs_sma50": 0.137447, "price_vs_sma200": 0.301509, "volatility_20d": 0.348144, "volatility_60d": 0.319114, "drawdown": -0.018463, "max_drawdown_1y": -0.15561, "volume_ratio": 1.250454, "rsi_14": 65.10751, "macd": 23.80653, "macd_signal": 21.967556, "macd_histogram": 1.838974, "bb_width": 0.131737, "bb_position": 0.897502, "stoch_k": 79.054698, "stoch_d": 88.053907, "adx": 24.011099, "atr_14": 21.334402, "last_close": 753.84, "last_date": "2026-03-04"}