{"return_1d": -0.018346, "return_5d": 0.040948, "return_20d": 0.076303, "return_60d": 0.352315, "return_252d": 0.621072, "sma_20": 716.98766, "sma_50": 666.214468, "sma_200": 580.576315, "price_vs_sma20": 0.03211, "price_vs_sma50": 0.110768, "price_vs_sma200": 0.274613, "volatility_20d": 0.345178, "volatility_60d": 0.32179, "drawdown": -0.03647, "max_drawdown_1y": -0.15561, "volume_ratio": 0.996265, "rsi_14": 59.958242, "macd": 22.795887, "macd_signal": 22.133222, "macd_histogram": 0.662665, "bb_width": 0.133111, "bb_position": 0.733721, "stoch_k": 59.033386, "stoch_d": 74.468086, "adx": 23.95987, "atr_14": 21.201944, "last_close": 740.01, "last_date": "2026-03-05"}