{"return_1d": 0.019278, "return_5d": 0.004652, "return_20d": 0.04541, "return_60d": 0.332562, "return_252d": 0.625846, "sma_20": 704.10792, "sma_50": 650.872808, "sma_200": 574.670679, "price_vs_sma20": 0.029111, "price_vs_sma50": 0.113282, "price_vs_sma200": 0.260905, "volatility_20d": 0.293227, "volatility_60d": 0.295702, "drawdown": -0.013495, "max_drawdown_1y": -0.15561, "volume_ratio": 0.379937, "rsi_14": 61.637247, "macd": 18.79081, "macd_signal": 20.846875, "macd_histogram": -2.056065, "bb_width": 0.091625, "bb_position": 0.80873, "stoch_k": 73.694524, "stoch_d": 57.323978, "adx": 21.673851, "atr_14": 19.497153, "last_close": 724.605, "last_date": "2026-02-27"}