{"return_1d": 0.060245, "return_5d": 0.058768, "return_20d": 0.112992, "return_60d": 0.408633, "return_252d": 0.704152, "sma_20": 707.995175, "sma_50": 654.890622, "sma_200": 576.193524, "price_vs_sma20": 0.084781, "price_vs_sma50": 0.172745, "price_vs_sma200": 0.33292, "volatility_20d": 0.356198, "volatility_60d": 0.316539, "drawdown": 0.0, "max_drawdown_1y": -0.15561, "volume_ratio": 1.558815, "rsi_14": 70.622792, "macd": 21.873117, "macd_signal": 21.049251, "macd_histogram": 0.823866, "bb_width": 0.111006, "bb_position": 1.204061, "stoch_k": 99.790848, "stoch_d": 75.813907, "adx": 22.725475, "atr_14": 21.271081, "last_close": 768.02, "last_date": "2026-03-02"}