{"return_1d": 0.018962, "return_5d": 0.00434, "return_20d": 0.045085, "return_60d": 0.332148, "return_252d": 0.625341, "sma_20": 704.09667, "sma_50": 650.868308, "sma_200": 574.669553, "price_vs_sma20": 0.028808, "price_vs_sma50": 0.112944, "price_vs_sma200": 0.260516, "volatility_20d": 0.292987, "volatility_60d": 0.295637, "drawdown": -0.013802, "max_drawdown_1y": -0.15561, "volume_ratio": 0.976511, "rsi_14": 61.580717, "macd": 18.772861, "macd_signal": 20.843285, "macd_histogram": -2.070424, "bb_width": 0.091577, "bb_position": 0.805765, "stoch_k": 73.37571, "stoch_d": 57.217706, "adx": 21.698917, "atr_14": 19.53501, "last_close": 724.38, "last_date": "2026-02-27"}