{"return_1d": -0.013697, "return_5d": -0.010957, "return_20d": 0.09668, "return_60d": 0.229426, "return_252d": 0.368272, "sma_20": 125.523, "sma_50": 118.0008, "sma_200": 104.0917, "price_vs_sma20": 0.021167, "price_vs_sma50": 0.086264, "price_vs_sma200": 0.231414, "volatility_20d": 0.156566, "volatility_60d": 0.159528, "drawdown": -0.017778, "max_drawdown_1y": -0.168571, "volume_ratio": 0.075093, "rsi_14": 64.638193, "macd": 3.541628, "macd_signal": 3.641212, "macd_histogram": -0.099584, "bb_width": 0.118346, "bb_position": 0.675153, "stoch_k": 68.942731, "stoch_d": 84.720328, "adx": 31.540492, "atr_14": 2.152077, "last_close": 128.18, "last_date": "2026-03-03"}