{"return_1d": -0.011341, "return_5d": 0.008126, "return_20d": 0.100478, "return_60d": 0.234877, "return_252d": 0.326782, "sma_20": 124.911, "sma_50": 117.5632, "sma_200": 103.8928, "price_vs_sma20": 0.032895, "price_vs_sma50": 0.097452, "price_vs_sma200": 0.241857, "volatility_20d": 0.152305, "volatility_60d": 0.158147, "drawdown": -0.011341, "max_drawdown_1y": -0.168571, "volume_ratio": 0.124443, "rsi_14": 68.525814, "macd": 3.691734, "macd_signal": 3.651111, "macd_histogram": 0.040623, "bb_width": 0.127892, "bb_position": 0.749021, "stoch_k": 80.357143, "stoch_d": 85.425824, "adx": 31.557321, "atr_14": 2.17916, "last_close": 129.02, "last_date": "2026-03-02"}