{"return_1d": -0.011376, "return_5d": -0.054406, "return_20d": 0.028676, "return_60d": 0.154566, "return_252d": 0.29208, "sma_20": 126.332, "sma_50": 119.0196, "sma_200": 104.5955, "price_vs_sma20": -0.023209, "price_vs_sma50": 0.036804, "price_vs_sma200": 0.179783, "volatility_20d": 0.207218, "volatility_60d": 0.174499, "drawdown": -0.054406, "max_drawdown_1y": -0.168571, "volume_ratio": 0.106983, "rsi_14": 48.3276, "macd": 2.246184, "macd_signal": 3.143109, "macd_histogram": -0.896924, "bb_width": 0.092096, "bb_position": 0.242007, "stoch_k": 7.542579, "stoch_d": 23.201808, "adx": 26.21919, "atr_14": 2.362305, "last_close": 123.4, "last_date": "2026-03-06"}