{"return_1d": -0.012498, "return_5d": -0.055479, "return_20d": 0.027509, "return_60d": 0.153256, "return_252d": 0.290614, "sma_20": 126.325, "sma_50": 119.0168, "sma_200": 104.5948, "price_vs_sma20": -0.024263, "price_vs_sma50": 0.035652, "price_vs_sma200": 0.178452, "volatility_20d": 0.208178, "volatility_60d": 0.174894, "drawdown": -0.055479, "max_drawdown_1y": -0.168571, "volume_ratio": 0.939558, "rsi_14": 47.981467, "macd": 2.235016, "macd_signal": 3.140875, "macd_histogram": -0.905859, "bb_width": 0.09244, "bb_position": 0.231003, "stoch_k": 16.052061, "stoch_d": 26.038302, "adx": 26.594182, "atr_14": 2.433733, "last_close": 123.26, "last_date": "2026-03-06"}