{"return_1d": 0.005538, "return_5d": -0.020801, "return_20d": 0.070767, "return_60d": 0.196798, "return_252d": 0.348681, "sma_20": 125.854, "sma_50": 118.3576, "sma_200": 104.2666, "price_vs_sma20": 0.0099, "price_vs_sma50": 0.073864, "price_vs_sma200": 0.218991, "volatility_20d": 0.178143, "volatility_60d": 0.165087, "drawdown": -0.026054, "max_drawdown_1y": -0.168571, "volume_ratio": 0.05678, "rsi_14": 59.866016, "macd": 3.129129, "macd_signal": 3.516077, "macd_histogram": -0.386948, "bb_width": 0.107901, "bb_position": 0.590855, "stoch_k": 47.297297, "stoch_d": 62.106348, "adx": 28.941454, "atr_14": 2.241929, "last_close": 127.1, "last_date": "2026-03-04"}