{"return_1d": 0.028942, "return_5d": -0.000839, "return_20d": -0.218119, "return_60d": -0.215932, "return_252d": -0.618242, "sma_20": 279.01, "sma_50": 328.668, "sma_200": 361.767395, "price_vs_sma20": -0.146267, "price_vs_sma50": -0.275256, "price_vs_sma200": -0.341566, "volatility_20d": 0.738208, "volatility_60d": 0.679835, "drawdown": -0.760741, "max_drawdown_1y": -0.767471, "volume_ratio": 0.09753, "rsi_14": 26.968223, "macd": -29.139695, "macd_signal": -24.734975, "macd_histogram": -4.40472, "bb_width": 0.555204, "bb_position": 0.191417, "stoch_k": 15.397351, "stoch_d": 12.619573, "adx": 45.226095, "atr_14": 13.124275, "last_close": 238.2, "last_date": "2026-03-04"}