{"return_1d": 0.023125, "return_5d": 0.069357, "return_20d": -0.139086, "return_60d": -0.178295, "return_252d": -0.590556, "sma_20": 275.7175, "sma_50": 326.588, "sma_200": 360.04264, "price_vs_sma20": -0.077316, "price_vs_sma50": -0.221037, "price_vs_sma200": -0.293417, "volatility_20d": 0.702614, "volatility_60d": 0.690932, "drawdown": -0.744469, "max_drawdown_1y": -0.767471, "volume_ratio": 0.112005, "rsi_14": 36.312672, "macd": -25.542077, "macd_signal": -25.232781, "macd_histogram": -0.309296, "bb_width": 0.525722, "bb_position": 0.340609, "stoch_k": 33.743705, "stoch_d": 28.145443, "adx": 44.427636, "atr_14": 12.670621, "last_close": 254.4, "last_date": "2026-03-06"}