{"return_1d": -0.002934, "return_5d": -0.209635, "return_20d": -0.356244, "return_60d": -0.249527, "return_252d": -0.617172, "sma_20": 295.9325, "sma_50": 333.205, "sma_200": 364.685941, "price_vs_sma20": -0.1961, "price_vs_sma50": -0.286025, "price_vs_sma200": -0.347658, "volatility_20d": 0.92024, "volatility_60d": 0.676606, "drawdown": -0.761042, "max_drawdown_1y": -0.761042, "volume_ratio": 1.030842, "rsi_14": 23.847205, "macd": -27.924254, "macd_signal": -20.558404, "macd_histogram": -7.36585, "bb_width": 0.627555, "bb_position": 0.111291, "stoch_k": 1.791229, "stoch_d": 1.594108, "adx": 40.945208, "atr_14": 13.82752, "last_close": 237.9, "last_date": "2026-02-27"}