{"return_1d": -0.003016, "return_5d": 0.042034, "return_20d": -0.161083, "return_60d": -0.199289, "return_252d": -0.601017, "sma_20": 275.3925, "sma_50": 326.458, "sma_200": 360.010139, "price_vs_sma20": -0.09983, "price_vs_sma50": -0.240637, "price_vs_sma200": -0.311408, "volatility_20d": 0.694093, "volatility_60d": 0.688899, "drawdown": -0.750998, "max_drawdown_1y": -0.767471, "volume_ratio": 0.646581, "rsi_14": 32.800458, "macd": -26.060596, "macd_signal": -25.336485, "macd_histogram": -0.724111, "bb_width": 0.543321, "bb_position": 0.295882, "stoch_k": 26.468942, "stoch_d": 25.720522, "adx": 44.427636, "atr_14": 12.845621, "last_close": 247.9, "last_date": "2026-03-06"}