{"return_1d": -0.010088, "return_5d": -0.063246, "return_20d": -0.368717, "return_60d": -0.251073, "return_252d": -0.631301, "sma_20": 289.055, "sma_50": 331.587, "sma_200": 363.695784, "price_vs_sma20": -0.185276, "price_vs_sma50": -0.289779, "price_vs_sma200": -0.352481, "volatility_20d": 0.914523, "volatility_60d": 0.676674, "drawdown": -0.763453, "max_drawdown_1y": -0.763453, "volume_ratio": 0.146855, "rsi_14": 23.389477, "macd": -28.837742, "macd_signal": -22.214272, "macd_histogram": -6.62347, "bb_width": 0.595938, "bb_position": 0.118401, "stoch_k": 12.417219, "stoch_d": 5.574356, "adx": 42.652519, "atr_14": 13.81484, "last_close": 235.5, "last_date": "2026-03-02"}