{"return_1d": 0.005919, "return_5d": 0.092392, "return_20d": 0.03726, "return_60d": -0.321349, "return_252d": -0.374609, "sma_20": 106.12, "sma_50": 125.7108, "sma_200": 170.2428, "price_vs_sma20": 0.072936, "price_vs_sma50": -0.09427, "price_vs_sma200": -0.331191, "volatility_20d": 0.511811, "volatility_60d": 0.501802, "drawdown": -0.513581, "max_drawdown_1y": -0.570314, "volume_ratio": 0.762688, "rsi_14": 50.699102, "macd": -3.988268, "macd_signal": -6.51919, "macd_histogram": 2.530922, "bb_width": 0.135572, "bb_position": 1.001419, "stoch_k": 91.578291, "stoch_d": 88.879202, "adx": 31.522406, "atr_14": 5.438286, "last_close": 113.86, "last_date": "2026-03-04"}