{"return_1d": -0.015645, "return_5d": 0.03184, "return_20d": -0.0783, "return_60d": -0.345615, "return_252d": -0.428904, "sma_20": 106.5145, "sma_50": 128.29464, "sma_200": 171.65707, "price_vs_sma20": 0.010097, "price_vs_sma50": -0.161384, "price_vs_sma200": -0.373227, "volatility_20d": 0.555576, "volatility_60d": 0.495023, "drawdown": -0.540367, "max_drawdown_1y": -0.570314, "volume_ratio": 0.533586, "rsi_14": 42.277445, "macd": -6.447321, "macd_signal": -8.248766, "macd_histogram": 1.801445, "bb_width": 0.175485, "bb_position": 0.556964, "stoch_k": 74.63035, "stoch_d": 68.92795, "adx": 38.424163, "atr_14": 5.387463, "last_close": 107.59, "last_date": "2026-02-27"}