{"return_1d": 0.057263, "return_5d": 0.101372, "return_20d": 0.083821, "return_60d": -0.295496, "return_252d": -0.335717, "sma_20": 106.5855, "sma_50": 125.0122, "sma_200": 169.80452, "price_vs_sma20": 0.129422, "price_vs_sma50": -0.037054, "price_vs_sma200": -0.291067, "volatility_20d": 0.547177, "volatility_60d": 0.515958, "drawdown": -0.485727, "max_drawdown_1y": -0.570314, "volume_ratio": 1.188978, "rsi_14": 58.285695, "macd": -2.779322, "macd_signal": -5.771216, "macd_histogram": 2.991894, "bb_width": 0.161482, "bb_position": 1.209621, "stoch_k": 92.576419, "stoch_d": 91.054535, "adx": 30.37835, "atr_14": 5.63698, "last_close": 120.38, "last_date": "2026-03-05"}