{"return_1d": 0.034454, "return_5d": 0.1044, "return_20d": -0.040763, "return_60d": -0.320507, "return_252d": -0.391295, "sma_20": 105.9155, "sma_50": 126.5012, "sma_200": 170.70868, "price_vs_sma20": 0.068682, "price_vs_sma50": -0.105226, "price_vs_sma200": -0.336941, "volatility_20d": 0.571743, "volatility_60d": 0.501934, "drawdown": -0.516443, "max_drawdown_1y": -0.570314, "volume_ratio": 0.741977, "rsi_14": 49.828415, "macd": -4.809458, "macd_signal": -7.15192, "macd_histogram": 2.342463, "bb_width": 0.125047, "bb_position": 1.01395, "stoch_k": 89.008895, "stoch_d": 84.319382, "adx": 33.929632, "atr_14": 5.571231, "last_close": 113.19, "last_date": "2026-03-03"}