{"return_1d": 0.013054, "return_5d": 0.085516, "return_20d": -0.064866, "return_60d": -0.33635, "return_252d": -0.405946, "sma_20": 106.156, "sma_50": 127.36696, "sma_200": 171.16955, "price_vs_sma20": 0.030747, "price_vs_sma50": -0.140908, "price_vs_sma200": -0.360751, "volatility_20d": 0.557357, "volatility_60d": 0.496049, "drawdown": -0.532549, "max_drawdown_1y": -0.570314, "volume_ratio": 0.620617, "rsi_14": 44.728144, "macd": -5.71942, "macd_signal": -7.737536, "macd_histogram": 2.018116, "bb_width": 0.151253, "bb_position": 0.697219, "stoch_k": 86.05042, "stoch_d": 83.962332, "adx": 36.46534, "atr_14": 5.429787, "last_close": 109.42, "last_date": "2026-03-02"}