{"return_1d": -0.077002, "return_5d": -0.119383, "return_20d": 0.086849, "return_60d": -0.025209, "return_252d": 0.552095, "sma_20": 167.082, "sma_50": 159.222688, "sma_200": 158.87587, "price_vs_sma20": -0.030057, "price_vs_sma50": 0.01782, "price_vs_sma200": 0.020042, "volatility_20d": 0.539325, "volatility_60d": 0.471571, "drawdown": -0.119383, "max_drawdown_1y": -0.262243, "volume_ratio": 4.125926, "rsi_14": 45.329977, "macd": 5.419, "macd_signal": 5.774574, "macd_histogram": -0.355574, "bb_width": 0.309928, "bb_position": 0.400014, "stoch_k": 16.316737, "stoch_d": 48.907659, "adx": 20.481897, "atr_14": 8.485428, "last_close": 162.06, "last_date": "2026-03-03"}