{"return_1d": -0.018833, "return_5d": -0.115143, "return_20d": 0.114383, "return_60d": -0.015583, "return_252d": 0.615427, "sma_20": 168.4735, "sma_50": 159.765, "sma_200": 159.374405, "price_vs_sma20": -0.047565, "price_vs_sma50": 0.00435, "price_vs_sma200": 0.006812, "volatility_20d": 0.499329, "volatility_60d": 0.466638, "drawdown": -0.128077, "max_drawdown_1y": -0.262243, "volume_ratio": 1.289877, "rsi_14": 44.048101, "macd": 3.036011, "macd_signal": 4.914218, "macd_histogram": -1.878207, "bb_width": 0.273973, "bb_position": 0.317716, "stoch_k": 7.697121, "stoch_d": 13.782675, "adx": 19.96929, "atr_14": 8.129589, "last_close": 160.46, "last_date": "2026-03-05"}