{"return_1d": -0.018887, "return_5d": -0.005325, "return_20d": 0.153955, "return_60d": 0.073428, "return_252d": 0.69118, "sma_20": 166.4345, "sma_50": 158.961784, "sma_200": 158.828251, "price_vs_sma20": 0.05495, "price_vs_sma50": 0.104542, "price_vs_sma200": 0.105471, "volatility_20d": 0.45634, "volatility_60d": 0.44449, "drawdown": -0.045916, "max_drawdown_1y": -0.262243, "volume_ratio": 0.76787, "rsi_14": 59.485472, "macd": 6.934182, "macd_signal": 5.863468, "macd_histogram": 1.070714, "bb_width": 0.298901, "bb_position": 0.674263, "stoch_k": 60.0, "stoch_d": 69.952657, "adx": 20.512559, "atr_14": 7.785845, "last_close": 175.58, "last_date": "2026-03-02"}