{"return_1d": -0.038265, "return_5d": -0.137684, "return_20d": 0.068402, "return_60d": -0.059655, "return_252d": 0.577851, "sma_20": 168.9675, "sma_50": 159.7122, "sma_200": 159.343985, "price_vs_sma20": -0.086688, "price_vs_sma50": -0.033762, "price_vs_sma200": -0.031529, "volatility_20d": 0.523414, "volatility_60d": 0.472997, "drawdown": -0.161441, "max_drawdown_1y": -0.262243, "volume_ratio": 1.39338, "rsi_14": 39.207547, "macd": 1.59038, "macd_signal": 4.24945, "macd_histogram": -2.65907, "bb_width": 0.261371, "bb_position": 0.136852, "stoch_k": 0.279799, "stoch_d": 8.437029, "adx": 20.412601, "atr_14": 7.994618, "last_close": 154.32, "last_date": "2026-03-06"}