{"return_1d": -0.025987, "return_5d": -0.037809, "return_20d": -0.008902, "return_60d": 0.03815, "return_252d": 0.294892, "sma_20": 313.731, "sma_50": 298.958804, "sma_200": 280.365057, "price_vs_sma20": -0.034714, "price_vs_sma50": 0.012982, "price_vs_sma200": 0.080163, "volatility_20d": 0.191068, "volatility_60d": 0.20281, "drawdown": -0.047164, "max_drawdown_1y": -0.254697, "volume_ratio": 1.308856, "rsi_14": 42.558871, "macd": 3.582653, "macd_signal": 5.323952, "macd_histogram": -1.741298, "bb_width": 0.054283, "bb_position": -0.162511, "stoch_k": 13.923368, "stoch_d": 35.502668, "adx": 24.118403, "atr_14": 5.963658, "last_close": 302.84, "last_date": "2026-03-06"}