{"return_1d": -0.021741, "return_5d": -0.006677, "return_20d": 0.017774, "return_60d": 0.061538, "return_252d": 0.330166, "sma_20": 313.867, "sma_50": 298.708352, "sma_200": 280.052672, "price_vs_sma20": -0.009389, "price_vs_sma50": 0.040882, "price_vs_sma200": 0.11022, "volatility_20d": 0.165402, "volatility_60d": 0.195323, "drawdown": -0.021741, "max_drawdown_1y": -0.254697, "volume_ratio": 0.604706, "rsi_14": 53.223861, "macd": 4.831885, "macd_signal": 5.759276, "macd_histogram": -0.927392, "bb_width": 0.048614, "bb_position": 0.305029, "stoch_k": 13.23043, "stoch_d": 55.453848, "adx": 23.920073, "atr_14": 5.6024, "last_close": 310.92, "last_date": "2026-03-05"}