{"return_1d": -0.000661, "return_5d": 0.003701, "return_20d": 0.093367, "return_60d": 0.083699, "return_252d": 0.317303, "sma_20": 312.554405, "sma_50": 297.746842, "sma_200": 279.324735, "price_vs_sma20": 0.015055, "price_vs_sma50": 0.065536, "price_vs_sma200": 0.135811, "volatility_20d": 0.184406, "volatility_60d": 0.189744, "drawdown": -0.000661, "max_drawdown_1y": -0.254697, "volume_ratio": 0.984191, "rsi_14": 65.795844, "macd": 5.644706, "macd_signal": 6.105559, "macd_histogram": -0.460853, "bb_width": 0.067962, "bb_position": 0.718238, "stoch_k": 73.776908, "stoch_d": 75.94474, "adx": 26.06346, "atr_14": 5.565802, "last_close": 317.26, "last_date": "2026-03-03"}