{"return_1d": 0.005527, "return_5d": -0.004712, "return_20d": 0.089504, "return_60d": 0.090745, "return_252d": 0.326761, "sma_20": 309.82425, "sma_50": 296.769076, "sma_200": 278.524643, "price_vs_sma20": 0.015866, "price_vs_sma50": 0.060555, "price_vs_sma200": 0.130026, "volatility_20d": 0.18334, "volatility_60d": 0.189872, "drawdown": -0.008037, "max_drawdown_1y": -0.254697, "volume_ratio": 1.520456, "rsi_14": 63.273548, "macd": 5.808152, "macd_signal": 6.335284, "macd_histogram": -0.527132, "bb_width": 0.106234, "bb_position": 0.647019, "stoch_k": 70.998327, "stoch_d": 62.40937, "adx": 27.010647, "atr_14": 5.314362, "last_close": 314.74, "last_date": "2026-02-27"}