{"return_1d": 0.001797, "return_5d": 0.019176, "return_20d": 0.070107, "return_60d": 0.081673, "return_252d": 0.322953, "sma_20": 313.595515, "sma_50": 298.292516, "sma_200": 279.711378, "price_vs_sma20": 0.013503, "price_vs_sma50": 0.065498, "price_vs_sma200": 0.136278, "volatility_20d": 0.170249, "volatility_60d": 0.189687, "drawdown": 0.0, "max_drawdown_1y": -0.254697, "volume_ratio": 1.468212, "rsi_14": 66.446738, "macd": 5.533385, "macd_signal": 5.991124, "macd_histogram": -0.457739, "bb_width": 0.052316, "bb_position": 0.754668, "stoch_k": 79.354207, "stoch_d": 78.730033, "adx": 25.56921, "atr_14": 5.471816, "last_close": 317.83, "last_date": "2026-03-04"}