{"return_1d": 0.025716, "return_5d": 0.029958, "return_20d": 0.015717, "return_60d": -0.125026, "return_252d": 0.113927, "sma_20": 101.3155, "sma_50": 102.610188, "sma_200": 108.304187, "price_vs_sma20": 0.007842, "price_vs_sma50": -0.004875, "price_vs_sma200": -0.057193, "volatility_20d": 0.395174, "volatility_60d": 0.369333, "drawdown": -0.21903, "max_drawdown_1y": -0.426085, "volume_ratio": 1.028899, "rsi_14": 52.029886, "macd": -0.643718, "macd_signal": -0.776012, "macd_histogram": 0.132293, "bb_width": 0.082707, "bb_position": 0.594077, "stoch_k": 70.135747, "stoch_d": 45.721667, "adx": 18.530615, "atr_14": 3.609521, "last_close": 102.11, "last_date": "2026-03-05"}