{"return_1d": -0.003026, "return_5d": -0.035519, "return_20d": 0.005187, "return_60d": -0.115326, "return_252d": -0.189642, "sma_20": 100.7675, "sma_50": 103.48003, "sma_200": 108.270014, "price_vs_sma20": -0.019128, "price_vs_sma50": -0.04484, "price_vs_sma200": -0.087097, "volatility_20d": 0.438498, "volatility_60d": 0.371528, "drawdown": -0.24404, "max_drawdown_1y": -0.426085, "volume_ratio": 1.208078, "rsi_14": 44.230879, "macd": -0.80547, "macd_signal": -0.784741, "macd_histogram": -0.020729, "bb_width": 0.109582, "bb_position": 0.322039, "stoch_k": 25.634058, "stoch_d": 30.584945, "adx": 21.422204, "atr_14": 3.442667, "last_close": 98.84, "last_date": "2026-02-27"}