{"return_1d": -0.00111, "return_5d": -0.033665, "return_20d": 0.007119, "return_60d": -0.113626, "return_252d": -0.188084, "sma_20": 100.777, "sma_50": 103.48383, "sma_200": 108.270964, "price_vs_sma20": -0.017335, "price_vs_sma50": -0.043039, "price_vs_sma200": -0.08535, "volatility_20d": 0.438339, "volatility_60d": 0.371521, "drawdown": -0.242587, "max_drawdown_1y": -0.426085, "volume_ratio": 1.944561, "rsi_14": 44.567148, "macd": -0.790313, "macd_signal": -0.78171, "macd_histogram": -0.008604, "bb_width": 0.109111, "bb_position": 0.338319, "stoch_k": 27.355072, "stoch_d": 31.158617, "adx": 21.422206, "atr_14": 3.442667, "last_close": 99.03, "last_date": "2026-02-27"}