{"return_1d": -0.01358, "return_5d": -0.010814, "return_20d": 0.013647, "return_60d": -0.134205, "return_252d": 0.010224, "sma_20": 101.0335, "sma_50": 103.003388, "sma_200": 108.283661, "price_vs_sma20": -0.022206, "price_vs_sma50": -0.040905, "price_vs_sma200": -0.087674, "volatility_20d": 0.434739, "volatility_60d": 0.366383, "drawdown": -0.244423, "max_drawdown_1y": -0.426085, "volume_ratio": 1.119378, "rsi_14": 44.443502, "macd": -0.861552, "macd_signal": -0.796504, "macd_histogram": -0.065047, "bb_width": 0.098502, "bb_position": 0.269449, "stoch_k": 25.852783, "stoch_d": 30.235952, "adx": 20.702543, "atr_14": 3.61684, "last_close": 98.79, "last_date": "2026-03-03"}