{"return_1d": -0.010283, "return_5d": 0.020499, "return_20d": 0.014761, "return_60d": -0.135939, "return_252d": 0.087249, "sma_20": 101.389, "sma_50": 102.424158, "sma_200": 108.308921, "price_vs_sma20": -0.003245, "price_vs_sma50": -0.013319, "price_vs_sma200": -0.066928, "volatility_20d": 0.395514, "volatility_60d": 0.369619, "drawdown": -0.227061, "max_drawdown_1y": -0.426085, "volume_ratio": 0.799109, "rsi_14": 49.680876, "macd": -0.551155, "macd_signal": -0.73104, "macd_histogram": 0.179885, "bb_width": 0.082138, "bb_position": 0.460366, "stoch_k": 58.257919, "stoch_d": 56.523379, "adx": 17.38053, "atr_14": 3.576698, "last_close": 101.06, "last_date": "2026-03-06"}