{"return_1d": 0.01131, "return_5d": -0.00378, "return_20d": 0.03944, "return_60d": -0.131152, "return_252d": -0.135353, "sma_20": 100.967, "sma_50": 103.236012, "sma_200": 108.281008, "price_vs_sma20": -0.008092, "price_vs_sma50": -0.029893, "price_vs_sma200": -0.075092, "volatility_20d": 0.432671, "volatility_60d": 0.365988, "drawdown": -0.234021, "max_drawdown_1y": -0.426085, "volume_ratio": 0.933576, "rsi_14": 47.119307, "macd": -0.774374, "macd_signal": -0.780243, "macd_histogram": 0.005868, "bb_width": 0.100254, "bb_position": 0.418629, "stoch_k": 37.5, "stoch_d": 27.964314, "adx": 21.00236, "atr_14": 3.568905, "last_close": 100.15, "last_date": "2026-03-02"}