{"return_1d": 0.019896, "return_5d": -0.004597, "return_20d": -0.031834, "return_60d": 0.095612, "return_252d": 0.362514, "sma_20": 146.327, "sma_50": 145.4432, "sma_200": 129.762032, "price_vs_sma20": -0.00859, "price_vs_sma50": -0.002566, "price_vs_sma200": 0.11797, "volatility_20d": 0.332457, "volatility_60d": 0.275229, "drawdown": -0.062855, "max_drawdown_1y": -0.295875, "volume_ratio": 1.030753, "rsi_14": 49.312995, "macd": -0.621992, "macd_signal": -0.231543, "macd_histogram": -0.390449, "bb_width": 0.094762, "bb_position": 0.408563, "stoch_k": 61.051693, "stoch_d": 44.323047, "adx": 18.921061, "atr_14": 4.592687, "last_close": 145.07, "last_date": "2026-03-04"}