{"return_1d": -0.034555, "return_5d": -0.015681, "return_20d": -0.054228, "return_60d": 0.094449, "return_252d": 0.338282, "sma_20": 147.2145, "sma_50": 145.068, "sma_200": 129.170668, "price_vs_sma20": -0.032093, "price_vs_sma50": -0.017771, "price_vs_sma200": 0.103114, "volatility_20d": 0.323278, "volatility_60d": 0.271181, "drawdown": -0.079522, "max_drawdown_1y": -0.295875, "volume_ratio": 0.770481, "rsi_14": 44.686136, "macd": -0.551593, "macd_signal": 0.115853, "macd_histogram": -0.667446, "bb_width": 0.100281, "bb_position": 0.169361, "stoch_k": 24.985372, "stoch_d": 41.271699, "adx": 20.037745, "atr_14": 4.417048, "last_close": 142.49, "last_date": "2026-02-27"}