{"return_1d": -0.03049, "return_5d": -0.011536, "return_20d": -0.050246, "return_60d": 0.099057, "return_252d": 0.343918, "sma_20": 147.2445, "sma_50": 145.08, "sma_200": 129.173667, "price_vs_sma20": -0.028215, "price_vs_sma50": -0.013717, "price_vs_sma200": 0.107734, "volatility_20d": 0.318228, "volatility_60d": 0.268981, "drawdown": -0.075646, "max_drawdown_1y": -0.295875, "volume_ratio": 1.563348, "rsi_14": 45.503453, "macd": -0.503729, "macd_signal": 0.125426, "macd_histogram": -0.629155, "bb_width": 0.098812, "bb_position": 0.206169, "stoch_k": 28.496197, "stoch_d": 42.441974, "adx": 20.037745, "atr_14": 4.417048, "last_close": 143.09, "last_date": "2026-02-27"}