{"return_1d": -0.010822, "return_5d": -0.027712, "return_20d": -0.048408, "return_60d": 0.077246, "return_252d": 0.412723, "sma_20": 145.962, "sma_50": 145.524, "sma_200": 129.950338, "price_vs_sma20": -0.016867, "price_vs_sma50": -0.013908, "price_vs_sma200": 0.104268, "volatility_20d": 0.332711, "volatility_60d": 0.276253, "drawdown": -0.072997, "max_drawdown_1y": -0.295875, "volume_ratio": 1.147844, "rsi_14": 46.958216, "macd": -0.687388, "macd_signal": -0.322712, "macd_histogram": -0.364676, "bb_width": 0.092774, "bb_position": 0.31507, "stoch_k": 47.058824, "stoch_d": 46.336608, "adx": 18.10404, "atr_14": 4.551781, "last_close": 143.5, "last_date": "2026-03-05"}