{"return_1d": -0.019465, "return_5d": -0.045963, "return_20d": -0.095174, "return_60d": 0.062934, "return_252d": 0.294441, "sma_20": 181.473, "sma_50": 176.368678, "sma_200": 148.663588, "price_vs_sma20": -0.07011, "price_vs_sma50": -0.043197, "price_vs_sma200": 0.135113, "volatility_20d": 0.268137, "volatility_60d": 0.291591, "drawdown": -0.136466, "max_drawdown_1y": -0.477916, "volume_ratio": 0.881033, "rsi_14": 36.061775, "macd": -1.512405, "macd_signal": 0.209388, "macd_histogram": -1.721794, "bb_width": 0.171909, "bb_position": 0.061422, "stoch_k": 10.092188, "stoch_d": 13.669081, "adx": 22.148129, "atr_14": 5.377287, "last_close": 168.75, "last_date": "2026-03-06"}