{"return_1d": 0.001139, "return_5d": -0.023332, "return_20d": -0.022789, "return_60d": 0.097757, "return_252d": 0.327752, "sma_20": 183.7565, "sma_50": 174.878624, "sma_200": 147.167503, "price_vs_sma20": -0.043245, "price_vs_sma50": 0.005326, "price_vs_sma200": 0.194625, "volatility_20d": 0.287312, "volatility_60d": 0.285794, "drawdown": -0.100339, "max_drawdown_1y": -0.477916, "volume_ratio": 0.622235, "rsi_14": 43.734115, "macd": 0.008807, "macd_signal": 2.061497, "macd_histogram": -2.05269, "bb_width": 0.143811, "bb_position": 0.185702, "stoch_k": 12.161599, "stoch_d": 11.425795, "adx": 21.541161, "atr_14": 4.957676, "last_close": 175.81, "last_date": "2026-02-27"}