{"return_1d": -0.007497, "return_5d": 0.003362, "return_20d": -0.055925, "return_60d": 0.086934, "return_252d": 0.334674, "sma_20": 183.253, "sma_50": 175.997898, "sma_200": 148.105806, "price_vs_sma20": -0.039197, "price_vs_sma50": 0.00041, "price_vs_sma200": 0.188812, "volatility_20d": 0.270749, "volatility_60d": 0.287272, "drawdown": -0.099008, "max_drawdown_1y": -0.477916, "volume_ratio": 0.596507, "rsi_14": 44.952276, "macd": -0.321769, "macd_signal": 1.011026, "macd_histogram": -1.332795, "bb_width": 0.146879, "bb_position": 0.222245, "stoch_k": 19.686985, "stoch_d": 25.177175, "adx": 20.651136, "atr_14": 5.333481, "last_close": 176.07, "last_date": "2026-03-04"}