{"return_1d": 0.007232, "return_5d": -0.017388, "return_20d": -0.016842, "return_60d": 0.104438, "return_252d": 0.335833, "sma_20": 183.81, "sma_50": 174.900024, "sma_200": 147.172853, "price_vs_sma20": -0.037702, "price_vs_sma50": 0.011321, "price_vs_sma200": 0.201852, "volatility_20d": 0.288723, "volatility_60d": 0.286015, "drawdown": -0.094863, "max_drawdown_1y": -0.477916, "volume_ratio": 1.229294, "rsi_14": 45.613682, "macd": 0.094164, "macd_signal": 2.078568, "macd_histogram": -1.984405, "bb_width": 0.14151, "bb_position": 0.223135, "stoch_k": 16.618076, "stoch_d": 12.911287, "adx": 21.541161, "atr_14": 5.019819, "last_close": 176.88, "last_date": "2026-02-27"}