{"return_1d": 0.020862, "return_5d": 0.009617, "return_20d": 0.016036, "return_60d": 0.124748, "return_252d": 0.361272, "sma_20": 183.9525, "sma_50": 175.277252, "sma_200": 147.48779, "price_vs_sma20": -0.018388, "price_vs_sma50": 0.030196, "price_vs_sma200": 0.224305, "volatility_20d": 0.295043, "volatility_60d": 0.288666, "drawdown": -0.075981, "max_drawdown_1y": -0.477916, "volume_ratio": 0.864631, "rsi_14": 51.616279, "macd": 0.1541, "macd_signal": 1.693675, "macd_histogram": -1.539574, "bb_width": 0.136208, "bb_position": 0.362472, "stoch_k": 31.986672, "stoch_d": 19.977787, "adx": 20.936226, "atr_14": 5.110546, "last_close": 180.57, "last_date": "2026-03-02"}