{"return_1d": -0.022548, "return_5d": -0.019987, "return_20d": -0.093972, "return_60d": 0.083015, "return_252d": 0.350514, "sma_20": 182.3605, "sma_50": 176.267714, "sma_200": 148.392232, "price_vs_sma20": -0.056265, "price_vs_sma50": -0.023644, "price_vs_sma200": 0.159764, "volatility_20d": 0.267234, "volatility_60d": 0.288442, "drawdown": -0.119324, "max_drawdown_1y": -0.477916, "volume_ratio": 1.034589, "rsi_14": 39.81032, "macd": -0.844921, "macd_signal": 0.639837, "macd_histogram": -1.484757, "bb_width": 0.155879, "bb_position": 0.117527, "stoch_k": 11.22807, "stoch_d": 18.257641, "adx": 21.17958, "atr_14": 5.373232, "last_close": 172.1, "last_date": "2026-03-05"}