{"return_1d": -0.035075, "return_5d": -0.060136, "return_20d": -0.073269, "return_60d": -0.008365, "return_252d": 0.359337, "sma_20": 186.04325, "sma_50": 185.6453, "sma_200": 174.952016, "price_vs_sma20": -0.041056, "price_vs_sma50": -0.039001, "price_vs_sma200": 0.019737, "volatility_20d": 0.454032, "volatility_60d": 0.345726, "drawdown": -0.138259, "max_drawdown_1y": -0.36881, "volume_ratio": 1.08864, "rsi_14": 41.311554, "macd": 0.459106, "macd_signal": 0.866297, "macd_histogram": -0.407191, "bb_width": 0.13256, "bb_position": 0.177022, "stoch_k": 1.5617, "stoch_d": 46.153532, "adx": 10.506392, "atr_14": 6.299875, "last_close": 178.405, "last_date": "2026-02-27"}