{"return_1d": -0.041646, "return_5d": -0.066537, "return_20d": -0.07958, "return_60d": -0.015119, "return_252d": 0.35008, "sma_20": 185.9825, "sma_50": 185.621, "sma_200": 174.945942, "price_vs_sma20": -0.047276, "price_vs_sma50": -0.045421, "price_vs_sma200": 0.012827, "volatility_20d": 0.460661, "volatility_60d": 0.348829, "drawdown": -0.144127, "max_drawdown_1y": -0.36881, "volume_ratio": 1.582759, "rsi_14": 40.346306, "macd": 0.362183, "macd_signal": 0.846913, "macd_histogram": -0.48473, "bb_width": 0.135362, "bb_position": 0.133412, "stoch_k": 3.811765, "stoch_d": 46.903554, "adx": 10.686811, "atr_14": 6.422732, "last_close": 177.19, "last_date": "2026-02-27"}