{"return_1d": 0.001639, "return_5d": -0.008383, "return_20d": 0.052529, "return_60d": 0.005098, "return_252d": 0.581086, "sma_20": 185.8645, "sma_50": 186.1234, "sma_200": 175.913478, "price_vs_sma20": -0.013582, "price_vs_sma50": -0.014955, "price_vs_sma200": 0.042217, "volatility_20d": 0.440066, "volatility_60d": 0.353001, "drawdown": -0.114421, "max_drawdown_1y": -0.36881, "volume_ratio": 1.007978, "rsi_14": 47.661914, "macd": -0.728531, "macd_signal": 0.030257, "macd_histogram": -0.758788, "bb_width": 0.117932, "bb_position": 0.383242, "stoch_k": 37.84254, "stoch_d": 32.637379, "adx": 13.807762, "atr_14": 6.371779, "last_close": 183.34, "last_date": "2026-03-05"}