{"return_1d": -0.007369, "return_5d": -0.019146, "return_20d": -0.046289, "return_60d": -0.041451, "return_252d": 0.015944, "sma_20": 7677.65502, "sma_50": 7569.695988, "sma_200": 7612.02175, "price_vs_sma20": -0.041231, "price_vs_sma50": -0.027557, "price_vs_sma200": -0.032964, "volatility_20d": 0.358171, "volatility_60d": 0.272042, "drawdown": -0.258283, "max_drawdown_1y": -0.324896, "volume_ratio": 0.730348, "rsi_14": 42.01966, "macd": -72.95871, "macd_signal": -31.448254, "macd_histogram": -41.510456, "bb_width": 0.152768, "bb_position": 0.218504, "stoch_k": 12.429437, "stoch_d": 19.783173, "adx": 18.913516, "atr_14": 211.851283, "last_close": 7361.1001, "last_date": "2026-03-03"}