{"return_1d": -0.01492, "return_5d": -0.004376, "return_20d": -0.066864, "return_60d": -0.035693, "return_252d": 0.00708, "sma_20": 7651.675525, "sma_50": 7563.488986, "sma_200": 7612.044999, "price_vs_sma20": -0.052329, "price_vs_sma50": -0.04128, "price_vs_sma200": -0.047395, "volatility_20d": 0.359294, "volatility_60d": 0.270435, "drawdown": -0.269349, "max_drawdown_1y": -0.324896, "volume_ratio": 0.72093, "rsi_14": 38.893063, "macd": -87.767737, "macd_signal": -42.71215, "macd_histogram": -45.055586, "bb_width": 0.162724, "bb_position": 0.16066, "stoch_k": 4.934969, "stoch_d": 11.832867, "adx": 19.449718, "atr_14": 208.081913, "last_close": 7251.27, "last_date": "2026-03-04"}