{"return_1d": -0.013573, "return_5d": -0.005509, "return_20d": -0.028809, "return_60d": -0.024385, "return_252d": 0.032554, "sma_20": 7695.51901, "sma_50": 7571.924982, "sma_200": 7611.05415, "price_vs_sma20": -0.036355, "price_vs_sma50": -0.020626, "price_vs_sma200": -0.025661, "volatility_20d": 0.360449, "volatility_60d": 0.272563, "drawdown": -0.252776, "max_drawdown_1y": -0.324896, "volume_ratio": 0.914785, "rsi_14": 43.640626, "macd": -64.17849, "macd_signal": -21.07064, "macd_histogram": -43.10785, "bb_width": 0.146523, "bb_position": 0.242523, "stoch_k": 18.134197, "stoch_d": 22.324658, "adx": 18.526181, "atr_14": 215.112151, "last_close": 7415.75, "last_date": "2026-03-02"}