{"return_1d": -0.024331, "return_5d": -0.048331, "return_20d": -0.118492, "return_60d": -0.061453, "return_252d": -0.017617, "sma_20": 7604.125525, "sma_50": 7556.991582, "sma_200": 7610.567147, "price_vs_sma20": -0.069605, "price_vs_sma50": -0.063802, "price_vs_sma200": -0.070393, "volatility_20d": 0.340059, "volatility_60d": 0.274739, "drawdown": -0.287127, "max_drawdown_1y": -0.324896, "volume_ratio": 0.934283, "rsi_14": 34.457585, "macd": -112.444252, "macd_signal": -56.658571, "macd_histogram": -55.785682, "bb_width": 0.173707, "bb_position": 0.069317, "stoch_k": 1.260657, "stoch_d": 6.208354, "adx": 20.473321, "atr_14": 207.866062, "last_close": 7074.8398, "last_date": "2026-03-05"}