{"return_1d": 0.028211, "return_5d": 0.034354, "return_20d": 0.011318, "return_60d": -0.055252, "return_252d": -0.12504, "sma_20": 26.435, "sma_50": 28.6572, "sma_200": 31.133852, "price_vs_sma20": 0.047853, "price_vs_sma50": -0.033402, "price_vs_sma200": -0.110293, "volatility_20d": 0.387819, "volatility_60d": 0.284019, "drawdown": -0.209962, "max_drawdown_1y": -0.26843, "volume_ratio": 0.755743, "rsi_14": 53.377066, "macd": -0.478829, "macd_signal": -0.726477, "macd_histogram": 0.247649, "bb_width": 0.073038, "bb_position": 1.125258, "stoch_k": 98.130841, "stoch_d": 86.21699, "adx": 25.354048, "atr_14": 0.717993, "last_close": 27.7, "last_date": "2026-03-06"}