{"return_1d": -0.005939, "return_5d": 0.008663, "return_20d": -0.125123, "return_60d": -0.075914, "return_252d": -0.151971, "sma_20": 27.052, "sma_50": 28.9488, "sma_200": 31.282471, "price_vs_sma20": -0.010055, "price_vs_sma50": -0.074918, "price_vs_sma200": -0.14393, "volatility_20d": 0.447323, "volatility_60d": 0.275314, "drawdown": -0.236201, "max_drawdown_1y": -0.26843, "volume_ratio": 1.044407, "rsi_14": 43.325529, "macd": -0.819018, "macd_signal": -0.928681, "macd_histogram": 0.109663, "bb_width": 0.227729, "bb_position": 0.455399, "stoch_k": 67.1875, "stoch_d": 56.802058, "adx": 30.572725, "atr_14": 0.731136, "last_close": 26.78, "last_date": "2026-02-27"}