{"return_1d": 0.009367, "return_5d": 0.0, "return_20d": -0.04094, "return_60d": -0.089557, "return_252d": -0.144479, "sma_20": 26.4195, "sma_50": 28.701, "sma_200": 31.158497, "price_vs_sma20": 0.019701, "price_vs_sma50": -0.061357, "price_vs_sma200": -0.135388, "volatility_20d": 0.383942, "volatility_60d": 0.277981, "drawdown": -0.231638, "max_drawdown_1y": -0.26843, "volume_ratio": 0.831086, "rsi_14": 46.66322, "macd": -0.608551, "macd_signal": -0.78839, "macd_histogram": 0.179839, "bb_width": 0.069828, "bb_position": 0.77669, "stoch_k": 87.349398, "stoch_d": 66.180321, "adx": 26.972286, "atr_14": 0.708608, "last_close": 26.94, "last_date": "2026-03-05"}