{"return_1d": 0.017925, "return_5d": 0.016375, "return_20d": -0.074549, "return_60d": -0.083762, "return_252d": -0.161678, "sma_20": 26.477, "sma_50": 28.758, "sma_200": 31.18794, "price_vs_sma20": 0.008045, "price_vs_sma50": -0.07191, "price_vs_sma200": -0.14422, "volatility_20d": 0.39076, "volatility_60d": 0.279353, "drawdown": -0.238768, "max_drawdown_1y": -0.26843, "volume_ratio": 0.686433, "rsi_14": 44.209212, "macd": -0.68789, "macd_signal": -0.833349, "macd_histogram": 0.145459, "bb_width": 0.087881, "bb_position": 0.59081, "stoch_k": 73.170732, "stoch_d": 53.036077, "adx": 28.406101, "atr_14": 0.717732, "last_close": 26.69, "last_date": "2026-03-04"}