{"return_1d": -0.007194, "return_5d": 0.006912, "return_20d": -0.150907, "return_60d": -0.096174, "return_252d": -0.182564, "sma_20": 26.5845, "sma_50": 28.8196, "sma_200": 31.217885, "price_vs_sma20": -0.013711, "price_vs_sma50": -0.090203, "price_vs_sma200": -0.160097, "volatility_20d": 0.440084, "volatility_60d": 0.276716, "drawdown": -0.252173, "max_drawdown_1y": -0.26843, "volume_ratio": 1.006527, "rsi_14": 39.336755, "macd": -0.753695, "macd_signal": -0.869714, "macd_histogram": 0.116019, "bb_width": 0.119073, "bb_position": 0.383251, "stoch_k": 38.020833, "stoch_d": 51.041667, "adx": 29.550453, "atr_14": 0.718327, "last_close": 26.22, "last_date": "2026-03-03"}