{"return_1d": -0.013816, "return_5d": 0.022059, "return_20d": -0.150804, "return_60d": -0.088367, "return_252d": -0.166572, "sma_20": 26.8175, "sma_50": 28.8874, "sma_200": 31.250777, "price_vs_sma20": -0.015195, "price_vs_sma50": -0.085761, "price_vs_sma200": -0.154901, "volatility_20d": 0.440086, "volatility_60d": 0.276525, "drawdown": -0.246754, "max_drawdown_1y": -0.26843, "volume_ratio": 0.93692, "rsi_14": 40.670066, "macd": -0.77887, "macd_signal": -0.898719, "macd_histogram": 0.119849, "bb_width": 0.183686, "bb_position": 0.415999, "stoch_k": 47.916667, "stoch_d": 63.541667, "adx": 29.928723, "atr_14": 0.728198, "last_close": 26.41, "last_date": "2026-03-02"}