{"return_1d": 0.010404, "return_5d": -0.001645, "return_20d": -0.016606, "return_60d": -0.067588, "return_252d": -0.128525, "sma_20": 23.469, "sma_50": 25.2104, "sma_200": 27.32346, "price_vs_sma20": 0.034556, "price_vs_sma50": -0.036905, "price_vs_sma200": -0.111386, "volatility_20d": 0.393354, "volatility_60d": 0.2812, "drawdown": -0.217531, "max_drawdown_1y": -0.278118, "volume_ratio": 0.559276, "rsi_14": 50.529634, "macd": -0.307417, "macd_signal": -0.50589, "macd_histogram": 0.198473, "bb_width": 0.097381, "bb_position": 0.843005, "stoch_k": 87.168142, "stoch_d": 79.965138, "adx": 19.23682, "atr_14": 0.626449, "last_close": 24.28, "last_date": "2026-03-05"}