{"return_1d": 0.00924, "return_5d": 0.019084, "return_20d": -0.039184, "return_60d": -0.062427, "return_252d": -0.149919, "sma_20": 23.4895, "sma_50": 25.2464, "sma_200": 27.343179, "price_vs_sma20": 0.02301, "price_vs_sma50": -0.048181, "price_vs_sma200": -0.12117, "volatility_20d": 0.393413, "volatility_60d": 0.282401, "drawdown": -0.225588, "max_drawdown_1y": -0.278118, "volume_ratio": 0.511337, "rsi_14": 47.888275, "macd": -0.371184, "macd_signal": -0.555508, "macd_histogram": 0.184324, "bb_width": 0.104038, "bb_position": 0.716197, "stoch_k": 81.363636, "stoch_d": 77.121212, "adx": 20.541082, "atr_14": 0.633099, "last_close": 24.03, "last_date": "2026-03-04"}