{"return_1d": -0.001234, "return_5d": 0.027061, "return_20d": -0.092641, "return_60d": -0.048197, "return_252d": -0.128788, "sma_20": 23.8395, "sma_50": 25.3732, "sma_200": 27.40589, "price_vs_sma20": 0.018897, "price_vs_sma50": -0.042691, "price_vs_sma200": -0.113694, "volatility_20d": 0.453944, "volatility_60d": 0.280804, "drawdown": -0.217209, "max_drawdown_1y": -0.278118, "volume_ratio": 0.952604, "rsi_14": 49.903638, "macd": -0.513231, "macd_signal": -0.693773, "macd_histogram": 0.180542, "bb_width": 0.202846, "bb_position": 0.591433, "stoch_k": 93.303571, "stoch_d": 80.114095, "adx": 24.128882, "atr_14": 0.656155, "last_close": 24.29, "last_date": "2026-02-27"}