{"return_1d": 0.014003, "return_5d": 0.013586, "return_20d": 0.016935, "return_60d": -0.04314, "return_252d": -0.118836, "sma_20": 23.4895, "sma_50": 25.1774, "sma_200": 27.305391, "price_vs_sma20": 0.048128, "price_vs_sma50": -0.022139, "price_vs_sma200": -0.098347, "volatility_20d": 0.389938, "volatility_60d": 0.281924, "drawdown": -0.206574, "max_drawdown_1y": -0.278118, "volume_ratio": 0.819937, "rsi_14": 53.948333, "macd": -0.226831, "macd_signal": -0.450078, "macd_histogram": 0.223247, "bb_width": 0.101171, "bb_position": 0.953865, "stoch_k": 100.0, "stoch_d": 89.510593, "adx": 18.020337, "atr_14": 0.635274, "last_close": 24.62, "last_date": "2026-03-06"}