{"return_1d": -0.024975, "return_5d": -0.025143, "return_20d": -0.030278, "return_60d": 0.140114, "return_252d": 0.005686, "sma_20": 232.9705, "sma_50": 231.8474, "sma_200": 219.386491, "price_vs_sma20": -0.028074, "price_vs_sma50": -0.023366, "price_vs_sma200": 0.032105, "volatility_20d": 0.414365, "volatility_60d": 0.418118, "drawdown": -0.199542, "max_drawdown_1y": -0.464745, "volume_ratio": 0.320346, "rsi_14": 44.026119, "macd": 0.210564, "macd_signal": 1.307616, "macd_histogram": -1.097052, "bb_width": 0.135693, "bb_position": 0.287127, "stoch_k": 14.632059, "stoch_d": 30.050976, "adx": 19.286286, "atr_14": 9.013072, "last_close": 226.43, "last_date": "2026-02-27"}