{"return_1d": -0.041979, "return_5d": -0.111317, "return_20d": -0.091793, "return_60d": -0.115143, "return_252d": -0.05185, "sma_20": 230.091, "sma_50": 230.6276, "sma_200": 219.517962, "price_vs_sma20": -0.123216, "price_vs_sma50": -0.125256, "price_vs_sma200": -0.080986, "volatility_20d": 0.400887, "volatility_60d": 0.390749, "drawdown": -0.286824, "max_drawdown_1y": -0.464745, "volume_ratio": 1.132896, "rsi_14": 29.251814, "macd": -5.391678, "macd_signal": -1.820224, "macd_histogram": -3.571454, "bb_width": 0.233931, "bb_position": -0.100743, "stoch_k": 1.309227, "stoch_d": 5.136026, "adx": 19.430444, "atr_14": 8.83268, "last_close": 201.74, "last_date": "2026-03-06"}