{"return_1d": -0.042312, "return_5d": -0.082598, "return_20d": -0.068504, "return_60d": -0.049871, "return_252d": 0.017182, "sma_20": 232.139, "sma_50": 231.5996, "sma_200": 219.499633, "price_vs_sma20": -0.072754, "price_vs_sma50": -0.070594, "price_vs_sma200": -0.019361, "volatility_20d": 0.416311, "volatility_60d": 0.378416, "drawdown": -0.239064, "max_drawdown_1y": -0.464745, "volume_ratio": 1.00023, "rsi_14": 36.201904, "macd": -1.763073, "macd_signal": 0.41766, "macd_histogram": -2.180733, "bb_width": 0.160404, "bb_position": 0.010847, "stoch_k": 4.771832, "stoch_d": 12.742423, "adx": 18.083037, "atr_14": 9.181577, "last_close": 215.25, "last_date": "2026-03-03"}