{"return_1d": 0.005203, "return_5d": -0.079551, "return_20d": -0.019442, "return_60d": -0.039015, "return_252d": 0.018036, "sma_20": 231.9245, "sma_50": 231.4854, "sma_200": 219.542177, "price_vs_sma20": -0.067067, "price_vs_sma50": -0.065297, "price_vs_sma200": -0.014449, "volatility_20d": 0.386418, "volatility_60d": 0.378417, "drawdown": -0.235105, "max_drawdown_1y": -0.464745, "volume_ratio": 0.832379, "rsi_14": 37.41067, "macd": -2.67984, "macd_signal": -0.20184, "macd_histogram": -2.478, "bb_width": 0.165667, "bb_position": 0.066068, "stoch_k": 7.366227, "stoch_d": 9.769043, "adx": 17.819683, "atr_14": 8.799322, "last_close": 216.37, "last_date": "2026-03-04"}