{"return_1d": -0.009911, "return_5d": -0.027686, "return_20d": -0.006102, "return_60d": 0.048358, "return_252d": 0.055854, "sma_20": 232.9305, "sma_50": 231.7592, "sma_200": 219.465648, "price_vs_sma20": -0.035077, "price_vs_sma50": -0.0302, "price_vs_sma200": 0.024124, "volatility_20d": 0.3983, "volatility_60d": 0.3861, "drawdown": -0.205445, "max_drawdown_1y": -0.464745, "volume_ratio": 0.522123, "rsi_14": 42.704619, "macd": -0.453263, "macd_signal": 0.962843, "macd_histogram": -1.416107, "bb_width": 0.137479, "bb_position": 0.235581, "stoch_k": 17.169069, "stoch_d": 22.302759, "adx": 18.366649, "atr_14": 8.997852, "last_close": 224.76, "last_date": "2026-03-02"}