{"return_1d": -0.022478, "return_5d": -0.022646, "return_20d": -0.027794, "return_60d": 0.143034, "return_252d": 0.008263, "sma_20": 232.9995, "sma_50": 231.859, "sma_200": 219.389392, "price_vs_sma20": -0.025706, "price_vs_sma50": -0.020914, "price_vs_sma200": 0.034736, "volatility_20d": 0.412556, "volatility_60d": 0.417448, "drawdown": -0.197491, "max_drawdown_1y": -0.464745, "volume_ratio": 0.897884, "rsi_14": 44.459068, "macd": 0.256832, "macd_signal": 1.31687, "macd_histogram": -1.060038, "bb_width": 0.134929, "bb_position": 0.304457, "stoch_k": 16.286366, "stoch_d": 30.602411, "adx": 19.286286, "atr_14": 9.013072, "last_close": 227.01, "last_date": "2026-02-27"}