{"return_1d": -0.008413, "return_5d": 0.004222, "return_20d": 0.078241, "return_60d": 0.143857, "return_252d": 0.206608, "sma_20": 65.143695, "sma_50": 61.272226, "sma_200": 57.685877, "price_vs_sma20": 0.013145, "price_vs_sma50": 0.07716, "price_vs_sma200": 0.144128, "volatility_20d": 0.166222, "volatility_60d": 0.162402, "drawdown": -0.023091, "max_drawdown_1y": -0.193164, "volume_ratio": 1.017516, "rsi_14": 60.988993, "macd": 1.561668, "macd_signal": 1.650587, "macd_histogram": -0.088919, "bb_width": 0.090676, "bb_position": 0.643084, "stoch_k": 44.607829, "stoch_d": 69.037139, "adx": 52.453395, "atr_14": 1.126756, "last_close": 66.0, "last_date": "2026-03-04"}