{"return_1d": -0.014802, "return_5d": 0.004675, "return_20d": 0.104096, "return_60d": 0.155945, "return_252d": 0.233737, "sma_20": 64.904235, "sma_50": 61.07767, "sma_200": 57.621616, "price_vs_sma20": 0.025511, "price_vs_sma50": 0.08976, "price_vs_sma200": 0.155122, "volatility_20d": 0.16442, "volatility_60d": 0.160864, "drawdown": -0.014802, "max_drawdown_1y": -0.193164, "volume_ratio": 0.874312, "rsi_14": 65.255012, "macd": 1.678201, "macd_signal": 1.672816, "macd_histogram": 0.005384, "bb_width": 0.102655, "bb_position": 0.74233, "stoch_k": 69.789842, "stoch_d": 81.939329, "adx": 54.241344, "atr_14": 1.118045, "last_close": 66.56, "last_date": "2026-03-03"}