{"return_1d": 0.003086, "return_5d": -0.029851, "return_20d": 0.03006, "return_60d": 0.144018, "return_252d": 0.176873, "sma_20": 65.3682, "sma_50": 61.628046, "sma_200": 57.795294, "price_vs_sma20": -0.005633, "price_vs_sma50": 0.054715, "price_vs_sma200": 0.124659, "volatility_20d": 0.17068, "volatility_60d": 0.161408, "drawdown": -0.037892, "max_drawdown_1y": -0.193164, "volume_ratio": 0.89721, "rsi_14": 54.074632, "macd": 1.196861, "macd_signal": 1.512843, "macd_histogram": -0.315981, "bb_width": 0.076752, "bb_position": 0.426196, "stoch_k": 20.540541, "stoch_d": 25.059008, "adx": 47.123329, "atr_14": 1.132917, "last_close": 65.0, "last_date": "2026-03-06"}