{"return_1d": -0.018182, "return_5d": -0.023066, "return_20d": 0.041687, "return_60d": 0.117874, "return_252d": 0.180362, "sma_20": 65.273355, "sma_50": 61.451506, "sma_200": 57.74011, "price_vs_sma20": -0.007252, "price_vs_sma50": 0.05449, "price_vs_sma200": 0.12227, "volatility_20d": 0.17667, "volatility_60d": 0.167644, "drawdown": -0.040853, "max_drawdown_1y": -0.193164, "volume_ratio": 1.159537, "rsi_14": 52.994072, "macd": 1.356844, "macd_signal": 1.591838, "macd_histogram": -0.234994, "bb_width": 0.082732, "bb_position": 0.411705, "stoch_k": 10.028653, "stoch_d": 41.475442, "adx": 49.805334, "atr_14": 1.156987, "last_close": 64.8, "last_date": "2026-03-05"}