{"return_1d": 0.010101, "return_5d": 0.017126, "return_20d": 0.111762, "return_60d": 0.18221, "return_252d": 0.268116, "sma_20": 64.25807, "sma_50": 60.523696, "sma_200": 57.24996, "price_vs_sma20": 0.042671, "price_vs_sma50": 0.107004, "price_vs_sma200": 0.170306, "volatility_20d": 0.158721, "volatility_60d": 0.157848, "drawdown": 0.0, "max_drawdown_1y": -0.193166, "volume_ratio": 1.884025, "rsi_14": 72.131548, "macd": 1.751118, "macd_signal": 1.707972, "macd_histogram": 0.043147, "bb_width": 0.117515, "bb_position": 0.848248, "stoch_k": 83.314399, "stoch_d": 82.181735, "adx": 55.869316, "atr_14": 1.086713, "last_close": 67.0, "last_date": "2026-02-27"}