{"return_1d": 0.023592, "return_5d": 0.008243, "return_20d": 0.176488, "return_60d": 0.456668, "return_252d": 0.164047, "sma_20": 194.671, "sma_50": 178.0696, "sma_200": 157.244054, "price_vs_sma20": 0.043042, "price_vs_sma50": 0.140284, "price_vs_sma200": 0.291305, "volatility_20d": 0.577434, "volatility_60d": 0.430704, "drawdown": -0.116827, "max_drawdown_1y": -0.451785, "volume_ratio": 1.269689, "rsi_14": 62.307334, "macd": 5.885277, "macd_signal": 6.382556, "macd_histogram": -0.497279, "bb_width": 0.146133, "bb_position": 0.782384, "stoch_k": 95.947974, "stoch_d": 66.600607, "adx": 32.928749, "atr_14": 7.234336, "last_close": 203.05, "last_date": "2026-02-27"}