{"return_1d": 0.023147, "return_5d": 0.071539, "return_20d": 0.19948, "return_60d": 0.471526, "return_252d": 0.19726, "sma_20": 196.3985, "sma_50": 179.0858, "sma_200": 157.430862, "price_vs_sma20": 0.057798, "price_vs_sma50": 0.160058, "price_vs_sma200": 0.319627, "volatility_20d": 0.579268, "volatility_60d": 0.431855, "drawdown": -0.096384, "max_drawdown_1y": -0.451785, "volume_ratio": 1.006087, "rsi_14": 65.239534, "macd": 6.41322, "macd_signal": 6.388689, "macd_histogram": 0.024532, "bb_width": 0.117979, "bb_position": 0.963136, "stoch_k": 94.462025, "stoch_d": 86.5188, "adx": 33.377491, "atr_14": 7.412598, "last_close": 207.75, "last_date": "2026-03-02"}