{"return_1d": 0.023391, "return_5d": 0.008044, "return_20d": 0.176256, "return_60d": 0.456381, "return_252d": 0.163817, "sma_20": 194.669, "sma_50": 178.0688, "sma_200": 157.243854, "price_vs_sma20": 0.042847, "price_vs_sma50": 0.140065, "price_vs_sma200": 0.291052, "volatility_20d": 0.577366, "volatility_60d": 0.43067, "drawdown": -0.117001, "max_drawdown_1y": -0.451785, "volume_ratio": 0.593497, "rsi_14": 62.28219, "macd": 5.882086, "macd_signal": 6.381918, "macd_histogram": -0.499832, "bb_width": 0.146117, "bb_position": 0.781189, "stoch_k": 95.747874, "stoch_d": 66.533907, "adx": 32.928749, "atr_14": 7.234336, "last_close": 203.01, "last_date": "2026-02-27"}