{"return_1d": 0.041127, "return_5d": 0.129327, "return_20d": 0.140812, "return_60d": 0.410279, "return_252d": 0.265672, "sma_20": 198.54781, "sma_50": 181.036006, "sma_200": 157.63446, "price_vs_sma20": 0.088856, "price_vs_sma50": 0.194182, "price_vs_sma200": 0.371464, "volatility_20d": 0.539166, "volatility_60d": 0.417701, "drawdown": -0.058361, "max_drawdown_1y": -0.451784, "volume_ratio": 1.136048, "rsi_14": 70.227808, "macd": 7.641999, "macd_signal": 6.692973, "macd_histogram": 0.949025, "bb_width": 0.131996, "bb_position": 1.11824, "stoch_k": 85.690386, "stoch_d": 91.788746, "adx": 35.274945, "atr_14": 7.866622, "last_close": 216.19, "last_date": "2026-03-04"}