{"return_1d": 0.000915, "return_5d": 0.057143, "return_20d": 0.117176, "return_60d": 0.377542, "return_252d": 0.186609, "sma_20": 197.489, "sma_50": 180.13, "sma_200": 157.617079, "price_vs_sma20": 0.052919, "price_vs_sma50": 0.154388, "price_vs_sma200": 0.319273, "volatility_20d": 0.52642, "volatility_60d": 0.411936, "drawdown": -0.095558, "max_drawdown_1y": -0.451785, "volume_ratio": 0.601069, "rsi_14": 65.35686, "macd": 6.768922, "macd_signal": 6.464735, "macd_histogram": 0.304187, "bb_width": 0.118183, "bb_position": 0.925271, "stoch_k": 95.213608, "stoch_d": 95.207869, "adx": 33.794181, "atr_14": 7.406698, "last_close": 207.94, "last_date": "2026-03-03"}