{"return_1d": -0.079315, "return_5d": -0.043384, "return_20d": -0.039077, "return_60d": 0.280596, "return_252d": 0.106537, "sma_20": 198.274945, "sma_50": 182.80404, "sma_200": 157.95516, "price_vs_sma20": -0.021712, "price_vs_sma50": 0.061082, "price_vs_sma200": 0.228007, "volatility_20d": 0.503435, "volatility_60d": 0.453555, "drawdown": -0.155142, "max_drawdown_1y": -0.451784, "volume_ratio": 1.377951, "rsi_14": 49.569132, "macd": 6.513956, "macd_signal": 6.835382, "macd_histogram": -0.321426, "bb_width": 0.151501, "bb_position": 0.353507, "stoch_k": 16.719608, "stoch_d": 56.936422, "adx": 33.445207, "atr_14": 8.72122, "last_close": 193.97, "last_date": "2026-03-06"}