{"return_1d": 0.040474, "return_5d": -0.013855, "return_20d": 0.102407, "return_60d": 0.194248, "return_252d": -0.059186, "sma_20": 83.5225, "sma_50": 77.473452, "sma_200": 74.309923, "price_vs_sma20": 0.031099, "price_vs_sma50": 0.111607, "price_vs_sma200": 0.15893, "volatility_20d": 0.352714, "volatility_60d": 0.293112, "drawdown": -0.214914, "max_drawdown_1y": -0.421659, "volume_ratio": 1.179826, "rsi_14": 61.988668, "macd": 2.123974, "macd_signal": 2.563373, "macd_histogram": -0.439399, "bb_width": 0.143882, "bb_position": 0.709626, "stoch_k": 68.932039, "stoch_d": 49.334772, "adx": 38.334398, "atr_14": 2.648376, "last_close": 86.12, "last_date": "2026-03-02"}