{"return_1d": -0.000236, "return_5d": 0.030141, "return_20d": 0.082918, "return_60d": 0.112774, "return_252d": -0.087688, "sma_20": 84.32, "sma_50": 78.573, "sma_200": 75.221771, "price_vs_sma20": 0.005218, "price_vs_sma50": 0.078742, "price_vs_sma200": 0.126801, "volatility_20d": 0.304287, "volatility_60d": 0.298971, "drawdown": -0.237753, "max_drawdown_1y": -0.42166, "volume_ratio": 0.77708, "rsi_14": 56.769032, "macd": 1.736006, "macd_signal": 2.145685, "macd_histogram": -0.409678, "bb_width": 0.09868, "bb_position": 0.552606, "stoch_k": 54.261057, "stoch_d": 59.223301, "adx": 32.82465, "atr_14": 2.594767, "last_close": 84.76, "last_date": "2026-03-04"}