{"return_1d": 0.015537, "return_5d": 0.05026, "return_20d": 0.080413, "return_60d": 0.160149, "return_252d": -0.014528, "sma_20": 84.9065, "sma_50": 79.1338, "sma_200": 75.256043, "price_vs_sma20": 0.023832, "price_vs_sma50": 0.098519, "price_vs_sma200": 0.155123, "volatility_20d": 0.296749, "volatility_60d": 0.297548, "drawdown": -0.218238, "max_drawdown_1y": -0.42166, "volume_ratio": 1.09356, "rsi_14": 62.026435, "macd": 1.762748, "macd_signal": 1.99817, "macd_histogram": -0.235422, "bb_width": 0.078547, "bb_position": 0.796348, "stoch_k": 77.669903, "stoch_d": 65.084502, "adx": 32.07757, "atr_14": 2.568804, "last_close": 86.93, "last_date": "2026-03-06"}