{"return_1d": 0.00991, "return_5d": 0.018805, "return_20d": 0.065472, "return_60d": 0.121299, "return_252d": -0.049471, "sma_20": 84.583, "sma_50": 78.8516, "sma_200": 75.233298, "price_vs_sma20": 0.012024, "price_vs_sma50": 0.085584, "price_vs_sma200": 0.137794, "volatility_20d": 0.293705, "volatility_60d": 0.299415, "drawdown": -0.230199, "max_drawdown_1y": -0.42166, "volume_ratio": 1.119238, "rsi_14": 58.873876, "macd": 1.702389, "macd_signal": 2.057026, "macd_histogram": -0.354636, "bb_width": 0.088577, "bb_position": 0.63413, "stoch_k": 63.322546, "stoch_d": 57.35347, "adx": 32.397132, "atr_14": 2.588712, "last_close": 85.6, "last_date": "2026-03-05"}