{"return_1d": -0.012005, "return_5d": 0.000708, "return_20d": 0.226063, "return_60d": 0.165696, "return_252d": 0.088137, "sma_20": 77.36, "sma_50": 77.9146, "sma_200": 74.915769, "price_vs_sma20": 0.095786, "price_vs_sma50": 0.087986, "price_vs_sma200": 0.131537, "volatility_20d": 0.643054, "volatility_60d": 0.498182, "drawdown": -0.159539, "max_drawdown_1y": -0.333044, "volume_ratio": 0.719335, "rsi_14": 62.540209, "macd": 2.824828, "macd_signal": 1.746019, "macd_histogram": 1.078809, "bb_width": 0.339587, "bb_position": 0.757409, "stoch_k": 87.951807, "stoch_d": 92.623466, "adx": 26.845147, "atr_14": 3.118537, "last_close": 84.77, "last_date": "2026-03-05"}