{"return_1d": 0.001887, "return_5d": -0.004221, "return_20d": 0.228733, "return_60d": 0.172525, "return_252d": 0.07189, "sma_20": 78.1505, "sma_50": 78.0204, "sma_200": 74.966489, "price_vs_sma20": 0.086749, "price_vs_sma50": 0.088561, "price_vs_sma200": 0.132906, "volatility_20d": 0.642594, "volatility_60d": 0.497976, "drawdown": -0.157953, "max_drawdown_1y": -0.333044, "volume_ratio": 0.625061, "rsi_14": 62.811067, "macd": 2.83416, "macd_signal": 1.963647, "macd_histogram": 0.870513, "bb_width": 0.335149, "bb_position": 0.738177, "stoch_k": 88.75502, "stoch_d": 91.173394, "adx": 25.965949, "atr_14": 3.046498, "last_close": 84.93, "last_date": "2026-03-06"}