{"return_1d": -0.008669, "return_5d": 0.026195, "return_20d": 0.105855, "return_60d": 0.203623, "return_252d": 0.06088, "sma_20": 75.688, "sma_50": 77.725, "sma_200": 74.807574, "price_vs_sma20": 0.118011, "price_vs_sma50": 0.08871, "price_vs_sma200": 0.131169, "volatility_20d": 0.774312, "volatility_60d": 0.505634, "drawdown": -0.161026, "max_drawdown_1y": -0.333044, "volume_ratio": 0.779376, "rsi_14": 63.625617, "macd": 2.595839, "macd_signal": 1.148366, "macd_histogram": 1.447473, "bb_width": 0.335778, "bb_position": 0.814357, "stoch_k": 93.105236, "stoch_d": 95.541731, "adx": 27.609494, "atr_14": 3.22351, "last_close": 84.62, "last_date": "2026-03-03"}