{"return_1d": 0.000821, "return_5d": 0.05709, "return_20d": 0.107996, "return_60d": 0.189521, "return_252d": 0.083246, "sma_20": 75.283, "sma_50": 77.670396, "sma_200": 74.753838, "price_vs_sma20": 0.133855, "price_vs_sma50": 0.099003, "price_vs_sma200": 0.141881, "volatility_20d": 0.773855, "volatility_60d": 0.507394, "drawdown": -0.153689, "max_drawdown_1y": -0.333044, "volume_ratio": 0.639501, "rsi_14": 65.568608, "macd": 2.432807, "macd_signal": 0.786497, "macd_histogram": 1.64631, "bb_width": 0.318994, "bb_position": 0.870079, "stoch_k": 96.94142, "stoch_d": 95.697252, "adx": 28.351601, "atr_14": 3.249934, "last_close": 85.36, "last_date": "2026-03-02"}