{"return_1d": 0.013945, "return_5d": 0.037359, "return_20d": 0.26195, "return_60d": 0.234842, "return_252d": 0.102995, "sma_20": 76.5785, "sma_50": 77.8238, "sma_200": 74.865899, "price_vs_sma20": 0.120419, "price_vs_sma50": 0.10249, "price_vs_sma200": 0.146049, "volatility_20d": 0.637515, "volatility_60d": 0.505056, "drawdown": -0.149327, "max_drawdown_1y": -0.333044, "volume_ratio": 0.576827, "rsi_14": 65.386982, "macd": 2.78812, "macd_signal": 1.476316, "macd_histogram": 1.311803, "bb_width": 0.335583, "bb_position": 0.820269, "stoch_k": 96.813354, "stoch_d": 95.620003, "adx": 27.105213, "atr_14": 3.146116, "last_close": 85.8, "last_date": "2026-03-04"}