{"return_1d": -0.065407, "return_5d": -0.144555, "return_20d": -0.098732, "return_60d": 0.008691, "return_252d": 0.223274, "sma_20": 67.2745, "sma_50": 62.8036, "sma_200": 54.2007, "price_vs_sma20": -0.154657, "price_vs_sma50": -0.094479, "price_vs_sma200": 0.049248, "volatility_20d": 0.460973, "volatility_60d": 0.426043, "drawdown": -0.473864, "max_drawdown_1y": -0.704413, "volume_ratio": 1.15594, "rsi_14": 30.426534, "macd": -0.465478, "macd_signal": 1.147713, "macd_histogram": -1.613191, "bb_width": 0.274448, "bb_position": -0.16662, "stoch_k": 1.458576, "stoch_d": 4.485576, "adx": 23.523925, "atr_14": 2.960075, "last_close": 56.87, "last_date": "2026-03-06"}