{"return_1d": -0.024648, "return_5d": -0.038055, "return_20d": 0.06881, "return_60d": 0.318263, "return_252d": 0.315134, "sma_20": 67.0675, "sma_50": 62.0768, "sma_200": 53.7712, "price_vs_sma20": -0.00876, "price_vs_sma50": 0.070931, "price_vs_sma200": 0.23635, "volatility_20d": 0.437387, "volatility_60d": 0.456802, "drawdown": -0.384957, "max_drawdown_1y": -0.704413, "volume_ratio": 0.923996, "rsi_14": 51.05215, "macd": 2.041654, "macd_signal": 2.532852, "macd_histogram": -0.491198, "bb_width": 0.236809, "bb_position": 0.462682, "stoch_k": 24.245578, "stoch_d": 46.351218, "adx": 25.940107, "atr_14": 2.814644, "last_close": 66.48, "last_date": "2026-02-27"}