{"return_1d": -0.026867, "return_5d": -0.107248, "return_20d": -0.019497, "return_60d": 0.111619, "return_252d": 0.367723, "sma_20": 67.586, "sma_50": 62.7936, "sma_200": 54.13555, "price_vs_sma20": -0.099666, "price_vs_sma50": -0.030952, "price_vs_sma200": 0.12403, "volatility_20d": 0.406725, "volatility_60d": 0.407456, "drawdown": -0.437043, "max_drawdown_1y": -0.704413, "volume_ratio": 0.883269, "rsi_14": 37.269687, "macd": 0.258158, "macd_signal": 1.551011, "macd_histogram": -1.292853, "bb_width": 0.213887, "bb_position": -0.017557, "stoch_k": 8.892025, "stoch_d": 7.045664, "adx": 22.693207, "atr_14": 2.862389, "last_close": 60.85, "last_date": "2026-03-05"}