{"return_1d": -0.046029, "return_5d": -0.094388, "return_20d": 0.030717, "return_60d": 0.109711, "return_252d": 0.347928, "sma_20": 67.4915, "sma_50": 62.517, "sma_200": 53.96585, "price_vs_sma20": -0.060326, "price_vs_sma50": 0.014444, "price_vs_sma200": 0.175188, "volatility_20d": 0.440282, "volatility_60d": 0.41159, "drawdown": -0.413267, "max_drawdown_1y": -0.704413, "volume_ratio": 0.881601, "rsi_14": 42.91369, "macd": 1.247349, "macd_signal": 2.149583, "macd_histogram": -0.902234, "bb_width": 0.217427, "bb_position": 0.204734, "stoch_k": 9.13884, "stoch_d": 19.699568, "adx": 23.409094, "atr_14": 2.886912, "last_close": 63.42, "last_date": "2026-03-03"}