{"return_1d": -0.025381, "return_5d": -0.038779, "return_20d": 0.068006, "return_60d": 0.317271, "return_252d": 0.314144, "sma_20": 67.065, "sma_50": 62.0758, "sma_200": 53.77095, "price_vs_sma20": -0.009468, "price_vs_sma50": 0.070143, "price_vs_sma200": 0.235425, "volatility_20d": 0.438025, "volatility_60d": 0.457008, "drawdown": -0.38542, "max_drawdown_1y": -0.704413, "volume_ratio": 0.474387, "rsi_14": 50.916106, "macd": 2.037666, "macd_signal": 2.532054, "macd_histogram": -0.494389, "bb_width": 0.237011, "bb_position": 0.459669, "stoch_k": 23.725286, "stoch_d": 46.177787, "adx": 25.940107, "atr_14": 2.814644, "last_close": 66.43, "last_date": "2026-02-27"}