{"return_1d": -0.001481, "return_5d": -0.066683, "return_20d": -0.058749, "return_60d": 0.007333, "return_252d": 0.059989, "sma_20": 387.8175, "sma_50": 383.513, "sma_200": 376.9845, "price_vs_sma20": -0.043622, "price_vs_sma50": -0.032888, "price_vs_sma200": -0.01614, "volatility_20d": 0.353635, "volatility_60d": 0.282245, "drawdown": -0.173515, "max_drawdown_1y": -0.265485, "volume_ratio": 1.278194, "rsi_14": 40.369635, "macd": -3.01104, "macd_signal": 0.450904, "macd_histogram": -3.461944, "bb_width": 0.12188, "bb_position": 0.125762, "stoch_k": 19.025522, "stoch_d": 22.080433, "adx": 19.160651, "atr_14": 9.421781, "last_close": 370.9, "last_date": "2026-03-06"}