{"return_1d": -0.03007, "return_5d": -0.029338, "return_20d": -0.008361, "return_60d": 0.043873, "return_252d": 0.076933, "sma_20": 392.7525, "sma_50": 383.513, "sma_200": 377.10575, "price_vs_sma20": -0.018593, "price_vs_sma50": 0.005051, "price_vs_sma200": 0.022127, "volatility_20d": 0.307543, "volatility_60d": 0.25676, "drawdown": -0.141093, "max_drawdown_1y": -0.265485, "volume_ratio": 0.109754, "rsi_14": 45.912854, "macd": 3.07917, "macd_signal": 3.733549, "macd_histogram": -0.65438, "bb_width": 0.070838, "bb_position": 0.232552, "stoch_k": 51.315789, "stoch_d": 70.414673, "adx": 13.631328, "atr_14": 8.6087, "last_close": 385.45, "last_date": "2026-03-02"}