{"return_1d": 0.006596, "return_5d": -0.059134, "return_20d": -0.051136, "return_60d": 0.015481, "return_252d": 0.068562, "sma_20": 387.9675, "sma_50": 383.573, "sma_200": 376.9995, "price_vs_sma20": -0.036259, "price_vs_sma50": -0.025218, "price_vs_sma200": -0.008221, "volatility_20d": 0.355188, "volatility_60d": 0.282515, "drawdown": -0.16683, "max_drawdown_1y": -0.265485, "volume_ratio": 0.053993, "rsi_14": 42.437438, "macd": -2.771724, "macd_signal": 0.498767, "macd_histogram": -3.270491, "bb_width": 0.118681, "bb_position": 0.182986, "stoch_k": 25.986079, "stoch_d": 24.400619, "adx": 19.06803, "atr_14": 9.200352, "last_close": 373.9, "last_date": "2026-03-06"}