{"return_1d": 0.000281, "return_5d": -0.013839, "return_20d": 0.07676, "return_60d": 0.296579, "return_252d": 0.605042, "sma_20": 17.413, "sma_50": 15.8179, "sma_200": 13.93854, "price_vs_sma20": 0.023086, "price_vs_sma50": 0.126256, "price_vs_sma200": 0.278111, "volatility_20d": 0.352891, "volatility_60d": 0.262491, "drawdown": -0.020616, "max_drawdown_1y": -0.089746, "volume_ratio": 0.037583, "rsi_14": 63.687613, "macd": 0.627161, "macd_signal": 0.688102, "macd_histogram": -0.060942, "bb_width": 0.128956, "bb_position": 0.674984, "stoch_k": 69.259259, "stoch_d": 73.141902, "adx": 55.791899, "atr_14": 0.393934, "last_close": 17.815, "last_date": "2026-03-04"}