{"return_1d": -0.004557, "return_5d": -0.039307, "return_20d": 0.058449, "return_60d": 0.274152, "return_252d": 0.571055, "sma_20": 17.50575, "sma_50": 15.9556, "sma_200": 13.987357, "price_vs_sma20": -0.001757, "price_vs_sma50": 0.095227, "price_vs_sma200": 0.249343, "volatility_20d": 0.357417, "volatility_60d": 0.264743, "drawdown": -0.039307, "max_drawdown_1y": -0.089746, "volume_ratio": 0.851812, "rsi_14": 57.179833, "macd": 0.505023, "macd_signal": 0.629235, "macd_histogram": -0.124211, "bb_width": 0.110766, "bb_position": 0.484114, "stoch_k": 44.074074, "stoch_d": 50.246914, "adx": 52.190706, "atr_14": 0.410566, "last_close": 17.475, "last_date": "2026-03-06"}