{"return_1d": -0.011108, "return_5d": -0.045629, "return_20d": 0.051484, "return_60d": 0.265767, "return_252d": 0.560716, "sma_20": 17.5, "sma_50": 15.9533, "sma_200": 13.986782, "price_vs_sma20": -0.008, "price_vs_sma50": 0.088176, "price_vs_sma200": 0.241172, "volatility_20d": 0.36002, "volatility_60d": 0.266004, "drawdown": -0.045629, "max_drawdown_1y": -0.089746, "volume_ratio": 0.049132, "rsi_14": 55.080412, "macd": 0.495849, "macd_signal": 0.6274, "macd_histogram": -0.13155, "bb_width": 0.111733, "bb_position": 0.427824, "stoch_k": 35.555556, "stoch_d": 47.407407, "adx": 53.086658, "atr_14": 0.39378, "last_close": 17.36, "last_date": "2026-03-06"}