{"return_1d": -0.006995, "return_5d": -0.01608, "return_20d": 0.113586, "return_60d": 0.26479, "return_252d": 0.618021, "sma_20": 17.34625, "sma_50": 15.7385, "sma_200": 13.9122, "price_vs_sma20": 0.022988, "price_vs_sma50": 0.12749, "price_vs_sma200": 0.275499, "volatility_20d": 0.374298, "volatility_60d": 0.267923, "drawdown": -0.024464, "max_drawdown_1y": -0.089746, "volume_ratio": 0.059225, "rsi_14": 62.431517, "macd": 0.658896, "macd_signal": 0.702301, "macd_histogram": -0.043405, "bb_width": 0.133858, "bb_position": 0.667873, "stoch_k": 65.232975, "stoch_d": 81.122637, "adx": 57.489584, "atr_14": 0.400308, "last_close": 17.745, "last_date": "2026-03-03"}