{"return_1d": -0.001608, "return_5d": 0.019639, "return_20d": -0.069037, "return_60d": -0.280778, "return_252d": -0.093581, "sma_20": 150.7485, "sma_50": 172.680534, "sma_200": 219.709115, "price_vs_sma20": -0.011532, "price_vs_sma50": -0.137077, "price_vs_sma200": -0.321785, "volatility_20d": 0.644216, "volatility_60d": 0.554132, "drawdown": -0.544168, "max_drawdown_1y": -0.582499, "volume_ratio": 0.700629, "rsi_14": 41.840154, "macd": -7.1855, "macd_signal": -8.320007, "macd_histogram": 1.134506, "bb_width": 0.170971, "bb_position": 0.43176, "stoch_k": 41.563622, "stoch_d": 35.583396, "adx": 26.360665, "atr_14": 8.254116, "last_close": 149.01, "last_date": "2026-03-03"}