{"return_1d": 0.026479, "return_5d": 0.056189, "return_20d": -0.093146, "return_60d": -0.25587, "return_252d": -0.084958, "sma_20": 151.301, "sma_50": 173.260124, "sma_200": 219.77354, "price_vs_sma20": -0.013556, "price_vs_sma50": -0.138578, "price_vs_sma200": -0.320892, "volatility_20d": 0.650096, "volatility_60d": 0.559508, "drawdown": -0.543434, "max_drawdown_1y": -0.582499, "volume_ratio": 0.744779, "rsi_14": 42.009108, "macd": -7.630154, "macd_signal": -8.603633, "macd_histogram": 0.973479, "bb_width": 0.17867, "bb_position": 0.423087, "stoch_k": 39.776119, "stoch_d": 36.30597, "adx": 27.035216, "atr_14": 8.282895, "last_close": 149.25, "last_date": "2026-03-02"}