{"return_1d": -0.032666, "return_5d": -0.018098, "return_20d": -0.139696, "return_60d": -0.274488, "return_252d": -0.148412, "sma_20": 152.0675, "sma_50": 174.038176, "sma_200": 219.833385, "price_vs_sma20": -0.043846, "price_vs_sma50": -0.164551, "price_vs_sma200": -0.33859, "volatility_20d": 0.644118, "volatility_60d": 0.555938, "drawdown": -0.555212, "max_drawdown_1y": -0.582499, "volume_ratio": 1.20082, "rsi_14": 38.297679, "macd": -8.111146, "macd_signal": -8.847003, "macd_histogram": 0.735857, "bb_width": 0.199261, "bb_position": 0.269868, "stoch_k": 25.410448, "stoch_d": 37.026472, "adx": 27.644537, "atr_14": 8.228502, "last_close": 145.4, "last_date": "2026-02-27"}