{"return_1d": -0.011822, "return_5d": 0.051994, "return_20d": 0.12075, "return_60d": -0.304596, "return_252d": -0.043637, "sma_20": 151.8635, "sma_50": 170.505408, "sma_200": 219.627591, "price_vs_sma20": 0.00722, "price_vs_sma50": -0.102902, "price_vs_sma200": -0.303548, "volatility_20d": 0.551378, "volatility_60d": 0.550754, "drawdown": -0.532085, "max_drawdown_1y": -0.582499, "volume_ratio": 1.444362, "rsi_14": 45.906127, "macd": -5.116655, "macd_signal": -7.021237, "macd_histogram": 1.904583, "bb_width": 0.14018, "bb_position": 0.551138, "stoch_k": 66.868311, "stoch_d": 64.437616, "adx": 22.207813, "atr_14": 7.951404, "last_close": 152.96, "last_date": "2026-03-06"}