{"return_1d": 0.027921, "return_5d": 0.004064, "return_20d": -0.050278, "return_60d": -0.072699, "return_252d": 0.058462, "sma_20": 94.4415, "sma_50": 94.2938, "sma_200": 96.859167, "price_vs_sma20": -0.005945, "price_vs_sma50": -0.004388, "price_vs_sma200": -0.030758, "volatility_20d": 0.30153, "volatility_60d": 0.243265, "drawdown": -0.12929, "max_drawdown_1y": -0.162122, "volume_ratio": 1.449076, "rsi_14": 48.299524, "macd": -0.759891, "macd_signal": -0.536652, "macd_histogram": -0.223239, "bb_width": 0.085231, "bb_position": 0.429825, "stoch_k": 51.332398, "stoch_d": 23.477785, "adx": 17.609395, "atr_14": 2.513329, "last_close": 93.88, "last_date": "2026-02-27"}