{"return_1d": 0.004261, "return_5d": 0.030949, "return_20d": -0.029145, "return_60d": -0.052658, "return_252d": 0.02766, "sma_20": 93.924, "sma_50": 94.4064, "sma_200": 96.936131, "price_vs_sma20": 0.003684, "price_vs_sma50": -0.001445, "price_vs_sma200": -0.027504, "volatility_20d": 0.30755, "volatility_60d": 0.242667, "drawdown": -0.125672, "max_drawdown_1y": -0.162122, "volume_ratio": 0.877094, "rsi_14": 49.425642, "macd": -0.483015, "macd_signal": -0.53642, "macd_histogram": 0.053405, "bb_width": 0.059875, "bb_position": 0.5613, "stoch_k": 56.802244, "stoch_d": 58.485273, "adx": 14.673652, "atr_14": 2.43569, "last_close": 94.27, "last_date": "2026-03-04"}