{"return_1d": 0.01225, "return_5d": -0.003356, "return_20d": -0.034346, "return_60d": -0.048177, "return_252d": 0.053189, "sma_20": 94.2725, "sma_50": 94.3364, "sma_200": 96.89405, "price_vs_sma20": 0.008035, "price_vs_sma50": 0.007352, "price_vs_sma200": -0.019238, "volatility_20d": 0.305822, "volatility_60d": 0.243326, "drawdown": -0.118624, "max_drawdown_1y": -0.162122, "volume_ratio": 0.93224, "rsi_14": 51.461721, "macd": -0.596558, "macd_signal": -0.548633, "macd_histogram": -0.047925, "bb_width": 0.075329, "bb_position": 0.605818, "stoch_k": 67.461431, "stoch_d": 42.846319, "adx": 16.578552, "atr_14": 2.455948, "last_close": 95.03, "last_date": "2026-03-02"}