{"return_1d": 0.000955, "return_5d": 0.033176, "return_20d": -0.024602, "return_60d": -0.045808, "return_252d": 0.043213, "sma_20": 93.805, "sma_50": 94.4736, "sma_200": 96.947377, "price_vs_sma20": 0.005917, "price_vs_sma50": -0.001202, "price_vs_sma200": -0.026688, "volatility_20d": 0.307511, "volatility_60d": 0.242425, "drawdown": -0.124838, "max_drawdown_1y": -0.162122, "volume_ratio": 0.803024, "rsi_14": 49.701242, "macd": -0.41446, "macd_signal": -0.512028, "macd_histogram": 0.097568, "bb_width": 0.053454, "bb_position": 0.610034, "stoch_k": 58.064516, "stoch_d": 55.352969, "adx": 13.78495, "atr_14": 2.387427, "last_close": 94.36, "last_date": "2026-03-05"}