{"return_1d": 0.02365, "return_5d": -0.000107, "return_20d": -0.054224, "return_60d": -0.076551, "return_252d": 0.054065, "sma_20": 94.422, "sma_50": 94.286, "sma_200": 96.857217, "price_vs_sma20": -0.009871, "price_vs_sma50": -0.008442, "price_vs_sma200": -0.034765, "volatility_20d": 0.296168, "volatility_60d": 0.241235, "drawdown": -0.132907, "max_drawdown_1y": -0.162122, "volume_ratio": 0.832409, "rsi_14": 47.216636, "macd": -0.791002, "macd_signal": -0.542874, "macd_histogram": -0.248128, "bb_width": 0.085897, "bb_position": 0.383943, "stoch_k": 42.899408, "stoch_d": 20.666788, "adx": 17.653434, "atr_14": 2.480472, "last_close": 93.49, "last_date": "2026-02-27"}