{"return_1d": -0.005595, "return_5d": -0.008966, "return_20d": 0.0076, "return_60d": 0.053288, "return_252d": -0.073204, "sma_20": 91.08003, "sma_50": 89.487618, "sma_200": 90.218369, "price_vs_sma20": -0.004831, "price_vs_sma50": 0.012878, "price_vs_sma200": 0.004673, "volatility_20d": 0.232833, "volatility_60d": 0.203791, "drawdown": -0.122244, "max_drawdown_1y": -0.18901, "volume_ratio": 0.73995, "rsi_14": 50.030593, "macd": 0.681591, "macd_signal": 0.75265, "macd_histogram": -0.07106, "bb_width": 0.063691, "bb_position": 0.423777, "stoch_k": 34.474124, "stoch_d": 47.05064, "adx": 14.839036, "atr_14": 2.065337, "last_close": 90.64, "last_date": "2026-03-05"}