{"return_1d": 0.007227, "return_5d": -0.005924, "return_20d": 0.061779, "return_60d": 0.049854, "return_252d": -0.049664, "sma_20": 90.043175, "sma_50": 89.11807, "sma_200": 90.292738, "price_vs_sma20": 0.023076, "price_vs_sma50": 0.033696, "price_vs_sma200": 0.020248, "volatility_20d": 0.263965, "volatility_60d": 0.198969, "drawdown": -0.107902, "max_drawdown_1y": -0.18901, "volume_ratio": 0.409268, "rsi_14": 56.974329, "macd": 0.704679, "macd_signal": 0.674267, "macd_histogram": 0.030413, "bb_width": 0.094915, "bb_position": 0.737637, "stoch_k": 59.198664, "stoch_d": 40.545353, "adx": 13.90413, "atr_14": 2.127341, "last_close": 92.121, "last_date": "2026-02-27"}