{"return_1d": -0.013421, "return_5d": 0.019233, "return_20d": 0.050587, "return_60d": 0.053609, "return_252d": -0.078352, "sma_20": 91.045845, "sma_50": 89.408048, "sma_200": 90.252723, "price_vs_sma20": 0.001144, "price_vs_sma50": 0.019483, "price_vs_sma200": 0.009942, "volatility_20d": 0.264672, "volatility_60d": 0.20375, "drawdown": -0.117306, "max_drawdown_1y": -0.189011, "volume_ratio": 0.523734, "rsi_14": 51.785069, "macd": 0.80901, "macd_signal": 0.770415, "macd_histogram": 0.038595, "bb_width": 0.064124, "bb_position": 0.51782, "stoch_k": 42.988314, "stoch_d": 63.633834, "adx": 15.322181, "atr_14": 2.143055, "last_close": 91.15, "last_date": "2026-03-04"}