{"return_1d": 0.011452, "return_5d": 0.033904, "return_20d": 0.101036, "return_60d": 0.078067, "return_252d": -0.027899, "sma_20": 90.494675, "sma_50": 89.248102, "sma_200": 90.286899, "price_vs_sma20": 0.034536, "price_vs_sma50": 0.048986, "price_vs_sma200": 0.036917, "volatility_20d": 0.251949, "volatility_60d": 0.199591, "drawdown": -0.093386, "max_drawdown_1y": -0.18901, "volume_ratio": 1.160068, "rsi_14": 61.074389, "macd": 0.894771, "macd_signal": 0.723971, "macd_histogram": 0.1708, "bb_width": 0.086068, "bb_position": 0.88787, "stoch_k": 84.223706, "stoch_d": 66.304953, "adx": 14.613249, "atr_14": 2.213602, "last_close": 93.62, "last_date": "2026-03-02"}