{"return_1d": -0.009777, "return_5d": 0.033301, "return_20d": 0.225571, "return_60d": 0.271893, "return_252d": 0.123304, "sma_20": 48.961, "sma_50": 45.0268, "sma_200": 43.621476, "price_vs_sma20": 0.096383, "price_vs_sma50": 0.192179, "price_vs_sma200": 0.230587, "volatility_20d": 0.455246, "volatility_60d": 0.374874, "drawdown": -0.255888, "max_drawdown_1y": -0.507729, "volume_ratio": 1.686081, "rsi_14": 70.455921, "macd": 2.469211, "macd_signal": 2.050872, "macd_histogram": 0.418339, "bb_width": 0.236802, "bb_position": 0.871237, "stoch_k": 76.829268, "stoch_d": 85.107889, "adx": 36.120487, "atr_14": 1.827022, "last_close": 53.68, "last_date": "2026-03-03"}