{"return_1d": 0.017844, "return_5d": 0.020912, "return_20d": 0.201819, "return_60d": 0.317815, "return_252d": 0.216949, "sma_20": 50.161, "sma_50": 45.8552, "sma_200": 43.793729, "price_vs_sma20": 0.080321, "price_vs_sma50": 0.181763, "price_vs_sma200": 0.237392, "volatility_20d": 0.417366, "volatility_60d": 0.371152, "drawdown": -0.248819, "max_drawdown_1y": -0.507729, "volume_ratio": 1.975276, "rsi_14": 70.423545, "macd": 2.441261, "macd_signal": 2.244847, "macd_histogram": 0.196414, "bb_width": 0.237245, "bb_position": 0.813387, "stoch_k": 80.939716, "stoch_d": 76.558986, "adx": 37.485262, "atr_14": 1.787335, "last_close": 54.19, "last_date": "2026-03-06"}