{"return_1d": 0.021289, "return_5d": 0.03395, "return_20d": 0.194316, "return_60d": 0.298832, "return_252d": 0.138825, "sma_20": 48.467, "sma_50": 44.7658, "sma_200": 43.56855, "price_vs_sma20": 0.118493, "price_vs_sma50": 0.210969, "price_vs_sma200": 0.244246, "volatility_20d": 0.478473, "volatility_60d": 0.373976, "drawdown": -0.248541, "max_drawdown_1y": -0.507729, "volume_ratio": 2.370833, "rsi_14": 73.34795, "macd": 2.411776, "macd_signal": 1.946287, "macd_histogram": 0.465489, "bb_width": 0.234189, "bb_position": 0.952369, "stoch_k": 81.445993, "stoch_d": 85.362913, "adx": 35.262138, "atr_14": 1.796793, "last_close": 54.21, "last_date": "2026-03-02"}