{"return_1d": -0.006902, "return_5d": 0.035193, "return_20d": 0.140287, "return_60d": 0.262063, "return_252d": 0.169406, "sma_20": 49.706, "sma_50": 45.5768, "sma_200": 43.730827, "price_vs_sma20": 0.071098, "price_vs_sma50": 0.168138, "price_vs_sma200": 0.217448, "volatility_20d": 0.443791, "volatility_60d": 0.375195, "drawdown": -0.261988, "max_drawdown_1y": -0.507729, "volume_ratio": 1.21939, "rsi_14": 67.907252, "macd": 2.431538, "macd_signal": 2.195743, "macd_histogram": 0.235794, "bb_width": 0.24458, "bb_position": 0.771399, "stoch_k": 72.51773, "stoch_d": 75.188837, "adx": 36.861837, "atr_14": 1.776361, "last_close": 53.24, "last_date": "2026-03-05"}