{"return_1d": 0.032082, "return_5d": 0.02392, "return_20d": 0.168648, "return_60d": 0.260945, "return_252d": 0.117382, "sma_20": 48.026, "sma_50": 44.46, "sma_200": 43.515776, "price_vs_sma20": 0.105235, "price_vs_sma50": 0.193882, "price_vs_sma200": 0.219787, "volatility_20d": 0.477546, "volatility_60d": 0.373293, "drawdown": -0.264205, "max_drawdown_1y": -0.507729, "volume_ratio": 1.035147, "rsi_14": 70.990496, "macd": 2.249424, "macd_signal": 1.829915, "macd_histogram": 0.419509, "bb_width": 0.222314, "bb_position": 0.92829, "stoch_k": 97.048406, "stoch_d": 82.504827, "adx": 34.132136, "atr_14": 1.684238, "last_close": 53.08, "last_date": "2026-02-27"}