{"return_1d": -0.001304, "return_5d": 0.052415, "return_20d": 0.18449, "return_60d": 0.263686, "return_252d": 0.179561, "sma_20": 49.3785, "sma_50": 45.3044, "sma_200": 43.676265, "price_vs_sma20": 0.085695, "price_vs_sma50": 0.183329, "price_vs_sma200": 0.22744, "volatility_20d": 0.448867, "volatility_60d": 0.375043, "drawdown": -0.256859, "max_drawdown_1y": -0.507729, "volume_ratio": 1.037357, "rsi_14": 70.062996, "macd": 2.480487, "macd_signal": 2.136795, "macd_histogram": 0.343692, "bb_width": 0.239698, "bb_position": 0.829295, "stoch_k": 76.219512, "stoch_d": 78.164925, "adx": 36.380879, "atr_14": 1.802234, "last_close": 53.61, "last_date": "2026-03-04"}