{"return_1d": -0.003213, "return_5d": 0.001479, "return_20d": -0.154824, "return_60d": -0.206733, "return_252d": -0.21435, "sma_20": 158.526, "sma_50": 174.955, "sma_200": 191.5044, "price_vs_sma20": -0.060596, "price_vs_sma50": -0.14881, "price_vs_sma200": -0.222368, "volatility_20d": 0.493462, "volatility_60d": 0.354238, "drawdown": -0.327311, "max_drawdown_1y": -0.36006, "volume_ratio": 0.550163, "rsi_14": 34.975244, "macd": -8.899647, "macd_signal": -8.365641, "macd_histogram": -0.534006, "bb_width": 0.273721, "bb_position": 0.264343, "stoch_k": 30.239327, "stoch_d": 26.358344, "adx": 34.945822, "atr_14": 7.053419, "last_close": 148.92, "last_date": "2026-02-27"}