{"return_1d": 0.029011, "return_5d": 0.092102, "return_20d": -0.021353, "return_60d": -0.179441, "return_252d": -0.115088, "sma_20": 155.6565, "sma_50": 172.6484, "sma_200": 190.8003, "price_vs_sma20": 0.048206, "price_vs_sma50": -0.054958, "price_vs_sma200": -0.144865, "volatility_20d": 0.508373, "volatility_60d": 0.366455, "drawdown": -0.262987, "max_drawdown_1y": -0.36006, "volume_ratio": 0.530825, "rsi_14": 52.640721, "macd": -5.247447, "macd_signal": -7.33686, "macd_histogram": 2.089413, "bb_width": 0.194406, "bb_position": 0.73656, "stoch_k": 76.293661, "stoch_d": 63.712807, "adx": 28.632847, "atr_14": 6.94339, "last_close": 163.16, "last_date": "2026-03-05"}