{"return_1d": 0.015824, "return_5d": 0.094725, "return_20d": -0.046198, "return_60d": -0.189697, "return_252d": -0.13676, "sma_20": 155.8345, "sma_50": 173.1228, "sma_200": 190.9494, "price_vs_sma20": 0.01749, "price_vs_sma50": -0.084118, "price_vs_sma200": -0.169623, "volatility_20d": 0.496522, "volatility_60d": 0.36258, "drawdown": -0.283765, "max_drawdown_1y": -0.36006, "volume_ratio": 0.547757, "rsi_14": 47.603903, "macd": -6.483568, "macd_signal": -7.859214, "macd_histogram": 1.375646, "bb_width": 0.205186, "bb_position": 0.583773, "stoch_k": 61.416559, "stoch_d": 49.687365, "adx": 30.415127, "atr_14": 6.999035, "last_close": 158.56, "last_date": "2026-03-04"}