{"return_1d": 0.011584, "return_5d": 0.108313, "return_20d": 0.066421, "return_60d": -0.155106, "return_252d": -0.104352, "sma_20": 156.1705, "sma_50": 172.1596, "sma_200": 190.65405, "price_vs_sma20": 0.056858, "price_vs_sma50": -0.041297, "price_vs_sma200": -0.134296, "volatility_20d": 0.43448, "volatility_60d": 0.366387, "drawdown": -0.254449, "max_drawdown_1y": -0.36006, "volume_ratio": 0.421681, "rsi_14": 54.572959, "macd": -4.068407, "macd_signal": -6.68317, "macd_histogram": 2.614763, "bb_width": 0.198358, "bb_position": 0.771221, "stoch_k": 96.369138, "stoch_d": 78.026453, "adx": 27.070937, "atr_14": 6.736719, "last_close": 165.05, "last_date": "2026-03-06"}