{"return_1d": -0.011513, "return_5d": -0.006859, "return_20d": -0.161862, "return_60d": -0.213338, "return_252d": -0.220892, "sma_20": 158.464, "sma_50": 174.9302, "sma_200": 191.4982, "price_vs_sma20": -0.068053, "price_vs_sma50": -0.155778, "price_vs_sma200": -0.228818, "volatility_20d": 0.493294, "volatility_60d": 0.354608, "drawdown": -0.332912, "max_drawdown_1y": -0.36006, "volume_ratio": 0.294176, "rsi_14": 34.073925, "macd": -8.998564, "macd_signal": -8.385424, "macd_histogram": -0.61314, "bb_width": 0.277695, "bb_position": 0.237039, "stoch_k": 26.228978, "stoch_d": 25.021561, "adx": 34.945812, "atr_14": 7.053412, "last_close": 147.68, "last_date": "2026-02-27"}