{"return_1d": 0.008259, "return_5d": 0.041696, "return_20d": -0.151551, "return_60d": -0.209237, "return_252d": -0.1992, "sma_20": 157.185, "sma_50": 174.2162, "sma_200": 191.29515, "price_vs_sma20": -0.044756, "price_vs_sma50": -0.13814, "price_vs_sma200": -0.215087, "volatility_20d": 0.494937, "volatility_60d": 0.353719, "drawdown": -0.321754, "max_drawdown_1y": -0.36006, "volume_ratio": 0.481795, "rsi_14": 36.762148, "macd": -8.433673, "macd_signal": -8.379247, "macd_histogram": -0.054426, "bb_width": 0.250685, "bb_position": 0.3131, "stoch_k": 34.217335, "stoch_d": 32.082794, "adx": 34.123612, "atr_14": 6.967461, "last_close": 150.15, "last_date": "2026-03-02"}