{"return_1d": 0.019014, "return_5d": 0.052932, "return_20d": 0.052526, "return_60d": -0.175356, "return_252d": -0.366333, "sma_20": 125.3425, "sma_50": 140.5336, "sma_200": 194.008615, "price_vs_sma20": 0.090293, "price_vs_sma50": -0.027564, "price_vs_sma200": -0.295598, "volatility_20d": 0.494684, "volatility_60d": 0.397844, "drawdown": -0.747974, "max_drawdown_1y": -0.78897, "volume_ratio": 0.722016, "rsi_14": 56.570503, "macd": -2.146162, "macd_signal": -5.007068, "macd_histogram": 2.860907, "bb_width": 0.178061, "bb_position": 0.965093, "stoch_k": 93.24165, "stoch_d": 95.510479, "adx": 32.764986, "atr_14": 6.039369, "last_close": 136.66, "last_date": "2026-03-05"}