{"return_1d": 0.017449, "return_5d": 0.082318, "return_20d": 0.078662, "return_60d": -0.192789, "return_252d": -0.386628, "sma_20": 125.0015, "sma_50": 141.0548, "sma_200": 194.620137, "price_vs_sma20": 0.072867, "price_vs_sma50": -0.049235, "price_vs_sma200": -0.310914, "volatility_20d": 0.513333, "volatility_60d": 0.395218, "drawdown": -0.752677, "max_drawdown_1y": -0.78897, "volume_ratio": 0.762572, "rsi_14": 54.029091, "macd": -3.14139, "macd_signal": -5.722295, "macd_histogram": 2.580905, "bb_width": 0.167398, "bb_position": 0.90573, "stoch_k": 95.364022, "stoch_d": 93.480208, "adx": 35.019386, "atr_14": 6.175475, "last_close": 134.11, "last_date": "2026-03-04"}