{"return_1d": 0.027358, "return_5d": 0.104491, "return_20d": -0.011252, "return_60d": -0.199016, "return_252d": -0.395115, "sma_20": 124.5125, "sma_50": 141.6588, "sma_200": 195.225013, "price_vs_sma20": 0.058609, "price_vs_sma50": -0.069525, "price_vs_sma200": -0.32483, "volatility_20d": 0.569682, "volatility_60d": 0.393786, "drawdown": -0.756918, "max_drawdown_1y": -0.78897, "volume_ratio": 0.954885, "rsi_14": 51.659897, "macd": -4.106334, "macd_signal": -6.367521, "macd_histogram": 2.261188, "bb_width": 0.158078, "bb_position": 0.85023, "stoch_k": 97.925764, "stoch_d": 86.353447, "adx": 37.508809, "atr_14": 6.22128, "last_close": 131.81, "last_date": "2026-03-03"}