{"return_1d": 0.009879, "return_5d": 0.096797, "return_20d": 0.048788, "return_60d": -0.158322, "return_252d": -0.360603, "sma_20": 125.6635, "sma_50": 139.9854, "sma_200": 193.405983, "price_vs_sma20": 0.09825, "price_vs_sma50": -0.014111, "price_vs_sma200": -0.286423, "volatility_20d": 0.493839, "volatility_60d": 0.398368, "drawdown": -0.745484, "max_drawdown_1y": -0.78897, "volume_ratio": 0.627428, "rsi_14": 57.897524, "macd": -1.234275, "macd_signal": -4.25251, "macd_histogram": 3.018235, "bb_width": 0.190006, "bb_position": 0.970831, "stoch_k": 97.284717, "stoch_d": 95.296796, "adx": 30.675577, "atr_14": 6.156557, "last_close": 138.01, "last_date": "2026-03-06"}