{"return_1d": 0.01963, "return_5d": 0.121209, "return_20d": -0.047866, "return_60d": -0.20778, "return_252d": -0.402732, "sma_20": 124.5875, "sma_50": 142.362, "sma_200": 195.845168, "price_vs_sma20": 0.029798, "price_vs_sma50": -0.098776, "price_vs_sma200": -0.344891, "volatility_20d": 0.561441, "volatility_60d": 0.390699, "drawdown": -0.763391, "max_drawdown_1y": -0.78897, "volume_ratio": 0.947698, "rsi_14": 47.851387, "macd": -5.044043, "macd_signal": -6.932818, "macd_histogram": 1.888776, "bb_width": 0.16596, "bb_position": 0.674356, "stoch_k": 87.150838, "stoch_d": 81.941082, "adx": 39.640726, "atr_14": 6.271379, "last_close": 128.3, "last_date": "2026-03-02"}