{"return_1d": -0.028931, "return_5d": 0.098727, "return_20d": -0.061821, "return_60d": -0.221093, "return_252d": -0.422328, "sma_20": 124.92025, "sma_50": 143.0555, "sma_200": 196.498768, "price_vs_sma20": 0.008924, "price_vs_sma50": -0.118978, "price_vs_sma200": -0.358596, "volatility_20d": 0.555066, "volatility_60d": 0.387371, "drawdown": -0.767568, "max_drawdown_1y": -0.78897, "volume_ratio": 0.775714, "rsi_14": 45.210085, "macd": -5.793797, "macd_signal": -7.401741, "macd_histogram": 1.607944, "bb_width": 0.181562, "bb_position": 0.548715, "stoch_k": 74.708378, "stoch_d": 74.561726, "adx": 41.522652, "atr_14": 6.291485, "last_close": 126.035, "last_date": "2026-02-27"}