{"return_1d": -0.008785, "return_5d": 0.026414, "return_20d": -0.083928, "return_60d": -0.143986, "return_252d": -0.350439, "sma_20": 95.1555, "sma_50": 103.88589, "sma_200": 124.792901, "price_vs_sma20": -0.015821, "price_vs_sma50": -0.09853, "price_vs_sma200": -0.249557, "volatility_20d": 0.377016, "volatility_60d": 0.275482, "drawdown": -0.397527, "max_drawdown_1y": -0.437799, "volume_ratio": 1.535183, "rsi_14": 42.090641, "macd": -3.594523, "macd_signal": -3.941426, "macd_histogram": 0.346903, "bb_width": 0.174728, "bb_position": 0.407995, "stoch_k": 53.35438, "stoch_d": 47.918745, "adx": 47.870981, "atr_14": 2.891311, "last_close": 93.65, "last_date": "2026-02-27"}