{"return_1d": 0.002407, "return_5d": 0.049984, "return_20d": -0.013999, "return_60d": -0.13406, "return_252d": -0.3534, "sma_20": 94.298, "sma_50": 102.74594, "sma_200": 123.994523, "price_vs_sma20": 0.015822, "price_vs_sma50": -0.0677, "price_vs_sma200": -0.227466, "volatility_20d": 0.335268, "volatility_60d": 0.271806, "drawdown": -0.38376, "max_drawdown_1y": -0.437799, "volume_ratio": 0.614152, "rsi_14": 47.551448, "macd": -2.466756, "macd_signal": -3.381752, "macd_histogram": 0.914996, "bb_width": 0.13215, "bb_position": 0.617864, "stoch_k": 93.389297, "stoch_d": 74.123508, "adx": 42.04854, "atr_14": 2.798907, "last_close": 95.79, "last_date": "2026-03-04"}