{"return_1d": 0.027038, "return_5d": 0.041279, "return_20d": -0.001015, "return_60d": -0.112948, "return_252d": -0.329931, "sma_20": 94.293, "sma_50": 102.49105, "sma_200": 123.727694, "price_vs_sma20": 0.043344, "price_vs_sma50": -0.040111, "price_vs_sma200": -0.204867, "volatility_20d": 0.345934, "volatility_60d": 0.278208, "drawdown": -0.367098, "max_drawdown_1y": -0.437799, "volume_ratio": 0.963822, "rsi_14": 53.746505, "macd": -1.939995, "macd_signal": -3.093401, "macd_histogram": 1.153405, "bb_width": 0.128405, "bb_position": 0.82353, "stoch_k": 97.5382, "stoch_d": 87.272916, "adx": 39.06244, "atr_14": 2.804699, "last_close": 98.38, "last_date": "2026-03-05"}