{"return_1d": -0.009102, "return_5d": 0.026085, "return_20d": -0.084222, "return_60d": -0.14426, "return_252d": -0.350647, "sma_20": 95.154, "sma_50": 103.88529, "sma_200": 124.792749, "price_vs_sma20": -0.016121, "price_vs_sma50": -0.098814, "price_vs_sma200": -0.249796, "volatility_20d": 0.37707, "volatility_60d": 0.275514, "drawdown": -0.39772, "max_drawdown_1y": -0.437799, "volume_ratio": 0.936397, "rsi_14": 42.037107, "macd": -3.596916, "macd_signal": -3.941905, "macd_histogram": 0.344989, "bb_width": 0.174808, "bb_position": 0.406266, "stoch_k": 53.117601, "stoch_d": 47.839819, "adx": 47.870982, "atr_14": 2.891311, "last_close": 93.62, "last_date": "2026-02-27"}