{"return_1d": 0.025107, "return_5d": 0.076882, "return_20d": 0.0273, "return_60d": -0.093831, "return_252d": -0.31356, "sma_20": 94.427, "sma_50": 102.234096, "sma_200": 123.462463, "price_vs_sma20": 0.068021, "price_vs_sma50": -0.013538, "price_vs_sma200": -0.183153, "volatility_20d": 0.356705, "volatility_60d": 0.283456, "drawdown": -0.351208, "max_drawdown_1y": -0.437799, "volume_ratio": 1.138877, "rsi_14": 58.750453, "macd": -1.308146, "macd_signal": -2.73635, "macd_histogram": 1.428203, "bb_width": 0.133647, "bb_position": 0.976545, "stoch_k": 98.796886, "stoch_d": 96.574794, "adx": 37.1782, "atr_14": 2.940792, "last_close": 100.85, "last_date": "2026-03-06"}