{"return_1d": -0.013165, "return_5d": -0.01293, "return_20d": 0.015003, "return_60d": 0.193128, "return_252d": 0.209684, "sma_20": 126.296885, "sma_50": 120.458218, "sma_200": 102.493651, "price_vs_sma20": -0.014782, "price_vs_sma50": 0.032972, "price_vs_sma200": 0.214026, "volatility_20d": 0.257761, "volatility_60d": 0.2413, "drawdown": -0.039002, "max_drawdown_1y": -0.277465, "volume_ratio": 0.733402, "rsi_14": 50.843068, "macd": 1.244953, "macd_signal": 1.940139, "macd_histogram": -0.695186, "bb_width": 0.047772, "bb_position": 0.185936, "stoch_k": 26.923077, "stoch_d": 25.159757, "adx": 29.910077, "atr_14": 3.06725, "last_close": 124.43, "last_date": "2026-03-02"}