{"return_1d": 0.030778, "return_5d": 0.002729, "return_20d": -0.020756, "return_60d": 0.169013, "return_252d": 0.219998, "sma_20": 126.009675, "sma_50": 120.985294, "sma_200": 102.791739, "price_vs_sma20": -0.008648, "price_vs_sma50": 0.032522, "price_vs_sma200": 0.215273, "volatility_20d": 0.276041, "volatility_60d": 0.250967, "drawdown": -0.035218, "max_drawdown_1y": -0.277465, "volume_ratio": 1.33153, "rsi_14": 52.072341, "macd": 0.75655, "macd_signal": 1.522509, "macd_histogram": -0.765959, "bb_width": 0.057653, "bb_position": 0.3487, "stoch_k": 42.885375, "stoch_d": 25.278707, "adx": 26.925187, "atr_14": 3.249363, "last_close": 124.92, "last_date": "2026-03-04"}