{"return_1d": -0.023593, "return_5d": -0.044889, "return_20d": -0.052397, "return_60d": 0.114463, "return_252d": 0.199563, "sma_20": 125.42144, "sma_50": 121.384748, "sma_200": 103.062964, "price_vs_sma20": -0.039797, "price_vs_sma50": -0.007865, "price_vs_sma200": 0.168509, "volatility_20d": 0.286551, "volatility_60d": 0.256217, "drawdown": -0.069895, "max_drawdown_1y": -0.277465, "volume_ratio": 0.991334, "rsi_14": 43.201387, "macd": 0.20373, "macd_signal": 1.108024, "macd_histogram": -0.904294, "bb_width": 0.070096, "bb_position": -0.091284, "stoch_k": 4.89022, "stoch_d": 25.733301, "adx": 23.631419, "atr_14": 3.297308, "last_close": 120.43, "last_date": "2026-03-06"}