{"return_1d": -0.026039, "return_5d": -0.040079, "return_20d": -0.024913, "return_60d": 0.133689, "return_252d": 0.159068, "sma_20": 126.142065, "sma_50": 120.683176, "sma_200": 102.636599, "price_vs_sma20": -0.039258, "price_vs_sma50": 0.0042, "price_vs_sma200": 0.180768, "volatility_20d": 0.269745, "volatility_60d": 0.244122, "drawdown": -0.064025, "max_drawdown_1y": -0.277465, "volume_ratio": 0.73485, "rsi_14": 43.556321, "macd": 0.809439, "macd_signal": 1.713999, "macd_histogram": -0.90456, "bb_width": 0.059834, "bb_position": -0.18292, "stoch_k": 6.027668, "stoch_d": 25.180344, "adx": 27.806163, "atr_14": 3.123161, "last_close": 121.19, "last_date": "2026-03-03"}