{"return_1d": -0.012648, "return_5d": -0.005964, "return_20d": -0.039749, "return_60d": 0.135082, "return_252d": 0.246586, "sma_20": 125.754395, "sma_50": 121.226488, "sma_200": 102.935361, "price_vs_sma20": -0.019199, "price_vs_sma50": 0.017434, "price_vs_sma200": 0.198228, "volatility_20d": 0.277436, "volatility_60d": 0.251154, "drawdown": -0.04742, "max_drawdown_1y": -0.277465, "volume_ratio": 1.059858, "rsi_14": 48.719181, "macd": 0.580451, "macd_signal": 1.334097, "macd_histogram": -0.753647, "bb_width": 0.058342, "bb_position": 0.164479, "stoch_k": 29.424307, "stoch_d": 26.11245, "adx": 25.038934, "atr_14": 3.289409, "last_close": 123.34, "last_date": "2026-03-05"}