{"return_1d": 0.005789, "return_5d": 0.034091, "return_20d": 0.2393, "return_60d": 0.251277, "return_252d": 0.21311, "sma_20": 17.5195, "sma_50": 16.384924, "sma_200": 15.52111, "price_vs_sma20": 0.090785, "price_vs_sma50": 0.166316, "price_vs_sma200": 0.231226, "volatility_20d": 0.272637, "volatility_60d": 0.243909, "drawdown": -0.108268, "max_drawdown_1y": -0.396268, "volume_ratio": 0.846849, "rsi_14": 81.572597, "macd": 0.847564, "macd_signal": 0.720244, "macd_histogram": 0.12732, "bb_width": 0.252913, "bb_position": 0.829081, "stoch_k": 98.251748, "stoch_d": 98.423872, "adx": 46.257412, "atr_14": 0.390774, "last_close": 19.11, "last_date": "2026-03-02"}