{"return_1d": 0.005032, "return_5d": 0.033497, "return_20d": 0.251649, "return_60d": 0.201657, "return_252d": 0.192526, "sma_20": 17.33375, "sma_50": 16.306674, "sma_200": 15.50968, "price_vs_sma20": 0.094685, "price_vs_sma50": 0.163634, "price_vs_sma200": 0.223429, "volatility_20d": 0.273153, "volatility_60d": 0.255124, "drawdown": -0.114567, "max_drawdown_1y": -0.396268, "volume_ratio": 0.575939, "rsi_14": 80.683522, "macd": 0.831244, "macd_signal": 0.688015, "macd_histogram": 0.143229, "bb_width": 0.259529, "bb_position": 0.833279, "stoch_k": 96.351575, "stoch_d": 97.567313, "adx": 44.832175, "atr_14": 0.391658, "last_close": 18.975, "last_date": "2026-02-27"}