{"return_1d": -0.002114, "return_5d": 0.012332, "return_20d": 0.230769, "return_60d": 0.235416, "return_252d": 0.158389, "sma_20": 17.8885, "sma_50": 16.512884, "sma_200": 15.539384, "price_vs_sma20": 0.055427, "price_vs_sma50": 0.14335, "price_vs_sma200": 0.214977, "volatility_20d": 0.259569, "volatility_60d": 0.244968, "drawdown": -0.119, "max_drawdown_1y": -0.396268, "volume_ratio": 0.938527, "rsi_14": 75.062787, "macd": 0.810628, "macd_signal": 0.756517, "macd_histogram": 0.054111, "bb_width": 0.209666, "bb_position": 0.750474, "stoch_k": 86.407767, "stoch_d": 91.660699, "adx": 46.550219, "atr_14": 0.389596, "last_close": 18.88, "last_date": "2026-03-04"}