{"return_1d": 0.002758, "return_5d": -0.043158, "return_20d": 0.116708, "return_60d": 0.220667, "return_252d": 0.118164, "sma_20": 18.0785, "sma_50": 16.606856, "sma_200": 15.54405, "price_vs_sma20": 0.005614, "price_vs_sma50": 0.094729, "price_vs_sma200": 0.169579, "volatility_20d": 0.254417, "volatility_60d": 0.256324, "drawdown": -0.151664, "max_drawdown_1y": -0.396268, "volume_ratio": 1.08685, "rsi_14": 58.520929, "macd": 0.650576, "macd_signal": 0.73001, "macd_histogram": -0.079434, "bb_width": 0.181904, "bb_position": 0.530692, "stoch_k": 34.228188, "stoch_d": 50.502813, "adx": 41.217968, "atr_14": 0.416284, "last_close": 18.18, "last_date": "2026-03-06"}