{"return_1d": -0.009942, "return_5d": 0.013934, "return_20d": 0.254642, "return_60d": 0.246163, "return_252d": 0.167238, "sma_20": 17.7115, "sma_50": 16.4507, "sma_200": 15.531117, "price_vs_sma20": 0.068233, "price_vs_sma50": 0.150103, "price_vs_sma200": 0.2182, "volatility_20d": 0.256103, "volatility_60d": 0.244742, "drawdown": -0.117134, "max_drawdown_1y": -0.396268, "volume_ratio": 0.878838, "rsi_14": 76.186479, "macd": 0.833972, "macd_signal": 0.74299, "macd_histogram": 0.090982, "bb_width": 0.233863, "bb_position": 0.773127, "stoch_k": 90.322581, "stoch_d": 95.198065, "adx": 46.409238, "atr_14": 0.405719, "last_close": 18.92, "last_date": "2026-03-03"}