{"return_1d": 0.01221, "return_5d": -0.016967, "return_20d": 0.004433, "return_60d": -0.133056, "return_252d": -0.151734, "sma_20": 103.4515, "sma_50": 107.5642, "sma_200": 115.66205, "price_vs_sma20": -0.014321, "price_vs_sma50": -0.052008, "price_vs_sma200": -0.11838, "volatility_20d": 0.276287, "volatility_60d": 0.298502, "drawdown": -0.372106, "max_drawdown_1y": -0.455973, "volume_ratio": 0.728824, "rsi_14": 43.080486, "macd": -1.348918, "macd_signal": -1.335283, "macd_histogram": -0.013635, "bb_width": 0.085981, "bb_position": 0.331024, "stoch_k": 32.3043, "stoch_d": 26.761008, "adx": 15.335955, "atr_14": 2.737477, "last_close": 101.97, "last_date": "2026-03-06"}