{"return_1d": 0.004766, "return_5d": -0.053414, "return_20d": -0.020616, "return_60d": -0.133796, "return_252d": -0.101332, "sma_20": 103.4985, "sma_50": 107.9384, "sma_200": 115.8288, "price_vs_sma20": -0.022305, "price_vs_sma50": -0.062521, "price_vs_sma200": -0.126383, "volatility_20d": 0.275951, "volatility_60d": 0.297599, "drawdown": -0.376909, "max_drawdown_1y": -0.455973, "volume_ratio": 0.647618, "rsi_14": 39.863628, "macd": -1.258115, "macd_signal": -1.321639, "macd_histogram": 0.063524, "bb_width": 0.084769, "bb_position": 0.230874, "stoch_k": 26.382979, "stoch_d": 30.460993, "adx": 15.000398, "atr_14": 2.893819, "last_close": 101.19, "last_date": "2026-03-04"}