{"return_1d": -0.000596, "return_5d": -0.023962, "return_20d": 0.028813, "return_60d": 0.047192, "return_252d": 0.059399, "sma_20": 84.2695, "sma_50": 81.6244, "sma_200": 81.484931, "price_vs_sma20": -0.004266, "price_vs_sma50": 0.028001, "price_vs_sma200": 0.029761, "volatility_20d": 0.209918, "volatility_60d": 0.177826, "drawdown": -0.077223, "max_drawdown_1y": -0.171689, "volume_ratio": 1.243419, "rsi_14": 51.221127, "macd": 1.010878, "macd_signal": 1.301869, "macd_histogram": -0.290992, "bb_width": 0.102927, "bb_position": 0.458375, "stoch_k": 40.952381, "stoch_d": 44.546284, "adx": 24.464256, "atr_14": 1.79662, "last_close": 83.91, "last_date": "2026-03-04"}