{"return_1d": -0.006792, "return_5d": -0.031602, "return_20d": 0.044617, "return_60d": 0.066885, "return_252d": 0.053616, "sma_20": 84.6365, "sma_50": 81.7552, "sma_200": 81.544645, "price_vs_sma20": -0.0152, "price_vs_sma50": 0.019507, "price_vs_sma200": 0.022139, "volatility_20d": 0.199124, "volatility_60d": 0.173975, "drawdown": -0.083381, "max_drawdown_1y": -0.171689, "volume_ratio": 0.823639, "rsi_14": 48.152336, "macd": 0.702679, "macd_signal": 1.112791, "macd_histogram": -0.410112, "bb_width": 0.079143, "bb_position": 0.304974, "stoch_k": 32.063492, "stoch_d": 38.042328, "adx": 22.942718, "atr_14": 1.749228, "last_close": 83.35, "last_date": "2026-03-06"}