{"return_1d": 0.0, "return_5d": 0.003272, "return_20d": 0.046951, "return_60d": 0.060896, "return_252d": 0.068599, "sma_20": 83.8515, "sma_50": 81.3826, "sma_200": 81.361204, "price_vs_sma20": 0.023834, "price_vs_sma50": 0.054894, "price_vs_sma200": 0.055171, "volatility_20d": 0.223135, "volatility_60d": 0.174499, "drawdown": -0.055888, "max_drawdown_1y": -0.171689, "volume_ratio": 0.645637, "rsi_14": 62.1949, "macd": 1.521023, "macd_signal": 1.433821, "macd_histogram": 0.087202, "bb_width": 0.111914, "bb_position": 0.708008, "stoch_k": 76.51715, "stoch_d": 77.912271, "adx": 27.228466, "atr_14": 1.698813, "last_close": 85.85, "last_date": "2026-02-27"}