{"return_1d": -0.018241, "return_5d": -0.020971, "return_20d": 0.025983, "return_60d": 0.055731, "return_252d": 0.08086, "sma_20": 83.9695, "sma_50": 81.4784, "sma_200": 81.405957, "price_vs_sma20": 0.006318, "price_vs_sma50": 0.037085, "price_vs_sma200": 0.038008, "volatility_20d": 0.234605, "volatility_60d": 0.17729, "drawdown": -0.070734, "max_drawdown_1y": -0.171689, "volume_ratio": 1.34665, "rsi_14": 54.151272, "macd": 1.369374, "macd_signal": 1.42374, "macd_histogram": -0.054366, "bb_width": 0.113131, "bb_position": 0.555494, "stoch_k": 50.940439, "stoch_d": 69.010333, "adx": 26.920885, "atr_14": 1.722648, "last_close": 84.5, "last_date": "2026-03-02"}