{"return_1d": 0.000119, "return_5d": -0.022481, "return_20d": 0.047167, "return_60d": 0.063111, "return_252d": 0.064079, "sma_20": 84.4585, "sma_50": 81.7026, "sma_200": 81.517385, "price_vs_sma20": -0.006376, "price_vs_sma50": 0.02714, "price_vs_sma200": 0.029474, "volatility_20d": 0.197844, "volatility_60d": 0.174806, "drawdown": -0.077113, "max_drawdown_1y": -0.171689, "volume_ratio": 1.216872, "rsi_14": 51.27262, "macd": 0.869119, "macd_signal": 1.215319, "macd_histogram": -0.346201, "bb_width": 0.092666, "bb_position": 0.430753, "stoch_k": 41.111111, "stoch_d": 41.269841, "adx": 23.512876, "atr_14": 1.766861, "last_close": 83.92, "last_date": "2026-03-05"}