{"return_1d": 0.012889, "return_5d": 0.029101, "return_20d": 0.14157, "return_60d": 0.146413, "return_252d": 0.165092, "sma_20": 165.59, "sma_50": 153.1244, "sma_200": 142.881747, "price_vs_sma20": 0.025062, "price_vs_sma50": 0.10851, "price_vs_sma200": 0.187975, "volatility_20d": 0.281965, "volatility_60d": 0.219482, "drawdown": -0.050848, "max_drawdown_1y": -0.303227, "volume_ratio": 1.098252, "rsi_14": 66.702354, "macd": 4.575447, "macd_signal": 4.84121, "macd_histogram": -0.265764, "bb_width": 0.102459, "bb_position": 0.738624, "stoch_k": 83.963134, "stoch_d": 75.576037, "adx": 33.966249, "atr_14": 3.357903, "last_close": 169.74, "last_date": "2026-02-27"}