{"return_1d": -0.014493, "return_5d": -0.006179, "return_20d": 0.08885, "return_60d": 0.136641, "return_252d": 0.144354, "sma_20": 166.2725, "sma_50": 153.4626, "sma_200": 143.086094, "price_vs_sma20": 0.006059, "price_vs_sma50": 0.090038, "price_vs_sma200": 0.169086, "volatility_20d": 0.273377, "volatility_60d": 0.221543, "drawdown": -0.064604, "max_drawdown_1y": -0.303227, "volume_ratio": 0.775652, "rsi_14": 60.502836, "macd": 4.291582, "macd_signal": 4.731285, "macd_histogram": -0.439703, "bb_width": 0.080838, "bb_position": 0.574505, "stoch_k": 61.290323, "stoch_d": 69.769585, "adx": 33.423893, "atr_14": 3.303768, "last_close": 167.28, "last_date": "2026-03-02"}