{"return_1d": -0.019644, "return_5d": -0.041055, "return_20d": -0.032976, "return_60d": 0.108123, "return_252d": 0.083869, "sma_20": 166.5375, "sma_50": 154.301, "sma_200": 143.632734, "price_vs_sma20": -0.035052, "price_vs_sma50": 0.041471, "price_vs_sma200": 0.118826, "volatility_20d": 0.219816, "volatility_60d": 0.227629, "drawdown": -0.101398, "max_drawdown_1y": -0.303227, "volume_ratio": 0.884637, "rsi_14": 46.837629, "macd": 2.674202, "macd_signal": 3.983316, "macd_histogram": -1.309114, "bb_width": 0.063774, "bb_position": -0.069593, "stoch_k": 5.335968, "stoch_d": 25.035185, "adx": 28.231302, "atr_14": 3.305885, "last_close": 160.7, "last_date": "2026-03-05"}