{"return_1d": -0.000376, "return_5d": -0.018081, "return_20d": -0.006348, "return_60d": 0.039404, "return_252d": 0.108408, "sma_20": 27.1255, "sma_50": 26.027314, "sma_200": 24.401214, "price_vs_sma20": -0.019004, "price_vs_sma50": 0.022387, "price_vs_sma200": 0.09052, "volatility_20d": 0.212879, "volatility_60d": 0.225062, "drawdown": -0.457486, "max_drawdown_1y": -0.58962, "volume_ratio": 0.945308, "rsi_14": 48.34112, "macd": 0.187703, "macd_signal": 0.329095, "macd_histogram": -0.141391, "bb_width": 0.057027, "bb_position": 0.160296, "stoch_k": 23.563218, "stoch_d": 18.336586, "adx": 21.348974, "atr_14": 0.572298, "last_close": 26.61, "last_date": "2026-03-05"}