{"return_1d": -0.014105, "return_5d": 0.007391, "return_20d": 0.031014, "return_60d": 0.102051, "return_252d": 0.120257, "sma_20": 27.0955, "sma_50": 25.911714, "sma_200": 24.322589, "price_vs_sma20": 0.006071, "price_vs_sma50": 0.052034, "price_vs_sma200": 0.120769, "volatility_20d": 0.269045, "volatility_60d": 0.222207, "drawdown": -0.444234, "max_drawdown_1y": -0.58962, "volume_ratio": 0.880652, "rsi_14": 56.562966, "macd": 0.36667, "macd_signal": 0.42224, "macd_histogram": -0.05557, "bb_width": 0.067363, "bb_position": 0.589581, "stoch_k": 56.962025, "stoch_d": 61.814346, "adx": 24.805617, "atr_14": 0.563667, "last_close": 27.26, "last_date": "2026-03-02"}