{"return_1d": -0.001815, "return_5d": -0.012463, "return_20d": -0.018785, "return_60d": 0.088095, "return_252d": 0.095777, "sma_20": 94.15, "sma_50": 92.2678, "sma_200": 82.895387, "price_vs_sma20": -0.006904, "price_vs_sma50": 0.013355, "price_vs_sma200": 0.127928, "volatility_20d": 0.312933, "volatility_60d": 0.244329, "drawdown": -0.041026, "max_drawdown_1y": -0.22432, "volume_ratio": 0.745193, "rsi_14": 49.710532, "macd": 0.667209, "macd_signal": 0.772989, "macd_histogram": -0.10578, "bb_width": 0.087191, "bb_position": 0.420269, "stoch_k": 51.017964, "stoch_d": 60.998004, "adx": 16.233655, "atr_14": 2.852103, "last_close": 93.5, "last_date": "2026-03-04"}