{"return_1d": 0.004297, "return_5d": 0.033876, "return_20d": 0.011719, "return_60d": 0.147252, "return_252d": 0.137325, "sma_20": 94.356, "sma_50": 92.0986, "sma_200": 82.748622, "price_vs_sma20": 0.015622, "price_vs_sma50": 0.040515, "price_vs_sma200": 0.158086, "volatility_20d": 0.307074, "volatility_60d": 0.245308, "drawdown": -0.017128, "max_drawdown_1y": -0.22432, "volume_ratio": 0.695981, "rsi_14": 56.02577, "macd": 0.952087, "macd_signal": 0.798017, "macd_histogram": 0.15407, "bb_width": 0.086704, "bb_position": 0.6774, "stoch_k": 78.922156, "stoch_d": 82.495803, "adx": 17.97968, "atr_14": 2.819008, "last_close": 95.83, "last_date": "2026-03-02"}