{"return_1d": -0.024103, "return_5d": -0.00637, "return_20d": 0.004116, "return_60d": 0.137358, "return_252d": 0.150683, "sma_20": 94.287, "sma_50": 91.9674, "sma_200": 82.664948, "price_vs_sma20": 0.009153, "price_vs_sma50": 0.034606, "price_vs_sma200": 0.151032, "volatility_20d": 0.309571, "volatility_60d": 0.24661, "drawdown": -0.024103, "max_drawdown_1y": -0.22432, "volume_ratio": 1.172804, "rsi_14": 54.397803, "macd": 0.884377, "macd_signal": 0.755192, "macd_histogram": 0.129185, "bb_width": 0.08598, "bb_position": 0.605489, "stoch_k": 69.775679, "stoch_d": 76.113498, "adx": 18.369793, "atr_14": 2.732777, "last_close": 95.15, "last_date": "2026-02-27"}