{"return_1d": 0.0, "return_5d": -0.041026, "return_20d": -0.030083, "return_60d": 0.068327, "return_252d": 0.134427, "sma_20": 94.005, "sma_50": 92.3588, "sma_200": 82.966789, "price_vs_sma20": -0.005372, "price_vs_sma50": 0.012356, "price_vs_sma200": 0.126957, "volatility_20d": 0.309518, "volatility_60d": 0.241766, "drawdown": -0.041026, "max_drawdown_1y": -0.22432, "volume_ratio": 0.654699, "rsi_14": 49.710532, "macd": 0.551568, "macd_signal": 0.728705, "macd_histogram": -0.177137, "bb_width": 0.084494, "bb_position": 0.436077, "stoch_k": 51.017964, "stoch_d": 51.696607, "adx": 15.727032, "atr_14": 2.77481, "last_close": 93.5, "last_date": "2026-03-05"}