{"return_1d": -0.02254, "return_5d": -0.012441, "return_20d": -0.024271, "return_60d": 0.089946, "return_252d": 0.092837, "sma_20": 94.2395, "sma_50": 92.1846, "sma_200": 82.823352, "price_vs_sma20": -0.006043, "price_vs_sma50": 0.016113, "price_vs_sma200": 0.130961, "volatility_20d": 0.313808, "volatility_60d": 0.244255, "drawdown": -0.039282, "max_drawdown_1y": -0.22432, "volume_ratio": 0.800504, "rsi_14": 50.152245, "macd": 0.805103, "macd_signal": 0.799434, "macd_histogram": 0.005669, "bb_width": 0.087408, "bb_position": 0.430443, "stoch_k": 53.053892, "stoch_d": 68.313149, "adx": 17.074334, "atr_14": 2.97765, "last_close": 93.67, "last_date": "2026-03-03"}