{"return_1d": -0.023179, "return_5d": -0.03364, "return_20d": 0.042627, "return_60d": 0.096408, "return_252d": -0.056011, "sma_20": 160.5715, "sma_50": 150.900358, "sma_200": 152.039359, "price_vs_sma20": -0.005303, "price_vs_sma50": 0.058447, "price_vs_sma200": 0.050517, "volatility_20d": 0.221206, "volatility_60d": 0.206656, "drawdown": -0.081225, "max_drawdown_1y": -0.211536, "volume_ratio": 0.880748, "rsi_14": 53.304387, "macd": 3.561673, "macd_signal": 3.908832, "macd_histogram": -0.347159, "bb_width": 0.078074, "bb_position": 0.431716, "stoch_k": 34.407666, "stoch_d": 67.131243, "adx": 35.137368, "atr_14": 3.176192, "last_close": 159.72, "last_date": "2026-03-03"}