{"return_1d": -0.027227, "return_5d": -0.059603, "return_20d": -0.018359, "return_60d": 0.081097, "return_252d": -0.086408, "sma_20": 160.5765, "sma_50": 151.387444, "sma_200": 152.005975, "price_vs_sma20": -0.041018, "price_vs_sma50": 0.017191, "price_vs_sma200": 0.013052, "volatility_20d": 0.238772, "volatility_60d": 0.21281, "drawdown": -0.114186, "max_drawdown_1y": -0.211536, "volume_ratio": 0.893626, "rsi_14": 43.09953, "macd": 2.211588, "macd_signal": 3.426647, "macd_histogram": -1.215059, "bb_width": 0.082465, "bb_position": -0.018673, "stoch_k": 1.632047, "stoch_d": 19.359347, "adx": 31.327621, "atr_14": 3.222074, "last_close": 153.99, "last_date": "2026-03-05"}