{"return_1d": -0.002338, "return_5d": -0.08116, "return_20d": -0.031398, "return_60d": 0.11841, "return_252d": -0.096008, "sma_20": 160.3275, "sma_50": 151.626364, "sma_200": 151.967281, "price_vs_sma20": -0.041774, "price_vs_sma50": 0.013214, "price_vs_sma200": 0.010941, "volatility_20d": 0.23461, "volatility_60d": 0.198539, "drawdown": -0.116257, "max_drawdown_1y": -0.211536, "volume_ratio": 0.744124, "rsi_14": 42.53859, "macd": 1.526855, "macd_signal": 3.046689, "macd_histogram": -1.519833, "bb_width": 0.091076, "bb_position": 0.021333, "stoch_k": 11.328125, "stoch_d": 11.666167, "adx": 30.148621, "atr_14": 3.173355, "last_close": 153.63, "last_date": "2026-03-06"}