{"return_1d": -0.00117, "return_5d": 0.04772, "return_20d": 0.02601, "return_60d": -0.007847, "return_252d": -0.184898, "sma_20": 205.604, "sma_50": 208.434032, "sma_200": 224.694898, "price_vs_sma20": 0.037966, "price_vs_sma50": 0.023873, "price_vs_sma200": -0.050223, "volatility_20d": 0.267859, "volatility_60d": 0.247946, "drawdown": -0.219745, "max_drawdown_1y": -0.299724, "volume_ratio": 0.772211, "rsi_14": 59.351195, "macd": 0.757318, "macd_signal": -0.5101, "macd_histogram": 1.267418, "bb_width": 0.069228, "bb_position": 1.028364, "stoch_k": 90.334572, "stoch_d": 94.204188, "adx": 19.409667, "atr_14": 5.062764, "last_close": 213.41, "last_date": "2026-03-02"}