{"return_1d": 0.008549, "return_5d": 0.046354, "return_20d": 0.025353, "return_60d": -0.003146, "return_252d": -0.168473, "sma_20": 205.3275, "sma_50": 208.522746, "sma_200": 224.954759, "price_vs_sma20": 0.039997, "price_vs_sma50": 0.024061, "price_vs_sma200": -0.050742, "volatility_20d": 0.26766, "volatility_60d": 0.247992, "drawdown": -0.219269, "max_drawdown_1y": -0.299724, "volume_ratio": 0.432664, "rsi_14": 59.644426, "macd": 0.255698, "macd_signal": -0.828869, "macd_histogram": 1.084568, "bb_width": 0.061301, "bb_position": 1.127374, "stoch_k": 97.773347, "stoch_d": 80.668695, "adx": 19.651893, "atr_14": 5.186081, "last_close": 213.54, "last_date": "2026-02-27"}