{"return_1d": 9.5e-05, "return_5d": -0.014322, "return_20d": 0.014646, "return_60d": 0.003659, "return_252d": -0.204449, "sma_20": 207.042, "sma_50": 208.35674, "sma_200": 223.599333, "price_vs_sma20": 0.017185, "price_vs_sma50": 0.010766, "price_vs_sma200": -0.058137, "volatility_20d": 0.237926, "volatility_60d": 0.245395, "drawdown": -0.230018, "max_drawdown_1y": -0.299724, "volume_ratio": 0.850677, "rsi_14": 54.266695, "macd": 1.269522, "macd_signal": 0.524021, "macd_histogram": 0.7455, "bb_width": 0.07871, "bb_position": 0.714644, "stoch_k": 70.027435, "stoch_d": 71.8107, "adx": 15.571032, "atr_14": 4.785406, "last_close": 210.6, "last_date": "2026-03-06"}