{"return_1d": 0.009115, "return_5d": 0.046942, "return_20d": 0.025929, "return_60d": -0.002586, "return_252d": -0.168006, "sma_20": 205.3335, "sma_50": 208.525146, "sma_200": 224.95536, "price_vs_sma20": 0.040551, "price_vs_sma50": 0.024625, "price_vs_sma200": -0.050212, "volatility_20d": 0.267869, "volatility_60d": 0.248077, "drawdown": -0.218831, "max_drawdown_1y": -0.299725, "volume_ratio": 0.993128, "rsi_14": 59.771936, "macd": 0.265271, "macd_signal": -0.826955, "macd_histogram": 1.092226, "bb_width": 0.06155, "bb_position": 1.133156, "stoch_k": 95.431145, "stoch_d": 79.887961, "adx": 19.755833, "atr_14": 5.221438, "last_close": 213.66, "last_date": "2026-02-27"}