{"return_1d": -0.003879, "return_5d": -0.005431, "return_20d": 0.024521, "return_60d": 0.004779, "return_252d": -0.20826, "sma_20": 206.89, "sma_50": 208.42037, "sma_200": 223.900383, "price_vs_sma20": 0.017836, "price_vs_sma50": 0.010362, "price_vs_sma200": -0.059492, "volatility_20d": 0.240025, "volatility_60d": 0.245404, "drawdown": -0.230091, "max_drawdown_1y": -0.299724, "volume_ratio": 1.05368, "rsi_14": 54.235041, "macd": 1.269262, "macd_signal": 0.337646, "macd_histogram": 0.931616, "bb_width": 0.07723, "bb_position": 0.726893, "stoch_k": 69.890261, "stoch_d": 78.128085, "adx": 16.386409, "atr_14": 4.844283, "last_close": 210.58, "last_date": "2026-03-05"}