{"return_1d": -0.021787, "return_5d": 0.006459, "return_20d": 0.086992, "return_60d": 0.10054, "return_252d": 0.100705, "sma_20": 26.0795, "sma_50": 25.0204, "sma_200": 23.291525, "price_vs_sma20": 0.01574, "price_vs_sma50": 0.058736, "price_vs_sma200": 0.137324, "volatility_20d": 0.469269, "volatility_60d": 0.347637, "drawdown": -0.381296, "max_drawdown_1y": -0.557663, "volume_ratio": 0.109301, "rsi_14": 56.669099, "macd": 0.523425, "macd_signal": 0.512933, "macd_histogram": 0.010492, "bb_width": 0.13726, "bb_position": 0.612899, "stoch_k": 42.105263, "stoch_d": 62.27087, "adx": 25.698509, "atr_14": 0.624973, "last_close": 26.49, "last_date": "2026-03-02"}