{"return_1d": 0.006617, "return_5d": -0.02782, "return_20d": 0.05508, "return_60d": 0.111302, "return_252d": 0.065171, "sma_20": 26.1925, "sma_50": 25.135, "sma_200": 23.345875, "price_vs_sma20": -0.012694, "price_vs_sma50": 0.028844, "price_vs_sma200": 0.10769, "volatility_20d": 0.484155, "volatility_60d": 0.329817, "drawdown": -0.39601, "max_drawdown_1y": -0.557663, "volume_ratio": 0.033005, "rsi_14": 49.926983, "macd": 0.345966, "macd_signal": 0.461497, "macd_histogram": -0.115531, "bb_width": 0.118147, "bb_position": 0.391172, "stoch_k": 25.543478, "stoch_d": 23.673919, "adx": 22.560953, "atr_14": 0.623934, "last_close": 25.86, "last_date": "2026-03-04"}