{"return_1d": -0.026583, "return_5d": -0.080502, "return_20d": 0.004437, "return_60d": 0.071429, "return_252d": 0.066587, "sma_20": 26.2785, "sma_50": 25.2428, "sma_200": 23.397125, "price_vs_sma20": -0.052457, "price_vs_sma50": -0.01358, "price_vs_sma200": 0.064233, "volatility_20d": 0.52131, "volatility_60d": 0.347625, "drawdown": -0.418432, "max_drawdown_1y": -0.557663, "volume_ratio": 0.970152, "rsi_14": 42.269712, "macd": 0.177572, "macd_signal": 0.385948, "macd_histogram": -0.208376, "bb_width": 0.107555, "bb_position": -0.014725, "stoch_k": 0.851064, "stoch_d": 23.290934, "adx": 20.92512, "atr_14": 0.704198, "last_close": 24.9, "last_date": "2026-03-06"}