{"return_1d": 0.007428, "return_5d": -0.048375, "return_20d": 0.039532, "return_60d": 0.108864, "return_252d": 0.103853, "sma_20": 26.322, "sma_50": 25.2602, "sma_200": 23.401475, "price_vs_sma20": -0.020971, "price_vs_sma50": 0.020182, "price_vs_sma200": 0.101213, "volatility_20d": 0.51158, "volatility_60d": 0.342896, "drawdown": -0.398112, "max_drawdown_1y": -0.557663, "volume_ratio": 0.02909, "rsi_14": 49.00885, "macd": 0.246974, "macd_signal": 0.399828, "macd_histogram": -0.152854, "bb_width": 0.093686, "bb_position": 0.27136, "stoch_k": 20.652174, "stoch_d": 29.891304, "adx": 20.05357, "atr_14": 0.649198, "last_close": 25.77, "last_date": "2026-03-06"}