{"return_1d": -0.019141, "return_5d": -0.044302, "return_20d": -0.036561, "return_60d": 0.023049, "return_252d": 0.270031, "sma_20": 136.954, "sma_50": 129.7606, "sma_200": 121.718864, "price_vs_sma20": -0.053332, "price_vs_sma50": -0.000852, "price_vs_sma200": 0.065159, "volatility_20d": 0.293627, "volatility_60d": 0.332939, "drawdown": -0.121496, "max_drawdown_1y": -0.380107, "volume_ratio": 0.700724, "rsi_14": 41.612438, "macd": 0.57192, "macd_signal": 2.049457, "macd_histogram": -1.477537, "bb_width": 0.115936, "bb_position": 0.014074, "stoch_k": 11.237298, "stoch_d": 21.020124, "adx": 26.402178, "atr_14": 4.257895, "last_close": 129.65, "last_date": "2026-03-05"}