{"return_1d": -0.013961, "return_5d": -0.068222, "return_20d": -0.046326, "return_60d": 0.025811, "return_252d": 0.216021, "sma_20": 136.6435, "sma_50": 129.9352, "sma_200": 121.845715, "price_vs_sma20": -0.064427, "price_vs_sma50": -0.016125, "price_vs_sma200": 0.049196, "volatility_20d": 0.296786, "volatility_60d": 0.332396, "drawdown": -0.13376, "max_drawdown_1y": -0.380107, "volume_ratio": 0.847927, "rsi_14": 38.885261, "macd": -0.014617, "macd_signal": 1.636642, "macd_histogram": -1.651259, "bb_width": 0.131846, "bb_position": -0.022303, "stoch_k": 14.520267, "stoch_d": 17.372466, "adx": 27.075598, "atr_14": 4.285188, "last_close": 127.84, "last_date": "2026-03-06"}