{"return_1d": 0.011352, "return_5d": -0.02014, "return_20d": 0.078108, "return_60d": 0.081008, "return_252d": 0.324046, "sma_20": 136.4345, "sma_50": 128.9808, "sma_200": 121.147311, "price_vs_sma20": 0.005611, "price_vs_sma50": 0.063724, "price_vs_sma200": 0.132506, "volatility_20d": 0.311602, "volatility_60d": 0.33313, "drawdown": -0.070337, "max_drawdown_1y": -0.380107, "volume_ratio": 1.168965, "rsi_14": 54.7219, "macd": 2.609685, "macd_signal": 3.267002, "macd_histogram": -0.657317, "bb_width": 0.138672, "bb_position": 0.540235, "stoch_k": 44.988696, "stoch_d": 35.001215, "adx": 28.739696, "atr_14": 4.280764, "last_close": 137.2, "last_date": "2026-02-27"}