{"return_1d": -0.02722, "return_5d": -0.024199, "return_20d": -0.026801, "return_60d": 0.146752, "return_252d": 0.146672, "sma_20": 235.6745, "sma_50": 224.1434, "sma_200": 206.133682, "price_vs_sma20": -0.040117, "price_vs_sma50": 0.009265, "price_vs_sma200": 0.097443, "volatility_20d": 0.267113, "volatility_60d": 0.260219, "drawdown": -0.081564, "max_drawdown_1y": -0.284301, "volume_ratio": 0.775838, "rsi_14": 44.019235, "macd": 1.273712, "macd_signal": 3.008175, "macd_histogram": -1.734464, "bb_width": 0.107056, "bb_position": 0.109612, "stoch_k": 25.927175, "stoch_d": 37.596556, "adx": 25.132816, "atr_14": 6.706573, "last_close": 226.22, "last_date": "2026-03-05"}