{"return_1d": 0.001337, "return_5d": -0.021373, "return_20d": 0.054176, "return_60d": 0.149201, "return_252d": 0.118716, "sma_20": 234.7615, "sma_50": 221.9722, "sma_200": 205.285128, "price_vs_sma20": -0.011167, "price_vs_sma50": 0.045807, "price_vs_sma200": 0.130817, "volatility_20d": 0.279798, "volatility_60d": 0.28292, "drawdown": -0.057529, "max_drawdown_1y": -0.284301, "volume_ratio": 0.948535, "rsi_14": 52.526891, "macd": 2.829752, "macd_signal": 4.689109, "macd_histogram": -1.859357, "bb_width": 0.123747, "bb_position": 0.408743, "stoch_k": 43.931569, "stoch_d": 42.285345, "adx": 31.491401, "atr_14": 6.519852, "last_close": 232.14, "last_date": "2026-02-27"}