{"return_1d": -0.004788, "return_5d": -0.02736, "return_20d": 0.047727, "return_60d": 0.142171, "return_252d": 0.111873, "sma_20": 234.6905, "sma_50": 221.9438, "sma_200": 205.278028, "price_vs_sma20": -0.016918, "price_vs_sma50": 0.039542, "price_vs_sma200": 0.123939, "volatility_20d": 0.281062, "volatility_60d": 0.283303, "drawdown": -0.063294, "max_drawdown_1y": -0.284301, "volume_ratio": 0.400154, "rsi_14": 50.661514, "macd": 2.716476, "macd_signal": 4.666454, "macd_histogram": -1.949978, "bb_width": 0.125072, "bb_position": 0.362406, "stoch_k": 39.347966, "stoch_d": 40.757478, "adx": 31.490576, "atr_14": 6.504495, "last_close": 230.72, "last_date": "2026-02-27"}