{"return_1d": -0.016356, "return_5d": -0.041441, "return_20d": -0.04049, "return_60d": 0.137683, "return_252d": 0.110891, "sma_20": 235.205, "sma_50": 224.4628, "sma_200": 206.291834, "price_vs_sma20": -0.053932, "price_vs_sma50": -0.008655, "price_vs_sma200": 0.078666, "volatility_20d": 0.272471, "volatility_60d": 0.262115, "drawdown": -0.096586, "max_drawdown_1y": -0.284301, "volume_ratio": 1.053024, "rsi_14": 39.720046, "macd": 0.439598, "macd_signal": 2.49446, "macd_histogram": -2.054862, "bb_width": 0.119753, "bb_position": 0.023971, "stoch_k": 14.472252, "stoch_d": 28.551477, "adx": 25.061494, "atr_14": 6.691104, "last_close": 222.52, "last_date": "2026-03-06"}