{"return_1d": 0.004883, "return_5d": 0.007059, "return_20d": 0.036227, "return_60d": 0.189931, "return_252d": 0.138567, "sma_20": 235.986, "sma_50": 223.6754, "sma_200": 205.955949, "price_vs_sma20": -0.01456, "price_vs_sma50": 0.039676, "price_vs_sma200": 0.129125, "volatility_20d": 0.279126, "volatility_60d": 0.253132, "drawdown": -0.055865, "max_drawdown_1y": -0.284301, "volume_ratio": 0.75776, "rsi_14": 53.159912, "macd": 1.94309, "macd_signal": 3.441791, "macd_histogram": -1.498702, "bb_width": 0.098226, "bb_position": 0.349578, "stoch_k": 45.255003, "stoch_d": 42.597375, "adx": 25.90807, "atr_14": 6.578617, "last_close": 232.55, "last_date": "2026-03-04"}