{"return_1d": -0.002103, "return_5d": 0.006007, "return_20d": 0.091634, "return_60d": 0.112766, "return_252d": 0.20687, "sma_20": 138.054, "sma_50": 132.536, "sma_200": 117.691673, "price_vs_sma20": 0.031191, "price_vs_sma50": 0.074123, "price_vs_sma200": 0.209601, "volatility_20d": 0.21505, "volatility_60d": 0.190606, "drawdown": -0.076841, "max_drawdown_1y": -0.432953, "volume_ratio": 0.581575, "rsi_14": 64.398074, "macd": 2.898102, "macd_signal": 2.779164, "macd_histogram": 0.118937, "bb_width": 0.104794, "bb_position": 0.788634, "stoch_k": 81.952327, "stoch_d": 84.28626, "adx": 29.632238, "atr_14": 2.624559, "last_close": 142.36, "last_date": "2026-02-27"}