{"return_1d": -0.024012, "return_5d": -0.056323, "return_20d": -0.011753, "return_60d": 0.070405, "return_252d": 0.123289, "sma_20": 139.686, "sma_50": 133.6876, "sma_200": 118.502379, "price_vs_sma20": -0.03684, "price_vs_sma50": 0.006376, "price_vs_sma200": 0.135336, "volatility_20d": 0.228117, "volatility_60d": 0.200614, "drawdown": -0.127552, "max_drawdown_1y": -0.432953, "volume_ratio": 1.60242, "rsi_14": 42.617351, "macd": 1.489769, "macd_signal": 2.376339, "macd_histogram": -0.886571, "bb_width": 0.064145, "bb_position": -0.096284, "stoch_k": 14.841629, "stoch_d": 27.04536, "adx": 24.295351, "atr_14": 3.041285, "last_close": 134.54, "last_date": "2026-03-06"}