{"return_1d": -0.011261, "return_5d": -0.033717, "return_20d": 0.022323, "return_60d": 0.085513, "return_252d": 0.172283, "sma_20": 139.766, "sma_50": 133.5486, "sma_200": 118.368655, "price_vs_sma20": -0.013709, "price_vs_sma50": 0.032208, "price_vs_sma200": 0.164582, "volatility_20d": 0.212866, "volatility_60d": 0.195127, "drawdown": -0.106087, "max_drawdown_1y": -0.432953, "volume_ratio": 1.350281, "rsi_14": 50.336002, "macd": 2.075648, "macd_signal": 2.597982, "macd_histogram": -0.522334, "bb_width": 0.057693, "bb_position": 0.259085, "stoch_k": 20.676203, "stoch_d": 43.626761, "adx": 24.733599, "atr_14": 2.894461, "last_close": 137.85, "last_date": "2026-03-05"}