{"return_1d": -0.000631, "return_5d": 0.007491, "return_20d": 0.093244, "return_60d": 0.114408, "return_252d": 0.208651, "sma_20": 138.0645, "sma_50": 132.5402, "sma_200": 117.692723, "price_vs_sma20": 0.032633, "price_vs_sma50": 0.075674, "price_vs_sma200": 0.211375, "volatility_20d": 0.214515, "volatility_60d": 0.190499, "drawdown": -0.07548, "max_drawdown_1y": -0.432953, "volume_ratio": 1.608623, "rsi_14": 65.066528, "macd": 2.914854, "macd_signal": 2.782515, "macd_histogram": 0.132339, "bb_width": 0.104988, "bb_position": 0.801007, "stoch_k": 84.335982, "stoch_d": 85.080812, "adx": 29.632238, "atr_14": 2.644202, "last_close": 142.57, "last_date": "2026-02-27"}