{"return_1d": 0.001052, "return_5d": 0.014068, "return_20d": 0.093137, "return_60d": 0.11558, "return_252d": 0.203911, "sma_20": 138.6725, "sma_50": 132.8424, "sma_200": 117.871974, "price_vs_sma20": 0.029187, "price_vs_sma50": 0.074356, "price_vs_sma200": 0.210805, "volatility_20d": 0.214536, "volatility_60d": 0.190467, "drawdown": -0.074507, "max_drawdown_1y": -0.432953, "volume_ratio": 1.004364, "rsi_14": 65.34325, "macd": 2.915976, "macd_signal": 2.809207, "macd_histogram": 0.106769, "bb_width": 0.096686, "bb_position": 0.793318, "stoch_k": 85.234094, "stoch_d": 89.035248, "adx": 29.148548, "atr_14": 2.695331, "last_close": 142.72, "last_date": "2026-03-02"}