{"return_1d": 0.014121, "return_5d": 0.142658, "return_20d": -0.003655, "return_60d": -0.163903, "return_252d": 0.733632, "sma_20": 136.9825, "sma_50": 159.6202, "sma_200": 161.672575, "price_vs_sma20": 0.074736, "price_vs_sma50": -0.077686, "price_vs_sma200": -0.089394, "volatility_20d": 0.718438, "volatility_60d": 0.524809, "drawdown": -0.28941, "max_drawdown_1y": -0.406115, "volume_ratio": 1.054649, "rsi_14": 52.967709, "macd": -4.97394, "macd_signal": -7.774369, "macd_histogram": 2.800429, "bb_width": 0.186513, "bb_position": 0.872836, "stoch_k": 98.683406, "stoch_d": 81.686151, "adx": 24.62384, "atr_14": 7.577535, "last_close": 147.22, "last_date": "2026-03-03"}