{"return_1d": 0.040552, "return_5d": 0.14159, "return_20d": -0.029706, "return_60d": -0.138995, "return_252d": 0.83637, "sma_20": 136.748, "sma_50": 158.9702, "sma_200": 161.797925, "price_vs_sma20": 0.120236, "price_vs_sma50": -0.03636, "price_vs_sma200": -0.053202, "volatility_20d": 0.689808, "volatility_60d": 0.531547, "drawdown": -0.260595, "max_drawdown_1y": -0.406115, "volume_ratio": 0.981221, "rsi_14": 57.952818, "macd": -3.457801, "macd_signal": -6.911055, "macd_histogram": 3.453255, "bb_width": 0.161736, "bb_position": 1.163616, "stoch_k": 95.298194, "stoch_d": 94.852973, "adx": 23.68943, "atr_14": 7.557711, "last_close": 153.19, "last_date": "2026-03-04"}