{"return_1d": 0.009195, "return_5d": 0.014419, "return_20d": -0.096602, "return_60d": -0.180906, "return_252d": 0.53611, "sma_20": 137.0805, "sma_50": 161.0732, "sma_200": 161.502025, "price_vs_sma20": 0.000799, "price_vs_sma50": -0.148275, "price_vs_sma200": -0.150537, "volatility_20d": 0.693606, "volatility_60d": 0.515225, "drawdown": -0.337822, "max_drawdown_1y": -0.406115, "volume_ratio": 0.944989, "rsi_14": 43.029173, "macd": -7.531316, "macd_signal": -9.035874, "macd_histogram": 1.504558, "bb_width": 0.20398, "bb_position": 0.503913, "stoch_k": 55.797729, "stoch_d": 48.583456, "adx": 28.209403, "atr_14": 7.252348, "last_close": 137.19, "last_date": "2026-02-27"}