{"return_1d": -0.003394, "return_5d": 0.123069, "return_20d": 0.094095, "return_60d": -0.160046, "return_252d": 0.808886, "sma_20": 137.4045, "sma_50": 158.156, "sma_200": 161.913675, "price_vs_sma20": 0.111099, "price_vs_sma50": -0.034687, "price_vs_sma200": -0.05709, "volatility_20d": 0.538816, "volatility_60d": 0.529288, "drawdown": -0.263105, "max_drawdown_1y": -0.406115, "volume_ratio": 0.872687, "rsi_14": 57.382299, "macd": -2.272019, "macd_signal": -5.983248, "macd_histogram": 3.711229, "bb_width": 0.185674, "bb_position": 1.038525, "stoch_k": 87.693635, "stoch_d": 93.891745, "adx": 23.036155, "atr_14": 7.501446, "last_close": 152.67, "last_date": "2026-03-05"}