{"return_1d": -0.008427, "return_5d": 0.01374, "return_20d": 0.04514, "return_60d": 0.20151, "return_252d": 0.243949, "sma_20": 183.9745, "sma_50": 172.404024, "sma_200": 165.134976, "price_vs_sma20": 0.010575, "price_vs_sma50": 0.078397, "price_vs_sma200": 0.125867, "volatility_20d": 0.191456, "volatility_60d": 0.219794, "drawdown": -0.020443, "max_drawdown_1y": -0.206364, "volume_ratio": 0.411183, "rsi_14": 60.204674, "macd": 4.195781, "macd_signal": 4.678802, "macd_histogram": -0.483021, "bb_width": 0.072092, "bb_position": 0.645151, "stoch_k": 57.704403, "stoch_d": 72.618259, "adx": 30.94307, "atr_14": 4.212358, "last_close": 185.92, "last_date": "2026-02-27"}