{"return_1d": 0.00165, "return_5d": -0.090189, "return_20d": -0.066044, "return_60d": 0.156722, "return_252d": 0.149181, "sma_20": 183.105, "sma_50": 174.366304, "sma_200": 165.446471, "price_vs_sma20": -0.07168, "price_vs_sma50": -0.025156, "price_vs_sma200": 0.027402, "volatility_20d": 0.278519, "volatility_60d": 0.249686, "drawdown": -0.104426, "max_drawdown_1y": -0.206364, "volume_ratio": 0.978336, "rsi_14": 35.430977, "macd": 0.074746, "macd_signal": 2.631571, "macd_histogram": -2.556825, "bb_width": 0.125858, "bb_position": -0.113508, "stoch_k": 12.622951, "stoch_d": 13.956188, "adx": 28.114087, "atr_14": 4.763292, "last_close": 169.98, "last_date": "2026-03-06"}