{"return_1d": -0.052167, "return_5d": -0.094933, "return_20d": -0.05926, "return_60d": 0.158567, "return_252d": 0.141252, "sma_20": 183.706, "sma_50": 174.131836, "sma_200": 165.440255, "price_vs_sma20": -0.076241, "price_vs_sma50": -0.025451, "price_vs_sma200": 0.025748, "volatility_20d": 0.281403, "volatility_60d": 0.249683, "drawdown": -0.105901, "max_drawdown_1y": -0.206364, "volume_ratio": 1.607416, "rsi_14": 34.902056, "macd": 1.053548, "macd_signal": 3.270777, "macd_histogram": -2.217229, "bb_width": 0.104596, "bb_position": -0.289073, "stoch_k": 7.534247, "stoch_d": 14.622952, "adx": 27.721717, "atr_14": 4.885084, "last_close": 169.7, "last_date": "2026-03-05"}