{"return_1d": -0.003573, "return_5d": 0.018702, "return_20d": 0.050256, "return_60d": 0.207391, "return_252d": 0.250038, "sma_20": 184.02, "sma_50": 172.422224, "sma_200": 165.139526, "price_vs_sma20": 0.01527, "price_vs_sma50": 0.083561, "price_vs_sma200": 0.131346, "volatility_20d": 0.188611, "volatility_60d": 0.218925, "drawdown": -0.015648, "max_drawdown_1y": -0.206364, "volume_ratio": 0.880531, "rsi_14": 62.353932, "macd": 4.268373, "macd_signal": 4.69332, "macd_histogram": -0.424947, "bb_width": 0.072428, "bb_position": 0.707659, "stoch_k": 64.858491, "stoch_d": 75.002956, "adx": 30.943625, "atr_14": 4.214622, "last_close": 186.83, "last_date": "2026-02-27"}