{"return_1d": -0.047011, "return_5d": -0.088531, "return_20d": -0.053974, "return_60d": 0.112136, "return_252d": 0.176777, "sma_20": 230.08975, "sma_50": 220.891618, "sma_200": 195.618859, "price_vs_sma20": -0.077121, "price_vs_sma50": -0.038691, "price_vs_sma200": 0.085504, "volatility_20d": 0.334389, "volatility_60d": 0.257599, "drawdown": -0.124278, "max_drawdown_1y": -0.297701, "volume_ratio": 0.716867, "rsi_14": 36.848922, "macd": -0.519929, "macd_signal": 2.340069, "macd_histogram": -2.859998, "bb_width": 0.150713, "bb_position": -0.05447, "stoch_k": 5.948626, "stoch_d": 16.791007, "adx": 27.46384, "atr_14": 6.101769, "last_close": 212.345, "last_date": "2026-02-27"}