{"return_1d": -0.005508, "return_5d": -0.022303, "return_20d": -0.064051, "return_60d": 0.084269, "return_252d": 0.150539, "sma_20": 228.9075, "sma_50": 221.095746, "sma_200": 196.023005, "price_vs_sma20": -0.069275, "price_vs_sma50": -0.03639, "price_vs_sma200": 0.086862, "volatility_20d": 0.327222, "volatility_60d": 0.251139, "drawdown": -0.121371, "max_drawdown_1y": -0.2977, "volume_ratio": 0.904484, "rsi_14": 38.268094, "macd": -1.992233, "macd_signal": 0.891119, "macd_histogram": -2.883352, "bb_width": 0.175214, "bb_position": 0.0752, "stoch_k": 19.520174, "stoch_d": 16.087789, "adx": 27.822376, "atr_14": 6.414133, "last_close": 213.05, "last_date": "2026-03-03"}