{"return_1d": -0.006967, "return_5d": -0.046899, "return_20d": -0.104868, "return_60d": 0.081573, "return_252d": 0.219766, "sma_20": 226.6655, "sma_50": 221.290284, "sma_200": 196.404815, "price_vs_sma20": -0.063069, "price_vs_sma50": -0.04031, "price_vs_sma200": 0.081287, "volatility_20d": 0.300336, "volatility_60d": 0.251682, "drawdown": -0.124175, "max_drawdown_1y": -0.2977, "volume_ratio": 0.885369, "rsi_14": 38.021288, "macd": -2.893611, "macd_signal": -0.399866, "macd_histogram": -2.493745, "bb_width": 0.190574, "bb_position": 0.146783, "stoch_k": 22.033322, "stoch_d": 22.148063, "adx": 28.132832, "atr_14": 5.956778, "last_close": 212.37, "last_date": "2026-03-05"}