{"return_1d": -0.02943, "return_5d": -0.029338, "return_20d": -0.135801, "return_60d": 0.050858, "return_252d": 0.183737, "sma_20": 225.046, "sma_50": 221.187118, "sma_200": 196.564645, "price_vs_sma20": -0.084098, "price_vs_sma50": -0.068119, "price_vs_sma200": 0.048612, "volatility_20d": 0.309167, "volatility_60d": 0.259477, "drawdown": -0.149951, "max_drawdown_1y": -0.2977, "volume_ratio": 1.331235, "rsi_14": 32.865085, "macd": -3.709413, "macd_signal": -1.061776, "macd_histogram": -2.647637, "bb_width": 0.207059, "bb_position": 0.05655, "stoch_k": 10.13243, "stoch_d": 19.018815, "adx": 29.165616, "atr_14": 6.212722, "last_close": 206.12, "last_date": "2026-03-06"}