{"return_1d": -0.046989, "return_5d": -0.088509, "return_20d": -0.053952, "return_60d": 0.112162, "return_252d": 0.176804, "sma_20": 230.09, "sma_50": 220.891718, "sma_200": 195.618884, "price_vs_sma20": -0.0771, "price_vs_sma50": -0.038669, "price_vs_sma200": 0.085529, "volatility_20d": 0.334349, "volatility_60d": 0.257581, "drawdown": -0.124258, "max_drawdown_1y": -0.2977, "volume_ratio": 1.384049, "rsi_14": 36.852514, "macd": -0.51953, "macd_signal": 2.340149, "macd_histogram": -2.859679, "bb_width": 0.150699, "bb_position": -0.05436, "stoch_k": 6.006006, "stoch_d": 16.810134, "adx": 27.465477, "atr_14": 6.102841, "last_close": 212.35, "last_date": "2026-02-27"}