{"return_1d": -0.005605, "return_5d": -0.052074, "return_20d": -0.075254, "return_60d": -0.081298, "return_252d": 0.046403, "sma_20": 99.3485, "sma_50": 102.679164, "sma_200": 104.298398, "price_vs_sma20": -0.017902, "price_vs_sma50": -0.049759, "price_vs_sma200": -0.064511, "volatility_20d": 0.442341, "volatility_60d": 0.322786, "drawdown": -0.129269, "max_drawdown_1y": -0.300861, "volume_ratio": 0.832696, "rsi_14": 40.547126, "macd": -0.996018, "macd_signal": -0.858415, "macd_histogram": -0.137603, "bb_width": 0.091004, "bb_position": 0.299702, "stoch_k": 29.424307, "stoch_d": 29.137247, "adx": 15.024681, "atr_14": 2.815866, "last_close": 97.57, "last_date": "2026-03-03"}