{"return_1d": -0.039596, "return_5d": -0.070773, "return_20d": -0.029483, "return_60d": -0.113662, "return_252d": 0.021118, "sma_20": 99.25, "sma_50": 102.14537, "sma_200": 104.235809, "price_vs_sma20": -0.071335, "price_vs_sma50": -0.097659, "price_vs_sma200": -0.115755, "volatility_20d": 0.259951, "volatility_60d": 0.331574, "drawdown": -0.17746, "max_drawdown_1y": -0.300861, "volume_ratio": 0.789608, "rsi_14": 30.329254, "macd": -1.792332, "macd_signal": -1.163179, "macd_histogram": -0.629153, "bb_width": 0.107589, "bb_position": -0.21396, "stoch_k": 1.069959, "stoch_d": 13.546978, "adx": 18.758543, "atr_14": 2.876741, "last_close": 92.17, "last_date": "2026-03-06"}