{"return_1d": -0.012445, "return_5d": -0.027835, "return_20d": -0.06345, "return_60d": -0.05351, "return_252d": 0.074268, "sma_20": 100.108, "sma_50": 102.916174, "sma_200": 104.29122, "price_vs_sma20": -0.00917, "price_vs_sma50": -0.036206, "price_vs_sma200": -0.048913, "volatility_20d": 0.441754, "volatility_60d": 0.323217, "drawdown": -0.114811, "max_drawdown_1y": -0.300861, "volume_ratio": 0.889258, "rsi_14": 44.044667, "macd": -0.675729, "macd_signal": -0.821003, "macd_histogram": 0.145274, "bb_width": 0.11283, "bb_position": 0.417974, "stoch_k": 33.862434, "stoch_d": 51.878227, "adx": 13.654713, "atr_14": 2.760768, "last_close": 99.19, "last_date": "2026-02-27"}