{"return_1d": -0.010787, "return_5d": -0.034822, "return_20d": -0.068805, "return_60d": -0.06461, "return_252d": 0.066109, "sma_20": 99.7455, "sma_50": 102.795788, "sma_200": 104.293007, "price_vs_sma20": -0.016296, "price_vs_sma50": -0.045486, "price_vs_sma200": -0.059189, "volatility_20d": 0.442592, "volatility_60d": 0.323854, "drawdown": -0.124361, "max_drawdown_1y": -0.300861, "volume_ratio": 0.598222, "rsi_14": 41.727803, "macd": -0.836057, "macd_signal": -0.824014, "macd_histogram": -0.012044, "bb_width": 0.104014, "bb_position": 0.340729, "stoch_k": 24.125, "stoch_d": 37.921912, "adx": 14.112724, "atr_14": 2.777856, "last_close": 98.12, "last_date": "2026-03-02"}