{"return_1d": 0.002293, "return_5d": 0.009337, "return_20d": 0.085051, "return_60d": 0.146571, "return_252d": 0.151084, "sma_20": 97.074, "sma_50": 92.569568, "sma_200": 89.150216, "price_vs_sma20": 0.035602, "price_vs_sma50": 0.085994, "price_vs_sma200": 0.127647, "volatility_20d": 0.16961, "volatility_60d": 0.158678, "drawdown": 0.0, "max_drawdown_1y": -0.084347, "volume_ratio": 0.924007, "rsi_14": 70.55972, "macd": 2.272704, "macd_signal": 2.170676, "macd_histogram": 0.102028, "bb_width": 0.109947, "bb_position": 0.812676, "stoch_k": 92.52802, "stoch_d": 89.707477, "adx": 30.555614, "atr_14": 1.915983, "last_close": 100.53, "last_date": "2026-03-02"}