{"return_1d": 0.009706, "return_5d": 0.032067, "return_20d": 0.099968, "return_60d": 0.169278, "return_252d": 0.126614, "sma_20": 98.057, "sma_50": 93.648, "sma_200": 90.079279, "price_vs_sma20": 0.050307, "price_vs_sma50": 0.099757, "price_vs_sma200": 0.143326, "volatility_20d": 0.154835, "volatility_60d": 0.164765, "drawdown": 0.0, "max_drawdown_1y": -0.084347, "volume_ratio": 1.039963, "rsi_14": 75.208538, "macd": 2.341243, "macd_signal": 2.091927, "macd_histogram": 0.249316, "bb_width": 0.107039, "bb_position": 0.947482, "stoch_k": 96.783626, "stoch_d": 93.570712, "adx": 27.45171, "atr_14": 2.034006, "last_close": 102.99, "last_date": "2026-03-04"}