{"return_1d": 0.006485, "return_5d": 0.021336, "return_20d": 0.08299, "return_60d": 0.173156, "return_252d": 0.159248, "sma_20": 98.8385, "sma_50": 94.2326, "sma_200": 90.197751, "price_vs_sma20": 0.036438, "price_vs_sma50": 0.087097, "price_vs_sma200": 0.135727, "volatility_20d": 0.165694, "volatility_60d": 0.165644, "drawdown": -0.00534, "max_drawdown_1y": -0.084347, "volume_ratio": 1.109876, "rsi_14": 69.572605, "macd": 2.329459, "macd_signal": 2.175915, "macd_histogram": 0.153544, "bb_width": 0.104878, "bb_position": 0.835218, "stoch_k": 88.473054, "stoch_d": 87.949831, "adx": 28.678232, "atr_14": 2.025852, "last_close": 102.44, "last_date": "2026-03-06"}