{"return_1d": 0.007635, "return_5d": 0.019931, "return_20d": 0.088619, "return_60d": 0.133959, "return_252d": 0.138674, "sma_20": 96.68, "sma_50": 92.298284, "sma_200": 89.079788, "price_vs_sma20": 0.037443, "price_vs_sma50": 0.086694, "price_vs_sma200": 0.125957, "volatility_20d": 0.169536, "volatility_60d": 0.16029, "drawdown": 0.0, "max_drawdown_1y": -0.084347, "volume_ratio": 1.1108, "rsi_14": 69.924166, "macd": 2.276812, "macd_signal": 2.145169, "macd_histogram": 0.131643, "bb_width": 0.111819, "bb_position": 0.822769, "stoch_k": 90.315053, "stoch_d": 88.654667, "adx": 30.39556, "atr_14": 1.962597, "last_close": 100.3, "last_date": "2026-02-27"}