{"return_1d": -0.020596, "return_5d": 0.018314, "return_20d": -0.034418, "return_60d": -0.207541, "return_252d": -0.089861, "sma_20": 248.4165, "sma_50": 269.3658, "sma_200": 303.73745, "price_vs_sma20": -0.008439, "price_vs_sma50": -0.085556, "price_vs_sma200": -0.189036, "volatility_20d": 0.376618, "volatility_60d": 0.299483, "drawdown": -0.301854, "max_drawdown_1y": -0.317442, "volume_ratio": 0.44571, "rsi_14": 42.594592, "macd": -6.41891, "macd_signal": -8.062846, "macd_histogram": 1.643935, "bb_width": 0.080626, "bb_position": 0.394435, "stoch_k": 24.422269, "stoch_d": 30.532213, "adx": 28.792739, "atr_14": 9.570672, "last_close": 246.32, "last_date": "2026-02-27"}