{"return_1d": 0.004342, "return_5d": -0.021079, "return_20d": -0.033158, "return_60d": -0.231166, "return_252d": -0.109118, "sma_20": 246.7575, "sma_50": 266.5516, "sma_200": 302.60035, "price_vs_sma20": -0.015673, "price_vs_sma50": -0.088769, "price_vs_sma200": -0.197324, "volatility_20d": 0.372261, "volatility_60d": 0.293539, "drawdown": -0.311575, "max_drawdown_1y": -0.317442, "volume_ratio": 0.865, "rsi_14": 40.670406, "macd": -6.133581, "macd_signal": -7.143936, "macd_histogram": 1.010355, "bb_width": 0.072686, "bb_position": 0.280937, "stoch_k": 16.532781, "stoch_d": 17.494085, "adx": 26.05499, "atr_14": 9.386777, "last_close": 242.89, "last_date": "2026-03-04"}