{"return_1d": -0.010848, "return_5d": -0.024137, "return_20d": -0.163198, "return_60d": -0.09018, "return_252d": -0.35101, "sma_20": 239.6845, "sma_50": 245.8596, "sma_200": 279.043765, "price_vs_sma20": -0.090805, "price_vs_sma50": -0.11364, "price_vs_sma200": -0.219047, "volatility_20d": 0.593246, "volatility_60d": 0.398509, "drawdown": -0.602903, "max_drawdown_1y": -0.608679, "volume_ratio": 0.708558, "rsi_14": 33.502483, "macd": -9.905839, "macd_signal": -7.946283, "macd_histogram": -1.959556, "bb_width": 0.403613, "bb_position": 0.252551, "stoch_k": 11.720013, "stoch_d": 13.877041, "adx": 30.877825, "atr_14": 9.09285, "last_close": 217.92, "last_date": "2026-03-05"}