{"return_1d": 0.010389, "return_5d": 0.018094, "return_20d": -0.116493, "return_60d": -0.072893, "return_252d": -0.340512, "sma_20": 246.5875, "sma_50": 247.026, "sma_200": 280.847788, "price_vs_sma20": -0.08499, "price_vs_sma50": -0.086614, "price_vs_sma200": -0.196611, "volatility_20d": 0.601982, "volatility_60d": 0.396411, "drawdown": -0.588854, "max_drawdown_1y": -0.608679, "volume_ratio": 0.55172, "rsi_14": 37.079751, "macd": -9.495007, "macd_signal": -5.332898, "macd_histogram": -4.162109, "bb_width": 0.360337, "bb_position": 0.242229, "stoch_k": 22.162963, "stoch_d": 15.644444, "adx": 30.789842, "atr_14": 9.194393, "last_close": 225.63, "last_date": "2026-02-27"}