{"return_1d": 0.01733, "return_5d": 0.025088, "return_20d": -0.110424, "return_60d": -0.066524, "return_252d": -0.335982, "sma_20": 246.665, "sma_50": 247.057, "sma_200": 280.855538, "price_vs_sma20": -0.078994, "price_vs_sma50": -0.080455, "price_vs_sma200": -0.191114, "volatility_20d": 0.604899, "volatility_60d": 0.397512, "drawdown": -0.586029, "max_drawdown_1y": -0.608679, "volume_ratio": 0.825912, "rsi_14": 38.394039, "macd": -9.37136, "macd_signal": -5.308169, "macd_histogram": -4.063192, "bb_width": 0.356518, "bb_position": 0.259426, "stoch_k": 24.459259, "stoch_d": 16.409877, "adx": 30.72729, "atr_14": 9.229393, "last_close": 227.18, "last_date": "2026-02-27"}