{"return_1d": -0.004114, "return_5d": 0.025891, "return_20d": -0.129037, "return_60d": -0.089327, "return_252d": -0.349402, "sma_20": 241.8095, "sma_50": 246.1414, "sma_200": 279.544348, "price_vs_sma20": -0.088911, "price_vs_sma50": -0.104945, "price_vs_sma200": -0.211896, "volatility_20d": 0.607949, "volatility_60d": 0.398418, "drawdown": -0.598548, "max_drawdown_1y": -0.608679, "volume_ratio": 0.689624, "rsi_14": 34.818711, "macd": -9.779125, "macd_signal": -7.456394, "macd_histogram": -2.322731, "bb_width": 0.396458, "bb_position": 0.253852, "stoch_k": 14.281481, "stoch_d": 15.565432, "adx": 31.346428, "atr_14": 9.106916, "last_close": 220.31, "last_date": "2026-03-04"}