{"return_1d": -0.019548, "return_5d": -0.059512, "return_20d": -0.170381, "return_60d": -0.098177, "return_252d": -0.368563, "sma_20": 237.4905, "sma_50": 245.4868, "sma_200": 278.513803, "price_vs_sma20": -0.100343, "price_vs_sma50": -0.129648, "price_vs_sma200": -0.232857, "volatility_20d": 0.594561, "volatility_60d": 0.3998, "drawdown": -0.610666, "max_drawdown_1y": -0.610666, "volume_ratio": 0.613514, "rsi_14": 31.235914, "macd": -10.232058, "macd_signal": -8.403438, "macd_histogram": -1.82862, "bb_width": 0.417204, "bb_position": 0.232661, "stoch_k": 5.435375, "stoch_d": 10.478957, "adx": 30.963376, "atr_14": 8.924075, "last_close": 213.66, "last_date": "2026-03-06"}