{"return_1d": -0.033017, "return_5d": -0.049063, "return_20d": 0.036799, "return_60d": 0.195861, "return_252d": 0.076208, "sma_20": 125.114935, "sma_50": 114.211206, "sma_200": 107.794378, "price_vs_sma20": -0.047276, "price_vs_sma50": 0.04368, "price_vs_sma200": 0.105809, "volatility_20d": 0.323407, "volatility_60d": 0.24539, "drawdown": -0.279511, "max_drawdown_1y": -0.460207, "volume_ratio": 1.109652, "rsi_14": 45.582628, "macd": 2.364742, "macd_signal": 3.847777, "macd_histogram": -1.483035, "bb_width": 0.129589, "bb_position": 0.117082, "stoch_k": 15.498039, "stoch_d": 18.862829, "adx": 35.503542, "atr_14": 3.265341, "last_close": 119.2, "last_date": "2026-03-02"}