{"return_1d": -0.046214, "return_5d": -0.13442, "return_20d": -0.137492, "return_60d": 0.069176, "return_252d": -0.040111, "sma_20": 123.658895, "sma_50": 115.09377, "sma_200": 107.845681, "price_vs_sma20": -0.137143, "price_vs_sma50": -0.07293, "price_vs_sma200": -0.010623, "volatility_20d": 0.32233, "volatility_60d": 0.285171, "drawdown": -0.355066, "max_drawdown_1y": -0.460207, "volume_ratio": 1.554293, "rsi_14": 27.398245, "macd": -0.829714, "macd_signal": 1.789602, "macd_histogram": -2.619316, "bb_width": 0.228832, "bb_position": -0.19457, "stoch_k": 2.225278, "stoch_d": 7.910532, "adx": 36.007888, "atr_14": 3.755881, "last_close": 106.7, "last_date": "2026-03-06"}