{"return_1d": -0.008557, "return_5d": -0.058702, "return_20d": 0.020601, "return_60d": 0.172876, "return_252d": 0.071334, "sma_20": 125.23421, "sma_50": 114.51226, "sma_200": 107.837872, "price_vs_sma20": -0.056328, "price_vs_sma50": 0.032029, "price_vs_sma200": 0.095904, "volatility_20d": 0.324889, "volatility_60d": 0.245992, "drawdown": -0.285676, "max_drawdown_1y": -0.460207, "volume_ratio": 1.084563, "rsi_14": 43.583051, "macd": 1.744438, "macd_signal": 3.427109, "macd_histogram": -1.682671, "bb_width": 0.121848, "bb_position": 0.010124, "stoch_k": 19.502709, "stoch_d": 19.527592, "adx": 35.155306, "atr_14": 3.355674, "last_close": 118.18, "last_date": "2026-03-03"}