{"return_1d": -0.001701, "return_5d": -0.025765, "return_20d": 0.064102, "return_60d": 0.241522, "return_252d": 0.099797, "sma_20": 124.9034, "sma_50": 113.889354, "sma_200": 107.753971, "price_vs_sma20": -0.013077, "price_vs_sma50": 0.082366, "price_vs_sma200": 0.143995, "volatility_20d": 0.298507, "volatility_60d": 0.233559, "drawdown": -0.25491, "max_drawdown_1y": -0.460207, "volume_ratio": 0.89953, "rsi_14": 54.918344, "macd": 3.018224, "macd_signal": 4.218535, "macd_histogram": -1.200311, "bb_width": 0.138682, "bb_position": 0.404454, "stoch_k": 23.582029, "stoch_d": 15.852093, "adx": 36.460629, "atr_14": 3.013445, "last_close": 123.27, "last_date": "2026-02-27"}