{"return_1d": -0.002672, "return_5d": -0.026713, "return_20d": 0.063066, "return_60d": 0.240314, "return_252d": 0.098727, "sma_20": 124.8974, "sma_50": 113.886954, "sma_200": 107.75337, "price_vs_sma20": -0.013991, "price_vs_sma50": 0.081335, "price_vs_sma200": 0.142888, "volatility_20d": 0.298742, "volatility_60d": 0.233664, "drawdown": -0.255636, "max_drawdown_1y": -0.460207, "volume_ratio": 0.413002, "rsi_14": 54.61212, "macd": 3.008652, "macd_signal": 4.216621, "macd_histogram": -1.207969, "bb_width": 0.138894, "bb_position": 0.397842, "stoch_k": 22.606221, "stoch_d": 15.526824, "adx": 36.460629, "atr_14": 3.013445, "last_close": 123.15, "last_date": "2026-02-27"}