{"return_1d": 0.007642, "return_5d": 0.038862, "return_20d": 0.071193, "return_60d": 0.095301, "return_252d": 0.151591, "sma_20": 36.82075, "sma_50": 35.9675, "sma_200": 35.404587, "price_vs_sma20": 0.056334, "price_vs_sma50": 0.081393, "price_vs_sma200": 0.098586, "volatility_20d": 0.207659, "volatility_60d": 0.180685, "drawdown": 0.0, "max_drawdown_1y": -0.116912, "volume_ratio": 0.356548, "rsi_14": 70.048612, "macd": 0.704253, "macd_signal": 0.504364, "macd_histogram": 0.199889, "bb_width": 0.112875, "bb_position": 0.972464, "stoch_k": 96.122995, "stoch_d": 94.006686, "adx": 23.883957, "atr_14": 0.749486, "last_close": 38.895, "last_date": "2026-02-27"}