{"return_1d": -0.016325, "return_5d": -0.01658, "return_20d": 0.080558, "return_60d": 0.130216, "return_252d": 0.128764, "sma_20": 37.3665, "sma_50": 36.2926, "sma_200": 35.505814, "price_vs_sma20": 0.015883, "price_vs_sma50": 0.045943, "price_vs_sma200": 0.069121, "volatility_20d": 0.213353, "volatility_60d": 0.176377, "drawdown": -0.026167, "max_drawdown_1y": -0.116912, "volume_ratio": 0.734919, "rsi_14": 56.473613, "macd": 0.667307, "macd_signal": 0.625011, "macd_histogram": 0.042296, "bb_width": 0.112217, "bb_position": 0.639327, "stoch_k": 57.034221, "stoch_d": 71.710769, "adx": 22.805558, "atr_14": 0.751405, "last_close": 37.96, "last_date": "2026-03-05"}