{"return_1d": 0.008889, "return_5d": 0.008098, "return_20d": 0.087042, "return_60d": 0.138882, "return_252d": 0.116935, "sma_20": 37.225, "sma_50": 36.2192, "sma_200": 35.486205, "price_vs_sma20": 0.036669, "price_vs_sma50": 0.065457, "price_vs_sma200": 0.087465, "volatility_20d": 0.206836, "volatility_60d": 0.173668, "drawdown": -0.010005, "max_drawdown_1y": -0.116912, "volume_ratio": 0.651504, "rsi_14": 63.656242, "macd": 0.724146, "macd_signal": 0.614437, "macd_histogram": 0.109709, "bb_width": 0.120282, "bb_position": 0.794076, "stoch_k": 83.552632, "stoch_d": 82.5943, "adx": 23.990173, "atr_14": 0.739975, "last_close": 38.59, "last_date": "2026-03-04"}