{"return_1d": -0.006414, "return_5d": 0.039452, "return_20d": 0.068414, "return_60d": 0.108614, "return_252d": 0.160686, "sma_20": 36.949, "sma_50": 36.0642, "sma_200": 35.433695, "price_vs_sma20": 0.048202, "price_vs_sma50": 0.073918, "price_vs_sma200": 0.093027, "volatility_20d": 0.210659, "volatility_60d": 0.178028, "drawdown": -0.006414, "max_drawdown_1y": -0.116912, "volume_ratio": 0.474366, "rsi_14": 67.177159, "macd": 0.743411, "macd_signal": 0.553258, "macd_histogram": 0.190152, "bb_width": 0.120981, "bb_position": 0.880101, "stoch_k": 89.684814, "stoch_d": 93.080252, "adx": 24.98572, "atr_14": 0.735237, "last_close": 38.73, "last_date": "2026-03-02"}