{"return_1d": -0.012393, "return_5d": 0.00341, "return_20d": 0.067839, "return_60d": 0.107771, "return_252d": 0.121559, "sma_20": 37.0705, "sma_50": 36.1424, "sma_200": 35.461297, "price_vs_sma20": 0.031818, "price_vs_sma50": 0.058314, "price_vs_sma200": 0.078641, "volatility_20d": 0.211177, "volatility_60d": 0.178277, "drawdown": -0.018728, "max_drawdown_1y": -0.116912, "volume_ratio": 0.925388, "rsi_14": 61.182107, "macd": 0.722015, "macd_signal": 0.58701, "macd_histogram": 0.135005, "bb_width": 0.122773, "bb_position": 0.751168, "stoch_k": 74.545455, "stoch_d": 87.541997, "adx": 24.463661, "atr_14": 0.758435, "last_close": 38.25, "last_date": "2026-03-03"}