{"return_1d": 0.015543, "return_5d": -0.011031, "return_20d": 0.08074, "return_60d": 0.145412, "return_252d": 0.15228, "sma_20": 37.5105, "sma_50": 36.37, "sma_200": 35.527592, "price_vs_sma20": 0.027712, "price_vs_sma50": 0.05994, "price_vs_sma200": 0.085072, "volatility_20d": 0.213475, "volatility_60d": 0.178515, "drawdown": -0.011031, "max_drawdown_1y": -0.116912, "volume_ratio": 1.059311, "rsi_14": 60.92079, "macd": 0.662236, "macd_signal": 0.632456, "macd_histogram": 0.02978, "bb_width": 0.105791, "bb_position": 0.75489, "stoch_k": 79.467681, "stoch_d": 73.351511, "adx": 22.475859, "atr_14": 0.810591, "last_close": 38.55, "last_date": "2026-03-06"}