{"return_1d": -0.038413, "return_5d": -0.048917, "return_20d": -0.092432, "return_60d": -0.078595, "return_252d": -0.07413, "sma_20": 102.773565, "sma_50": 108.43025, "sma_200": 103.729568, "price_vs_sma20": -0.04275, "price_vs_sma50": -0.092689, "price_vs_sma200": -0.051572, "volatility_20d": 0.332977, "volatility_60d": 0.261193, "drawdown": -0.190143, "max_drawdown_1y": -0.2566, "volume_ratio": 1.368952, "rsi_14": 35.932925, "macd": -2.074638, "macd_signal": -2.028227, "macd_histogram": -0.046411, "bb_width": 0.120867, "bb_position": 0.13051, "stoch_k": 11.430275, "stoch_d": 33.191065, "adx": 26.247707, "atr_14": 2.832173, "last_close": 98.38, "last_date": "2026-02-27"}