{"return_1d": 0.015959, "return_5d": -0.009219, "return_20d": -0.088239, "return_60d": -0.060679, "return_252d": -0.066279, "sma_20": 102.289915, "sma_50": 108.118988, "sma_200": 103.719489, "price_vs_sma20": -0.022875, "price_vs_sma50": -0.075556, "price_vs_sma200": -0.036343, "volatility_20d": 0.336335, "volatility_60d": 0.263507, "drawdown": -0.177219, "max_drawdown_1y": -0.2566, "volume_ratio": 0.783535, "rsi_14": 40.578384, "macd": -2.071119, "macd_signal": -2.036805, "macd_histogram": -0.034314, "bb_width": 0.103249, "bb_position": 0.273258, "stoch_k": 40.91914, "stoch_d": 34.00158, "adx": 27.168888, "atr_14": 2.945589, "last_close": 99.95, "last_date": "2026-03-02"}