{"return_1d": -0.020375, "return_5d": -0.012807, "return_20d": -0.013851, "return_60d": -0.115806, "return_252d": -0.075832, "sma_20": 101.217055, "sma_50": 106.897194, "sma_200": 103.653782, "price_vs_sma20": -0.040478, "price_vs_sma50": -0.091464, "price_vs_sma200": -0.063035, "volatility_20d": 0.259694, "volatility_60d": 0.262945, "drawdown": -0.200516, "max_drawdown_1y": -0.256601, "volume_ratio": 1.083581, "rsi_14": 35.454732, "macd": -2.247605, "macd_signal": -2.122086, "macd_histogram": -0.125519, "bb_width": 0.082336, "bb_position": -0.012355, "stoch_k": 21.468927, "stoch_d": 30.076334, "adx": 31.761202, "atr_14": 2.947277, "last_close": 97.12, "last_date": "2026-03-06"}