{"return_1d": -0.012006, "return_5d": -0.016336, "return_20d": -0.104104, "return_60d": -0.086524, "return_252d": -0.096324, "sma_20": 101.716175, "sma_50": 107.81135, "sma_200": 103.708539, "price_vs_sma20": -0.029161, "price_vs_sma50": -0.084048, "price_vs_sma200": -0.047812, "volatility_20d": 0.335249, "volatility_60d": 0.262094, "drawdown": -0.187098, "max_drawdown_1y": -0.256601, "volume_ratio": 0.90936, "rsi_14": 38.2929, "macd": -2.140486, "macd_signal": -2.057541, "macd_histogram": -0.082945, "bb_width": 0.079016, "bb_position": 0.11986, "stoch_k": 32.132385, "stoch_d": 28.1606, "adx": 28.162608, "atr_14": 3.049476, "last_close": 98.75, "last_date": "2026-03-03"}