{"return_1d": 0.010142, "return_5d": -0.05875, "return_20d": -0.08338, "return_60d": -0.206926, "return_252d": -0.063355, "sma_20": 43.63175, "sma_50": 48.6498, "sma_200": 52.020215, "price_vs_sma20": -0.052639, "price_vs_sma50": -0.150356, "price_vs_sma200": -0.205405, "volatility_20d": 0.240968, "volatility_60d": 0.247845, "drawdown": -0.335311, "max_drawdown_1y": -0.341985, "volume_ratio": 0.072896, "rsi_14": 25.284681, "macd": -1.830377, "macd_signal": -1.870954, "macd_histogram": 0.040577, "bb_width": 0.125509, "bb_position": 0.057287, "stoch_k": 17.486339, "stoch_d": 14.591536, "adx": 41.781243, "atr_14": 1.115643, "last_close": 41.335, "last_date": "2026-03-04"}