{"return_1d": -0.012993, "return_5d": -0.050455, "return_20d": -0.119123, "return_60d": -0.195765, "return_252d": -0.071927, "sma_20": 43.86275, "sma_50": 48.9111, "sma_200": 52.04278, "price_vs_sma20": -0.047483, "price_vs_sma50": -0.145797, "price_vs_sma200": -0.197199, "volatility_20d": 0.266407, "volatility_60d": 0.23965, "drawdown": -0.328155, "max_drawdown_1y": -0.328155, "volume_ratio": 0.072674, "rsi_14": 23.701942, "macd": -1.73149, "macd_signal": -1.867377, "macd_histogram": 0.135887, "bb_width": 0.108142, "bb_position": 0.039026, "stoch_k": 4.034582, "stoch_d": 21.081646, "adx": 40.641098, "atr_14": 1.082148, "last_close": 41.78, "last_date": "2026-03-03"}