{"return_1d": -0.002522, "return_5d": -0.014273, "return_20d": -0.102053, "return_60d": -0.167273, "return_252d": 0.032452, "sma_20": 44.451, "sma_50": 49.3049, "sma_200": 52.082303, "price_vs_sma20": -0.021169, "price_vs_sma50": -0.117532, "price_vs_sma200": -0.164591, "volatility_20d": 0.260141, "volatility_60d": 0.234128, "drawdown": -0.300336, "max_drawdown_1y": -0.316497, "volume_ratio": 1.550324, "rsi_14": 30.52945, "macd": -1.675257, "macd_signal": -1.953435, "macd_histogram": 0.278178, "bb_width": 0.138864, "bb_position": 0.344256, "stoch_k": 41.337386, "stoch_d": 37.375044, "adx": 40.14029, "atr_14": 1.060568, "last_close": 43.51, "last_date": "2026-02-27"}