{"return_1d": 0.022605, "return_5d": -0.017467, "return_20d": -0.070652, "return_60d": -0.17103, "return_252d": 0.003969, "sma_20": 43.31175, "sma_50": 48.2395, "sma_200": 51.991447, "price_vs_sma20": -0.01297, "price_vs_sma50": -0.113797, "price_vs_sma200": -0.177749, "volatility_20d": 0.262335, "volatility_60d": 0.256023, "drawdown": -0.312557, "max_drawdown_1y": -0.341985, "volume_ratio": 0.07078, "rsi_14": 37.525079, "macd": -1.649451, "macd_signal": -1.804588, "macd_histogram": 0.155137, "bb_width": 0.104045, "bb_position": 0.373705, "stoch_k": 48.415301, "stoch_d": 34.863388, "adx": 41.66925, "atr_14": 1.142349, "last_close": 42.75, "last_date": "2026-03-06"}