{"return_1d": 0.004186, "return_5d": -0.035164, "return_20d": -0.087391, "return_60d": -0.185961, "return_252d": -0.014114, "sma_20": 43.27325, "sma_50": 48.2241, "sma_200": 51.987597, "price_vs_sma20": -0.029886, "price_vs_sma50": -0.129481, "price_vs_sma200": -0.1925, "volatility_20d": 0.245616, "volatility_60d": 0.250888, "drawdown": -0.324939, "max_drawdown_1y": -0.341985, "volume_ratio": 0.969626, "rsi_14": 31.172228, "macd": -1.710876, "macd_signal": -1.816873, "macd_histogram": 0.105997, "bb_width": 0.10897, "bb_position": 0.217295, "stoch_k": 31.584699, "stoch_d": 29.253188, "adx": 41.487759, "atr_14": 1.172349, "last_close": 41.98, "last_date": "2026-03-06"}