{"return_1d": -0.028499, "return_5d": -0.042148, "return_20d": -0.127464, "return_60d": -0.184449, "return_252d": -0.018333, "sma_20": 44.14225, "sma_50": 49.1207, "sma_200": 52.062981, "price_vs_sma20": -0.042414, "price_vs_sma50": -0.139467, "price_vs_sma200": -0.188099, "volatility_20d": 0.271998, "volatility_60d": 0.23972, "drawdown": -0.320276, "max_drawdown_1y": -0.320276, "volume_ratio": 0.154565, "rsi_14": 25.408605, "macd": -1.697791, "macd_signal": -1.902306, "macd_histogram": 0.204515, "bb_width": 0.120685, "bb_position": 0.132989, "stoch_k": 5.647841, "stoch_d": 26.383843, "adx": 40.20218, "atr_14": 1.085528, "last_close": 42.27, "last_date": "2026-03-02"}