{"return_1d": -0.008486, "return_5d": -0.04906, "return_20d": -0.087449, "return_60d": -0.192053, "return_252d": -0.033323, "sma_20": 43.458, "sma_50": 48.4324, "sma_200": 52.003828, "price_vs_sma20": -0.045515, "price_vs_sma50": -0.143549, "price_vs_sma200": -0.202366, "volatility_20d": 0.250906, "volatility_60d": 0.251091, "drawdown": -0.33298, "max_drawdown_1y": -0.341985, "volume_ratio": 0.076873, "rsi_14": 28.385899, "macd": -1.790881, "macd_signal": -1.848557, "macd_histogram": 0.057676, "bb_width": 0.122545, "bb_position": 0.110872, "stoch_k": 20.655738, "stoch_d": 19.162113, "adx": 42.095626, "atr_14": 1.124398, "last_close": 41.48, "last_date": "2026-03-05"}