{"return_1d": 0.012636, "return_5d": 0.018607, "return_20d": 0.125819, "return_60d": 0.150864, "return_252d": 0.059993, "sma_20": 295.631, "sma_50": 281.7842, "sma_200": 282.770794, "price_vs_sma20": 0.051784, "price_vs_sma50": 0.103469, "price_vs_sma200": 0.099619, "volatility_20d": 0.239081, "volatility_60d": 0.239934, "drawdown": -0.11152, "max_drawdown_1y": -0.262518, "volume_ratio": 0.866197, "rsi_14": 68.493623, "macd": 7.244965, "macd_signal": 6.541537, "macd_histogram": 0.703428, "bb_width": 0.127636, "bb_position": 0.885742, "stoch_k": 93.189074, "stoch_d": 86.601332, "adx": 23.038101, "atr_14": 7.040904, "last_close": 310.94, "last_date": "2026-03-02"}