{"return_1d": -0.015437, "return_5d": 0.006675, "return_20d": 0.126301, "return_60d": 0.11237, "return_252d": 0.050779, "sma_20": 297.3475, "sma_50": 282.5636, "sma_200": 282.856535, "price_vs_sma20": 0.02957, "price_vs_sma50": 0.083437, "price_vs_sma200": 0.082315, "volatility_20d": 0.238573, "volatility_60d": 0.240282, "drawdown": -0.125236, "max_drawdown_1y": -0.262518, "volume_ratio": 0.789515, "rsi_14": 61.962252, "macd": 7.057931, "macd_signal": 6.644816, "macd_histogram": 0.413116, "bb_width": 0.111364, "bb_position": 0.757898, "stoch_k": 76.161759, "stoch_d": 85.695314, "adx": 23.449195, "atr_14": 7.122982, "last_close": 306.14, "last_date": "2026-03-03"}