{"return_1d": 0.010232, "return_5d": 0.006754, "return_20d": 0.106722, "return_60d": 0.144927, "return_252d": 0.051582, "sma_20": 293.8935, "sma_50": 280.915, "sma_200": 282.680147, "price_vs_sma20": 0.0448, "price_vs_sma50": 0.093071, "price_vs_sma200": 0.086245, "volatility_20d": 0.240576, "volatility_60d": 0.239225, "drawdown": -0.122607, "max_drawdown_1y": -0.262518, "volume_ratio": 1.327541, "rsi_14": 65.786687, "macd": 6.88958, "macd_signal": 6.36568, "macd_histogram": 0.5239, "bb_width": 0.131952, "bb_position": 0.824962, "stoch_k": 87.73511, "stoch_d": 77.52292, "adx": 22.306562, "atr_14": 6.891743, "last_close": 307.06, "last_date": "2026-02-27"}