{"return_1d": 0.015091, "return_5d": 0.038116, "return_20d": 0.111683, "return_60d": 0.135769, "return_252d": 0.041192, "sma_20": 298.9085, "sma_50": 283.5514, "sma_200": 282.93247, "price_vs_sma20": 0.039649, "price_vs_sma50": 0.095957, "price_vs_sma200": 0.098354, "volatility_20d": 0.226367, "volatility_60d": 0.241236, "drawdown": -0.112035, "max_drawdown_1y": -0.262518, "volume_ratio": 0.778449, "rsi_14": 65.383774, "macd": 7.19951, "macd_signal": 6.755755, "macd_histogram": 0.443755, "bb_width": 0.102447, "bb_position": 0.87226, "stoch_k": 92.55055, "stoch_d": 87.300461, "adx": 24.168107, "atr_14": 7.304912, "last_close": 310.76, "last_date": "2026-03-04"}