{"return_1d": -0.012583, "return_5d": 0.263258, "return_20d": 0.190009, "return_60d": -0.153532, "return_252d": 0.204754, "sma_20": 10.983, "sma_50": 11.8578, "sma_200": 13.828536, "price_vs_sma20": 0.214604, "price_vs_sma50": 0.124998, "price_vs_sma200": -0.035328, "volatility_20d": 0.917127, "volatility_60d": 0.658529, "drawdown": -0.850886, "max_drawdown_1y": -0.887611, "volume_ratio": 1.904212, "rsi_14": 68.148418, "macd": 0.073719, "macd_signal": -0.28928, "macd_histogram": 0.362999, "bb_width": 0.25892, "bb_position": 1.182398, "stoch_k": 80.759494, "stoch_d": 85.106786, "adx": 31.757039, "atr_14": 0.671932, "last_close": 13.34, "last_date": "2026-03-02"}