{"return_1d": -0.066717, "return_5d": 0.198268, "return_20d": 0.113596, "return_60d": -0.148077, "return_252d": 0.112501, "sma_20": 11.0465, "sma_50": 11.8458, "sma_200": 13.832365, "price_vs_sma20": 0.127054, "price_vs_sma50": 0.051005, "price_vs_sma200": -0.099937, "volatility_20d": 0.956378, "volatility_60d": 0.655896, "drawdown": -0.860834, "max_drawdown_1y": -0.887611, "volume_ratio": 1.458358, "rsi_14": 58.252169, "macd": 0.144379, "macd_signal": -0.202548, "macd_histogram": 0.346927, "bb_width": 0.295733, "bb_position": 0.881192, "stoch_k": 58.227848, "stoch_d": 75.420023, "adx": 31.580547, "atr_14": 0.701794, "last_close": 12.45, "last_date": "2026-03-03"}