{"return_1d": -0.025726, "return_5d": 0.050089, "return_20d": 0.092093, "return_60d": -0.118552, "return_252d": 0.038093, "sma_20": 11.158, "sma_50": 11.8004, "sma_200": 13.834571, "price_vs_sma20": 0.05216, "price_vs_sma50": -0.005118, "price_vs_sma200": -0.151401, "volatility_20d": 0.962035, "volatility_60d": 0.629697, "drawdown": -0.868771, "max_drawdown_1y": -0.887611, "volume_ratio": 1.115136, "rsi_14": 51.59863, "macd": 0.156646, "macd_signal": -0.071712, "macd_histogram": 0.228358, "bb_width": 0.323597, "bb_position": 0.653197, "stoch_k": 40.253165, "stoch_d": 48.860759, "adx": 30.016181, "atr_14": 0.703383, "last_close": 11.74, "last_date": "2026-03-05"}