{"return_1d": -0.032129, "return_5d": 0.186024, "return_20d": 0.114709, "return_60d": -0.183792, "return_252d": 0.081523, "sma_20": 11.1085, "sma_50": 11.8266, "sma_200": 13.833748, "price_vs_sma20": 0.084755, "price_vs_sma50": 0.01889, "price_vs_sma200": -0.128942, "volatility_20d": 0.955847, "volatility_60d": 0.658299, "drawdown": -0.865306, "max_drawdown_1y": -0.887611, "volume_ratio": 0.92937, "rsi_14": 54.426726, "macd": 0.166185, "macd_signal": -0.128802, "macd_histogram": 0.294986, "bb_width": 0.313332, "bb_position": 0.749361, "stoch_k": 48.101266, "stoch_d": 62.362869, "adx": 31.019929, "atr_14": 0.695951, "last_close": 12.05, "last_date": "2026-03-04"}