{"return_1d": 0.213775, "return_5d": 0.26704, "return_20d": 0.205151, "return_60d": -0.132907, "return_252d": 0.22771, "sma_20": 10.8795, "sma_50": 11.868142, "sma_200": 13.821448, "price_vs_sma20": 0.2473, "price_vs_sma50": 0.143397, "price_vs_sma200": -0.018193, "volatility_20d": 0.930355, "volatility_60d": 0.665768, "drawdown": -0.848315, "max_drawdown_1y": -0.887611, "volume_ratio": 6.160555, "rsi_14": 70.565393, "macd": -0.103373, "macd_signal": -0.379072, "macd_histogram": 0.2757, "bb_width": 0.203169, "bb_position": 1.47588, "stoch_k": 88.831169, "stoch_d": 58.988921, "adx": 30.31899, "atr_14": 0.643619, "last_close": 13.57, "last_date": "2026-02-27"}