{"return_1d": 0.012266, "return_5d": -0.000971, "return_20d": 0.079947, "return_60d": 0.113328, "return_252d": 0.275486, "sma_20": 153.443175, "sma_50": 142.333318, "sma_200": 130.250203, "price_vs_sma20": 0.00578, "price_vs_sma50": 0.084286, "price_vs_sma200": 0.184873, "volatility_20d": 0.303013, "volatility_60d": 0.325775, "drawdown": -0.041573, "max_drawdown_1y": -0.443682, "volume_ratio": 1.576667, "rsi_14": 58.516285, "macd": 3.109941, "macd_signal": 4.003915, "macd_histogram": -0.893974, "bb_width": 0.121894, "bb_position": 0.547142, "stoch_k": 38.980352, "stoch_d": 28.581993, "adx": 41.913744, "atr_14": 4.397299, "last_close": 154.33, "last_date": "2026-02-27"}