{"return_1d": -0.002497, "return_5d": 0.035113, "return_20d": 0.132547, "return_60d": 0.151902, "return_252d": 0.277254, "sma_20": 155.267695, "sma_50": 143.500134, "sma_200": 130.642976, "price_vs_sma20": 0.029061, "price_vs_sma50": 0.113448, "price_vs_sma200": 0.223028, "volatility_20d": 0.320896, "volatility_60d": 0.330754, "drawdown": -0.007727, "max_drawdown_1y": -0.443683, "volume_ratio": 1.055642, "rsi_14": 65.802222, "macd": 3.555582, "macd_signal": 3.81753, "macd_histogram": -0.261948, "bb_width": 0.076406, "bb_position": 0.869616, "stoch_k": 74.719101, "stoch_d": 65.539065, "adx": 42.897377, "atr_14": 4.720069, "last_close": 159.78, "last_date": "2026-03-03"}