{"return_1d": 0.010442, "return_5d": 0.091696, "return_20d": 0.084804, "return_60d": 0.204136, "return_252d": 0.411004, "sma_20": 156.81014, "sma_50": 145.005012, "sma_200": 131.090638, "price_vs_sma20": 0.061411, "price_vs_sma50": 0.147822, "price_vs_sma200": 0.269656, "volatility_20d": 0.273103, "volatility_60d": 0.335822, "drawdown": 0.0, "max_drawdown_1y": -0.443682, "volume_ratio": 1.624771, "rsi_14": 72.943019, "macd": 4.495602, "macd_signal": 3.987377, "macd_histogram": 0.508225, "bb_width": 0.089791, "bb_position": 1.144359, "stoch_k": 84.472656, "stoch_d": 85.644429, "adx": 44.97908, "atr_14": 4.896029, "last_close": 166.44, "last_date": "2026-03-05"}