{"return_1d": 0.037906, "return_5d": 0.03442, "return_20d": 0.124943, "return_60d": 0.173925, "return_252d": 0.303366, "sma_20": 154.332705, "sma_50": 142.922808, "sma_200": 130.445491, "price_vs_sma20": 0.037888, "price_vs_sma50": 0.120745, "price_vs_sma200": 0.227946, "volatility_20d": 0.324232, "volatility_60d": 0.331813, "drawdown": -0.005243, "max_drawdown_1y": -0.443682, "volume_ratio": 1.068572, "rsi_14": 66.765783, "macd": 3.399426, "macd_signal": 3.883017, "macd_histogram": -0.483591, "bb_width": 0.104426, "bb_position": 0.849574, "stoch_k": 82.917743, "stoch_d": 48.944501, "adx": 42.231407, "atr_14": 4.53392, "last_close": 160.18, "last_date": "2026-03-02"}