{"return_1d": 0.004427, "return_5d": -0.008707, "return_20d": 0.071585, "return_60d": 0.104708, "return_252d": 0.26561, "sma_20": 153.383425, "sma_50": 142.309418, "sma_200": 130.244229, "price_vs_sma20": -0.00162, "price_vs_sma50": 0.076071, "price_vs_sma200": 0.175753, "volatility_20d": 0.301459, "volatility_60d": 0.325115, "drawdown": -0.048994, "max_drawdown_1y": -0.443683, "volume_ratio": 0.688031, "rsi_14": 56.466576, "macd": 3.014613, "macd_signal": 3.984849, "macd_histogram": -0.970236, "bb_width": 0.12274, "bb_position": 0.486783, "stoch_k": 30.005107, "stoch_d": 25.590245, "adx": 41.894081, "atr_14": 4.357656, "last_close": 153.135, "last_date": "2026-02-27"}