{"return_1d": -0.002884, "return_5d": 0.075358, "return_20d": 0.083496, "return_60d": 0.203253, "return_252d": 0.436897, "sma_20": 157.4496, "sma_50": 145.765448, "sma_200": 131.325498, "price_vs_sma20": 0.054052, "price_vs_sma50": 0.138541, "price_vs_sma200": 0.26373, "volatility_20d": 0.273481, "volatility_60d": 0.335876, "drawdown": -0.002884, "max_drawdown_1y": -0.443682, "volume_ratio": 1.276866, "rsi_14": 71.715703, "macd": 4.769707, "macd_signal": 4.143843, "macd_histogram": 0.625864, "bb_width": 0.099592, "bb_position": 1.014897, "stoch_k": 82.128906, "stoch_d": 88.114364, "adx": 45.126961, "atr_14": 4.990598, "last_close": 165.96, "last_date": "2026-03-06"}