{"return_1d": 0.007854, "return_5d": 0.044914, "return_20d": 0.085305, "return_60d": -0.053423, "return_252d": 0.03667, "sma_20": 156.7095, "sma_50": 163.102, "sma_200": 183.8822, "price_vs_sma20": 0.048118, "price_vs_sma50": 0.007039, "price_vs_sma200": -0.106765, "volatility_20d": 0.346449, "volatility_60d": 0.29599, "drawdown": -0.241445, "max_drawdown_1y": -0.3227, "volume_ratio": 1.084947, "rsi_14": 57.927545, "macd": -0.126034, "macd_signal": -1.817247, "macd_histogram": 1.691213, "bb_width": 0.094696, "bb_position": 0.984801, "stoch_k": 78.617603, "stoch_d": 89.237963, "adx": 33.856842, "atr_14": 5.263778, "last_close": 164.25, "last_date": "2026-03-05"}