{"return_1d": -0.003817, "return_5d": 0.009216, "return_20d": 0.020263, "return_60d": -0.104586, "return_252d": -0.039502, "sma_20": 154.9695, "sma_50": 164.2064, "sma_200": 184.0757, "price_vs_sma20": 0.010457, "price_vs_sma50": -0.046383, "price_vs_sma200": -0.149317, "volatility_20d": 0.384567, "volatility_60d": 0.293411, "drawdown": -0.276821, "max_drawdown_1y": -0.3227, "volume_ratio": 0.985389, "rsi_14": 48.07995, "macd": -2.403908, "macd_signal": -3.208276, "macd_histogram": 0.804367, "bb_width": 0.078281, "bb_position": 0.632199, "stoch_k": 59.848005, "stoch_d": 55.879248, "adx": 42.13619, "atr_14": 5.084655, "last_close": 156.59, "last_date": "2026-02-27"}