{"return_1d": -0.000797, "return_5d": 0.057491, "return_20d": 0.091926, "return_60d": -0.087003, "return_252d": 0.01501, "sma_20": 156.064, "sma_50": 163.3804, "sma_200": 183.9255, "price_vs_sma20": 0.044251, "price_vs_sma50": -0.002512, "price_vs_sma200": -0.113935, "volatility_20d": 0.347963, "volatility_60d": 0.300589, "drawdown": -0.247356, "max_drawdown_1y": -0.3227, "volume_ratio": 0.733609, "rsi_14": 56.342583, "macd": -0.689817, "macd_signal": -2.24005, "macd_histogram": 1.550233, "bb_width": 0.089518, "bb_position": 0.973378, "stoch_k": 90.820425, "stoch_d": 86.211323, "adx": 35.650903, "atr_14": 5.167146, "last_close": 162.97, "last_date": "2026-03-04"}