{"return_1d": 0.009771, "return_5d": 0.047985, "return_20d": 0.012746, "return_60d": -0.104034, "return_252d": -0.028449, "sma_20": 155.069, "sma_50": 163.8832, "sma_200": 184.0115, "price_vs_sma20": 0.019675, "price_vs_sma50": -0.035167, "price_vs_sma200": -0.140706, "volatility_20d": 0.381343, "volatility_60d": 0.293512, "drawdown": -0.269755, "max_drawdown_1y": -0.3227, "volume_ratio": 0.707898, "rsi_14": 50.231393, "macd": -2.003137, "macd_signal": -2.967248, "macd_histogram": 0.964111, "bb_width": 0.079234, "bb_position": 0.743524, "stoch_k": 69.537682, "stoch_d": 64.344522, "adx": 40.693967, "atr_14": 5.054323, "last_close": 158.12, "last_date": "2026-03-02"}