{"return_1d": -0.009376, "return_5d": 0.039083, "return_20d": 0.05697, "return_60d": -0.067083, "return_252d": 0.009618, "sma_20": 157.148, "sma_50": 162.775, "sma_200": 183.8338, "price_vs_sma20": 0.035393, "price_vs_sma50": -0.000399, "price_vs_sma200": -0.114907, "volatility_20d": 0.346208, "volatility_60d": 0.296254, "drawdown": -0.248557, "max_drawdown_1y": -0.3227, "volume_ratio": 0.806539, "rsi_14": 55.325117, "macd": 0.194264, "macd_signal": -1.414944, "macd_histogram": 1.609209, "bb_width": 0.099388, "bb_position": 0.843941, "stoch_k": 70.959722, "stoch_d": 80.132583, "adx": 31.95527, "atr_14": 5.238508, "last_close": 162.71, "last_date": "2026-03-06"}