{"return_1d": -0.007825, "return_5d": 0.005156, "return_20d": 0.016158, "return_60d": -0.108188, "return_252d": -0.043366, "sma_20": 154.938, "sma_50": 164.1938, "sma_200": 184.07255, "price_vs_sma20": 0.006596, "price_vs_sma50": -0.050147, "price_vs_sma200": -0.152725, "volatility_20d": 0.385534, "volatility_60d": 0.293652, "drawdown": -0.27973, "max_drawdown_1y": -0.3227, "volume_ratio": 0.436143, "rsi_14": 47.298173, "macd": -2.454165, "macd_signal": -3.218327, "macd_histogram": 0.764162, "bb_width": 0.078248, "bb_position": 0.583746, "stoch_k": 55.858138, "stoch_d": 54.549293, "adx": 42.13619, "atr_14": 5.084655, "last_close": 155.96, "last_date": "2026-02-27"}