{"return_1d": 0.017014, "return_5d": 0.042888, "return_20d": 0.20654, "return_60d": 0.259697, "return_252d": 1.211354, "sma_20": 526.8935, "sma_50": 477.873498, "sma_200": 419.633826, "price_vs_sma20": 0.086861, "price_vs_sma50": 0.198351, "price_vs_sma200": 0.364666, "volatility_20d": 0.424128, "volatility_60d": 0.379758, "drawdown": 0.0, "max_drawdown_1y": -0.338854, "volume_ratio": 0.679197, "rsi_14": 72.954289, "macd": 26.420679, "macd_signal": 23.876985, "macd_histogram": 2.543694, "bb_width": 0.225775, "bb_position": 0.853976, "stoch_k": 98.024133, "stoch_d": 90.982951, "adx": 38.348554, "atr_14": 19.947145, "last_close": 572.66, "last_date": "2026-03-02"}