{"return_1d": 0.004205, "return_5d": 0.009969, "return_20d": 0.163283, "return_60d": 0.223062, "return_252d": 1.267868, "sma_20": 535.294, "sma_50": 483.854254, "sma_200": 421.890745, "price_vs_sma20": 0.061809, "price_vs_sma50": 0.174693, "price_vs_sma200": 0.347221, "volatility_20d": 0.427941, "volatility_60d": 0.379765, "drawdown": -0.007474, "max_drawdown_1y": -0.338854, "volume_ratio": 0.903183, "rsi_14": 69.563575, "macd": 25.32687, "macd_signal": 24.485237, "macd_histogram": 0.841633, "bb_width": 0.216084, "bb_position": 0.769391, "stoch_k": 91.512299, "stoch_d": 92.478335, "adx": 36.861066, "atr_14": 19.785548, "last_close": 568.38, "last_date": "2026-03-04"}