{"return_1d": -0.003486, "return_5d": 0.018854, "return_20d": 0.16476, "return_60d": 0.245443, "return_252d": 1.097113, "sma_20": 521.992, "sma_50": 475.187812, "sma_200": 418.48711, "price_vs_sma20": 0.078714, "price_vs_sma50": 0.184963, "price_vs_sma200": 0.345513, "volatility_20d": 0.434444, "volatility_60d": 0.378823, "drawdown": -0.009028, "max_drawdown_1y": -0.338854, "volume_ratio": 1.238969, "rsi_14": 70.657106, "macd": 26.065982, "macd_signal": 23.241062, "macd_histogram": 2.824921, "bb_width": 0.230474, "bb_position": 0.816608, "stoch_k": 84.648007, "stoch_d": 88.477895, "adx": 38.403036, "atr_14": 20.156156, "last_close": 563.08, "last_date": "2026-02-27"}