{"return_1d": -0.016441, "return_5d": -0.040651, "return_20d": 0.130767, "return_60d": 0.166794, "return_252d": 1.136233, "sma_20": 542.65, "sma_50": 488.453136, "sma_200": 423.892937, "price_vs_sma20": -0.004533, "price_vs_sma50": 0.10592, "price_vs_sma200": 0.274355, "volatility_20d": 0.4058, "volatility_60d": 0.388653, "drawdown": -0.0567, "max_drawdown_1y": -0.338854, "volume_ratio": 0.958912, "rsi_14": 54.659095, "macd": 20.34913, "macd_signal": 23.434339, "macd_histogram": -3.085208, "bb_width": 0.162858, "bb_position": 0.472037, "stoch_k": 38.97019, "stoch_d": 64.300925, "adx": 32.061895, "atr_14": 20.831417, "last_close": 540.19, "last_date": "2026-03-06"}