{"return_1d": -0.01163, "return_5d": -0.003889, "return_20d": 0.18467, "return_60d": 0.241497, "return_252d": 1.182522, "sma_20": 531.305, "sma_50": 480.910658, "sma_200": 420.749391, "price_vs_sma20": 0.065301, "price_vs_sma50": 0.176934, "price_vs_sma200": 0.345219, "volatility_20d": 0.430818, "volatility_60d": 0.381125, "drawdown": -0.01163, "max_drawdown_1y": -0.338854, "volume_ratio": 0.856435, "rsi_14": 68.915045, "macd": 25.866202, "macd_signal": 24.274828, "macd_histogram": 1.591374, "bb_width": 0.221364, "bb_position": 0.776913, "stoch_k": 87.898573, "stoch_d": 90.190237, "adx": 37.487773, "atr_14": 20.355206, "last_close": 566.0, "last_date": "2026-03-03"}