{"return_1d": -0.012551, "return_5d": 0.035868, "return_20d": -0.133991, "return_60d": -0.274563, "return_252d": -0.35338, "sma_20": 42.9625, "sma_50": 51.7696, "sma_200": 64.736846, "price_vs_sma20": 0.062089, "price_vs_sma50": -0.118595, "price_vs_sma200": -0.295146, "volatility_20d": 0.85544, "volatility_60d": 0.515565, "drawdown": -0.851763, "max_drawdown_1y": -0.873042, "volume_ratio": 0.444459, "rsi_14": 46.643225, "macd": -1.69781, "macd_signal": -2.825985, "macd_histogram": 1.128175, "bb_width": 0.286684, "bb_position": 0.703915, "stoch_k": 71.414343, "stoch_d": 73.007968, "adx": 35.34092, "atr_14": 2.083437, "last_close": 45.63, "last_date": "2026-03-02"}