{"return_1d": 0.014935, "return_5d": 0.109484, "return_20d": -0.129919, "return_60d": -0.261585, "return_252d": -0.357157, "sma_20": 43.3155, "sma_50": 52.0836, "sma_200": 64.869312, "price_vs_sma20": 0.066824, "price_vs_sma50": -0.112773, "price_vs_sma200": -0.287645, "volatility_20d": 0.855101, "volatility_60d": 0.515697, "drawdown": -0.849879, "max_drawdown_1y": -0.873042, "volume_ratio": 0.603878, "rsi_14": 48.426397, "macd": -1.924167, "macd_signal": -3.108029, "macd_histogram": 1.183862, "bb_width": 0.334647, "bb_position": 0.687176, "stoch_k": 77.191235, "stoch_d": 78.618858, "adx": 37.11773, "atr_14": 2.122932, "last_close": 46.21, "last_date": "2026-02-27"}