{"return_1d": 0.011029, "return_5d": -0.009055, "return_20d": 0.124498, "return_60d": -0.240377, "return_252d": -0.326166, "sma_20": 42.795015, "sma_50": 51.08796, "sma_200": 64.288975, "price_vs_sma20": 0.092417, "price_vs_sma50": -0.084912, "price_vs_sma200": -0.272815, "volatility_20d": 0.43267, "volatility_60d": 0.515704, "drawdown": -0.847665, "max_drawdown_1y": -0.873042, "volume_ratio": 0.450352, "rsi_14": 51.001274, "macd": -1.179505, "macd_signal": -2.268981, "macd_histogram": 1.089476, "bb_width": 0.234893, "bb_position": 0.860158, "stoch_k": 83.97954, "stoch_d": 78.092917, "adx": 30.89034, "atr_14": 2.043094, "last_close": 46.75, "last_date": "2026-03-04"}