{"return_1d": 0.016437, "return_5d": -0.013611, "return_20d": -0.113702, "return_60d": -0.242652, "return_252d": -0.345711, "sma_20": 42.665, "sma_50": 51.4936, "sma_200": 64.606184, "price_vs_sma20": 0.087074, "price_vs_sma50": -0.099306, "price_vs_sma200": -0.282112, "volatility_20d": 0.85899, "volatility_60d": 0.515364, "drawdown": -0.849327, "max_drawdown_1y": -0.873042, "volume_ratio": 0.577587, "rsi_14": 49.245787, "macd": -1.441288, "macd_signal": -2.549046, "macd_histogram": 1.107758, "bb_width": 0.224949, "bb_position": 0.856077, "stoch_k": 78.884462, "stoch_d": 75.830013, "adx": 33.16798, "atr_14": 2.098906, "last_close": 46.38, "last_date": "2026-03-03"}