{"return_1d": -0.014064, "return_5d": 0.019524, "return_20d": 0.180756, "return_60d": -0.229185, "return_252d": -0.320559, "sma_20": 43.49123, "sma_50": 50.593984, "sma_200": 64.043367, "price_vs_sma20": 0.079988, "price_vs_sma50": -0.071629, "price_vs_sma200": -0.266591, "volatility_20d": 0.414191, "volatility_60d": 0.51673, "drawdown": -0.846948, "max_drawdown_1y": -0.873042, "volume_ratio": 0.546181, "rsi_14": 51.446249, "macd": -0.712467, "macd_signal": -1.737581, "macd_histogram": 1.025114, "bb_width": 0.247761, "bb_position": 0.798932, "stoch_k": 82.930109, "stoch_d": 86.434694, "adx": 26.95748, "atr_14": 1.954709, "last_close": 46.97, "last_date": "2026-03-06"}