{"return_1d": -0.064077, "return_5d": -0.005099, "return_20d": 0.154211, "return_60d": 0.447366, "return_252d": null, "sma_20": 111.39481, "sma_50": 98.940636, "sma_200": null, "price_vs_sma20": 0.042418, "price_vs_sma50": 0.173633, "price_vs_sma200": null, "volatility_20d": 0.61373, "volatility_60d": 0.530205, "drawdown": -0.083938, "max_drawdown_1y": -0.271232, "volume_ratio": 1.074142, "rsi_14": 57.025129, "macd": 6.701118, "macd_signal": 6.324543, "macd_histogram": 0.376575, "bb_width": 0.31662, "bb_position": 0.628521, "stoch_k": 26.11114, "stoch_d": 48.20461, "adx": 51.990801, "atr_14": 6.855785, "last_close": 116.12, "last_date": "2026-03-03"}