{"return_1d": -0.049862, "return_5d": -0.131114, "return_20d": 0.187999, "return_60d": 0.307362, "return_252d": null, "sma_20": 114.300545, "sma_50": 101.053122, "sma_200": null, "price_vs_sma20": -0.0364, "price_vs_sma50": 0.089922, "price_vs_sma200": null, "volatility_20d": 0.629486, "volatility_60d": 0.543569, "drawdown": -0.131114, "max_drawdown_1y": -0.271232, "volume_ratio": 0.754456, "rsi_14": 49.246846, "macd": 4.864874, "macd_signal": 5.974678, "macd_histogram": -1.109804, "bb_width": 0.240898, "bb_position": 0.343191, "stoch_k": 6.551854, "stoch_d": 22.956155, "adx": 49.280395, "atr_14": 6.679599, "last_close": 110.14, "last_date": "2026-03-06"}