{"return_1d": 0.01652, "return_5d": 0.117938, "return_20d": 0.269556, "return_60d": 0.634554, "return_252d": null, "sma_20": 109.2215, "sma_50": 97.230052, "sma_200": null, "price_vs_sma20": 0.160577, "price_vs_sma50": 0.303712, "price_vs_sma200": null, "volatility_20d": 0.581238, "volatility_60d": 0.507178, "drawdown": 0.0, "max_drawdown_1y": -0.271232, "volume_ratio": 1.594933, "rsi_14": 72.719364, "macd": 7.187665, "macd_signal": 5.958698, "macd_histogram": 1.228967, "bb_width": 0.296186, "bb_position": 0.967138, "stoch_k": 67.980672, "stoch_d": 77.539417, "adx": 50.320005, "atr_14": 6.672094, "last_close": 126.76, "last_date": "2026-02-27"}