{"return_1d": -0.021221, "return_5d": 0.112651, "return_20d": 0.290805, "return_60d": 0.556734, "return_252d": null, "sma_20": 110.619085, "sma_50": 98.142458, "sma_200": null, "price_vs_sma20": 0.121597, "price_vs_sma50": 0.264183, "price_vs_sma200": null, "volatility_20d": 0.565465, "volatility_60d": 0.509263, "drawdown": -0.021221, "max_drawdown_1y": -0.271232, "volume_ratio": 0.721193, "rsi_14": 68.229953, "macd": 7.317203, "macd_signal": 6.230399, "macd_histogram": 1.086804, "bb_width": 0.303441, "bb_position": 0.857281, "stoch_k": 50.52202, "stoch_d": 61.518053, "adx": 52.219349, "atr_14": 6.58623, "last_close": 124.07, "last_date": "2026-03-02"}