{"return_1d": 0.004207, "return_5d": 0.104398, "return_20d": 0.254179, "return_60d": 0.614755, "return_252d": null, "sma_20": 109.21475, "sma_50": 97.2617, "sma_200": null, "price_vs_sma20": 0.147327, "price_vs_sma50": 0.288328, "price_vs_sma200": null, "volatility_20d": 0.581788, "volatility_60d": 0.506996, "drawdown": 0.0, "max_drawdown_1y": -0.271232, "volume_ratio": 0.731458, "rsi_14": 71.733725, "macd": 7.069718, "macd_signal": 5.938009, "macd_histogram": 1.13171, "bb_width": 0.295393, "bb_position": 0.934704, "stoch_k": 64.405399, "stoch_d": 76.347611, "adx": 50.320011, "atr_14": 6.563231, "last_close": 125.305, "last_date": "2026-02-27"}