{"return_1d": -0.034241, "return_5d": -0.070409, "return_20d": 0.214473, "return_60d": 0.413876, "return_252d": null, "sma_20": 113.42907, "sma_50": 100.487072, "sma_200": null, "price_vs_sma20": 0.02196, "price_vs_sma50": 0.153581, "price_vs_sma200": null, "volatility_20d": 0.607139, "volatility_60d": 0.533219, "drawdown": -0.085516, "max_drawdown_1y": -0.271232, "volume_ratio": 0.724138, "rsi_14": 55.441856, "macd": 5.858928, "macd_signal": 6.252129, "macd_histogram": -0.3932, "bb_width": 0.279652, "bb_position": 0.57684, "stoch_k": 24.360181, "stoch_d": 29.475917, "adx": 50.992358, "atr_14": 6.681876, "last_close": 115.92, "last_date": "2026-03-05"}