{"return_1d": -0.011687, "return_5d": -0.05296, "return_20d": -0.07395, "return_60d": -0.21126, "return_252d": -0.087362, "sma_20": 140.020985, "sma_50": 154.277268, "sma_200": 158.519531, "price_vs_sma20": -0.021575, "price_vs_sma50": -0.111988, "price_vs_sma200": -0.135753, "volatility_20d": 0.379924, "volatility_60d": 0.307975, "drawdown": -0.372779, "max_drawdown_1y": -0.442341, "volume_ratio": 0.795672, "rsi_14": 36.289441, "macd": -3.788013, "macd_signal": -4.284138, "macd_histogram": 0.496125, "bb_width": 0.076543, "bb_position": 0.211915, "stoch_k": 14.845679, "stoch_d": 20.737917, "adx": 34.807427, "atr_14": 4.209042, "last_close": 137.0, "last_date": "2026-03-05"}