{"return_1d": -0.020563, "return_5d": -0.045932, "return_20d": -0.094942, "return_60d": -0.20697, "return_252d": -0.10147, "sma_20": 141.854, "sma_50": 156.7088, "sma_200": 159.650544, "price_vs_sma20": -0.026252, "price_vs_sma50": -0.118556, "price_vs_sma200": -0.134798, "volatility_20d": 0.396754, "volatility_60d": 0.306662, "drawdown": -0.371639, "max_drawdown_1y": -0.44234, "volume_ratio": 0.869894, "rsi_14": 35.453633, "macd": -3.813906, "macd_signal": -4.604554, "macd_histogram": 0.790648, "bb_width": 0.09456, "bb_position": 0.214889, "stoch_k": 17.199248, "stoch_d": 38.46278, "adx": 34.596346, "atr_14": 4.401014, "last_close": 138.13, "last_date": "2026-03-03"}