{"return_1d": -0.022804, "return_5d": -0.004269, "return_20d": -0.065366, "return_60d": -0.14903, "return_252d": -0.102686, "sma_20": 143.102, "sma_50": 158.093, "sma_200": 159.750604, "price_vs_sma20": -0.005814, "price_vs_sma50": -0.100087, "price_vs_sma200": -0.109424, "volatility_20d": 0.393873, "volatility_60d": 0.312589, "drawdown": -0.352806, "max_drawdown_1y": -0.44234, "volume_ratio": 0.507474, "rsi_14": 40.75629, "macd": -3.761239, "macd_signal": -5.08385, "macd_histogram": 1.322611, "bb_width": 0.122258, "bb_position": 0.452166, "stoch_k": 55.268199, "stoch_d": 79.885966, "adx": 34.030433, "atr_14": 4.291531, "last_close": 142.27, "last_date": "2026-02-27"}