{"return_1d": -0.022186, "return_5d": -0.003639, "return_20d": -0.064775, "return_60d": -0.148492, "return_252d": -0.102118, "sma_20": 143.1065, "sma_50": 158.0948, "sma_200": 159.751054, "price_vs_sma20": -0.005216, "price_vs_sma50": -0.099528, "price_vs_sma200": -0.108863, "volatility_20d": 0.393468, "volatility_60d": 0.31242, "drawdown": -0.352397, "max_drawdown_1y": -0.44234, "volume_ratio": 1.045978, "rsi_14": 40.873212, "macd": -3.754059, "macd_signal": -5.082414, "macd_histogram": 1.328355, "bb_width": 0.122157, "bb_position": 0.457074, "stoch_k": 56.130268, "stoch_d": 80.173322, "adx": 34.030433, "atr_14": 4.291531, "last_close": 142.36, "last_date": "2026-02-27"}