{"return_1d": -0.003013, "return_5d": -0.000542, "return_20d": 0.005217, "return_60d": -0.025237, "return_252d": 0.234988, "sma_20": 606.9665, "sma_50": 615.6418, "sma_200": 587.528816, "price_vs_sma20": 0.003202, "price_vs_sma50": -0.010935, "price_vs_sma200": 0.036392, "volatility_20d": 0.174436, "volatility_60d": 0.154296, "drawdown": -0.041014, "max_drawdown_1y": -0.227683, "volume_ratio": 1.252074, "rsi_14": 48.97038, "macd": -2.069455, "macd_signal": -2.692493, "macd_histogram": 0.623038, "bb_width": 0.033248, "bb_position": 0.595999, "stoch_k": 68.269231, "stoch_d": 60.588669, "adx": 16.703925, "atr_14": 10.516526, "last_close": 608.91, "last_date": "2026-03-05"}