{"return_1d": 0.015243, "return_5d": -0.009616, "return_20d": -0.009359, "return_60d": -0.018305, "return_252d": 0.234981, "sma_20": 606.8085, "sma_50": 615.78872, "sma_200": 587.082527, "price_vs_sma20": 0.006495, "price_vs_sma50": -0.008183, "price_vs_sma200": 0.040314, "volatility_20d": 0.185306, "volatility_60d": 0.154463, "drawdown": -0.038116, "max_drawdown_1y": -0.227683, "volume_ratio": 0.996043, "rsi_14": 50.248666, "macd": -2.319502, "macd_signal": -2.848252, "macd_histogram": 0.52875, "bb_width": 0.033057, "bb_position": 0.695223, "stoch_k": 75.641026, "stoch_d": 58.165868, "adx": 17.121803, "atr_14": 10.517797, "last_close": 610.75, "last_date": "2026-03-04"}