{"return_1d": -0.003201, "return_5d": -0.002497, "return_20d": -0.035175, "return_60d": -0.014741, "return_252d": 0.186198, "sma_20": 609.014, "sma_50": 615.758848, "sma_200": 585.720357, "price_vs_sma20": -0.002831, "price_vs_sma50": -0.013754, "price_vs_sma200": 0.036826, "volatility_20d": 0.186114, "volatility_60d": 0.150556, "drawdown": -0.043565, "max_drawdown_1y": -0.227683, "volume_ratio": 0.991288, "rsi_14": 47.135936, "macd": -2.575627, "macd_signal": -3.17901, "macd_histogram": 0.603383, "bb_width": 0.04801, "bb_position": 0.44087, "stoch_k": 57.692308, "stoch_d": 73.325062, "adx": 16.84413, "atr_14": 9.867012, "last_close": 607.29, "last_date": "2026-02-27"}