{"return_1d": -0.010706, "return_5d": -0.010348, "return_20d": -0.039224, "return_60d": -0.033944, "return_252d": 0.18982, "sma_20": 607.097, "sma_50": 615.740244, "sma_200": 586.615778, "price_vs_sma20": -0.009088, "price_vs_sma50": -0.022997, "price_vs_sma200": 0.025509, "volatility_20d": 0.182858, "volatility_60d": 0.151048, "drawdown": -0.052558, "max_drawdown_1y": -0.227683, "volume_ratio": 1.352923, "rsi_14": 43.413048, "macd": -2.79226, "macd_signal": -2.98044, "macd_histogram": 0.18818, "bb_width": 0.036011, "bb_position": 0.245334, "stoch_k": 37.85575, "stoch_d": 52.182962, "adx": 17.704886, "atr_14": 10.457628, "last_close": 601.58, "last_date": "2026-03-03"}