{"return_1d": -0.009591, "return_5d": -0.030663, "return_20d": 0.085494, "return_60d": -0.084786, "return_252d": -0.261903, "sma_20": 311.4, "sma_50": 305.838, "sma_200": 366.8915, "price_vs_sma20": -0.005138, "price_vs_sma50": 0.012955, "price_vs_sma200": -0.155609, "volatility_20d": 0.494273, "volatility_60d": 0.348108, "drawdown": -0.360084, "max_drawdown_1y": -0.420192, "volume_ratio": 0.13928, "rsi_14": 50.684457, "macd": 2.474661, "macd_signal": 2.879213, "macd_histogram": -0.404552, "bb_width": 0.153086, "bb_position": 0.466263, "stoch_k": 41.767068, "stoch_d": 34.805794, "adx": 21.432287, "atr_14": 8.738004, "last_close": 309.8, "last_date": "2026-03-05"}