{"return_1d": -0.023335, "return_5d": 0.032906, "return_20d": 0.101404, "return_60d": -0.064382, "return_252d": -0.297006, "sma_20": 308.17, "sma_50": 306.268, "sma_200": 368.923, "price_vs_sma20": 0.018594, "price_vs_sma50": 0.024919, "price_vs_sma200": -0.149145, "volatility_20d": 0.476862, "volatility_60d": 0.341315, "drawdown": -0.351615, "max_drawdown_1y": -0.420192, "volume_ratio": 0.150507, "rsi_14": 53.590118, "macd": 4.305969, "macd_signal": 3.124332, "macd_histogram": 1.181638, "bb_width": 0.192254, "bb_position": 0.594949, "stoch_k": 38.022814, "stoch_d": 66.795002, "adx": 25.46387, "atr_14": 8.897886, "last_close": 313.9, "last_date": "2026-03-02"}