{"return_1d": -0.006163, "return_5d": -0.031912, "return_20d": 0.084986, "return_60d": -0.075158, "return_252d": -0.315021, "sma_20": 309.09, "sma_50": 305.994, "sma_200": 368.22, "price_vs_sma20": -0.008703, "price_vs_sma50": 0.001327, "price_vs_sma200": -0.167889, "volatility_20d": 0.493443, "volatility_60d": 0.34737, "drawdown": -0.367107, "max_drawdown_1y": -0.420192, "volume_ratio": 0.077292, "rsi_14": 48.401053, "macd": 3.072819, "macd_signal": 3.042553, "macd_histogram": 0.030266, "bb_width": 0.180933, "bb_position": 0.451477, "stoch_k": 9.505703, "stoch_d": 36.211914, "adx": 23.612113, "atr_14": 8.642935, "last_close": 306.4, "last_date": "2026-03-03"}