{"return_1d": 0.009843, "return_5d": -0.036318, "return_20d": 0.06358, "return_60d": -0.094972, "return_252d": -0.280112, "sma_20": 309.93, "sma_50": 305.89, "sma_200": 367.5345, "price_vs_sma20": -0.006873, "price_vs_sma50": 0.006244, "price_vs_sma200": -0.162528, "volatility_20d": 0.489876, "volatility_60d": 0.343832, "drawdown": -0.364215, "max_drawdown_1y": -0.420192, "volume_ratio": 0.073764, "rsi_14": 49.54316, "macd": 2.434792, "macd_signal": 2.900579, "macd_histogram": -0.465788, "bb_width": 0.170749, "bb_position": 0.459472, "stoch_k": 28.282828, "stoch_d": 20.848445, "adx": 23.124775, "atr_14": 8.926092, "last_close": 307.8, "last_date": "2026-03-04"}