{"return_1d": 0.004219, "return_5d": -0.037337, "return_20d": 0.101068, "return_60d": -0.091069, "return_252d": -0.249369, "sma_20": 312.735, "sma_50": 305.536, "sma_200": 366.2485, "price_vs_sma20": -0.010664, "price_vs_sma50": 0.012647, "price_vs_sma200": -0.155218, "volatility_20d": 0.491237, "volatility_60d": 0.348735, "drawdown": -0.36091, "max_drawdown_1y": -0.420192, "volume_ratio": 0.048181, "rsi_14": 50.465319, "macd": 2.028586, "macd_signal": 2.68739, "macd_histogram": -0.658804, "bb_width": 0.124811, "bb_position": 0.413638, "stoch_k": 40.160643, "stoch_d": 40.072749, "adx": 19.789385, "atr_14": 8.631718, "last_close": 309.4, "last_date": "2026-03-06"}