{"return_1d": -0.01236, "return_5d": -0.100973, "return_20d": -0.142686, "return_60d": 0.111347, "return_252d": 0.224133, "sma_20": 313.902775, "sma_50": 302.609814, "sma_200": 299.392751, "price_vs_sma20": -0.114121, "price_vs_sma50": -0.081061, "price_vs_sma200": -0.071187, "volatility_20d": 0.464674, "volatility_60d": 0.589708, "drawdown": -0.230878, "max_drawdown_1y": -0.350226, "volume_ratio": 1.570385, "rsi_14": 36.072018, "macd": -5.747528, "macd_signal": -0.223231, "macd_histogram": -5.524297, "bb_width": 0.279757, "bb_position": 0.039523, "stoch_k": 20.223622, "stoch_d": 10.812882, "adx": 25.777761, "atr_14": 14.875209, "last_close": 278.08, "last_date": "2026-03-06"}