{"return_1d": 0.001562, "return_5d": -0.047994, "return_20d": -0.098009, "return_60d": 0.137592, "return_252d": 0.240074, "sma_20": 322.135, "sma_50": 304.786414, "sma_200": 300.501301, "price_vs_sma20": -0.064647, "price_vs_sma50": -0.011406, "price_vs_sma200": 0.002691, "volatility_20d": 0.44575, "volatility_60d": 0.583825, "drawdown": -0.171044, "max_drawdown_1y": -0.350226, "volume_ratio": 1.551819, "rsi_14": 44.365465, "macd": -0.217027, "macd_signal": 3.647205, "macd_histogram": -3.864231, "bb_width": 0.188275, "bb_position": 0.132905, "stoch_k": 24.164999, "stoch_d": 21.538427, "adx": 22.653418, "atr_14": 14.703716, "last_close": 301.31, "last_date": "2026-03-03"}