{"return_1d": -0.046796, "return_5d": -0.082396, "return_20d": -0.119771, "return_60d": 0.111543, "return_252d": 0.206458, "sma_20": 320.181, "sma_50": 304.815512, "sma_200": 300.698355, "price_vs_sma20": -0.102976, "price_vs_sma50": -0.057758, "price_vs_sma200": -0.044857, "volatility_20d": 0.466076, "volatility_60d": 0.590038, "drawdown": -0.209836, "max_drawdown_1y": -0.350226, "volume_ratio": 0.887124, "rsi_14": 38.805679, "macd": -2.212213, "macd_signal": 2.475321, "macd_histogram": -4.687534, "bb_width": 0.223461, "bb_position": -0.013725, "stoch_k": 2.60078, "stoch_d": 16.094386, "adx": 23.21423, "atr_14": 15.103451, "last_close": 287.21, "last_date": "2026-03-04"}