{"return_1d": -0.014449, "return_5d": -0.112498, "return_20d": -0.138719, "return_60d": 0.102327, "return_252d": 0.262874, "sma_20": 317.9015, "sma_50": 304.624876, "sma_200": 300.848359, "price_vs_sma20": -0.109598, "price_vs_sma50": -0.070792, "price_vs_sma200": -0.059127, "volatility_20d": 0.464292, "volatility_60d": 0.590793, "drawdown": -0.221253, "max_drawdown_1y": -0.350226, "volume_ratio": 1.283334, "rsi_14": 37.323145, "macd": -4.081236, "macd_signal": 1.16401, "macd_histogram": -5.245246, "bb_width": 0.251823, "bb_position": 0.011209, "stoch_k": 9.61433, "stoch_d": 12.126703, "adx": 24.243487, "atr_14": 14.839633, "last_close": 283.06, "last_date": "2026-03-05"}