{"return_1d": -0.02502, "return_5d": -0.013107, "return_20d": -0.10122, "return_60d": 0.170371, "return_252d": 0.290222, "sma_20": 324.9625, "sma_50": 304.0327, "sma_200": 299.963238, "price_vs_sma20": -0.04309, "price_vs_sma50": 0.022785, "price_vs_sma200": 0.03666, "volatility_20d": 0.495907, "volatility_60d": 0.579454, "drawdown": -0.144495, "max_drawdown_1y": -0.350226, "volume_ratio": 1.33339, "rsi_14": 48.430929, "macd": 2.353884, "macd_signal": 5.542309, "macd_histogram": -3.188425, "bb_width": 0.160767, "bb_position": 0.219905, "stoch_k": 18.932905, "stoch_d": 24.892934, "adx": 20.865241, "atr_14": 13.553718, "last_close": 310.96, "last_date": "2026-02-27"}