{"return_1d": 0.007396, "return_5d": 0.027977, "return_20d": 0.097527, "return_60d": 0.127755, "return_252d": 0.093106, "sma_20": 75.9835, "sma_50": 72.2662, "sma_200": 70.419382, "price_vs_sma20": 0.039699, "price_vs_sma50": 0.09318, "price_vs_sma200": 0.12185, "volatility_20d": 0.178474, "volatility_60d": 0.168239, "drawdown": 0.0, "max_drawdown_1y": -0.14957, "volume_ratio": 1.721857, "rsi_14": 70.511745, "macd": 1.770165, "macd_signal": 1.658832, "macd_histogram": 0.111334, "bb_width": 0.094297, "bb_position": 0.90493, "stoch_k": 98.181818, "stoch_d": 94.945074, "adx": 43.247971, "atr_14": 1.369074, "last_close": 79.0, "last_date": "2026-02-27"}