{"return_1d": -0.008196, "return_5d": -0.004304, "return_20d": 0.04213, "return_60d": 0.172039, "return_252d": 0.062425, "sma_20": 77.4735, "sma_50": 73.392, "sma_200": 70.630609, "price_vs_sma20": 0.015315, "price_vs_sma50": 0.071779, "price_vs_sma200": 0.113681, "volatility_20d": 0.14935, "volatility_60d": 0.161694, "drawdown": -0.013791, "max_drawdown_1y": -0.14957, "volume_ratio": 0.717234, "rsi_14": 63.789385, "macd": 1.743589, "macd_signal": 1.77372, "macd_histogram": -0.030131, "bb_width": 0.073691, "bb_position": 0.704692, "stoch_k": 76.061776, "stoch_d": 86.293436, "adx": 44.253861, "atr_14": 1.404321, "last_close": 78.66, "last_date": "2026-03-06"}