{"return_1d": -0.002006, "return_5d": 0.021429, "return_20d": 0.098082, "return_60d": 0.16544, "return_252d": 0.066131, "sma_20": 77.0615, "sma_50": 72.9858, "sma_200": 70.557697, "price_vs_sma20": 0.032941, "price_vs_sma50": 0.090623, "price_vs_sma200": 0.128155, "volatility_20d": 0.167064, "volatility_60d": 0.163323, "drawdown": -0.002006, "max_drawdown_1y": -0.14957, "volume_ratio": 1.123268, "rsi_14": 71.46835, "macd": 1.890349, "macd_signal": 1.764329, "macd_histogram": 0.126021, "bb_width": 0.078002, "bb_position": 0.908843, "stoch_k": 94.208494, "stoch_d": 94.851995, "adx": 45.291362, "atr_14": 1.42584, "last_close": 79.6, "last_date": "2026-03-04"}