{"return_1d": 0.005228, "return_5d": 0.025764, "return_20d": 0.095165, "return_60d": 0.125328, "return_252d": 0.090754, "sma_20": 75.975, "sma_50": 72.2628, "sma_200": 70.418532, "price_vs_sma20": 0.037578, "price_vs_sma50": 0.090879, "price_vs_sma200": 0.11945, "volatility_20d": 0.178209, "volatility_60d": 0.168004, "drawdown": 0.0, "max_drawdown_1y": -0.14957, "volume_ratio": 0.395978, "rsi_14": 70.003075, "macd": 1.756604, "macd_signal": 1.65612, "macd_histogram": 0.100485, "bb_width": 0.093818, "bb_position": 0.886038, "stoch_k": 94.320325, "stoch_d": 93.65791, "adx": 43.247928, "atr_14": 1.369067, "last_close": 78.83, "last_date": "2026-02-27"}