{"return_1d": 0.002766, "return_5d": 0.032225, "return_20d": 0.108086, "return_60d": 0.153256, "return_252d": 0.082759, "sma_20": 76.706, "sma_50": 72.748, "sma_200": 70.511646, "price_vs_sma20": 0.039814, "price_vs_sma50": 0.096388, "price_vs_sma200": 0.131161, "volatility_20d": 0.165302, "volatility_60d": 0.16596, "drawdown": 0.0, "max_drawdown_1y": -0.14957, "volume_ratio": 0.874017, "rsi_14": 72.783229, "macd": 1.886169, "macd_signal": 1.732823, "macd_histogram": 0.153346, "bb_width": 0.086947, "bb_position": 0.94038, "stoch_k": 97.297297, "stoch_d": 96.176436, "adx": 44.880937, "atr_14": 1.457059, "last_close": 79.76, "last_date": "2026-03-03"}