{"return_1d": -0.030538, "return_5d": -0.007161, "return_20d": 0.016638, "return_60d": 0.06068, "return_252d": 0.103198, "sma_20": 778.865005, "sma_50": 770.618184, "sma_200": 638.229607, "price_vs_sma20": -0.01567, "price_vs_sma50": -0.005136, "price_vs_sma200": 0.201229, "volatility_20d": 0.293763, "volatility_60d": 0.281245, "drawdown": -0.357743, "max_drawdown_1y": -0.59692, "volume_ratio": 0.848299, "rsi_14": 47.620813, "macd": 4.352589, "macd_signal": 5.940375, "macd_histogram": -1.587786, "bb_width": 0.06044, "bb_position": 0.236604, "stoch_k": 32.192538, "stoch_d": 50.881272, "adx": 10.414826, "atr_14": 22.923788, "last_close": 766.66, "last_date": "2026-03-03"}