{"return_1d": 0.014115, "return_5d": 0.002565, "return_20d": 0.04426, "return_60d": 0.043327, "return_252d": 0.11175, "sma_20": 775.72511, "sma_50": 769.355834, "sma_200": 636.138737, "price_vs_sma20": 0.007664, "price_vs_sma50": 0.016006, "price_vs_sma200": 0.228773, "volatility_20d": 0.277317, "volatility_60d": 0.27889, "drawdown": -0.345168, "max_drawdown_1y": -0.59692, "volume_ratio": 0.931091, "rsi_14": 52.992928, "macd": 5.381263, "macd_signal": 6.441023, "macd_histogram": -1.05976, "bb_width": 0.074816, "bb_position": 0.601655, "stoch_k": 53.682673, "stoch_d": 49.735895, "adx": 11.415073, "atr_14": 22.267766, "last_close": 781.67, "last_date": "2026-02-27"}