{"return_1d": 0.027183, "return_5d": 0.004106, "return_20d": 0.038551, "return_60d": 0.090824, "return_252d": 0.156136, "sma_20": 780.32661, "sma_50": 771.411974, "sma_200": 639.258053, "price_vs_sma20": 0.009193, "price_vs_sma50": 0.020855, "price_vs_sma200": 0.231897, "volatility_20d": 0.30792, "volatility_60d": 0.28621, "drawdown": -0.340284, "max_drawdown_1y": -0.59692, "volume_ratio": 0.861188, "rsi_14": 53.927236, "macd": 4.735436, "macd_signal": 5.699387, "macd_histogram": -0.963952, "bb_width": 0.054369, "bb_position": 0.667541, "stoch_k": 55.968043, "stoch_d": 51.643062, "adx": 10.134952, "atr_14": 23.240661, "last_close": 787.5, "last_date": "2026-03-04"}