{"return_1d": -0.02866, "return_5d": -0.007603, "return_20d": -0.011883, "return_60d": 0.066109, "return_252d": 0.138595, "sma_20": 779.86667, "sma_50": 771.369826, "sma_200": 640.127251, "price_vs_sma20": -0.019153, "price_vs_sma50": -0.008349, "price_vs_sma200": 0.194966, "volatility_20d": 0.317806, "volatility_60d": 0.292466, "drawdown": -0.359192, "max_drawdown_1y": -0.59692, "volume_ratio": 0.900611, "rsi_14": 47.286985, "macd": 3.180966, "macd_signal": 5.195703, "macd_histogram": -2.014737, "bb_width": 0.0583, "bb_position": 0.165061, "stoch_k": 18.495521, "stoch_d": 35.552034, "adx": 10.149034, "atr_14": 23.544185, "last_close": 764.93, "last_date": "2026-03-05"}