{"return_1d": 0.011693, "return_5d": 0.00479, "return_20d": 0.067855, "return_60d": 0.067064, "return_252d": 0.131408, "sma_20": 778.23765, "sma_50": 770.262768, "sma_200": 637.237585, "price_vs_sma20": 0.016155, "price_vs_sma50": 0.026676, "price_vs_sma200": 0.240997, "volatility_20d": 0.274787, "volatility_60d": 0.278681, "drawdown": -0.337511, "max_drawdown_1y": -0.59692, "volume_ratio": 1.05194, "rsi_14": 55.846441, "macd": 5.922518, "macd_signal": 6.337322, "macd_histogram": -0.414804, "bb_width": 0.063375, "bb_position": 0.750856, "stoch_k": 66.768605, "stoch_d": 52.852275, "adx": 10.733156, "atr_14": 22.357926, "last_close": 790.81, "last_date": "2026-03-02"}