{"return_1d": 0.003244, "return_5d": -0.03112, "return_20d": -0.058079, "return_60d": 0.063899, "return_252d": 0.253621, "sma_20": 29.27967, "sma_50": 28.408158, "sma_200": 25.341729, "price_vs_sma20": -0.049511, "price_vs_sma50": -0.020352, "price_vs_sma200": 0.098189, "volatility_20d": 0.324808, "volatility_60d": 0.270095, "drawdown": -0.092164, "max_drawdown_1y": -0.319004, "volume_ratio": 0.791447, "rsi_14": 42.791969, "macd": -0.166179, "macd_signal": 0.112485, "macd_histogram": -0.278664, "bb_width": 0.145074, "bb_position": 0.140942, "stoch_k": 18.466113, "stoch_d": 18.865813, "adx": 20.917357, "atr_14": 0.83258, "last_close": 27.83, "last_date": "2026-03-04"}