{"return_1d": -0.052112, "return_5d": -0.074185, "return_20d": -0.022136, "return_60d": 0.098697, "return_252d": 0.242034, "sma_20": 29.7165, "sma_50": 28.6458, "sma_200": 25.489757, "price_vs_sma20": -0.063483, "price_vs_sma50": -0.028479, "price_vs_sma200": 0.091811, "volatility_20d": 0.342975, "volatility_60d": 0.275205, "drawdown": -0.100808, "max_drawdown_1y": -0.319002, "volume_ratio": 1.458704, "rsi_14": 39.839854, "macd": 0.044529, "macd_signal": 0.331449, "macd_histogram": -0.28692, "bb_width": 0.126012, "bb_position": -0.037937, "stoch_k": 5.612245, "stoch_d": 20.332287, "adx": 20.542571, "atr_14": 0.844884, "last_close": 27.83, "last_date": "2026-02-27"}