{"return_1d": -0.008223, "return_5d": -0.015236, "return_20d": -0.038232, "return_60d": 0.068958, "return_252d": 0.232527, "sma_20": 29.36547, "sma_50": 28.396122, "sma_200": 25.310316, "price_vs_sma20": -0.055353, "price_vs_sma50": -0.023106, "price_vs_sma200": 0.095996, "volatility_20d": 0.338396, "volatility_60d": 0.270428, "drawdown": -0.095099, "max_drawdown_1y": -0.319004, "volume_ratio": 0.95852, "rsi_14": 41.930753, "macd": -0.112762, "macd_signal": 0.182151, "macd_histogram": -0.294913, "bb_width": 0.137547, "bb_position": 0.073989, "stoch_k": 16.307737, "stoch_d": 14.581133, "adx": 20.800729, "atr_14": 0.864316, "last_close": 27.74, "last_date": "2026-03-03"}