{"return_1d": 0.029412, "return_5d": -0.042681, "return_20d": -0.007479, "return_60d": 0.04119, "return_252d": 0.43548, "sma_20": 1644.925, "sma_50": 1719.22, "sma_200": 1735.115, "price_vs_sma20": -0.031871, "price_vs_sma50": -0.073708, "price_vs_sma200": -0.082193, "volatility_20d": 0.421763, "volatility_60d": 0.4575, "drawdown": -0.199145, "max_drawdown_1y": -0.274327, "volume_ratio": 1.131629, "rsi_14": 43.045613, "macd": -30.456483, "macd_signal": -22.354329, "macd_histogram": -8.102155, "bb_width": 0.138195, "bb_position": 0.261786, "stoch_k": 21.100917, "stoch_d": 20.395692, "adx": 18.150095, "atr_14": 67.967077, "last_close": 1592.5, "last_date": "2026-03-06"}