{"return_1d": -0.006272, "return_5d": -0.043966, "return_20d": -0.066236, "return_60d": 0.123607, "return_252d": 0.661122, "sma_20": 1662.875, "sma_50": 1713.75, "sma_200": 1739.5925, "price_vs_sma20": 0.000376, "price_vs_sma50": -0.029322, "price_vs_sma200": -0.043742, "volatility_20d": 0.438479, "volatility_60d": 0.433609, "drawdown": -0.16344, "max_drawdown_1y": -0.274327, "volume_ratio": 1.442079, "rsi_14": 46.230419, "macd": -11.835388, "macd_signal": -16.437989, "macd_histogram": 4.602601, "bb_width": 0.138048, "bb_position": 0.502722, "stoch_k": 51.789976, "stoch_d": 56.404137, "adx": 20.626269, "atr_14": 57.834032, "last_close": 1663.5, "last_date": "2026-02-27"}