{"return_1d": 0.032161, "return_5d": 0.00911, "return_20d": -0.00694, "return_60d": 0.185773, "return_252d": 0.507811, "sma_20": 1662.275, "sma_50": 1716.62, "sma_200": 1739.415, "price_vs_sma20": 0.032922, "price_vs_sma50": 0.000221, "price_vs_sma200": -0.012887, "volatility_20d": 0.44378, "volatility_60d": 0.434858, "drawdown": -0.136535, "max_drawdown_1y": -0.274327, "volume_ratio": 0.418612, "rsi_14": 52.372775, "macd": -8.192024, "macd_signal": -14.788796, "macd_histogram": 6.596772, "bb_width": 0.132267, "bb_position": 0.74097, "stoch_k": 77.326969, "stoch_d": 61.972951, "adx": 19.227475, "atr_14": 60.810173, "last_close": 1717.0, "last_date": "2026-03-02"}