{"return_1d": -0.005837, "return_5d": -0.061757, "return_20d": -0.080943, "return_60d": 0.085906, "return_252d": 0.449366, "sma_20": 1650.675, "sma_50": 1717.15, "sma_200": 1738.1575, "price_vs_sma20": -0.019795, "price_vs_sma50": -0.057741, "price_vs_sma200": -0.069129, "volatility_20d": 0.426048, "volatility_60d": 0.43024, "drawdown": -0.186321, "max_drawdown_1y": -0.274327, "volume_ratio": 0.231688, "rsi_14": 41.594912, "macd": -18.653958, "macd_signal": -16.704164, "macd_histogram": -1.949794, "bb_width": 0.126427, "bb_position": 0.340266, "stoch_k": 30.071599, "stoch_d": 38.822593, "adx": 18.118343, "atr_14": 61.117099, "last_close": 1618.0, "last_date": "2026-03-03"}