{"return_1d": 0.001831, "return_5d": -0.019415, "return_20d": 0.044876, "return_60d": 0.065909, "return_252d": 0.375987, "sma_20": 1650.25, "sma_50": 1720.45, "sma_200": 1736.5425, "price_vs_sma20": -0.005302, "price_vs_sma50": -0.045889, "price_vs_sma200": -0.054731, "volatility_20d": 0.359926, "volatility_60d": 0.438491, "drawdown": -0.174503, "max_drawdown_1y": -0.274327, "volume_ratio": 0.135855, "rsi_14": 45.917248, "macd": -21.312543, "macd_signal": -18.821098, "macd_histogram": -2.491446, "bb_width": 0.120962, "bb_position": 0.455933, "stoch_k": 39.853301, "stoch_d": 30.547759, "adx": 17.895396, "atr_14": 62.703556, "last_close": 1641.5, "last_date": "2026-03-05"}