{"return_1d": -0.00406, "return_5d": -0.059545, "return_20d": -0.085941, "return_60d": -0.001357, "return_252d": -0.230695, "sma_20": 80.544, "sma_50": 77.1912, "sma_200": 83.190766, "price_vs_sma20": -0.086214, "price_vs_sma50": -0.046523, "price_vs_sma200": -0.115286, "volatility_20d": 0.463438, "volatility_60d": 0.337667, "drawdown": -0.617724, "max_drawdown_1y": -0.626138, "volume_ratio": 0.031303, "rsi_14": 39.09119, "macd": -1.17642, "macd_signal": 0.125319, "macd_histogram": -1.301739, "bb_width": 0.242494, "bb_position": 0.110928, "stoch_k": 7.5, "stoch_d": 5.657895, "adx": 27.571688, "atr_14": 2.577975, "last_close": 73.6, "last_date": "2026-03-06"}