{"return_1d": 0.028654, "return_5d": -0.098802, "return_20d": 0.042355, "return_60d": 0.013993, "return_252d": -0.196701, "sma_20": 81.532, "sma_50": 77.2756, "sma_200": 83.537615, "price_vs_sma20": -0.040131, "price_vs_sma50": 0.012739, "price_vs_sma200": -0.063177, "volatility_20d": 0.477069, "volatility_60d": 0.329161, "drawdown": -0.59352, "max_drawdown_1y": -0.626138, "volume_ratio": 1.684123, "rsi_14": 46.060103, "macd": 0.761441, "macd_signal": 1.683831, "macd_histogram": -0.922389, "bb_width": 0.175853, "bb_position": 0.262248, "stoch_k": 22.31405, "stoch_d": 10.613312, "adx": 28.584647, "atr_14": 2.795763, "last_close": 78.26, "last_date": "2026-02-27"}