{"return_1d": -0.007307, "return_5d": -0.062612, "return_20d": -0.088922, "return_60d": -0.004613, "return_252d": -0.233204, "sma_20": 80.532, "sma_50": 77.1864, "sma_200": 83.189566, "price_vs_sma20": -0.089058, "price_vs_sma50": -0.049573, "price_vs_sma200": -0.118159, "volatility_20d": 0.463581, "volatility_60d": 0.337907, "drawdown": -0.61897, "max_drawdown_1y": -0.626138, "volume_ratio": 0.521481, "rsi_14": 38.692003, "macd": -1.195565, "macd_signal": 0.12149, "macd_histogram": -1.317055, "bb_width": 0.24432, "bb_position": 0.099852, "stoch_k": 5.921053, "stoch_d": 5.131579, "adx": 27.571688, "atr_14": 2.610832, "last_close": 73.36, "last_date": "2026-03-06"}