{"return_1d": 0.000551, "return_5d": -0.04469, "return_20d": -0.101163, "return_60d": -0.033768, "return_252d": -0.262226, "sma_20": 80.829, "sma_50": 77.1528, "sma_200": 83.255994, "price_vs_sma20": -0.100818, "price_vs_sma50": -0.057973, "price_vs_sma200": -0.12703, "volatility_20d": 0.45693, "volatility_60d": 0.338213, "drawdown": -0.622502, "max_drawdown_1y": -0.626138, "volume_ratio": 0.083416, "rsi_14": 36.467525, "macd": -1.00861, "macd_signal": 0.431289, "macd_histogram": -1.439899, "bb_width": 0.235443, "bb_position": 0.023785, "stoch_k": 1.447368, "stoch_d": 1.299199, "adx": 27.384356, "atr_14": 2.683973, "last_close": 72.68, "last_date": "2026-03-05"}