{"return_1d": -0.017721, "return_5d": -0.008667, "return_20d": 0.02387, "return_60d": 0.311613, "return_252d": 0.478422, "sma_20": 7169.6, "sma_50": 6667.86, "sma_200": 5271.81354, "price_vs_sma20": 0.005077, "price_vs_sma50": 0.080707, "price_vs_sma200": 0.366892, "volatility_20d": 0.310676, "volatility_60d": 0.274233, "drawdown": -0.034178, "max_drawdown_1y": -0.379579, "volume_ratio": 0.091537, "rsi_14": 56.457045, "macd": 184.424003, "macd_signal": 211.778417, "macd_histogram": -27.354414, "bb_width": 0.088693, "bb_position": 0.556953, "stoch_k": 74.191176, "stoch_d": 80.539216, "adx": 29.179016, "atr_14": 252.022664, "last_close": 7206.0, "last_date": "2026-03-03"}