{"return_1d": 0.007278, "return_5d": 0.029907, "return_20d": 0.088602, "return_60d": 0.354071, "return_252d": 0.523159, "sma_20": 7134.5, "sma_50": 6607.9, "sma_200": 5245.7027, "price_vs_sma20": 0.028103, "price_vs_sma50": 0.110035, "price_vs_sma200": 0.398287, "volatility_20d": 0.323658, "volatility_60d": 0.271356, "drawdown": -0.016888, "max_drawdown_1y": -0.379579, "volume_ratio": 1.035442, "rsi_14": 62.001517, "macd": 207.739796, "macd_signal": 222.828643, "macd_histogram": -15.088847, "bb_width": 0.095191, "bb_position": 0.787157, "stoch_k": 83.676471, "stoch_d": 85.465686, "adx": 32.040925, "atr_14": 261.543698, "last_close": 7335.0, "last_date": "2026-02-27"}