{"return_1d": 0.014439, "return_5d": -0.061018, "return_20d": 0.006493, "return_60d": 0.245918, "return_252d": 0.437912, "sma_20": 7171.407175, "sma_50": 6725.379858, "sma_200": 5304.199353, "price_vs_sma20": -0.039937, "price_vs_sma50": 0.023734, "price_vs_sma200": 0.298028, "volatility_20d": 0.378832, "volatility_60d": 0.307316, "drawdown": -0.076875, "max_drawdown_1y": -0.379579, "volume_ratio": 0.043498, "rsi_14": 46.32774, "macd": 86.119798, "macd_signal": 163.79169, "macd_histogram": -77.671892, "bb_width": 0.09058, "bb_position": 0.040752, "stoch_k": 50.767146, "stoch_d": 55.780191, "adx": 30.040226, "atr_14": 255.243973, "last_close": 6885.0, "last_date": "2026-03-06"}