{"return_1d": 0.005735, "return_5d": 0.030029, "return_20d": 0.084544, "return_60d": 0.34031, "return_252d": 0.539723, "sma_20": 7163.253245, "sma_50": 6640.381298, "sma_200": 5259.213461, "price_vs_sma20": 0.029848, "price_vs_sma50": 0.11094, "price_vs_sma200": 0.402694, "volatility_20d": 0.323155, "volatility_60d": 0.270416, "drawdown": -0.01125, "max_drawdown_1y": -0.379579, "volume_ratio": 0.066958, "rsi_14": 63.096484, "macd": 205.046361, "macd_signal": 219.272187, "macd_histogram": -14.225826, "bb_width": 0.08919, "bb_position": 0.824961, "stoch_k": 86.769478, "stoch_d": 83.408453, "adx": 30.148158, "atr_14": 253.784755, "last_close": 7377.0649, "last_date": "2026-03-02"}