{"return_1d": -0.038515, "return_5d": -0.029888, "return_20d": -0.084005, "return_60d": -0.011435, "return_252d": 0.02755, "sma_20": 161.5675, "sma_50": 164.588796, "sma_200": 160.738715, "price_vs_sma20": -0.049747, "price_vs_sma50": -0.06719, "price_vs_sma200": -0.044847, "volatility_20d": 0.41869, "volatility_60d": 0.299212, "drawdown": -0.124324, "max_drawdown_1y": -0.281182, "volume_ratio": 0.443741, "rsi_14": 38.90879, "macd": -2.869594, "macd_signal": -2.299935, "macd_histogram": -0.569659, "bb_width": 0.154369, "bb_position": 0.160869, "stoch_k": 9.207048, "stoch_d": 24.1153, "adx": 27.868608, "atr_14": 5.001487, "last_close": 153.53, "last_date": "2026-02-27"}