{"return_1d": 0.008754, "return_5d": 0.008424, "return_20d": -0.068974, "return_60d": -0.004491, "return_252d": 0.031191, "sma_20": 160.973, "sma_50": 164.439888, "sma_200": 160.750628, "price_vs_sma20": -0.040709, "price_vs_sma50": -0.060933, "price_vs_sma200": -0.039382, "volatility_20d": 0.423593, "volatility_60d": 0.301342, "drawdown": -0.119248, "max_drawdown_1y": -0.281182, "volume_ratio": 0.738925, "rsi_14": 40.659895, "macd": -3.006985, "macd_signal": -2.447088, "macd_histogram": -0.559896, "bb_width": 0.157048, "bb_position": 0.229788, "stoch_k": 17.524049, "stoch_d": 19.782816, "adx": 28.968418, "atr_14": 5.064238, "last_close": 154.42, "last_date": "2026-03-02"}