{"return_1d": -0.004274, "return_5d": -0.011063, "return_20d": -0.081152, "return_60d": -0.02841, "return_252d": 0.007266, "sma_20": 160.294, "sma_50": 164.305716, "sma_200": 160.765698, "price_vs_sma20": -0.040763, "price_vs_sma50": -0.064184, "price_vs_sma200": -0.043577, "volatility_20d": 0.42116, "volatility_60d": 0.298521, "drawdown": -0.123012, "max_drawdown_1y": -0.281182, "volume_ratio": 0.606831, "rsi_14": 39.902861, "macd": -3.104884, "macd_signal": -2.578647, "macd_histogram": -0.526237, "bb_width": 0.157965, "bb_position": 0.230986, "stoch_k": 27.816092, "stoch_d": 17.521603, "adx": 30.003959, "atr_14": 5.023935, "last_close": 153.76, "last_date": "2026-03-03"}