{"return_1d": -0.027191, "return_5d": -0.006729, "return_20d": -0.091914, "return_60d": -0.070814, "return_252d": 0.056806, "sma_20": 158.341, "sma_50": 163.843418, "sma_200": 160.806703, "price_vs_sma20": -0.039731, "price_vs_sma50": -0.07198, "price_vs_sma200": -0.054455, "volatility_20d": 0.42323, "volatility_60d": 0.300574, "drawdown": -0.132765, "max_drawdown_1y": -0.281182, "volume_ratio": 0.798446, "rsi_14": 38.833478, "macd": -2.974071, "macd_signal": -2.740858, "macd_histogram": -0.233213, "bb_width": 0.142211, "bb_position": 0.209062, "stoch_k": 16.768559, "stoch_d": 40.989811, "adx": 31.240802, "atr_14": 4.917035, "last_close": 152.05, "last_date": "2026-03-06"}