{"return_1d": 0.001153, "return_5d": -0.021167, "return_20d": -0.079993, "return_60d": -0.038636, "return_252d": 0.098325, "sma_20": 159.1105, "sma_50": 164.111254, "sma_200": 160.808206, "price_vs_sma20": -0.017664, "price_vs_sma50": -0.047597, "price_vs_sma200": -0.028035, "volatility_20d": 0.416507, "volatility_60d": 0.29595, "drawdown": -0.108525, "max_drawdown_1y": -0.281182, "volume_ratio": 1.01558, "rsi_14": 44.229852, "macd": -2.794747, "macd_signal": -2.682554, "macd_histogram": -0.112193, "bb_width": 0.142008, "bb_position": 0.373378, "stoch_k": 53.886463, "stoch_d": 44.672322, "adx": 30.540853, "atr_14": 4.847577, "last_close": 156.3, "last_date": "2026-03-05"}