{"return_1d": -0.042893, "return_5d": -0.058255, "return_20d": 0.02115, "return_60d": -0.006456, "return_252d": 0.331389, "sma_20": 363.223, "sma_50": 362.722336, "sma_200": 319.114193, "price_vs_sma20": -0.001715, "price_vs_sma50": -0.000337, "price_vs_sma200": 0.13627, "volatility_20d": 0.358888, "volatility_60d": 0.283567, "drawdown": -0.058255, "max_drawdown_1y": -0.361754, "volume_ratio": 1.057665, "rsi_14": 48.251344, "macd": 4.065766, "macd_signal": 3.423445, "macd_histogram": 0.642321, "bb_width": 0.138092, "bb_position": 0.487558, "stoch_k": 49.206046, "stoch_d": 70.677133, "adx": 13.402186, "atr_14": 12.479245, "last_close": 362.6, "last_date": "2026-02-27"}