{"return_1d": -0.002965, "return_5d": -0.045774, "return_20d": 0.016298, "return_60d": 0.010508, "return_252d": 0.388773, "sma_20": 363.7645, "sma_50": 362.172754, "sma_200": 320.481875, "price_vs_sma20": -0.010871, "price_vs_sma50": -0.006524, "price_vs_sma200": 0.122716, "volatility_20d": 0.372989, "volatility_60d": 0.284428, "drawdown": -0.065501, "max_drawdown_1y": -0.361754, "volume_ratio": 0.566644, "rsi_14": 47.32784, "macd": 1.154069, "macd_signal": 2.595585, "macd_histogram": -1.441516, "bb_width": 0.136216, "bb_position": 0.419316, "stoch_k": 39.417716, "stoch_d": 32.653528, "adx": 15.194976, "atr_14": 13.200227, "last_close": 359.81, "last_date": "2026-03-04"}