{"return_1d": -0.042612, "return_5d": -0.066851, "return_20d": -0.000886, "return_60d": -0.04832, "return_252d": 0.368087, "sma_20": 363.6855, "sma_50": 361.448618, "sma_200": 321.204214, "price_vs_sma20": -0.069636, "price_vs_sma50": -0.063878, "price_vs_sma200": 0.053411, "volatility_20d": 0.374849, "volatility_60d": 0.284616, "drawdown": -0.121211, "max_drawdown_1y": -0.361754, "volume_ratio": 1.014104, "rsi_14": 36.910191, "macd": -1.900339, "macd_signal": 1.299636, "macd_histogram": -3.199974, "bb_width": 0.14581, "bb_position": -0.013324, "stoch_k": 2.420749, "stoch_d": 22.687294, "adx": 17.303912, "atr_14": 13.200859, "last_close": 338.36, "last_date": "2026-03-06"}