{"return_1d": -0.023359, "return_5d": -0.029887, "return_20d": 0.002037, "return_60d": -0.002426, "return_252d": 0.324592, "sma_20": 363.259, "sma_50": 362.43739, "sma_200": 319.547833, "price_vs_sma20": -0.025131, "price_vs_sma50": -0.022921, "price_vs_sma200": 0.108222, "volatility_20d": 0.368985, "volatility_60d": 0.282053, "drawdown": -0.080253, "max_drawdown_1y": -0.361754, "volume_ratio": 0.831532, "rsi_14": 43.786568, "macd": 2.51616, "macd_signal": 3.241988, "macd_histogram": -0.725828, "bb_width": 0.141087, "bb_position": 0.317286, "stoch_k": 16.915777, "stoch_d": 48.805482, "adx": 13.968383, "atr_14": 12.702157, "last_close": 354.13, "last_date": "2026-03-02"}