{"return_1d": -0.017759, "return_5d": -0.067124, "return_20d": -0.003609, "return_60d": -0.038286, "return_252d": 0.416144, "sma_20": 363.7005, "sma_50": 362.008866, "sma_200": 320.888475, "price_vs_sma20": -0.028266, "price_vs_sma50": -0.023726, "price_vs_sma200": 0.10138, "volatility_20d": 0.378897, "volatility_60d": 0.278957, "drawdown": -0.082097, "max_drawdown_1y": -0.361754, "volume_ratio": 0.794506, "rsi_14": 43.831306, "macd": 0.115804, "macd_signal": 2.099629, "macd_histogram": -1.983825, "bb_width": 0.13925, "bb_position": 0.291105, "stoch_k": 26.223415, "stoch_d": 35.756074, "adx": 15.913215, "atr_14": 12.960925, "last_close": 353.42, "last_date": "2026-03-05"}