{"return_1d": 0.019061, "return_5d": -0.035415, "return_20d": 0.012173, "return_60d": 0.010174, "return_252d": 0.347798, "sma_20": 363.476, "sma_50": 362.359062, "sma_200": 320.016415, "price_vs_sma20": -0.007142, "price_vs_sma50": -0.004082, "price_vs_sma200": 0.127692, "volatility_20d": 0.373846, "volatility_60d": 0.284445, "drawdown": -0.062722, "max_drawdown_1y": -0.361754, "volume_ratio": 1.438333, "rsi_14": 47.922253, "macd": 1.811869, "macd_signal": 2.955964, "macd_histogram": -1.144096, "bb_width": 0.137549, "bb_position": 0.447702, "stoch_k": 41.627091, "stoch_d": 35.916304, "adx": 14.880397, "atr_14": 13.36486, "last_close": 360.88, "last_date": "2026-03-03"}