{"return_1d": -0.042444, "return_5d": -0.057814, "return_20d": 0.021628, "return_60d": -0.00599, "return_252d": 0.332013, "sma_20": 363.2315, "sma_50": 362.725736, "sma_200": 319.115043, "price_vs_sma20": -0.001271, "price_vs_sma50": 0.000122, "price_vs_sma200": 0.1368, "volatility_20d": 0.358158, "volatility_60d": 0.283278, "drawdown": -0.057814, "max_drawdown_1y": -0.361754, "volume_ratio": 0.59717, "rsi_14": 48.343214, "macd": 4.079327, "macd_signal": 3.426158, "macd_histogram": 0.65317, "bb_width": 0.138024, "bb_position": 0.490783, "stoch_k": 49.53128, "stoch_d": 70.785545, "adx": 13.367484, "atr_14": 12.44746, "last_close": 362.77, "last_date": "2026-02-27"}