{"return_1d": 0.002981, "return_5d": 0.025819, "return_20d": 0.032775, "return_60d": 0.032365, "return_252d": 0.121307, "sma_20": 258.92702, "sma_50": 254.110692, "sma_200": 259.557234, "price_vs_sma20": 0.000475, "price_vs_sma50": 0.019438, "price_vs_sma200": -0.001954, "volatility_20d": 0.376619, "volatility_60d": 0.270715, "drawdown": -0.113922, "max_drawdown_1y": -0.290743, "volume_ratio": 0.566877, "rsi_14": 52.529082, "macd": 0.424529, "macd_signal": 0.551304, "macd_histogram": -0.126776, "bb_width": 0.100171, "bb_position": 0.504739, "stoch_k": 81.113801, "stoch_d": 64.993659, "adx": 10.356931, "atr_14": 6.798711, "last_close": 259.05, "last_date": "2026-03-04"}