{"return_1d": 0.003458, "return_5d": 0.026428, "return_20d": 0.016245, "return_60d": 0.029583, "return_252d": 0.115963, "sma_20": 258.51597, "sma_50": 253.769482, "sma_200": 259.496494, "price_vs_sma20": -0.000913, "price_vs_sma50": 0.017774, "price_vs_sma200": -0.004688, "volatility_20d": 0.380291, "volatility_60d": 0.270673, "drawdown": -0.116556, "max_drawdown_1y": -0.290743, "volume_ratio": 1.021764, "rsi_14": 51.753176, "macd": 0.278316, "macd_signal": 0.582998, "macd_histogram": -0.304682, "bb_width": 0.104115, "bb_position": 0.491225, "stoch_k": 76.452785, "stoch_d": 49.226784, "adx": 11.118143, "atr_14": 6.87015, "last_close": 258.28, "last_date": "2026-03-03"}