{"return_1d": -0.009596, "return_5d": -0.013229, "return_20d": -0.050905, "return_60d": 0.013661, "return_252d": 0.139888, "sma_20": 257.893775, "sma_50": 254.465016, "sma_200": 259.590029, "price_vs_sma20": -0.01948, "price_vs_sma50": -0.006268, "price_vs_sma200": -0.025887, "volatility_20d": 0.337353, "volatility_60d": 0.26492, "drawdown": -0.135061, "max_drawdown_1y": -0.290743, "volume_ratio": 0.843633, "rsi_14": 45.947497, "macd": -0.108607, "macd_signal": 0.368985, "macd_histogram": -0.477592, "bb_width": 0.100139, "bb_position": 0.301605, "stoch_k": 33.760684, "stoch_d": 57.318229, "adx": 10.615609, "atr_14": 6.911644, "last_close": 252.87, "last_date": "2026-03-06"}