{"return_1d": -0.003112, "return_5d": -0.011037, "return_20d": -0.002936, "return_60d": 0.034115, "return_252d": 0.102091, "sma_20": 258.325685, "sma_50": 253.298882, "sma_200": 259.374649, "price_vs_sma20": -0.007996, "price_vs_sma50": 0.01169, "price_vs_sma200": -0.012008, "volatility_20d": 0.383591, "volatility_60d": 0.271202, "drawdown": -0.123465, "max_drawdown_1y": -0.290743, "volume_ratio": 0.836149, "rsi_14": 49.835643, "macd": 0.110954, "macd_signal": 0.782449, "macd_histogram": -0.671495, "bb_width": 0.105955, "bb_position": 0.423922, "stoch_k": 33.813177, "stoch_d": 30.700622, "adx": 12.42445, "atr_14": 6.872541, "last_close": 256.26, "last_date": "2026-02-27"}