{"return_1d": -0.010422, "return_5d": -0.064183, "return_20d": -0.025453, "return_60d": -0.08013, "return_252d": -0.239137, "sma_20": 2068.97162, "sma_50": 2097.364674, "sma_200": 2163.504946, "price_vs_sma20": -0.059194, "price_vs_sma50": -0.071931, "price_vs_sma200": -0.100302, "volatility_20d": 0.285101, "volatility_60d": 0.24809, "drawdown": -0.30555, "max_drawdown_1y": -0.30555, "volume_ratio": 0.118117, "rsi_14": 32.758153, "macd": -25.28309, "macd_signal": -12.893661, "macd_histogram": -12.38943, "bb_width": 0.10551, "bb_position": -0.096333, "stoch_k": 3.825998, "stoch_d": 6.799094, "adx": 14.650998, "atr_14": 52.045064, "last_close": 1946.5, "last_date": "2026-03-03"}