{"return_1d": -0.001054, "return_5d": -0.080747, "return_20d": -0.066376, "return_60d": -0.122437, "return_252d": -0.240285, "sma_20": 2059.783575, "sma_50": 2092.35258, "sma_200": 2160.900078, "price_vs_sma20": -0.079758, "price_vs_sma50": -0.094082, "price_vs_sma200": -0.122819, "volatility_20d": 0.300563, "volatility_60d": 0.252826, "drawdown": -0.323745, "max_drawdown_1y": -0.323745, "volume_ratio": 0.085299, "rsi_14": 28.860208, "macd": -38.060453, "macd_signal": -18.552433, "macd_histogram": -19.508021, "bb_width": 0.144697, "bb_position": -0.098978, "stoch_k": 4.263689, "stoch_d": 3.473372, "adx": 17.128849, "atr_14": 53.878579, "last_close": 1895.5, "last_date": "2026-03-04"}