{"return_1d": -0.00534, "return_5d": -0.02983, "return_20d": 0.012214, "return_60d": -0.03032, "return_252d": -0.227143, "sma_20": 2074.5269, "sma_50": 2104.096262, "sma_200": 2168.545006, "price_vs_sma20": -0.012305, "price_vs_sma50": -0.026185, "price_vs_sma200": -0.055127, "volatility_20d": 0.248441, "volatility_60d": 0.234694, "drawdown": -0.268981, "max_drawdown_1y": -0.287413, "volume_ratio": 1.467917, "rsi_14": 43.980643, "macd": -9.74129, "macd_signal": -7.83251, "macd_histogram": -1.908781, "bb_width": 0.079991, "bb_position": 0.344254, "stoch_k": 14.868213, "stoch_d": 22.869199, "adx": 12.150326, "atr_14": 51.217943, "last_close": 2049.0, "last_date": "2026-02-27"}