{"return_1d": -0.00544, "return_5d": -0.068204, "return_20d": -0.061015, "return_60d": -0.09757, "return_252d": -0.221724, "sma_20": 2055.27216, "sma_50": 2089.390714, "sma_200": 2158.752895, "price_vs_sma20": -0.06606, "price_vs_sma50": -0.081311, "price_vs_sma200": -0.110829, "volatility_20d": 0.307348, "volatility_60d": 0.254436, "drawdown": -0.315183, "max_drawdown_1y": -0.323032, "volume_ratio": 0.123799, "rsi_14": 33.493863, "macd": -40.535596, "macd_signal": -22.508723, "macd_histogram": -18.026873, "bb_width": 0.149486, "bb_position": 0.026825, "stoch_k": 13.508443, "stoch_d": 11.494531, "adx": 18.862503, "atr_14": 53.70613, "last_close": 1919.5, "last_date": "2026-03-05"}