{"return_1d": 0.00816, "return_5d": -0.02926, "return_20d": -0.006378, "return_60d": 0.143632, "return_252d": 0.240864, "sma_20": 362.655, "sma_50": 349.186, "sma_200": 291.396, "price_vs_sma20": -0.012009, "price_vs_sma50": 0.026101, "price_vs_sma200": 0.229598, "volatility_20d": 0.172534, "volatility_60d": 0.186894, "drawdown": -0.041979, "max_drawdown_1y": -0.344206, "volume_ratio": 0.089078, "rsi_14": 49.810863, "macd": 3.937615, "macd_signal": 6.01849, "macd_histogram": -2.080875, "bb_width": 0.069906, "bb_position": 0.326129, "stoch_k": 27.192982, "stoch_d": 32.462075, "adx": 30.35128, "atr_14": 7.114912, "last_close": 358.3, "last_date": "2026-03-04"}