{"return_1d": -0.016533, "return_5d": -0.045722, "return_20d": 0.012482, "return_60d": 0.155016, "return_252d": 0.229421, "sma_20": 362.845, "sma_50": 348.458, "sma_200": 290.897, "price_vs_sma20": -0.016384, "price_vs_sma50": 0.024227, "price_vs_sma200": 0.226895, "volatility_20d": 0.183693, "volatility_60d": 0.186047, "drawdown": -0.045722, "max_drawdown_1y": -0.344206, "volume_ratio": 0.078403, "rsi_14": 48.133925, "macd": 4.832128, "macd_signal": 6.56264, "macd_histogram": -1.730512, "bb_width": 0.068597, "bb_position": 0.257172, "stoch_k": 12.621359, "stoch_d": 46.396542, "adx": 31.817261, "atr_14": 6.909466, "last_close": 356.9, "last_date": "2026-03-03"}