{"return_1d": -0.012542, "return_5d": -0.025578, "return_20d": -0.012267, "return_60d": 0.129063, "return_252d": 0.22332, "sma_20": 362.46, "sma_50": 349.94, "sma_200": 291.8715, "price_vs_sma20": -0.022513, "price_vs_sma50": 0.012459, "price_vs_sma200": 0.21389, "volatility_20d": 0.178193, "volatility_60d": 0.189568, "drawdown": -0.052674, "max_drawdown_1y": -0.344206, "volume_ratio": 0.094506, "rsi_14": 45.882522, "macd": 2.997368, "macd_signal": 5.420647, "macd_histogram": -2.423279, "bb_width": 0.072883, "bb_position": 0.183998, "stoch_k": 9.649123, "stoch_d": 17.836257, "adx": 28.243107, "atr_14": 7.205684, "last_close": 354.3, "last_date": "2026-03-05"}