{"return_1d": -0.029303, "return_5d": -0.0703, "return_20d": -0.042649, "return_60d": 0.10029, "return_252d": 0.164852, "sma_20": 361.56, "sma_50": 350.318, "sma_200": 292.2635, "price_vs_sma20": -0.056312, "price_vs_sma50": -0.026028, "price_vs_sma200": 0.16744, "volatility_20d": 0.211947, "volatility_60d": 0.20128, "drawdown": -0.087701, "max_drawdown_1y": -0.344206, "volume_ratio": 1.246209, "rsi_14": 36.079159, "macd": 0.977832, "macd_signal": 4.496346, "macd_histogram": -3.518514, "bb_width": 0.09401, "bb_position": -0.134737, "stoch_k": 5.337079, "stoch_d": 12.940468, "adx": 28.726212, "atr_14": 7.741502, "last_close": 341.2, "last_date": "2026-03-06"}