{"return_1d": -0.033119, "return_5d": -0.016778, "return_20d": -0.068196, "return_60d": -0.001214, "return_252d": 0.409053, "sma_20": 403.69261, "sma_50": 406.371654, "sma_200": 361.79761, "price_vs_sma20": -0.012863, "price_vs_sma50": -0.019371, "price_vs_sma200": 0.101445, "volatility_20d": 0.422903, "volatility_60d": 0.311462, "drawdown": -0.070708, "max_drawdown_1y": -0.348359, "volume_ratio": 0.656431, "rsi_14": 46.937544, "macd": -1.302633, "macd_signal": -2.078133, "macd_histogram": 0.7755, "bb_width": 0.122685, "bb_position": 0.39379, "stoch_k": 49.03369, "stoch_d": 64.37356, "adx": 12.574518, "atr_14": 14.595287, "last_close": 398.5, "last_date": "2026-03-03"}