{"return_1d": -0.038018, "return_5d": -0.047294, "return_20d": -0.106037, "return_60d": -0.04756, "return_252d": 0.396932, "sma_20": 401.419065, "sma_50": 406.233358, "sma_200": 362.198304, "price_vs_sma20": -0.045013, "price_vs_sma50": -0.056331, "price_vs_sma200": 0.058398, "volatility_20d": 0.43975, "volatility_60d": 0.320568, "drawdown": -0.106037, "max_drawdown_1y": -0.34836, "volume_ratio": 1.074352, "rsi_14": 40.687238, "macd": -2.790281, "macd_signal": -2.220563, "macd_histogram": -0.569718, "bb_width": 0.120489, "bb_position": 0.108804, "stoch_k": 18.985601, "stoch_d": 48.28267, "adx": 13.054796, "atr_14": 15.136338, "last_close": 383.35, "last_date": "2026-03-04"}