{"return_1d": -0.009361, "return_5d": 0.025264, "return_20d": -0.041865, "return_60d": 0.048479, "return_252d": 0.441, "sma_20": 405.5529, "sma_50": 405.916336, "sma_200": 360.778101, "price_vs_sma20": 0.004678, "price_vs_sma50": 0.003778, "price_vs_sma200": 0.129365, "volatility_20d": 0.412831, "volatility_60d": 0.306447, "drawdown": -0.049836, "max_drawdown_1y": -0.348359, "volume_ratio": 0.88776, "rsi_14": 51.576437, "macd": -1.824912, "macd_signal": -2.608147, "macd_histogram": 0.783236, "bb_width": 0.13293, "bb_position": 0.535026, "stoch_k": 67.25827, "stoch_d": 66.430188, "adx": 13.651257, "atr_14": 13.982996, "last_close": 407.45, "last_date": "2026-02-27"}