{"return_1d": -0.022906, "return_5d": -0.09233, "return_20d": -0.087499, "return_60d": -0.077335, "return_252d": 0.37214, "sma_20": 397.15331, "sma_50": 405.365542, "sma_200": 362.893845, "price_vs_sma20": -0.068798, "price_vs_sma50": -0.087663, "price_vs_sma200": 0.019113, "volatility_20d": 0.407973, "volatility_60d": 0.324559, "drawdown": -0.137565, "max_drawdown_1y": -0.34836, "volume_ratio": 0.846725, "rsi_14": 35.870249, "macd": -6.144789, "macd_signal": -3.339864, "macd_histogram": -2.804925, "bb_width": 0.134343, "bb_position": -0.049942, "stoch_k": 8.038585, "stoch_d": 12.558204, "adx": 15.470221, "atr_14": 14.68919, "last_close": 369.83, "last_date": "2026-03-06"}