{"return_1d": -0.012652, "return_5d": -0.079747, "return_20d": -0.116382, "return_60d": -0.06054, "return_252d": 0.434661, "sma_20": 398.92644, "sma_50": 405.913356, "sma_200": 362.568887, "price_vs_sma20": -0.051204, "price_vs_sma50": -0.067535, "price_vs_sma200": 0.04394, "volatility_20d": 0.440225, "volatility_60d": 0.321495, "drawdown": -0.117347, "max_drawdown_1y": -0.34836, "volume_ratio": 0.850052, "rsi_14": 38.901329, "macd": -4.310913, "macd_signal": -2.638633, "macd_histogram": -1.672281, "bb_width": 0.11437, "bb_position": 0.028138, "stoch_k": 10.650427, "stoch_d": 26.223239, "adx": 14.006985, "atr_14": 14.863743, "last_close": 378.5, "last_date": "2026-03-05"}