{"return_1d": -0.011662, "return_5d": -0.002602, "return_20d": -0.049716, "return_60d": -0.004413, "return_252d": 0.162236, "sma_20": 61.44673, "sma_50": 61.351342, "sma_200": 58.156843, "price_vs_sma20": -0.020778, "price_vs_sma50": -0.019255, "price_vs_sma200": 0.034616, "volatility_20d": 0.437515, "volatility_60d": 0.285656, "drawdown": -0.079992, "max_drawdown_1y": -0.114939, "volume_ratio": 0.46557, "rsi_14": 45.364675, "macd": -0.484035, "macd_signal": -0.370562, "macd_histogram": -0.113473, "bb_width": 0.146274, "bb_position": 0.354938, "stoch_k": 46.312597, "stoch_d": 50.747778, "adx": 27.650354, "atr_14": 1.447726, "last_close": 60.17, "last_date": "2026-03-03"}