{"return_1d": 0.001891, "return_5d": -0.042864, "return_20d": -0.093271, "return_60d": -0.03441, "return_252d": 0.121021, "sma_20": 60.65011, "sma_50": 61.223512, "sma_200": 58.182921, "price_vs_sma20": -0.039078, "price_vs_sma50": -0.048078, "price_vs_sma200": 0.001669, "volatility_20d": 0.447035, "volatility_60d": 0.291408, "drawdown": -0.10889, "max_drawdown_1y": -0.114939, "volume_ratio": 0.507689, "rsi_14": 38.972172, "macd": -0.844979, "macd_signal": -0.566499, "macd_histogram": -0.27848, "bb_width": 0.156117, "bb_position": 0.239505, "stoch_k": 27.456452, "stoch_d": 31.731923, "adx": 30.011282, "atr_14": 1.502444, "last_close": 58.28, "last_date": "2026-03-06"}