{"return_1d": -0.000164, "return_5d": 0.011339, "return_20d": -0.035922, "return_60d": 0.002704, "return_252d": 0.1986, "sma_20": 61.604125, "sma_50": 61.349098, "sma_200": 58.128338, "price_vs_sma20": -0.011754, "price_vs_sma50": -0.007646, "price_vs_sma200": 0.047338, "volatility_20d": 0.436347, "volatility_60d": 0.28478, "drawdown": -0.069136, "max_drawdown_1y": -0.114939, "volume_ratio": 0.490427, "rsi_14": 48.478661, "macd": -0.476416, "macd_signal": -0.342194, "macd_histogram": -0.134222, "bb_width": 0.145591, "bb_position": 0.418303, "stoch_k": 52.918845, "stoch_d": 49.476152, "adx": 27.876472, "atr_14": 1.453705, "last_close": 60.88, "last_date": "2026-03-02"}