{"return_1d": 0.002931, "return_5d": -0.026606, "return_20d": -0.081302, "return_60d": -0.049732, "return_252d": 0.120822, "sma_20": 60.94986, "sma_50": 61.277014, "sma_200": 58.176106, "price_vs_sma20": -0.045609, "price_vs_sma50": -0.050704, "price_vs_sma200": -0.000105, "volatility_20d": 0.451975, "volatility_60d": 0.29269, "drawdown": -0.110572, "max_drawdown_1y": -0.114939, "volume_ratio": 0.948461, "rsi_14": 38.355096, "macd": -0.772517, "macd_signal": -0.496878, "macd_histogram": -0.275639, "bb_width": 0.160681, "bb_position": 0.202587, "stoch_k": 23.253672, "stoch_d": 38.017304, "adx": 29.16199, "atr_14": 1.512631, "last_close": 58.17, "last_date": "2026-03-05"}