{"return_1d": 0.018909, "return_5d": -0.004488, "return_20d": -0.031022, "return_60d": -0.001721, "return_252d": 0.201835, "sma_20": 61.717545, "sma_50": 61.317102, "sma_200": 58.095738, "price_vs_sma20": -0.013409, "price_vs_sma50": -0.006965, "price_vs_sma200": 0.048098, "volatility_20d": 0.436918, "volatility_60d": 0.284949, "drawdown": -0.068983, "max_drawdown_1y": -0.114939, "volume_ratio": 0.874534, "rsi_14": 48.522222, "macd": -0.532053, "macd_signal": -0.308639, "macd_histogram": -0.223414, "bb_width": 0.146751, "bb_position": 0.407388, "stoch_k": 53.011891, "stoch_d": 44.048483, "adx": 28.566904, "atr_14": 1.488606, "last_close": 60.89, "last_date": "2026-02-27"}