{"return_1d": -0.036064, "return_5d": -0.01911, "return_20d": -0.076279, "return_60d": -0.035864, "return_252d": 0.107217, "sma_20": 61.207255, "sma_50": 61.311182, "sma_200": 58.167511, "price_vs_sma20": -0.0524, "price_vs_sma50": -0.054006, "price_vs_sma200": -0.00288, "volatility_20d": 0.45348, "volatility_60d": 0.294989, "drawdown": -0.113172, "max_drawdown_1y": -0.114939, "volume_ratio": 0.914078, "rsi_14": 37.447428, "macd": -0.657594, "macd_signal": -0.427969, "macd_histogram": -0.229625, "bb_width": 0.158589, "bb_position": 0.151316, "stoch_k": 44.485644, "stoch_d": 47.905695, "adx": 28.293207, "atr_14": 1.513603, "last_close": 58.0, "last_date": "2026-03-04"}