{"return_1d": 0.012009, "return_5d": 0.054304, "return_20d": -0.046602, "return_60d": -0.201497, "return_252d": -0.377695, "sma_20": 342.7255, "sma_50": 391.21444, "sma_200": 483.87079, "price_vs_sma20": 0.032692, "price_vs_sma50": -0.095304, "price_vs_sma200": -0.268544, "volatility_20d": 0.4377, "volatility_60d": 0.344009, "drawdown": -0.400028, "max_drawdown_1y": -0.465122, "volume_ratio": 0.654441, "rsi_14": 47.699896, "macd": -12.022101, "macd_signal": -17.631798, "macd_histogram": 5.609697, "bb_width": 0.166171, "bb_position": 0.690511, "stoch_k": 95.111732, "stoch_d": 84.424995, "adx": 48.316798, "atr_14": 10.903003, "last_close": 353.93, "last_date": "2026-03-02"}