{"return_1d": 0.005849, "return_5d": 0.05419, "return_20d": -0.044577, "return_60d": -0.199961, "return_252d": -0.386906, "sma_20": 341.895, "sma_50": 389.30813, "sma_200": 482.835664, "price_vs_sma20": 0.041255, "price_vs_sma50": -0.085557, "price_vs_sma200": -0.262689, "volatility_20d": 0.438136, "volatility_60d": 0.34421, "drawdown": -0.396519, "max_drawdown_1y": -0.465122, "volume_ratio": 0.634715, "rsi_14": 48.990956, "macd": -10.221145, "macd_signal": -16.149667, "macd_histogram": 5.928522, "bb_width": 0.1506, "bb_position": 0.763087, "stoch_k": 95.954403, "stoch_d": 90.599084, "adx": 45.332682, "atr_14": 10.932074, "last_close": 356.0, "last_date": "2026-03-03"}