{"return_1d": 0.004043, "return_5d": 0.050811, "return_20d": 0.047009, "return_60d": -0.175633, "return_252d": -0.377024, "sma_20": 343.658, "sma_50": 384.363912, "sma_200": 479.66562, "price_vs_sma20": 0.069377, "price_vs_sma50": -0.043875, "price_vs_sma200": -0.233841, "volatility_20d": 0.349111, "volatility_60d": 0.347628, "drawdown": -0.377024, "max_drawdown_1y": -0.465122, "volume_ratio": 0.884951, "rsi_14": 55.852411, "macd": -4.517962, "macd_signal": -11.23503, "macd_histogram": 6.717068, "bb_width": 0.166776, "bb_position": 0.889001, "stoch_k": 96.850534, "stoch_d": 93.793509, "adx": 37.759798, "atr_14": 10.826016, "last_close": 367.5, "last_date": "2026-03-06"}