{"return_1d": -0.011501, "return_5d": 0.03666, "return_20d": -0.046301, "return_60d": -0.213641, "return_252d": -0.390766, "sma_20": 343.509, "sma_50": 392.960696, "sma_200": 484.963475, "price_vs_sma20": 0.013365, "price_vs_sma50": -0.114161, "price_vs_sma200": -0.282214, "volatility_20d": 0.441229, "volatility_60d": 0.342958, "drawdown": -0.40991, "max_drawdown_1y": -0.465122, "volume_ratio": 0.285379, "rsi_14": 44.281929, "macd": -14.065173, "macd_signal": -19.060228, "macd_histogram": 4.995055, "bb_width": 0.181291, "bb_position": 0.572749, "stoch_k": 77.141599, "stoch_d": 71.451698, "adx": 51.323036, "atr_14": 11.009388, "last_close": 348.1, "last_date": "2026-02-27"}