{"return_1d": -0.006872, "return_5d": 0.041514, "return_20d": -0.041836, "return_60d": -0.209959, "return_252d": -0.387913, "sma_20": 343.5905, "sma_50": 392.993296, "sma_200": 484.971625, "price_vs_sma20": 0.017869, "price_vs_sma50": -0.110087, "price_vs_sma200": -0.278865, "volatility_20d": 0.440212, "volatility_60d": 0.342642, "drawdown": -0.407147, "max_drawdown_1y": -0.465122, "volume_ratio": 0.61616, "rsi_14": 45.081015, "macd": -13.935145, "macd_signal": -19.034222, "macd_histogram": 5.099078, "bb_width": 0.180763, "bb_position": 0.597116, "stoch_k": 80.731116, "stoch_d": 72.648204, "adx": 51.323036, "atr_14": 11.009388, "last_close": 349.73, "last_date": "2026-02-27"}