{"return_1d": -0.014337, "return_5d": 0.029712, "return_20d": 0.119009, "return_60d": 0.191045, "return_252d": 0.544285, "sma_20": 200.7535, "sma_50": 192.8198, "sma_200": 160.645646, "price_vs_sma20": 0.054776, "price_vs_sma50": 0.098176, "price_vs_sma200": 0.318119, "volatility_20d": 0.327955, "volatility_60d": 0.230258, "drawdown": -0.014337, "max_drawdown_1y": -0.210836, "volume_ratio": 0.857594, "rsi_14": 67.028011, "macd": 5.325403, "macd_signal": 4.316139, "macd_histogram": 1.009264, "bb_width": 0.12424, "bb_position": 0.917993, "stoch_k": 77.782666, "stoch_d": 85.14107, "adx": 44.174194, "atr_14": 5.09126, "last_close": 211.75, "last_date": "2026-03-06"}