{"return_1d": -0.023035, "return_5d": -0.01451, "return_20d": 0.039609, "return_60d": 0.112867, "return_252d": 0.424123, "sma_20": 197.2295, "sma_50": 190.931, "sma_200": 159.722653, "price_vs_sma20": 0.002081, "price_vs_sma50": 0.035138, "price_vs_sma200": 0.237395, "volatility_20d": 0.168201, "volatility_60d": 0.161517, "drawdown": -0.038903, "max_drawdown_1y": -0.210835, "volume_ratio": 1.985167, "rsi_14": 53.159633, "macd": 3.569312, "macd_signal": 3.664039, "macd_histogram": -0.094727, "bb_width": 0.100399, "bb_position": 0.520688, "stoch_k": 42.29249, "stoch_d": 70.215431, "adx": 42.792124, "atr_14": 4.126007, "last_close": 197.64, "last_date": "2026-03-03"}