{"return_1d": 0.010516, "return_5d": 0.020799, "return_20d": 0.102627, "return_60d": 0.161174, "return_252d": 0.498212, "sma_20": 196.1705, "sma_50": 190.235, "sma_200": 159.211242, "price_vs_sma20": 0.048272, "price_vs_sma50": 0.080979, "price_vs_sma200": 0.291617, "volatility_20d": 0.122217, "volatility_60d": 0.148102, "drawdown": 0.0, "max_drawdown_1y": -0.210836, "volume_ratio": 1.857294, "rsi_14": 76.187637, "macd": 4.219235, "macd_signal": 3.587305, "macd_histogram": 0.63193, "bb_width": 0.103674, "bb_position": 0.944169, "stoch_k": 95.363026, "stoch_d": 88.916259, "adx": 44.288318, "atr_14": 3.710339, "last_close": 205.64, "last_date": "2026-02-27"}