{"return_1d": -0.014048, "return_5d": -0.001871, "return_20d": 0.101156, "return_60d": 0.274857, "return_252d": 0.822944, "sma_20": 1280.1, "sma_50": 1244.83, "sma_200": 1092.451794, "price_vs_sma20": 0.041715, "price_vs_sma50": 0.071231, "price_vs_sma200": 0.220649, "volatility_20d": 0.295701, "volatility_60d": 0.26464, "drawdown": -0.014048, "max_drawdown_1y": -0.217766, "volume_ratio": 1.61126, "rsi_14": 61.633995, "macd": 29.034185, "macd_signal": 24.790342, "macd_histogram": 4.243843, "bb_width": 0.137402, "bb_position": 0.791443, "stoch_k": 56.091371, "stoch_d": 65.242261, "adx": 24.256091, "atr_14": 38.617795, "last_close": 1333.5, "last_date": "2026-02-27"}