{"return_1d": 0.000739, "return_5d": 0.034351, "return_20d": 0.096722, "return_60d": 0.24198, "return_252d": 0.744552, "sma_20": 1292.25, "sma_50": 1254.09, "sma_200": 1097.853131, "price_vs_sma20": 0.048559, "price_vs_sma50": 0.080465, "price_vs_sma200": 0.234227, "volatility_20d": 0.295718, "volatility_60d": 0.260485, "drawdown": 0.0, "max_drawdown_1y": -0.217766, "volume_ratio": 0.074596, "rsi_14": 64.902417, "macd": 31.14048, "macd_signal": 26.952233, "macd_histogram": 4.188247, "bb_width": 0.14101, "bb_position": 0.828415, "stoch_k": 67.005076, "stoch_d": 63.19797, "adx": 23.95685, "atr_14": 40.652589, "last_close": 1355.0, "last_date": "2026-03-03"}