{"return_1d": 0.006589, "return_5d": -0.026247, "return_20d": 0.05655, "return_60d": 0.168767, "return_252d": 0.613645, "sma_20": 1304.525, "sma_50": 1262.38, "sma_200": 1104.946144, "price_vs_sma20": -0.004619, "price_vs_sma50": 0.028613, "price_vs_sma200": 0.17517, "volatility_20d": 0.410695, "volatility_60d": 0.308171, "drawdown": -0.047322, "max_drawdown_1y": -0.217766, "volume_ratio": 0.046774, "rsi_14": 50.973535, "macd": 20.826992, "macd_signal": 25.088878, "macd_histogram": -4.261886, "bb_width": 0.113347, "bb_position": 0.459064, "stoch_k": 22.611465, "stoch_d": 36.134653, "adx": 20.070078, "atr_14": 47.876596, "last_close": 1298.5, "last_date": "2026-03-06"}