{"return_1d": -0.022872, "return_5d": -0.022506, "return_20d": 0.058919, "return_60d": 0.225776, "return_252d": 0.751562, "sma_20": 1283.725, "sma_50": 1248.85, "sma_200": 1094.918962, "price_vs_sma20": 0.015015, "price_vs_sma50": 0.04336, "price_vs_sma200": 0.190042, "volatility_20d": 0.308372, "volatility_60d": 0.269132, "drawdown": -0.036599, "max_drawdown_1y": -0.217766, "volume_ratio": 0.221865, "rsi_14": 54.464556, "macd": 26.296108, "macd_signal": 25.091496, "macd_histogram": 1.204613, "bb_width": 0.136886, "bb_position": 0.608067, "stoch_k": 40.609137, "stoch_d": 54.145516, "adx": 23.658289, "atr_14": 39.145096, "last_close": 1303.0, "last_date": "2026-03-02"}