{"return_1d": 0.004221, "return_5d": -0.001145, "return_20d": 0.074743, "return_60d": 0.206547, "return_252d": 0.664118, "sma_20": 1294.2, "sma_50": 1255.82, "sma_200": 1100.0478, "price_vs_sma20": 0.011049, "price_vs_sma50": 0.041949, "price_vs_sma200": 0.189494, "volatility_20d": 0.325449, "volatility_60d": 0.273279, "drawdown": -0.033604, "max_drawdown_1y": -0.217766, "volume_ratio": 0.056365, "rsi_14": 54.125616, "macd": 24.481473, "macd_signal": 25.794377, "macd_histogram": -1.312904, "bb_width": 0.130436, "bb_position": 0.583785, "stoch_k": 38.567493, "stoch_d": 48.558031, "adx": 21.401747, "atr_14": 42.759037, "last_close": 1308.5, "last_date": "2026-03-04"}