{"return_1d": 0.018211, "return_5d": 0.041822, "return_20d": 0.064866, "return_60d": 0.071408, "return_252d": -0.002093, "sma_20": 220.737, "sma_50": 216.081854, "sma_200": 226.530033, "price_vs_sma20": 0.035984, "price_vs_sma50": 0.058303, "price_vs_sma200": 0.009491, "volatility_20d": 0.202877, "volatility_60d": 0.164598, "drawdown": -0.106695, "max_drawdown_1y": -0.204986, "volume_ratio": 0.381601, "rsi_14": 64.98372, "macd": 2.335683, "macd_signal": 1.976275, "macd_histogram": 0.359408, "bb_width": 0.063151, "bb_position": 1.050018, "stoch_k": 98.562628, "stoch_d": 81.609359, "adx": 15.416907, "atr_14": 4.513507, "last_close": 228.68, "last_date": "2026-02-27"}