{"return_1d": -0.002676, "return_5d": 0.008952, "return_20d": 0.056373, "return_60d": 0.095977, "return_252d": -0.00967, "sma_20": 224.515, "sma_50": 217.924662, "sma_200": 226.269441, "price_vs_sma20": 0.029107, "price_vs_sma50": 0.060229, "price_vs_sma200": 0.021128, "volatility_20d": 0.19432, "volatility_60d": 0.155404, "drawdown": -0.097437, "max_drawdown_1y": -0.204986, "volume_ratio": 0.640454, "rsi_14": 65.768407, "macd": 3.840538, "macd_signal": 3.053082, "macd_histogram": 0.787456, "bb_width": 0.080825, "bb_position": 0.849938, "stoch_k": 90.100251, "stoch_d": 91.687552, "adx": 19.850441, "atr_14": 4.221778, "last_close": 231.05, "last_date": "2026-03-06"}