{"return_1d": 0.019636, "return_5d": 0.04328, "return_20d": 0.066356, "return_60d": 0.072908, "return_252d": -0.000697, "sma_20": 220.753, "sma_50": 216.088254, "sma_200": 226.531633, "price_vs_sma20": 0.037358, "price_vs_sma50": 0.059752, "price_vs_sma200": 0.010896, "volatility_20d": 0.204331, "volatility_60d": 0.165251, "drawdown": -0.105445, "max_drawdown_1y": -0.204986, "volume_ratio": 0.899569, "rsi_14": 65.332912, "macd": 2.36121, "macd_signal": 1.981381, "macd_histogram": 0.379829, "bb_width": 0.063686, "bb_position": 1.065477, "stoch_k": 98.387097, "stoch_d": 81.550848, "adx": 15.477256, "atr_14": 4.539222, "last_close": 229.0, "last_date": "2026-02-27"}