{"return_1d": -0.003014, "return_5d": 0.045038, "return_20d": 0.082356, "return_60d": 0.079653, "return_252d": -0.02343, "sma_20": 223.225, "sma_50": 217.166332, "sma_200": 226.426595, "price_vs_sma20": 0.037384, "price_vs_sma50": 0.066326, "price_vs_sma200": 0.022716, "volatility_20d": 0.201851, "volatility_60d": 0.163845, "drawdown": -0.095405, "max_drawdown_1y": -0.204986, "volume_ratio": 0.640645, "rsi_14": 67.254698, "macd": 3.593702, "macd_signal": 2.62427, "macd_histogram": 0.969432, "bb_width": 0.075512, "bb_position": 0.977232, "stoch_k": 92.272348, "stoch_d": 94.169873, "adx": 18.930966, "atr_14": 4.38508, "last_close": 231.57, "last_date": "2026-03-04"}