{"return_1d": 0.018418, "return_5d": -0.017812, "return_20d": 0.010299, "return_60d": 0.201872, "return_252d": 0.607632, "sma_20": 199.53058, "sma_50": 193.613454, "sma_200": 165.548672, "price_vs_sma20": 0.008718, "price_vs_sma50": 0.039546, "price_vs_sma200": 0.215775, "volatility_20d": 0.221608, "volatility_60d": 0.215896, "drawdown": -0.017812, "max_drawdown_1y": -0.161507, "volume_ratio": 0.551526, "rsi_14": 55.830784, "macd": 1.77854, "macd_signal": 2.433015, "macd_histogram": -0.654476, "bb_width": 0.064931, "bb_position": 0.633098, "stoch_k": 63.431806, "stoch_d": 42.046478, "adx": 27.076382, "atr_14": 4.724818, "last_close": 201.27, "last_date": "2026-02-27"}