{"return_1d": -0.026584, "return_5d": 0.040613, "return_20d": 0.030414, "return_60d": 0.230074, "return_252d": 0.579113, "sma_20": 200.497625, "sma_50": 194.895098, "sma_200": 166.362978, "price_vs_sma20": 0.030037, "price_vs_sma50": 0.059647, "price_vs_sma200": 0.241382, "volatility_20d": 0.301372, "volatility_60d": 0.244027, "drawdown": -0.026584, "max_drawdown_1y": -0.161507, "volume_ratio": 1.324694, "rsi_14": 58.818641, "macd": 2.881895, "macd_signal": 2.581552, "macd_histogram": 0.300343, "bb_width": 0.087515, "bb_position": 0.833214, "stoch_k": 63.528336, "stoch_d": 77.806793, "adx": 26.732552, "atr_14": 5.421596, "last_close": 206.52, "last_date": "2026-03-03"}