{"return_1d": 0.025249, "return_5d": -0.011224, "return_20d": 0.017075, "return_60d": 0.209933, "return_252d": 0.618415, "sma_20": 199.59808, "sma_50": 193.640454, "sma_200": 165.555422, "price_vs_sma20": 0.01514, "price_vs_sma50": 0.046372, "price_vs_sma200": 0.22388, "volatility_20d": 0.230056, "volatility_60d": 0.218397, "drawdown": -0.011224, "max_drawdown_1y": -0.161507, "volume_ratio": 1.309515, "rsi_14": 57.649075, "macd": 1.886232, "macd_signal": 2.454554, "macd_histogram": -0.568322, "bb_width": 0.065462, "bb_position": 0.72783, "stoch_k": 73.13064, "stoch_d": 45.279422, "adx": 27.182276, "atr_14": 4.763389, "last_close": 202.62, "last_date": "2026-02-27"}