{"return_1d": 0.028941, "return_5d": 0.035238, "return_20d": 0.073923, "return_60d": 0.22701, "return_252d": 0.645333, "sma_20": 201.90781, "sma_50": 196.460446, "sma_200": 167.46806, "price_vs_sma20": 0.03889, "price_vs_sma50": 0.067696, "price_vs_sma200": 0.252537, "volatility_20d": 0.302227, "volatility_60d": 0.254676, "drawdown": -0.011312, "max_drawdown_1y": -0.161507, "volume_ratio": 1.232316, "rsi_14": 59.968432, "macd": 3.225169, "macd_signal": 2.8443, "macd_histogram": 0.380869, "bb_width": 0.093736, "bb_position": 0.899355, "stoch_k": 78.33638, "stoch_d": 67.915905, "adx": 22.744323, "atr_14": 5.810418, "last_close": 209.76, "last_date": "2026-03-06"}