{"return_1d": -0.023753, "return_5d": 0.031524, "return_20d": 0.039632, "return_60d": 0.195424, "return_252d": 0.610733, "sma_20": 201.185875, "sma_50": 195.966552, "sma_200": 167.093871, "price_vs_sma20": 0.013292, "price_vs_sma50": 0.04028, "price_vs_sma200": 0.220033, "volatility_20d": 0.288065, "volatility_60d": 0.249118, "drawdown": -0.039121, "max_drawdown_1y": -0.161507, "volume_ratio": 0.997026, "rsi_14": 54.184763, "macd": 2.953262, "macd_signal": 2.749082, "macd_histogram": 0.20418, "bb_width": 0.093542, "bb_position": 0.640231, "stoch_k": 51.371115, "stoch_d": 62.97989, "adx": 24.277216, "atr_14": 5.771988, "last_close": 203.86, "last_date": "2026-03-05"}