{"return_1d": 0.011137, "return_5d": 0.065517, "return_20d": 0.029551, "return_60d": 0.223008, "return_252d": 0.586677, "sma_20": 200.79731, "sma_50": 195.517502, "sma_200": 166.740726, "price_vs_sma20": 0.039954, "price_vs_sma50": 0.068037, "price_vs_sma200": 0.252364, "volatility_20d": 0.301002, "volatility_60d": 0.242948, "drawdown": -0.015743, "max_drawdown_1y": -0.161507, "volume_ratio": 0.855602, "rsi_14": 61.072768, "macd": 3.163981, "macd_signal": 2.698037, "macd_histogram": 0.465944, "bb_width": 0.092894, "bb_position": 0.913579, "stoch_k": 74.040219, "stoch_d": 78.109987, "adx": 25.928017, "atr_14": 5.44291, "last_close": 208.82, "last_date": "2026-03-04"}