{"return_1d": 0.047083, "return_5d": 0.050713, "return_20d": 0.059397, "return_60d": 0.261047, "return_252d": 0.652938, "sma_20": 200.19284, "sma_50": 194.296966, "sma_200": 165.973472, "price_vs_sma20": 0.059778, "price_vs_sma50": 0.091937, "price_vs_sma200": 0.278277, "volatility_20d": 0.282402, "volatility_60d": 0.236132, "drawdown": 0.0, "max_drawdown_1y": -0.161507, "volume_ratio": 1.753486, "rsi_14": 67.751972, "macd": 2.714114, "macd_signal": 2.506466, "macd_histogram": 0.207648, "bb_width": 0.081115, "bb_position": 1.195391, "stoch_k": 96.761404, "stoch_d": 69.057641, "adx": 27.256984, "atr_14": 5.151719, "last_close": 212.16, "last_date": "2026-03-02"}