{"return_1d": -0.027668, "return_5d": -0.015754, "return_20d": -0.121415, "return_60d": -0.068937, "return_252d": -0.132086, "sma_20": 99.584, "sma_50": 102.965828, "sma_200": 95.525661, "price_vs_sma20": -0.040107, "price_vs_sma50": -0.071634, "price_vs_sma200": 0.000674, "volatility_20d": 0.426198, "volatility_60d": 0.375401, "drawdown": -0.519715, "max_drawdown_1y": -0.586045, "volume_ratio": 0.734277, "rsi_14": 39.479904, "macd": -2.184381, "macd_signal": -1.995037, "macd_histogram": -0.189344, "bb_width": 0.134133, "bb_position": 0.188498, "stoch_k": 14.708171, "stoch_d": 30.635538, "adx": 20.115493, "atr_14": 3.776358, "last_close": 95.59, "last_date": "2026-03-02"}