{"return_1d": 0.026472, "return_5d": 0.009429, "return_20d": -0.026105, "return_60d": -0.039008, "return_252d": -0.10527, "sma_20": 98.895, "sma_50": 102.99637, "sma_200": 95.592649, "price_vs_sma20": -0.004095, "price_vs_sma50": -0.043753, "price_vs_sma200": 0.030309, "volatility_20d": 0.395441, "volatility_60d": 0.379264, "drawdown": -0.505144, "max_drawdown_1y": -0.586045, "volume_ratio": 0.921056, "rsi_14": 46.162626, "macd": -2.039179, "macd_signal": -2.041592, "macd_histogram": 0.002413, "bb_width": 0.111843, "bb_position": 0.463233, "stoch_k": 71.875, "stoch_d": 40.869029, "adx": 20.945678, "atr_14": 3.78686, "last_close": 98.49, "last_date": "2026-03-04"}