{"return_1d": -0.010908, "return_5d": -0.023921, "return_20d": -0.097336, "return_60d": -0.043352, "return_252d": -0.146836, "sma_20": 100.2255, "sma_50": 102.97066, "sma_200": 95.528353, "price_vs_sma20": -0.022903, "price_vs_sma50": -0.048952, "price_vs_sma200": 0.025141, "volatility_20d": 0.419956, "volatility_60d": 0.37168, "drawdown": -0.507957, "max_drawdown_1y": -0.586045, "volume_ratio": 0.284837, "rsi_14": 43.296223, "macd": -2.08698, "macd_signal": -1.953763, "macd_histogram": -0.133216, "bb_width": 0.149341, "bb_position": 0.343042, "stoch_k": 32.918288, "stoch_d": 34.785992, "adx": 19.858449, "atr_14": 3.739924, "last_close": 97.93, "last_date": "2026-02-27"}