{"return_1d": -0.00707, "return_5d": -0.020134, "return_20d": -0.093834, "return_60d": -0.039639, "return_252d": -0.143525, "sma_20": 100.2445, "sma_50": 102.97826, "sma_200": 95.530254, "price_vs_sma20": -0.019298, "price_vs_sma50": -0.045332, "price_vs_sma200": 0.029098, "volatility_20d": 0.419433, "volatility_60d": 0.371303, "drawdown": -0.506048, "max_drawdown_1y": -0.586045, "volume_ratio": 0.748891, "rsi_14": 43.929213, "macd": -2.056666, "macd_signal": -1.947701, "macd_histogram": -0.108966, "bb_width": 0.148316, "bb_position": 0.367327, "stoch_k": 35.875486, "stoch_d": 35.771725, "adx": 19.858449, "atr_14": 3.739924, "last_close": 98.31, "last_date": "2026-02-27"}