{"return_1d": -0.019494, "return_5d": -0.024644, "return_20d": -0.069922, "return_60d": -0.041287, "return_252d": -0.113638, "sma_20": 98.532, "sma_50": 103.004138, "sma_200": 95.610171, "price_vs_sma20": -0.019912, "price_vs_sma50": -0.062465, "price_vs_sma200": 0.010039, "volatility_20d": 0.386383, "volatility_60d": 0.379734, "drawdown": -0.514791, "max_drawdown_1y": -0.586045, "volume_ratio": 1.25605, "rsi_14": 42.76556, "macd": -2.018949, "macd_signal": -2.037064, "macd_histogram": 0.018115, "bb_width": 0.10564, "bb_position": 0.307678, "stoch_k": 53.125, "stoch_d": 53.674639, "adx": 20.643133, "atr_14": 3.768513, "last_close": 96.57, "last_date": "2026-03-05"}