{"return_1d": 0.006374, "return_5d": -0.003712, "return_20d": 0.022866, "return_60d": 0.231475, "return_252d": 0.78916, "sma_20": 52.8325, "sma_50": 51.0162, "sma_200": 41.36095, "price_vs_sma20": 0.016041, "price_vs_sma50": 0.052215, "price_vs_sma200": 0.297843, "volatility_20d": 0.32724, "volatility_60d": 0.247435, "drawdown": -0.022222, "max_drawdown_1y": -0.255584, "volume_ratio": 0.044172, "rsi_14": 56.010582, "macd": 0.752073, "macd_signal": 0.785373, "macd_histogram": -0.0333, "bb_width": 0.097848, "bb_position": 0.661352, "stoch_k": 69.922481, "stoch_d": 65.684755, "adx": 27.275458, "atr_14": 1.425317, "last_close": 53.68, "last_date": "2026-03-05"}