{"return_1d": 0.012249, "return_5d": 0.052083, "return_20d": 0.019058, "return_60d": 0.246914, "return_252d": 0.858592, "sma_20": 52.7855, "sma_50": 50.1618, "sma_200": 40.94355, "price_vs_sma20": 0.033238, "price_vs_sma50": 0.087282, "price_vs_sma200": 0.332078, "volatility_20d": 0.32905, "volatility_60d": 0.239113, "drawdown": 0.0, "max_drawdown_1y": -0.268599, "volume_ratio": 1.097705, "rsi_14": 61.903568, "macd": 0.805754, "macd_signal": 0.76232, "macd_histogram": 0.043433, "bb_width": 0.094438, "bb_position": 0.840637, "stoch_k": 93.067591, "stoch_d": 89.81964, "adx": 31.63942, "atr_14": 1.383709, "last_close": 54.54, "last_date": "2026-02-27"}