{"return_1d": 0.009534, "return_5d": 0.065402, "return_20d": 0.030314, "return_60d": 0.271594, "return_252d": 0.857932, "sma_20": 52.8665, "sma_50": 50.401, "sma_200": 41.05685, "price_vs_sma20": 0.041491, "price_vs_sma50": 0.092439, "price_vs_sma200": 0.341067, "volatility_20d": 0.330201, "volatility_60d": 0.23763, "drawdown": 0.0, "max_drawdown_1y": -0.268599, "volume_ratio": 0.248401, "rsi_14": 63.729128, "macd": 0.913965, "macd_signal": 0.792649, "macd_histogram": 0.121316, "bb_width": 0.099842, "bb_position": 0.899015, "stoch_k": 91.317829, "stoch_d": 88.861458, "adx": 31.81682, "atr_14": 1.362015, "last_close": 55.06, "last_date": "2026-03-02"}