{"return_1d": 0.004183, "return_5d": -0.031536, "return_20d": 0.000379, "return_60d": 0.22666, "return_252d": 0.753704, "sma_20": 52.7795, "sma_50": 51.1594, "sma_200": 41.4579, "price_vs_sma20": 0.000767, "price_vs_sma50": 0.032459, "price_vs_sma200": 0.274064, "volatility_20d": 0.330602, "volatility_60d": 0.247861, "drawdown": -0.037887, "max_drawdown_1y": -0.255584, "volume_ratio": 0.820036, "rsi_14": 51.880323, "macd": 0.589555, "macd_signal": 0.732425, "macd_histogram": -0.14287, "bb_width": 0.098396, "bb_position": 0.507793, "stoch_k": 47.95539, "stoch_d": 55.261616, "adx": 25.181406, "atr_14": 1.448815, "last_close": 52.82, "last_date": "2026-03-06"}