{"return_1d": -0.014579, "return_5d": -0.027598, "return_20d": 0.090909, "return_60d": 0.126531, "return_252d": 0.294688, "sma_20": 328.905, "sma_50": 317.24, "sma_200": 293.82279, "price_vs_sma20": 0.006978, "price_vs_sma50": 0.044005, "price_vs_sma200": 0.12721, "volatility_20d": 0.365697, "volatility_60d": 0.273816, "drawdown": -0.046083, "max_drawdown_1y": -0.230917, "volume_ratio": 0.094896, "rsi_14": 52.786302, "macd": 7.832148, "macd_signal": 8.373047, "macd_histogram": -0.540899, "bb_width": 0.206319, "bb_position": 0.533586, "stoch_k": 55.756208, "stoch_d": 67.050784, "adx": 29.207902, "atr_14": 7.824649, "last_close": 331.2, "last_date": "2026-03-03"}