{"return_1d": 0.001244, "return_5d": -0.064788, "return_20d": 0.070502, "return_60d": 0.09901, "return_252d": 0.29797, "sma_20": 329.48, "sma_50": 317.358, "sma_200": 294.124, "price_vs_sma20": -0.023006, "price_vs_sma50": 0.014312, "price_vs_sma200": 0.094436, "volatility_20d": 0.395908, "volatility_60d": 0.287172, "drawdown": -0.072869, "max_drawdown_1y": -0.230917, "volume_ratio": 0.060343, "rsi_14": 46.220373, "macd": 5.518013, "macd_signal": 7.678234, "macd_histogram": -2.160221, "bb_width": 0.199076, "bb_position": 0.381715, "stoch_k": 9.968847, "stoch_d": 37.450459, "adx": 27.564566, "atr_14": 8.174419, "last_close": 321.9, "last_date": "2026-03-04"}