{"return_1d": -0.019042, "return_5d": -0.018476, "return_20d": 0.129568, "return_60d": 0.171606, "return_252d": 0.348373, "sma_20": 325.83, "sma_50": 315.796, "sma_200": 293.058279, "price_vs_sma20": 0.043489, "price_vs_sma50": 0.076644, "price_vs_sma200": 0.160179, "volatility_20d": 0.353036, "volatility_60d": 0.274181, "drawdown": -0.020737, "max_drawdown_1y": -0.230917, "volume_ratio": 2.180112, "rsi_14": 60.785469, "macd": 9.77588, "macd_signal": 8.394725, "macd_histogram": 1.381155, "bb_width": 0.219217, "bb_position": 0.690115, "stoch_k": 76.873662, "stoch_d": 84.839921, "adx": 32.355002, "atr_14": 7.667049, "last_close": 340.0, "last_date": "2026-02-27"}