{"return_1d": -0.006728, "return_5d": -0.062897, "return_20d": 0.073719, "return_60d": 0.101017, "return_252d": 0.377784, "sma_20": 330.85, "sma_50": 317.912, "sma_200": 294.488, "price_vs_sma20": -0.018286, "price_vs_sma50": 0.021666, "price_vs_sma200": 0.102931, "volatility_20d": 0.400517, "volatility_60d": 0.289233, "drawdown": -0.064516, "max_drawdown_1y": -0.230917, "volume_ratio": 0.109426, "rsi_14": 48.36009, "macd": 4.793755, "macd_signal": 7.166432, "macd_histogram": -2.372677, "bb_width": 0.181381, "bb_position": 0.397306, "stoch_k": 19.003115, "stoch_d": 26.239953, "adx": 26.152386, "atr_14": 8.427267, "last_close": 324.8, "last_date": "2026-03-05"}