{"return_1d": 0.004426, "return_5d": -0.065588, "return_20d": 0.031494, "return_60d": 0.07768, "return_252d": 0.346536, "sma_20": 330.91, "sma_50": 318.088, "sma_200": 294.738, "price_vs_sma20": -0.03992, "price_vs_sma50": -0.00122, "price_vs_sma200": 0.077906, "volatility_20d": 0.415825, "volatility_60d": 0.297323, "drawdown": -0.084965, "max_drawdown_1y": -0.230917, "volume_ratio": 1.386156, "rsi_14": 44.27233, "macd": 2.76304, "macd_signal": 6.177264, "macd_histogram": -3.414224, "bb_width": 0.181674, "bb_position": 0.271128, "stoch_k": 9.315068, "stoch_d": 13.550406, "adx": 25.887645, "atr_14": 9.032462, "last_close": 317.7, "last_date": "2026-03-06"}