{"return_1d": -0.014412, "return_5d": -0.031503, "return_20d": 0.108868, "return_60d": 0.129424, "return_252d": 0.299884, "sma_20": 327.475, "sma_50": 316.624, "sma_200": 293.450257, "price_vs_sma20": 0.023284, "price_vs_sma50": 0.058353, "price_vs_sma200": 0.141931, "volatility_20d": 0.36062, "volatility_60d": 0.273312, "drawdown": -0.03485, "max_drawdown_1y": -0.230917, "volume_ratio": 0.181657, "rsi_14": 56.235261, "macd": 8.882689, "macd_signal": 8.492318, "macd_histogram": 0.390371, "bb_width": 0.213823, "bb_position": 0.606417, "stoch_k": 66.381156, "stoch_d": 78.087081, "adx": 30.723172, "atr_14": 7.926546, "last_close": 335.1, "last_date": "2026-03-02"}