{"return_1d": -0.027753, "return_5d": 0.003161, "return_20d": 0.000928, "return_60d": 0.144099, "return_252d": 0.879169, "sma_20": 10.6866, "sma_50": 10.46464, "sma_200": 8.65787, "price_vs_sma20": 0.009676, "price_vs_sma50": 0.031091, "price_vs_sma200": 0.246265, "volatility_20d": 0.377992, "volatility_60d": 0.262626, "drawdown": -0.033501, "max_drawdown_1y": -0.207886, "volume_ratio": 1.570392, "rsi_14": 53.049634, "macd": 0.12931, "macd_signal": 0.101128, "macd_histogram": 0.028182, "bb_width": 0.108579, "bb_position": 0.588258, "stoch_k": 65.838509, "stoch_d": 83.488613, "adx": 14.445734, "atr_14": 0.330818, "last_close": 10.79, "last_date": "2026-02-27"}