{"return_1d": -0.010854, "return_5d": -0.031034, "return_20d": -0.033543, "return_60d": -0.06256, "return_252d": -0.252633, "sma_20": 79.904, "sma_50": 80.5204, "sma_200": 83.41165, "price_vs_sma20": -0.019198, "price_vs_sma50": -0.026706, "price_vs_sma200": -0.060443, "volatility_20d": 0.23943, "volatility_60d": 0.227047, "drawdown": -0.253587, "max_drawdown_1y": -0.265873, "volume_ratio": 0.080593, "rsi_14": 42.431352, "macd": -0.16175, "macd_signal": -0.135788, "macd_histogram": -0.025962, "bb_width": 0.078447, "bb_position": 0.250485, "stoch_k": 25.341131, "stoch_d": 38.298458, "adx": 13.963321, "atr_14": 1.607706, "last_close": 78.37, "last_date": "2026-03-05"}