{"return_1d": -0.042852, "return_5d": -0.077356, "return_20d": -0.113476, "return_60d": 0.03649, "return_252d": 0.604493, "sma_20": 10.5847, "sma_50": 10.46924, "sma_200": 8.688704, "price_vs_sma20": -0.07149, "price_vs_sma50": -0.06125, "price_vs_sma200": 0.131124, "volatility_20d": 0.425962, "volatility_60d": 0.293467, "drawdown": -0.11967, "max_drawdown_1y": -0.207886, "volume_ratio": 0.306005, "rsi_14": 38.4273, "macd": 0.00493, "macd_signal": 0.07847, "macd_histogram": -0.073539, "bb_width": 0.132832, "bb_position": -0.079637, "stoch_k": 0.426136, "stoch_d": 30.525068, "adx": 15.532944, "atr_14": 0.359287, "last_close": 9.828, "last_date": "2026-03-03"}