{"return_1d": 0.01632, "return_5d": 0.032923, "return_20d": 0.037879, "return_60d": -0.04585, "return_252d": -0.214817, "sma_20": 80.1815, "sma_50": 80.7058, "sma_200": 83.67755, "price_vs_sma20": 0.025174, "price_vs_sma50": 0.018514, "price_vs_sma200": -0.017658, "volatility_20d": 0.234152, "volatility_60d": 0.22585, "drawdown": -0.217109, "max_drawdown_1y": -0.265873, "volume_ratio": 1.377206, "rsi_14": 58.520357, "macd": 0.060061, "macd_signal": -0.309139, "macd_histogram": 0.369201, "bb_width": 0.074868, "bb_position": 0.827989, "stoch_k": 87.244898, "stoch_d": 71.768707, "adx": 15.78236, "atr_14": 1.609894, "last_close": 82.2, "last_date": "2026-02-27"}