{"return_1d": -0.04393, "return_5d": -0.056003, "return_20d": -0.066256, "return_60d": 0.107342, "return_252d": 0.72543, "sma_20": 10.65, "sma_50": 10.47354, "sma_200": 8.674721, "price_vs_sma20": -0.031362, "price_vs_sma50": -0.015042, "price_vs_sma200": 0.189203, "volatility_20d": 0.39713, "volatility_60d": 0.277766, "drawdown": -0.075958, "max_drawdown_1y": -0.207886, "volume_ratio": 0.269215, "rsi_14": 44.914742, "macd": 0.083589, "macd_signal": 0.09762, "macd_histogram": -0.014031, "bb_width": 0.112902, "bb_position": 0.21323, "stoch_k": 29.037267, "stoch_d": 61.542443, "adx": 14.665663, "atr_14": 0.352617, "last_close": 10.316, "last_date": "2026-03-02"}