{"return_1d": -0.002444, "return_5d": -0.056691, "return_20d": -0.035092, "return_60d": -0.068365, "return_252d": -0.246507, "sma_20": 79.731, "sma_50": 80.414, "sma_200": 83.33215, "price_vs_sma20": -0.02748, "price_vs_sma50": -0.03574, "price_vs_sma200": -0.069507, "volatility_20d": 0.243837, "volatility_60d": 0.229056, "drawdown": -0.261492, "max_drawdown_1y": -0.265873, "volume_ratio": 0.055418, "rsi_14": 39.730919, "macd": -0.380176, "macd_signal": -0.192834, "macd_histogram": -0.187342, "bb_width": 0.085079, "bb_position": 0.167881, "stoch_k": 9.161793, "stoch_d": 21.377518, "adx": 15.010104, "atr_14": 1.597513, "last_close": 77.54, "last_date": "2026-03-06"}