{"return_1d": 0.005463, "return_5d": -0.096015, "return_20d": -0.084991, "return_60d": 0.02415, "return_252d": 0.714386, "sma_20": 10.4543, "sma_50": 10.45538, "sma_200": 8.730483, "price_vs_sma20": -0.066987, "price_vs_sma50": -0.067083, "price_vs_sma200": 0.117235, "volatility_20d": 0.468894, "volatility_60d": 0.325203, "drawdown": -0.126299, "max_drawdown_1y": -0.207886, "volume_ratio": 0.062149, "rsi_14": 40.22927, "macd": -0.147606, "macd_signal": -0.015765, "macd_histogram": -0.131841, "bb_width": 0.182727, "bb_position": 0.107084, "stoch_k": 20.985011, "stoch_d": 24.10778, "adx": 19.884828, "atr_14": 0.397064, "last_close": 9.754, "last_date": "2026-03-06"}