{"return_1d": -0.007244, "return_5d": 0.003101, "return_20d": -0.002713, "return_60d": -0.043869, "return_252d": -0.229872, "sma_20": 80.2205, "sma_50": 80.6676, "sma_200": 83.5533, "price_vs_sma20": 0.007972, "price_vs_sma50": 0.002385, "price_vs_sma200": -0.032235, "volatility_20d": 0.231375, "volatility_60d": 0.225351, "drawdown": -0.229872, "max_drawdown_1y": -0.265873, "volume_ratio": 0.060931, "rsi_14": 52.10578, "macd": 0.163769, "macd_signal": -0.14181, "macd_histogram": 0.30558, "bb_width": 0.077035, "bb_position": 0.602664, "stoch_k": 64.455782, "stoch_d": 75.396825, "adx": 15.254246, "atr_14": 1.547255, "last_close": 80.86, "last_date": "2026-03-03"}