{"return_1d": -0.01561, "return_5d": -0.152723, "return_20d": -0.115981, "return_60d": -0.000106, "return_252d": 0.566086, "sma_20": 10.5117, "sma_50": 10.45464, "sma_200": 8.7005, "price_vs_sma20": -0.100146, "price_vs_sma50": -0.095234, "price_vs_sma200": 0.087179, "volatility_20d": 0.445592, "volatility_60d": 0.3115, "drawdown": -0.152723, "max_drawdown_1y": -0.207886, "volume_ratio": 0.230689, "rsi_14": 34.512564, "macd": -0.096677, "macd_signal": 0.040645, "macd_histogram": -0.137322, "bb_width": 0.180828, "bb_position": -0.115452, "stoch_k": 5.192719, "stoch_d": 14.513253, "adx": 17.693986, "atr_14": 0.384154, "last_close": 9.459, "last_date": "2026-03-04"}