{"return_1d": 0.006407, "return_5d": -0.056084, "return_20d": 0.013986, "return_60d": 0.293754, "return_252d": 0.663908, "sma_20": 383.23, "sma_50": 350.378, "sma_200": 276.2505, "price_vs_sma20": -0.016257, "price_vs_sma50": 0.075981, "price_vs_sma200": 0.364703, "volatility_20d": 0.233958, "volatility_60d": 0.226699, "drawdown": -0.056084, "max_drawdown_1y": -0.278447, "volume_ratio": 0.050501, "rsi_14": 53.440014, "macd": 8.51784, "macd_signal": 12.163674, "macd_histogram": -3.645835, "bb_width": 0.083866, "bb_position": 0.302957, "stoch_k": 26.630435, "stoch_d": 27.173913, "adx": 31.401241, "atr_14": 9.047828, "last_close": 377.0, "last_date": "2026-03-06"}