{"return_1d": 0.003518, "return_5d": 0.05216, "return_20d": 0.135627, "return_60d": 0.403373, "return_252d": 0.755995, "sma_20": 379.535, "sma_50": 341.42, "sma_200": 272.151, "price_vs_sma20": 0.05234, "price_vs_sma50": 0.16982, "price_vs_sma200": 0.467568, "volatility_20d": 0.208694, "volatility_60d": 0.202334, "drawdown": 0.0, "max_drawdown_1y": -0.278447, "volume_ratio": 1.185732, "rsi_14": 78.410278, "macd": 15.145314, "macd_signal": 15.091433, "macd_histogram": 0.053882, "bb_width": 0.111984, "bb_position": 0.944146, "stoch_k": 87.5, "stoch_d": 91.414358, "adx": 41.040297, "atr_14": 7.840311, "last_close": 399.4, "last_date": "2026-02-27"}