{"return_1d": -0.011517, "return_5d": 0.03054, "return_20d": 0.117148, "return_60d": 0.384777, "return_252d": 0.739485, "sma_20": 381.605, "sma_50": 343.494, "sma_200": 273.036, "price_vs_sma20": 0.034578, "price_vs_sma50": 0.149365, "price_vs_sma200": 0.445963, "volatility_20d": 0.218237, "volatility_60d": 0.205258, "drawdown": -0.011517, "max_drawdown_1y": -0.278447, "volume_ratio": 0.079342, "rsi_14": 72.051995, "macd": 14.728624, "macd_signal": 15.018871, "macd_histogram": -0.290247, "bb_width": 0.100422, "bb_position": 0.832814, "stoch_k": 75.0, "stoch_d": 85.277778, "adx": 40.262728, "atr_14": 8.10886, "last_close": 394.8, "last_date": "2026-03-02"}