{"return_1d": -0.022157, "return_5d": -0.082874, "return_20d": -0.014793, "return_60d": 0.257035, "return_252d": 0.616683, "sma_20": 382.695, "sma_50": 350.164, "sma_200": 276.197, "price_vs_sma20": -0.042841, "price_vs_sma50": 0.046081, "price_vs_sma200": 0.326227, "volatility_20d": 0.246509, "volatility_60d": 0.233087, "drawdown": -0.082874, "max_drawdown_1y": -0.278447, "volume_ratio": 1.029429, "rsi_14": 45.433068, "macd": 7.664278, "macd_signal": 11.992962, "macd_histogram": -4.328684, "bb_width": 0.094307, "bb_position": 0.025397, "stoch_k": 12.933025, "stoch_d": 22.60811, "adx": 31.550493, "atr_14": 10.033542, "last_close": 366.3, "last_date": "2026-03-06"}