{"return_1d": -0.046405, "return_5d": -0.043723, "return_20d": 0.022417, "return_60d": 0.30541, "return_252d": 0.622831, "sma_20": 381.885, "sma_50": 345.07, "sma_200": 273.814, "price_vs_sma20": -0.020648, "price_vs_sma50": 0.083838, "price_vs_sma200": 0.365891, "volatility_20d": 0.265422, "volatility_60d": 0.233531, "drawdown": -0.063595, "max_drawdown_1y": -0.278447, "volume_ratio": 0.172063, "rsi_14": 51.785785, "macd": 12.414916, "macd_signal": 14.464895, "macd_histogram": -2.049979, "bb_width": 0.098878, "bb_position": 0.286779, "stoch_k": 18.478261, "stoch_d": 57.971014, "adx": 37.850937, "atr_14": 8.851084, "last_close": 374.0, "last_date": "2026-03-03"}