{"return_1d": -0.01539, "return_5d": -0.005232, "return_20d": 0.006593, "return_60d": -0.167507, "return_252d": -0.28868, "sma_20": 202.334, "sma_50": 224.1428, "sma_200": 263.3681, "price_vs_sma20": -0.003974, "price_vs_sma50": -0.100886, "price_vs_sma200": -0.234797, "volatility_20d": 0.386958, "volatility_60d": 0.424634, "drawdown": -0.353926, "max_drawdown_1y": -0.370179, "volume_ratio": 0.732583, "rsi_14": 42.65125, "macd": -6.685995, "macd_signal": -7.845183, "macd_histogram": 1.159188, "bb_width": 0.083661, "bb_position": 0.452314, "stoch_k": 42.025316, "stoch_d": 41.805907, "adx": 28.658822, "atr_14": 6.504493, "last_close": 201.53, "last_date": "2026-02-27"}