{"return_1d": -0.01346, "return_5d": -0.003282, "return_20d": 0.008566, "return_60d": -0.165875, "return_252d": -0.287286, "sma_20": 202.35375, "sma_50": 224.1507, "sma_200": 263.370075, "price_vs_sma20": -0.002119, "price_vs_sma50": -0.099155, "price_vs_sma200": -0.233303, "volatility_20d": 0.385959, "volatility_60d": 0.424406, "drawdown": -0.352659, "max_drawdown_1y": -0.370179, "volume_ratio": 0.569128, "rsi_14": 42.937468, "macd": -6.654485, "macd_signal": -7.838881, "macd_histogram": 1.184396, "bb_width": 0.08344, "bb_position": 0.474553, "stoch_k": 44.025316, "stoch_d": 42.472574, "adx": 28.65582, "atr_14": 6.50235, "last_close": 201.925, "last_date": "2026-02-27"}