{"return_1d": 0.013886, "return_5d": 0.003573, "return_20d": 0.024518, "return_60d": -0.167627, "return_252d": -0.288255, "sma_20": 201.684, "sma_50": 219.5554, "sma_200": 260.9779, "price_vs_sma20": 0.002806, "price_vs_sma50": -0.07882, "price_vs_sma200": -0.22503, "volatility_20d": 0.346872, "volatility_60d": 0.429053, "drawdown": -0.351617, "max_drawdown_1y": -0.373, "volume_ratio": 0.815744, "rsi_14": 46.065994, "macd": -5.432569, "macd_signal": -6.691675, "macd_histogram": 1.259105, "bb_width": 0.087817, "bb_position": 0.531868, "stoch_k": 79.23588, "stoch_d": 60.09654, "adx": 28.926802, "atr_14": 6.35043, "last_close": 202.25, "last_date": "2026-03-06"}