{"return_1d": 0.019941, "return_5d": -0.025406, "return_20d": -0.001002, "return_60d": -0.193238, "return_252d": -0.278683, "sma_20": 201.442, "sma_50": 220.4164, "sma_200": 261.46035, "price_vs_sma20": -0.00974, "price_vs_sma50": -0.094986, "price_vs_sma200": -0.237054, "volatility_20d": 0.346436, "volatility_60d": 0.428674, "drawdown": -0.360498, "max_drawdown_1y": -0.373, "volume_ratio": 1.100594, "rsi_14": 43.050105, "macd": -6.077029, "macd_signal": -7.006451, "macd_histogram": 0.929422, "bb_width": 0.090911, "bb_position": 0.391811, "stoch_k": 60.800843, "stoch_d": 47.745247, "adx": 29.4076, "atr_14": 6.461232, "last_close": 199.48, "last_date": "2026-03-05"}