{"return_1d": -0.00382, "return_5d": -0.013468, "return_20d": -0.008667, "return_60d": -0.203243, "return_252d": -0.296817, "sma_20": 201.452, "sma_50": 221.3134, "sma_200": 261.945, "price_vs_sma20": -0.029148, "price_vs_sma50": -0.116276, "price_vs_sma200": -0.253355, "volatility_20d": 0.341594, "volatility_60d": 0.426537, "drawdown": -0.373, "max_drawdown_1y": -0.373, "volume_ratio": 1.088097, "rsi_14": 38.558353, "macd": -6.529165, "macd_signal": -7.238806, "macd_histogram": 0.709641, "bb_width": 0.092639, "bb_position": 0.17591, "stoch_k": 40.252898, "stoch_d": 32.170283, "adx": 29.5806, "atr_14": 6.520558, "last_close": 195.58, "last_date": "2026-03-04"}