{"return_1d": 0.001633, "return_5d": -0.000662, "return_20d": -0.052599, "return_60d": -0.194775, "return_252d": -0.279618, "sma_20": 201.5375, "sma_50": 222.288, "sma_200": 262.43885, "price_vs_sma20": -0.025839, "price_vs_sma50": -0.116776, "price_vs_sma200": -0.251902, "volatility_20d": 0.381398, "volatility_60d": 0.427044, "drawdown": -0.370596, "max_drawdown_1y": -0.371622, "volume_ratio": 1.963087, "rsi_14": 39.109178, "macd": -6.614194, "macd_signal": -7.416217, "macd_histogram": 0.802023, "bb_width": 0.090319, "bb_position": 0.206327, "stoch_k": 42.182001, "stoch_d": 32.761089, "adx": 29.125372, "atr_14": 6.712139, "last_close": 196.33, "last_date": "2026-03-03"}