{"return_1d": -0.02739, "return_5d": -0.003559, "return_20d": -0.02502, "return_60d": -0.189103, "return_252d": -0.279744, "sma_20": 202.0825, "sma_50": 223.1898, "sma_200": 262.8995, "price_vs_sma20": -0.03005, "price_vs_sma50": -0.121779, "price_vs_sma200": -0.25443, "volatility_20d": 0.399139, "volatility_60d": 0.427632, "drawdown": -0.371622, "max_drawdown_1y": -0.371622, "volume_ratio": 1.018528, "rsi_14": 38.762588, "macd": -6.702879, "macd_signal": -7.616722, "macd_histogram": 0.913843, "bb_width": 0.090391, "bb_position": 0.15726, "stoch_k": 14.075949, "stoch_d": 38.025316, "adx": 28.598671, "atr_14": 6.538457, "last_close": 196.01, "last_date": "2026-03-02"}