{"return_1d": 0.017195, "return_5d": 0.017314, "return_20d": 0.015769, "return_60d": -0.184431, "return_252d": -0.310038, "sma_20": 170.403, "sma_50": 185.3306, "sma_200": 223.45465, "price_vs_sma20": 0.020639, "price_vs_sma50": -0.061569, "price_vs_sma200": -0.221677, "volatility_20d": 0.347791, "volatility_60d": 0.456364, "drawdown": -0.373914, "max_drawdown_1y": -0.407392, "volume_ratio": 0.107159, "rsi_14": 49.480719, "macd": -3.842358, "macd_signal": -5.262114, "macd_histogram": 1.419756, "bb_width": 0.075044, "bb_position": 0.769468, "stoch_k": 91.46165, "stoch_d": 69.441852, "adx": 19.013987, "atr_14": 5.891345, "last_close": 173.92, "last_date": "2026-03-06"}