{"return_1d": -0.020824, "return_5d": -0.00274, "return_20d": -0.043975, "return_60d": -0.19866, "return_252d": -0.377967, "sma_20": 170.325, "sma_50": 188.3564, "sma_200": 225.3521, "price_vs_sma20": -0.017173, "price_vs_sma50": -0.111259, "price_vs_sma200": -0.257162, "volatility_20d": 0.374012, "volatility_60d": 0.453672, "drawdown": -0.397385, "max_drawdown_1y": -0.407392, "volume_ratio": 0.083058, "rsi_14": 40.760575, "macd": -5.247332, "macd_signal": -6.302599, "macd_histogram": 1.055267, "bb_width": 0.073134, "bb_position": 0.261082, "stoch_k": 28.526149, "stoch_d": 43.810786, "adx": 21.872533, "atr_14": 6.206992, "last_close": 167.4, "last_date": "2026-03-02"}