{"return_1d": -0.007316, "return_5d": -0.016341, "return_20d": 0.002345, "return_60d": -0.180245, "return_252d": -0.349773, "sma_20": 170.71, "sma_50": 189.1724, "sma_200": 225.84235, "price_vs_sma20": 0.001464, "price_vs_sma50": -0.096274, "price_vs_sma200": -0.243012, "volatility_20d": 0.380169, "volatility_60d": 0.452292, "drawdown": -0.384569, "max_drawdown_1y": -0.407392, "volume_ratio": 0.744018, "rsi_14": 43.876952, "macd": -5.368766, "macd_signal": -6.566415, "macd_histogram": 1.19765, "bb_width": 0.073736, "bb_position": 0.519832, "stoch_k": 47.291942, "stoch_d": 40.863056, "adx": 22.219057, "atr_14": 6.215222, "last_close": 170.96, "last_date": "2026-02-27"}