{"return_1d": 0.046781, "return_5d": 0.008119, "return_20d": 0.071311, "return_60d": 0.066766, "return_252d": -0.047229, "sma_20": 192.295, "sma_50": 190.2702, "sma_200": 204.867263, "price_vs_sma20": 0.046101, "price_vs_sma50": 0.057233, "price_vs_sma200": -0.018096, "volatility_20d": 0.351621, "volatility_60d": 0.263377, "drawdown": -0.449573, "max_drawdown_1y": -0.50843, "volume_ratio": 2.059482, "rsi_14": 59.138796, "macd": 3.031787, "macd_signal": 2.588785, "macd_histogram": 0.443002, "bb_width": 0.163107, "bb_position": 0.770187, "stoch_k": 86.709098, "stoch_d": 70.979937, "adx": 19.764659, "atr_14": 5.263537, "last_close": 201.16, "last_date": "2026-02-27"}