{"return_1d": -0.011135, "return_5d": -0.003606, "return_20d": 0.080441, "return_60d": 0.063914, "return_252d": -0.06954, "sma_20": 193.0355, "sma_50": 190.449, "sma_200": 204.749898, "price_vs_sma20": 0.030484, "price_vs_sma50": 0.044479, "price_vs_sma200": -0.028473, "volatility_20d": 0.345515, "volatility_60d": 0.263849, "drawdown": -0.455703, "max_drawdown_1y": -0.508431, "volume_ratio": 1.327196, "rsi_14": 56.175258, "macd": 2.995298, "macd_signal": 2.670088, "macd_histogram": 0.32521, "bb_width": 0.162843, "bb_position": 0.681662, "stoch_k": 65.510865, "stoch_d": 68.716965, "adx": 20.268015, "atr_14": 5.62257, "last_close": 198.92, "last_date": "2026-03-02"}