{"return_1d": -0.003767, "return_5d": 0.018317, "return_20d": 0.058528, "return_60d": 0.032229, "return_252d": -0.089448, "sma_20": 195.2275, "sma_50": 190.8126, "sma_200": 204.324869, "price_vs_sma20": 0.002369, "price_vs_sma50": 0.025561, "price_vs_sma200": -0.04226, "volatility_20d": 0.327287, "volatility_60d": 0.263383, "drawdown": -0.464541, "max_drawdown_1y": -0.50843, "volume_ratio": 1.000242, "rsi_14": 51.897534, "macd": 2.269994, "macd_signal": 2.589774, "macd_histogram": -0.319779, "bb_width": 0.134473, "bb_position": 0.517576, "stoch_k": 28.590514, "stoch_d": 39.863722, "adx": 19.818322, "atr_14": 5.39021, "last_close": 195.69, "last_date": "2026-03-05"}