{"return_1d": 0.004548, "return_5d": -0.022768, "return_20d": 0.089026, "return_60d": 0.029322, "return_252d": -0.089581, "sma_20": 196.031, "sma_50": 190.9316, "sma_200": 204.14809, "price_vs_sma20": 0.002801, "price_vs_sma50": 0.029583, "price_vs_sma200": -0.037072, "volatility_20d": 0.311793, "volatility_60d": 0.263137, "drawdown": -0.462106, "max_drawdown_1y": -0.508431, "volume_ratio": 1.042852, "rsi_14": 53.058912, "macd": 2.090627, "macd_signal": 2.489944, "macd_histogram": -0.399317, "bb_width": 0.114918, "bb_position": 0.524302, "stoch_k": 34.535738, "stoch_d": 32.219996, "adx": 19.554367, "atr_14": 5.388052, "last_close": 196.58, "last_date": "2026-03-06"}