{"return_1d": -0.002039, "return_5d": 0.004, "return_20d": 0.049331, "return_60d": 0.160184, "return_252d": -0.109905, "sma_20": 95.94044, "sma_50": 91.812772, "sma_200": 87.510266, "price_vs_sma20": 0.020216, "price_vs_sma50": 0.066083, "price_vs_sma200": 0.118497, "volatility_20d": 0.309771, "volatility_60d": 0.287337, "drawdown": -0.132559, "max_drawdown_1y": -0.314075, "volume_ratio": 0.511589, "rsi_14": 58.170531, "macd": 1.475033, "macd_signal": 1.57305, "macd_histogram": -0.098017, "bb_width": 0.091306, "bb_position": 0.717024, "stoch_k": 61.843891, "stoch_d": 63.034112, "adx": 39.074539, "atr_14": 2.666093, "last_close": 97.88, "last_date": "2026-02-27"}