{"return_1d": 0.004861, "return_5d": -0.007965, "return_20d": 0.050909, "return_60d": 0.150311, "return_252d": -0.134992, "sma_20": 96.731585, "sma_50": 92.466456, "sma_200": 87.695514, "price_vs_sma20": 0.004326, "price_vs_sma50": 0.050651, "price_vs_sma200": 0.10781, "volatility_20d": 0.299577, "volatility_60d": 0.280805, "drawdown": -0.139028, "max_drawdown_1y": -0.314075, "volume_ratio": 0.836649, "rsi_14": 55.632828, "macd": 1.218864, "macd_signal": 1.431558, "macd_histogram": -0.212694, "bb_width": 0.053652, "bb_position": 0.580275, "stoch_k": 51.417553, "stoch_d": 47.323193, "adx": 35.809605, "atr_14": 2.63496, "last_close": 97.15, "last_date": "2026-03-04"}