{"return_1d": -0.000827, "return_5d": 0.001761, "return_20d": 0.061222, "return_60d": 0.117019, "return_252d": -0.14215, "sma_20": 96.496275, "sma_50": 92.300396, "sma_200": 87.634348, "price_vs_sma20": 0.001904, "price_vs_sma50": 0.047449, "price_vs_sma200": 0.10322, "volatility_20d": 0.302571, "volatility_60d": 0.286032, "drawdown": -0.143193, "max_drawdown_1y": -0.314075, "volume_ratio": 0.951256, "rsi_14": 54.31471, "macd": 1.277485, "macd_signal": 1.484731, "macd_histogram": -0.207246, "bb_width": 0.066109, "bb_position": 0.528746, "stoch_k": 44.704706, "stoch_d": 51.465162, "adx": 36.752162, "atr_14": 2.658419, "last_close": 96.68, "last_date": "2026-03-03"}