{"return_1d": -0.012855, "return_5d": 0.02089, "return_20d": 0.059098, "return_60d": 0.143004, "return_252d": -0.131541, "sma_20": 96.2174, "sma_50": 92.060076, "sma_200": 87.57203, "price_vs_sma20": 0.005639, "price_vs_sma50": 0.051053, "price_vs_sma200": 0.104919, "volatility_20d": 0.303003, "volatility_60d": 0.289001, "drawdown": -0.142484, "max_drawdown_1y": -0.314075, "volume_ratio": 0.950328, "rsi_14": 54.570959, "macd": 1.38158, "macd_signal": 1.536543, "macd_histogram": -0.154963, "bb_width": 0.081934, "bb_position": 0.568441, "stoch_k": 45.847318, "stoch_d": 58.130401, "adx": 38.173905, "atr_14": 2.655989, "last_close": 96.76, "last_date": "2026-03-02"}