{"return_1d": 0.00304, "return_5d": 0.009896, "return_20d": 0.03704, "return_60d": 0.194442, "return_252d": -0.089253, "sma_20": 97.02543, "sma_50": 92.952418, "sma_200": 87.850031, "price_vs_sma20": 0.020248, "price_vs_sma50": 0.064953, "price_vs_sma200": 0.126807, "volatility_20d": 0.26316, "volatility_60d": 0.278087, "drawdown": -0.122722, "max_drawdown_1y": -0.314075, "volume_ratio": 1.409668, "rsi_14": 60.498163, "macd": 1.340601, "macd_signal": 1.38942, "macd_histogram": -0.048819, "bb_width": 0.056709, "bb_position": 0.849965, "stoch_k": 87.04, "stoch_d": 73.565851, "adx": 33.849141, "atr_14": 2.665399, "last_close": 98.99, "last_date": "2026-03-06"}