{"return_1d": -0.001887, "return_5d": 0.000315, "return_20d": -0.06322, "return_60d": 0.013487, "return_252d": 0.256211, "sma_20": 96.090515, "sma_50": 99.667434, "sma_200": 94.542442, "price_vs_sma20": -0.008955, "price_vs_sma50": -0.044522, "price_vs_sma200": 0.007272, "volatility_20d": 0.38477, "volatility_60d": 0.272976, "drawdown": -0.108744, "max_drawdown_1y": -0.243125, "volume_ratio": 0.704524, "rsi_14": 44.584106, "macd": -1.269769, "macd_signal": -1.450591, "macd_histogram": 0.180822, "bb_width": 0.14881, "bb_position": 0.439277, "stoch_k": 62.401264, "stoch_d": 67.614534, "adx": 25.157223, "atr_14": 2.725696, "last_close": 95.23, "last_date": "2026-03-06"}