{"return_1d": 0.003046, "return_5d": 0.029542, "return_20d": -0.078017, "return_60d": 0.040648, "return_252d": 0.2325, "sma_20": 97.663715, "sma_50": 99.88391, "sma_200": 94.382929, "price_vs_sma20": -0.022257, "price_vs_sma50": -0.04399, "price_vs_sma200": 0.01173, "volatility_20d": 0.392152, "volatility_60d": 0.277537, "drawdown": -0.106311, "max_drawdown_1y": -0.243125, "volume_ratio": 0.809117, "rsi_14": 44.888244, "macd": -1.615042, "macd_signal": -1.578415, "macd_histogram": -0.036627, "bb_width": 0.190864, "bb_position": 0.380733, "stoch_k": 26.54778, "stoch_d": 30.205194, "adx": 25.977123, "atr_14": 2.831566, "last_close": 95.49, "last_date": "2026-03-02"}