{"return_1d": -0.00656, "return_5d": -0.021637, "return_20d": -0.078435, "return_60d": 0.020382, "return_252d": 0.285215, "sma_20": 96.41185, "sma_50": 99.784208, "sma_200": 94.508434, "price_vs_sma20": -0.010391, "price_vs_sma50": -0.043837, "price_vs_sma200": 0.00954, "volatility_20d": 0.388447, "volatility_60d": 0.273091, "drawdown": -0.107059, "max_drawdown_1y": -0.243125, "volume_ratio": 0.869717, "rsi_14": 45.048665, "macd": -1.328837, "macd_signal": -1.495797, "macd_histogram": 0.16696, "bb_width": 0.156643, "bb_position": 0.432966, "stoch_k": 65.244866, "stoch_d": 60.665691, "adx": 24.781498, "atr_14": 2.715364, "last_close": 95.41, "last_date": "2026-03-05"}