{"return_1d": -0.024403, "return_5d": 0.011807, "return_20d": -0.0774, "return_60d": 0.029901, "return_252d": 0.22377, "sma_20": 98.064735, "sma_50": 99.886452, "sma_200": 94.332408, "price_vs_sma20": -0.029822, "price_vs_sma50": -0.047516, "price_vs_sma200": 0.008563, "volatility_20d": 0.392901, "volatility_60d": 0.278152, "drawdown": -0.109584, "max_drawdown_1y": -0.243125, "volume_ratio": 0.475793, "rsi_14": 44.009195, "macd": -1.715115, "macd_signal": -1.570212, "macd_histogram": -0.144903, "bb_width": 0.19775, "bb_position": 0.344556, "stoch_k": 24.341981, "stoch_d": 29.785222, "adx": 26.447201, "atr_14": 2.843637, "last_close": 95.1402, "last_date": "2026-02-27"}