{"return_1d": 0.0084, "return_5d": 0.007236, "return_20d": -0.071008, "return_60d": 0.014041, "return_252d": 0.244517, "sma_20": 96.81787, "sma_50": 99.845756, "sma_200": 94.470852, "price_vs_sma20": -0.008034, "price_vs_sma50": -0.038116, "price_vs_sma200": 0.01661, "volatility_20d": 0.388728, "volatility_60d": 0.274063, "drawdown": -0.101163, "max_drawdown_1y": -0.243125, "volume_ratio": 0.600544, "rsi_14": 46.627689, "macd": -1.403227, "macd_signal": -1.537537, "macd_histogram": 0.134309, "bb_width": 0.168042, "bb_position": 0.451801, "stoch_k": 75.197472, "stoch_d": 47.766662, "adx": 24.976491, "atr_14": 2.718085, "last_close": 96.04, "last_date": "2026-03-04"}