{"return_1d": -0.002618, "return_5d": 0.022766, "return_20d": -0.09136, "return_60d": 0.016721, "return_252d": 0.212269, "sma_20": 97.184915, "sma_50": 99.863012, "sma_200": 94.427243, "price_vs_sma20": -0.020013, "price_vs_sma50": -0.046294, "price_vs_sma200": 0.008607, "volatility_20d": 0.387754, "volatility_60d": 0.27445, "drawdown": -0.10865, "max_drawdown_1y": -0.243125, "volume_ratio": 0.588892, "rsi_14": 44.326679, "macd": -1.541912, "macd_signal": -1.571114, "macd_histogram": 0.029202, "bb_width": 0.179506, "bb_position": 0.386237, "stoch_k": 41.554735, "stoch_d": 30.940529, "adx": 25.695329, "atr_14": 2.807168, "last_close": 95.24, "last_date": "2026-03-03"}