{"return_1d": 0.006586, "return_5d": -0.113868, "return_20d": -0.134933, "return_60d": -0.093476, "return_252d": -0.204183, "sma_20": 85.861, "sma_50": 85.2132, "sma_200": 90.611165, "price_vs_sma20": -0.109957, "price_vs_sma50": -0.103191, "price_vs_sma200": -0.156616, "volatility_20d": 0.299839, "volatility_60d": 0.290922, "drawdown": -0.262348, "max_drawdown_1y": -0.277054, "volume_ratio": 0.094081, "rsi_14": 26.820338, "macd": -2.230203, "macd_signal": -0.678615, "macd_histogram": -1.551588, "bb_width": 0.24998, "bb_position": 0.005796, "stoch_k": 7.022107, "stoch_d": 3.78199, "adx": 24.99393, "atr_14": 2.465425, "last_close": 76.42, "last_date": "2026-03-06"}