{"return_1d": -0.005891, "return_5d": -0.115945, "return_20d": -0.111696, "return_60d": -0.105142, "return_252d": -0.250765, "sma_20": 87.028, "sma_50": 85.618, "sma_200": 90.831749, "price_vs_sma20": -0.108103, "price_vs_sma50": -0.093415, "price_vs_sma200": -0.145453, "volatility_20d": 0.305261, "volatility_60d": 0.291628, "drawdown": -0.250765, "max_drawdown_1y": -0.277054, "volume_ratio": 0.092332, "rsi_14": 27.123554, "macd": -1.227835, "macd_signal": 0.103969, "macd_histogram": -1.331804, "bb_width": 0.178655, "bb_position": -0.178436, "stoch_k": 2.183406, "stoch_d": 6.952678, "adx": 20.43861, "atr_14": 2.477323, "last_close": 77.62, "last_date": "2026-03-04"}