{"return_1d": -0.007138, "return_5d": -0.044326, "return_20d": 0.036289, "return_60d": 0.018422, "return_252d": -0.04573, "sma_20": 88.007, "sma_50": 86.062, "sma_200": 91.089245, "price_vs_sma20": -0.020078, "price_vs_sma50": 0.002068, "price_vs_sma200": -0.053236, "volatility_20d": 0.218358, "volatility_60d": 0.262733, "drawdown": -0.16756, "max_drawdown_1y": -0.277054, "volume_ratio": 1.81941, "rsi_14": 46.292129, "macd": 0.511564, "macd_signal": 0.862516, "macd_histogram": -0.350953, "bb_width": 0.067292, "bb_position": 0.195518, "stoch_k": 29.526462, "stoch_d": 25.443661, "adx": 14.895285, "atr_14": 2.207854, "last_close": 86.24, "last_date": "2026-02-27"}