{"return_1d": 0.02122, "return_5d": 0.01425, "return_20d": 0.145536, "return_60d": 0.175946, "return_252d": 0.332836, "sma_20": 80.21258, "sma_50": 76.09229, "sma_200": 71.98495, "price_vs_sma20": 0.055944, "price_vs_sma50": 0.113122, "price_vs_sma200": 0.176635, "volatility_20d": 0.259505, "volatility_60d": 0.266643, "drawdown": 0.0, "max_drawdown_1y": -0.184746, "volume_ratio": 1.953777, "rsi_14": 67.285511, "macd": 2.265572, "macd_signal": 2.051454, "macd_histogram": 0.214118, "bb_width": 0.127001, "bb_position": 0.917164, "stoch_k": 94.850093, "stoch_d": 84.425484, "adx": 28.6832, "atr_14": 1.683063, "last_close": 84.7, "last_date": "2026-03-06"}