{"return_1d": 0.008502, "return_5d": 0.053145, "return_20d": 0.103555, "return_60d": 0.149363, "return_252d": 0.302234, "sma_20": 78.7761, "sma_50": 75.134874, "sma_200": 71.615653, "price_vs_sma20": 0.069106, "price_vs_sma50": 0.120918, "price_vs_sma200": 0.176, "volatility_20d": 0.334843, "volatility_60d": 0.265613, "drawdown": 0.0, "max_drawdown_1y": -0.184746, "volume_ratio": 1.884632, "rsi_14": 69.476763, "macd": 2.261484, "macd_signal": 1.812109, "macd_histogram": 0.449375, "bb_width": 0.128708, "bb_position": 1.002213, "stoch_k": 96.035856, "stoch_d": 93.390445, "adx": 26.686656, "atr_14": 1.614233, "last_close": 84.22, "last_date": "2026-03-02"}