{"return_1d": -0.022441, "return_5d": 0.019188, "return_20d": 0.097309, "return_60d": 0.106219, "return_252d": 0.269424, "sma_20": 79.14115, "sma_50": 75.36372, "sma_200": 71.704801, "price_vs_sma20": 0.040293, "price_vs_sma50": 0.092435, "price_vs_sma200": 0.14818, "volatility_20d": 0.340237, "volatility_60d": 0.268977, "drawdown": -0.022441, "max_drawdown_1y": -0.184746, "volume_ratio": 2.147517, "rsi_14": 61.753735, "macd": 2.222884, "macd_signal": 1.894264, "macd_histogram": 0.32862, "bb_width": 0.129823, "bb_position": 0.798348, "stoch_k": 73.325242, "stoch_d": 89.144533, "adx": 26.967842, "atr_14": 1.690003, "last_close": 82.33, "last_date": "2026-03-03"}