{"return_1d": 0.004494, "return_5d": 0.005105, "return_20d": 0.075262, "return_60d": 0.120438, "return_252d": 0.294315, "sma_20": 79.430575, "sma_50": 75.604722, "sma_200": 71.794356, "price_vs_sma20": 0.041161, "price_vs_sma50": 0.093847, "price_vs_sma200": 0.151901, "volatility_20d": 0.331755, "volatility_60d": 0.268204, "drawdown": -0.018048, "max_drawdown_1y": -0.184746, "volume_ratio": 1.294719, "rsi_14": 62.629527, "macd": 2.196825, "macd_signal": 1.954776, "macd_histogram": 0.242049, "bb_width": 0.131938, "bb_position": 0.799637, "stoch_k": 77.771236, "stoch_d": 82.377445, "adx": 27.228943, "atr_14": 1.670002, "last_close": 82.7, "last_date": "2026-03-04"}