{"return_1d": 0.029502, "return_5d": 0.047568, "return_20d": 0.088884, "return_60d": 0.135187, "return_252d": 0.289768, "sma_20": 78.3842, "sma_50": 74.84793, "sma_200": 71.51988, "price_vs_sma20": 0.066223, "price_vs_sma50": 0.116597, "price_vs_sma200": 0.168556, "volatility_20d": 0.337516, "volatility_60d": 0.266055, "drawdown": 0.0, "max_drawdown_1y": -0.184746, "volume_ratio": 0.853995, "rsi_14": 68.207726, "macd": 2.090607, "macd_signal": 1.700803, "macd_histogram": 0.389804, "bb_width": 0.117643, "bb_position": 1.027948, "stoch_k": 98.880806, "stoch_d": 94.942089, "adx": 24.918746, "atr_14": 1.643028, "last_close": 83.575, "last_date": "2026-02-27"}