{"return_1d": 0.028702, "return_5d": 0.046754, "return_20d": 0.088037, "return_60d": 0.134305, "return_252d": 0.288764, "sma_20": 78.38095, "sma_50": 74.84663, "sma_200": 71.519555, "price_vs_sma20": 0.065437, "price_vs_sma50": 0.115748, "price_vs_sma200": 0.167653, "volatility_20d": 0.33674, "volatility_60d": 0.26571, "drawdown": 0.0, "max_drawdown_1y": -0.184746, "volume_ratio": 1.155574, "rsi_14": 68.084444, "macd": 2.085421, "macd_signal": 1.699766, "macd_histogram": 0.385656, "bb_width": 0.117408, "bb_position": 1.023121, "stoch_k": 98.072499, "stoch_d": 94.672654, "adx": 24.918746, "atr_14": 1.643028, "last_close": 83.51, "last_date": "2026-02-27"}