{"return_1d": 0.002902, "return_5d": 0.02168, "return_20d": 0.062506, "return_60d": 0.146622, "return_252d": 0.30317, "sma_20": 79.67454, "sma_50": 75.836454, "sma_200": 71.885374, "price_vs_sma20": 0.040985, "price_vs_sma50": 0.093669, "price_vs_sma200": 0.153781, "volatility_20d": 0.329156, "volatility_60d": 0.264244, "drawdown": -0.015198, "max_drawdown_1y": -0.184746, "volume_ratio": 1.669407, "rsi_14": 63.217887, "macd": 2.170519, "macd_signal": 1.997925, "macd_histogram": 0.172594, "bb_width": 0.135583, "bb_position": 0.790386, "stoch_k": 80.655123, "stoch_d": 77.250534, "adx": 27.670263, "atr_14": 1.637145, "last_close": 82.94, "last_date": "2026-03-05"}