{"return_1d": -0.011182, "return_5d": 0.017906, "return_20d": -0.090299, "return_60d": -0.238794, "return_252d": 0.077145, "sma_20": 119.113, "sma_50": 141.9328, "sma_200": 139.2442, "price_vs_sma20": 0.002242, "price_vs_sma50": -0.158898, "price_vs_sma200": -0.142657, "volatility_20d": 0.779888, "volatility_60d": 0.577645, "drawdown": -0.33311, "max_drawdown_1y": -0.545191, "volume_ratio": 0.455579, "rsi_14": 43.460662, "macd": -5.286525, "macd_signal": -7.044886, "macd_histogram": 1.758361, "bb_width": 0.192027, "bb_position": 0.511647, "stoch_k": 42.305442, "stoch_d": 50.019505, "adx": 26.513156, "atr_14": 8.26627, "last_close": 119.38, "last_date": "2026-03-02"}