{"return_1d": -0.048793, "return_5d": -0.050753, "return_20d": -0.166005, "return_60d": -0.197515, "return_252d": 0.057979, "sma_20": 119.65875, "sma_50": 142.7893, "sma_200": 139.181025, "price_vs_sma20": 0.001139, "price_vs_sma50": -0.161037, "price_vs_sma200": -0.139286, "volatility_20d": 0.837922, "volatility_60d": 0.59035, "drawdown": -0.330792, "max_drawdown_1y": -0.545191, "volume_ratio": 0.383379, "rsi_14": 43.812892, "macd": -5.62671, "macd_signal": -7.499394, "macd_histogram": 1.872683, "bb_width": 0.21059, "bb_position": 0.505401, "stoch_k": 43.519602, "stoch_d": 50.014628, "adx": 27.442473, "atr_14": 8.412906, "last_close": 119.795, "last_date": "2026-02-27"}