{"return_1d": 0.039645, "return_5d": 0.070272, "return_20d": 0.182161, "return_60d": -0.163211, "return_252d": 0.324978, "sma_20": 120.153, "sma_50": 139.697, "sma_200": 139.5137, "price_vs_sma20": 0.12182, "price_vs_sma50": -0.035126, "price_vs_sma200": -0.033858, "volatility_20d": 0.71821, "volatility_60d": 0.599432, "drawdown": -0.247025, "max_drawdown_1y": -0.545191, "volume_ratio": 0.765281, "rsi_14": 56.589459, "macd": -2.509145, "macd_signal": -5.330217, "macd_histogram": 2.821073, "bb_width": 0.18797, "bb_position": 1.077704, "stoch_k": 95.899054, "stoch_d": 80.092244, "adx": 23.022458, "atr_14": 8.327022, "last_close": 134.79, "last_date": "2026-03-05"}