{"return_1d": -0.041369, "return_5d": -0.043344, "return_20d": -0.159496, "return_60d": -0.191251, "return_252d": 0.066237, "sma_20": 119.7055, "sma_50": 142.808, "sma_200": 139.1857, "price_vs_sma20": 0.008559, "price_vs_sma50": -0.154599, "price_vs_sma200": -0.132598, "volatility_20d": 0.833494, "volatility_60d": 0.58808, "drawdown": -0.325568, "max_drawdown_1y": -0.545191, "volume_ratio": 0.540653, "rsi_14": 44.462265, "macd": -5.552123, "macd_signal": -7.484476, "macd_histogram": 1.932353, "bb_width": 0.209102, "bb_position": 0.540583, "stoch_k": 46.25512, "stoch_d": 50.926468, "adx": 27.442473, "atr_14": 8.412906, "last_close": 120.73, "last_date": "2026-02-27"}