{"return_1d": 0.063839, "return_5d": 0.077633, "return_20d": 0.086847, "return_60d": -0.20122, "return_252d": 0.216457, "sma_20": 119.1145, "sma_50": 140.3926, "sma_200": 139.3935, "price_vs_sma20": 0.088449, "price_vs_sma50": -0.076518, "price_vs_sma200": -0.069899, "volatility_20d": 0.732844, "volatility_60d": 0.593112, "drawdown": -0.275739, "max_drawdown_1y": -0.545191, "volume_ratio": 0.650706, "rsi_14": 52.698988, "macd": -3.778148, "macd_signal": -6.035486, "macd_histogram": 2.257338, "bb_width": 0.169579, "bb_position": 0.979193, "stoch_k": 94.787275, "stoch_d": 62.227707, "adx": 24.054668, "atr_14": 8.387947, "last_close": 129.65, "last_date": "2026-03-04"}