{"return_1d": -0.035148, "return_5d": -0.067429, "return_20d": -0.088689, "return_60d": 0.009252, "return_252d": -0.04738, "sma_20": 359.66118, "sma_50": 349.857784, "sma_200": 345.474268, "price_vs_sma20": -0.067317, "price_vs_sma50": -0.041182, "price_vs_sma200": -0.029016, "volatility_20d": 0.222307, "volatility_60d": 0.23119, "drawdown": -0.151418, "max_drawdown_1y": -0.213942, "volume_ratio": 1.054507, "rsi_14": 33.145529, "macd": -1.400188, "macd_signal": 1.99792, "macd_histogram": -3.398108, "bb_width": 0.095368, "bb_position": -0.256807, "stoch_k": 6.301311, "stoch_d": 19.788749, "adx": 24.132051, "atr_14": 9.444428, "last_close": 335.45, "last_date": "2026-03-05"}