{"return_1d": 0.004924, "return_5d": 0.004561, "return_20d": 0.021702, "return_60d": 0.060866, "return_252d": 0.016442, "sma_20": 362.86225, "sma_50": 348.8435, "sma_200": 346.399094, "price_vs_sma20": -0.001618, "price_vs_sma50": 0.038503, "price_vs_sma200": 0.045831, "volatility_20d": 0.198288, "volatility_60d": 0.215452, "drawdown": -0.085582, "max_drawdown_1y": -0.213942, "volume_ratio": 0.558153, "rsi_14": 53.754924, "macd": 3.05471, "macd_signal": 4.410718, "macd_histogram": -1.356008, "bb_width": 0.051013, "bb_position": 0.468224, "stoch_k": 36.023947, "stoch_d": 24.681221, "adx": 22.955969, "atr_14": 8.006801, "last_close": 362.275, "last_date": "2026-02-27"}