{"return_1d": -0.015727, "return_5d": -0.020267, "return_20d": 0.006337, "return_60d": 0.057475, "return_252d": 0.012817, "sma_20": 362.189495, "sma_50": 348.659196, "sma_200": 345.652461, "price_vs_sma20": -0.016813, "price_vs_sma50": 0.021341, "price_vs_sma200": 0.030226, "volatility_20d": 0.207438, "volatility_60d": 0.216698, "drawdown": -0.09918, "max_drawdown_1y": -0.213942, "volume_ratio": 0.931225, "rsi_14": 48.288814, "macd": 2.431726, "macd_signal": 4.011146, "macd_histogram": -1.57942, "bb_width": 0.049773, "bb_position": 0.156431, "stoch_k": 33.379694, "stoch_d": 32.226463, "adx": 22.384725, "atr_14": 8.611989, "last_close": 356.1, "last_date": "2026-03-02"}