{"return_1d": -0.003325, "return_5d": -0.024664, "return_20d": -0.031146, "return_60d": 0.038968, "return_252d": -0.01669, "sma_20": 361.293485, "sma_50": 349.551826, "sma_200": 345.60242, "price_vs_sma20": -0.037708, "price_vs_sma50": -0.005384, "price_vs_sma200": 0.005983, "volatility_20d": 0.21615, "volatility_60d": 0.21965, "drawdown": -0.120506, "max_drawdown_1y": -0.213942, "volume_ratio": 0.733478, "rsi_14": 41.218708, "macd": 0.344274, "macd_signal": 2.847447, "macd_histogram": -2.503173, "bb_width": 0.068597, "bb_position": -0.071236, "stoch_k": 25.047059, "stoch_d": 28.814876, "adx": 22.832429, "atr_14": 9.016307, "last_close": 347.67, "last_date": "2026-03-04"}