{"return_1d": -0.016605, "return_5d": -0.0882, "return_20d": -0.084286, "return_60d": 0.010636, "return_252d": -0.0814, "sma_20": 358.14301, "sma_50": 349.992874, "sma_200": 345.325765, "price_vs_sma20": -0.078915, "price_vs_sma50": -0.057467, "price_vs_sma200": -0.044728, "volatility_20d": 0.218164, "volatility_60d": 0.230753, "drawdown": -0.165509, "max_drawdown_1y": -0.213942, "volume_ratio": 1.077252, "rsi_14": 30.238319, "macd": -3.195305, "macd_signal": 0.959275, "macd_histogram": -4.15458, "bb_width": 0.124834, "bb_position": -0.186322, "stoch_k": 10.292598, "stoch_d": 13.880323, "adx": 25.889101, "atr_14": 9.509826, "last_close": 329.88, "last_date": "2026-03-06"}