{"return_1d": -0.010734, "return_5d": -0.073396, "return_20d": -0.037635, "return_60d": 0.022147, "return_252d": -0.031695, "sma_20": 242.584995, "sma_50": 244.621342, "sma_200": 229.160598, "price_vs_sma20": -0.05023, "price_vs_sma50": -0.058136, "price_vs_sma200": 0.005408, "volatility_20d": 0.419542, "volatility_60d": 0.322819, "drawdown": -0.101057, "max_drawdown_1y": -0.273251, "volume_ratio": 0.156165, "rsi_14": 40.886836, "macd": -3.171498, "macd_signal": -1.551123, "macd_histogram": -1.620375, "bb_width": 0.129685, "bb_position": 0.092195, "stoch_k": 21.761658, "stoch_d": 19.092546, "adx": 15.368135, "atr_14": 7.751376, "last_close": 230.4, "last_date": "2026-03-05"}