{"return_1d": -0.033585, "return_5d": -0.038831, "return_20d": -0.09822, "return_60d": 0.034289, "return_252d": 0.102175, "sma_20": 243.42612, "sma_50": 244.732578, "sma_200": 229.007749, "price_vs_sma20": -0.054333, "price_vs_sma50": -0.059381, "price_vs_sma200": 0.005206, "volatility_20d": 0.459073, "volatility_60d": 0.308163, "drawdown": -0.101838, "max_drawdown_1y": -0.273251, "volume_ratio": 0.216098, "rsi_14": 38.699474, "macd": -1.816947, "macd_signal": -0.719524, "macd_histogram": -1.097423, "bb_width": 0.109504, "bb_position": -0.024681, "stoch_k": 2.330734, "stoch_d": 20.154887, "adx": 15.25562, "atr_14": 7.652378, "last_close": 230.2, "last_date": "2026-03-03"}