{"return_1d": -0.002208, "return_5d": -0.074355, "return_20d": -0.046473, "return_60d": 0.008759, "return_252d": -0.003439, "sma_20": 242.688005, "sma_50": 244.52546, "sma_200": 229.036751, "price_vs_sma20": -0.068969, "price_vs_sma50": -0.075965, "price_vs_sma200": -0.013477, "volatility_20d": 0.405884, "volatility_60d": 0.317019, "drawdown": -0.11842, "max_drawdown_1y": -0.273251, "volume_ratio": 0.095329, "rsi_14": 36.248581, "macd": -3.167151, "macd_signal": -1.256913, "macd_histogram": -1.910238, "bb_width": 0.134839, "bb_position": -0.049382, "stoch_k": 6.390328, "stoch_d": 9.528095, "adx": 15.799042, "atr_14": 7.643789, "last_close": 225.95, "last_date": "2026-03-04"}