{"return_1d": 0.016014, "return_5d": -0.076799, "return_20d": -0.068839, "return_60d": -0.000832, "return_252d": -0.004457, "sma_20": 241.46073, "sma_50": 244.455598, "sma_200": 229.235196, "price_vs_sma20": -0.05409, "price_vs_sma50": -0.065679, "price_vs_sma200": -0.003643, "volatility_20d": 0.428808, "volatility_60d": 0.33046, "drawdown": -0.108861, "max_drawdown_1y": -0.273251, "volume_ratio": 0.107958, "rsi_14": 40.889615, "macd": -4.077584, "macd_signal": -2.127891, "macd_histogram": -1.949692, "bb_width": 0.149245, "bb_position": 0.116848, "stoch_k": 20.295203, "stoch_d": 18.998088, "adx": 15.616024, "atr_14": 7.975767, "last_close": 228.4, "last_date": "2026-03-06"}