{"return_1d": -0.000431, "return_5d": 0.050462, "return_20d": 0.131721, "return_60d": 0.136002, "return_252d": 0.105037, "sma_20": 108.71555, "sma_50": 103.095634, "sma_200": 103.731133, "price_vs_sma20": 0.066545, "price_vs_sma50": 0.124684, "price_vs_sma200": 0.117794, "volatility_20d": 0.395568, "volatility_60d": 0.286758, "drawdown": -0.198491, "max_drawdown_1y": -0.366613, "volume_ratio": 4.563648, "rsi_14": 67.147411, "macd": 2.686396, "macd_signal": 2.262684, "macd_histogram": 0.423712, "bb_width": 0.110147, "bb_position": 1.06645, "stoch_k": 77.248677, "stoch_d": 61.566612, "adx": 24.315395, "atr_14": 3.581627, "last_close": 115.95, "last_date": "2026-02-27"}