{"return_1d": -0.029548, "return_5d": -0.040172, "return_20d": 0.036159, "return_60d": 0.123308, "return_252d": 0.054534, "sma_20": 110.378645, "sma_50": 104.253738, "sma_200": 103.83871, "price_vs_sma20": 0.00871, "price_vs_sma50": 0.067971, "price_vs_sma200": 0.07224, "volatility_20d": 0.422958, "volatility_60d": 0.296777, "drawdown": -0.230358, "max_drawdown_1y": -0.366613, "volume_ratio": 0.789468, "rsi_14": 54.347955, "macd": 2.533853, "macd_signal": 2.514108, "macd_histogram": 0.019745, "bb_width": 0.106266, "bb_position": 0.581253, "stoch_k": 46.759259, "stoch_d": 56.459436, "adx": 23.948709, "atr_14": 3.552591, "last_close": 111.34, "last_date": "2026-03-05"}