{"return_1d": 0.021184, "return_5d": 0.076266, "return_20d": 0.094637, "return_60d": 0.163319, "return_252d": 0.064829, "sma_20": 110.184375, "sma_50": 103.98118, "sma_200": 103.832745, "price_vs_sma20": 0.041255, "price_vs_sma50": 0.103373, "price_vs_sma200": 0.10495, "volatility_20d": 0.413161, "volatility_60d": 0.289392, "drawdown": -0.206925, "max_drawdown_1y": -0.366613, "volume_ratio": 1.046061, "rsi_14": 61.838614, "macd": 2.780288, "macd_signal": 2.509172, "macd_histogram": 0.271116, "bb_width": 0.105131, "bb_position": 0.876865, "stoch_k": 69.179894, "stoch_d": 63.822751, "adx": 24.376851, "atr_14": 3.531252, "last_close": 114.73, "last_date": "2026-03-04"}