{"return_1d": -0.020317, "return_5d": 0.027435, "return_20d": 0.082875, "return_60d": 0.130674, "return_252d": 0.057457, "sma_20": 109.688425, "sma_50": 103.674088, "sma_200": 103.800511, "price_vs_sma20": 0.024265, "price_vs_sma50": 0.083684, "price_vs_sma200": 0.082365, "volatility_20d": 0.409223, "volatility_60d": 0.287521, "drawdown": -0.223377, "max_drawdown_1y": -0.366613, "volume_ratio": 0.707823, "rsi_14": 58.071215, "macd": 2.709224, "macd_signal": 2.441393, "macd_histogram": 0.267831, "bb_width": 0.108325, "bb_position": 0.718694, "stoch_k": 53.439153, "stoch_d": 66.512346, "adx": 24.483289, "atr_14": 3.562117, "last_close": 112.35, "last_date": "2026-03-03"}