{"return_1d": -0.010953, "return_5d": 0.033153, "return_20d": 0.104595, "return_60d": 0.146809, "return_252d": 0.093134, "sma_20": 109.258505, "sma_50": 103.414992, "sma_200": 103.768691, "price_vs_sma20": 0.049621, "price_vs_sma50": 0.10893, "price_vs_sma200": 0.10515, "volatility_20d": 0.399373, "volatility_60d": 0.284252, "drawdown": -0.207271, "max_drawdown_1y": -0.366613, "volume_ratio": 1.007937, "rsi_14": 63.796667, "macd": 2.821442, "macd_signal": 2.374436, "macd_histogram": 0.447006, "bb_width": 0.112919, "bb_position": 0.918665, "stoch_k": 68.849206, "stoch_d": 74.559083, "adx": 24.678331, "atr_14": 3.581511, "last_close": 114.68, "last_date": "2026-03-02"}