{"return_1d": -0.052467, "return_5d": -0.063067, "return_20d": 0.016992, "return_60d": 0.30137, "return_252d": 0.201752, "sma_20": 50.712425, "sma_50": 46.566588, "sma_200": 37.533827, "price_vs_sma20": -0.042049, "price_vs_sma50": 0.043237, "price_vs_sma200": 0.294299, "volatility_20d": 0.363438, "volatility_60d": 0.373847, "drawdown": -0.163719, "max_drawdown_1y": -0.46631, "volume_ratio": 1.253099, "rsi_14": 45.203898, "macd": 1.051355, "macd_signal": 1.495453, "macd_histogram": -0.444098, "bb_width": 0.0738, "bb_position": -0.094786, "stoch_k": 9.367681, "stoch_d": 48.968473, "adx": 28.234901, "atr_14": 1.709619, "last_close": 48.58, "last_date": "2026-03-03"}