{"return_1d": -0.002913, "return_5d": 0.009636, "return_20d": 0.065897, "return_60d": 0.422153, "return_252d": 0.303185, "sma_20": 50.51316, "sma_50": 46.08346, "sma_200": 37.384481, "price_vs_sma20": 0.016369, "price_vs_sma50": 0.114066, "price_vs_sma200": 0.373297, "volatility_20d": 0.305775, "volatility_60d": 0.362286, "drawdown": -0.116207, "max_drawdown_1y": -0.46631, "volume_ratio": 0.949478, "rsi_14": 61.027286, "macd": 1.436494, "macd_signal": 1.670725, "macd_histogram": -0.234232, "bb_width": 0.088707, "bb_position": 0.681554, "stoch_k": 70.224719, "stoch_d": 75.411138, "adx": 31.018468, "atr_14": 1.495239, "last_close": 51.34, "last_date": "2026-02-27"}