{"return_1d": 0.022486, "return_5d": -0.106483, "return_20d": 0.138701, "return_60d": 0.440713, "return_252d": 1.55089, "sma_20": 75.2335, "sma_50": 77.2556, "sma_200": 49.3063, "price_vs_sma20": 0.009391, "price_vs_sma50": -0.017029, "price_vs_sma200": 0.540168, "volatility_20d": 0.841772, "volatility_60d": 0.992233, "drawdown": -0.280871, "max_drawdown_1y": -0.371496, "volume_ratio": 0.562287, "rsi_14": 49.103248, "macd": 0.093765, "macd_signal": 0.286353, "macd_histogram": -0.192588, "bb_width": 0.256244, "bb_position": 0.536307, "stoch_k": 53.651267, "stoch_d": 49.892366, "adx": 14.251426, "atr_14": 5.45381, "last_close": 75.94, "last_date": "2026-03-06"}