{"return_1d": -0.04024, "return_5d": 0.012412, "return_20d": 0.081257, "return_60d": 0.535291, "return_252d": 1.872183, "sma_20": 74.9855, "sma_50": 76.1106, "sma_200": 48.39305, "price_vs_sma20": 0.08781, "price_vs_sma50": 0.07173, "price_vs_sma200": 0.685573, "volatility_20d": 1.012091, "volatility_60d": 0.975286, "drawdown": -0.227557, "max_drawdown_1y": -0.371496, "volume_ratio": 1.005138, "rsi_14": 54.357955, "macd": 1.161719, "macd_signal": 0.229095, "macd_histogram": 0.932624, "bb_width": 0.26172, "bb_position": 0.808429, "stoch_k": 81.619473, "stoch_d": 89.088868, "adx": 16.13356, "atr_14": 5.87203, "last_close": 81.57, "last_date": "2026-03-02"}