{"return_1d": 0.056433, "return_5d": 0.10924, "return_20d": -0.194942, "return_60d": 0.618241, "return_252d": 1.936766, "sma_20": 74.679, "sma_50": 75.6338, "sma_200": 48.13485, "price_vs_sma20": 0.138071, "price_vs_sma50": 0.123704, "price_vs_sma200": 0.765665, "volatility_20d": 1.442878, "volatility_60d": 0.969828, "drawdown": -0.19517, "max_drawdown_1y": -0.371496, "volume_ratio": 0.594122, "rsi_14": 58.133859, "macd": 0.949665, "macd_signal": -0.004062, "macd_histogram": 0.953727, "bb_width": 0.241058, "bb_position": 1.003282, "stoch_k": 98.609041, "stoch_d": 90.118117, "adx": 17.222479, "atr_14": 5.812187, "last_close": 84.99, "last_date": "2026-02-27"}