{"return_1d": 0.003408, "return_5d": -0.000925, "return_20d": 0.075365, "return_60d": -0.03053, "return_252d": -0.366269, "sma_20": 31.593, "sma_50": 30.9536, "sma_200": 41.65855, "price_vs_sma20": 0.025227, "price_vs_sma50": 0.046405, "price_vs_sma200": -0.222489, "volatility_20d": 0.916167, "volatility_60d": 0.664865, "drawdown": -0.727373, "max_drawdown_1y": -0.762051, "volume_ratio": 0.798992, "rsi_14": 52.633606, "macd": 0.21699, "macd_signal": 0.077192, "macd_histogram": 0.139798, "bb_width": 0.192775, "bb_position": 0.627643, "stoch_k": 60.31746, "stoch_d": 64.841023, "adx": 12.913794, "atr_14": 1.926717, "last_close": 32.39, "last_date": "2026-02-27"}