{"return_1d": -0.012557, "return_5d": -0.001239, "return_20d": -0.045024, "return_60d": -0.070626, "return_252d": -0.17629, "sma_20": 31.8505, "sma_50": 31.062, "sma_200": 41.42555, "price_vs_sma20": 0.012229, "price_vs_sma50": 0.037924, "price_vs_sma200": -0.221736, "volatility_20d": 0.807202, "volatility_60d": 0.679758, "drawdown": -0.728636, "max_drawdown_1y": -0.762051, "volume_ratio": 0.919646, "rsi_14": 51.927835, "macd": 0.185584, "macd_signal": 0.127191, "macd_histogram": 0.058393, "bb_width": 0.156271, "bb_position": 0.57731, "stoch_k": 64.079823, "stoch_d": 55.472407, "adx": 12.279717, "atr_14": 1.967033, "last_close": 32.24, "last_date": "2026-03-05"}