{"return_1d": -0.028846, "return_5d": -0.033344, "return_20d": 0.014911, "return_60d": -0.114787, "return_252d": -0.195116, "sma_20": 31.8735, "sma_50": 31.0668, "sma_200": 41.35815, "price_vs_sma20": -0.017679, "price_vs_sma50": 0.007828, "price_vs_sma200": -0.242955, "volatility_20d": 0.750705, "volatility_60d": 0.680936, "drawdown": -0.736463, "max_drawdown_1y": -0.762051, "volume_ratio": 0.772788, "rsi_14": 48.71641, "macd": 0.126273, "macd_signal": 0.127007, "macd_histogram": -0.000734, "bb_width": 0.159078, "bb_position": 0.386864, "stoch_k": 43.45898, "stoch_d": 60.236511, "adx": 12.382109, "atr_14": 1.918673, "last_close": 31.31, "last_date": "2026-03-06"}