{"return_1d": 0.064211, "return_5d": -0.028274, "return_20d": 0.100438, "return_60d": -0.046158, "return_252d": -0.094816, "sma_20": 31.9265, "sma_50": 31.0394, "sma_200": 41.4951, "price_vs_sma20": 0.022661, "price_vs_sma50": 0.051889, "price_vs_sma200": -0.21316, "volatility_20d": 0.943875, "volatility_60d": 0.679851, "drawdown": -0.725185, "max_drawdown_1y": -0.762051, "volume_ratio": 0.932902, "rsi_14": 53.368025, "macd": 0.163895, "macd_signal": 0.112592, "macd_histogram": 0.051303, "bb_width": 0.162317, "bb_position": 0.636518, "stoch_k": 73.170732, "stoch_d": 50.514583, "adx": 11.913752, "atr_14": 1.96142, "last_close": 32.65, "last_date": "2026-03-04"}