{"return_1d": -0.00375, "return_5d": 0.004651, "return_20d": 0.0574, "return_60d": 0.145373, "return_252d": 0.167068, "sma_20": 377.93468, "sma_50": 364.579072, "sma_200": 334.683321, "price_vs_sma20": 0.019277, "price_vs_sma50": 0.056616, "price_vs_sma200": 0.150998, "volatility_20d": 0.200829, "volatility_60d": 0.166698, "drawdown": -0.004702, "max_drawdown_1y": -0.207662, "volume_ratio": 0.866736, "rsi_14": 63.072429, "macd": 6.34783, "macd_signal": 6.239443, "macd_histogram": 0.108387, "bb_width": 0.075213, "bb_position": 0.751449, "stoch_k": 82.487056, "stoch_d": 88.220534, "adx": 19.865527, "atr_14": 7.773443, "last_close": 385.22, "last_date": "2026-02-27"}