{"return_1d": 0.011344, "return_5d": 0.017392, "return_20d": 0.070914, "return_60d": 0.15119, "return_252d": 0.187804, "sma_20": 379.224585, "sma_50": 365.446394, "sma_200": 335.03804, "price_vs_sma20": 0.027333, "price_vs_sma50": 0.066066, "price_vs_sma200": 0.162823, "volatility_20d": 0.202318, "volatility_60d": 0.167537, "drawdown": 0.0, "max_drawdown_1y": -0.207662, "volume_ratio": 0.726144, "rsi_14": 66.90773, "macd": 6.472586, "macd_signal": 6.286072, "macd_histogram": 0.186514, "bb_width": 0.070832, "bb_position": 0.875623, "stoch_k": 98.069944, "stoch_d": 90.024365, "adx": 20.510716, "atr_14": 7.899625, "last_close": 389.59, "last_date": "2026-03-02"}