{"return_1d": -0.014759, "return_5d": -0.008268, "return_20d": 0.039744, "return_60d": 0.121815, "return_252d": 0.155695, "sma_20": 379.9582, "sma_50": 366.246016, "sma_200": 335.374912, "price_vs_sma20": 0.010216, "price_vs_sma50": 0.048039, "price_vs_sma200": 0.14451, "volatility_20d": 0.207596, "volatility_60d": 0.170179, "drawdown": -0.014759, "max_drawdown_1y": -0.207662, "volume_ratio": 0.730669, "rsi_14": 58.324154, "macd": 6.037878, "macd_signal": 6.236433, "macd_histogram": -0.198555, "bb_width": 0.068386, "bb_position": 0.647883, "stoch_k": 63.357211, "stoch_d": 81.304737, "adx": 19.936683, "atr_14": 8.398224, "last_close": 383.84, "last_date": "2026-03-03"}