{"return_1d": -0.055871, "return_5d": -0.132398, "return_20d": -0.032435, "return_60d": 1.475555, "return_252d": 10.616143, "sma_20": 609.561, "sma_50": 486.515, "sma_200": 201.918825, "price_vs_sma20": -0.072136, "price_vs_sma50": 0.162534, "price_vs_sma200": 1.801076, "volatility_20d": 0.791581, "volatility_60d": 1.105239, "drawdown": -0.186798, "max_drawdown_1y": -0.475009, "volume_ratio": 0.753323, "rsi_14": 48.671753, "macd": 27.418935, "macd_signal": 43.795334, "macd_histogram": -16.376399, "bb_width": 0.227636, "bb_position": 0.158474, "stoch_k": 6.322053, "stoch_d": 14.575431, "adx": 32.862788, "atr_14": 50.588426, "last_close": 565.59, "last_date": "2026-03-05"}