{"return_1d": -0.067646, "return_5d": -0.17003, "return_20d": -0.084814, "return_60d": 1.338803, "return_252d": 9.879513, "sma_20": 607.1175, "sma_50": 492.2406, "sma_200": 204.361575, "price_vs_sma20": -0.13142, "price_vs_sma50": 0.071285, "price_vs_sma200": 1.580377, "volatility_20d": 0.825853, "volatility_60d": 1.117277, "drawdown": -0.241808, "max_drawdown_1y": -0.475009, "volume_ratio": 0.809978, "rsi_14": 43.883344, "macd": 19.166947, "macd_signal": 38.869657, "macd_histogram": -19.702709, "bb_width": 0.274806, "bb_position": -0.050588, "stoch_k": 0.424474, "stoch_d": 12.654197, "adx": 31.377199, "atr_14": 50.13711, "last_close": 527.33, "last_date": "2026-03-06"}