{"return_1d": -0.025623, "return_5d": -0.071134, "return_20d": 0.074325, "return_60d": 2.014755, "return_252d": 12.708592, "sma_20": 620.323, "sma_50": 465.1918, "sma_200": 193.883075, "price_vs_sma20": -0.002004, "price_vs_sma50": 0.330806, "price_vs_sma200": 2.193058, "volatility_20d": 1.054188, "volatility_60d": 1.096732, "drawdown": -0.109891, "max_drawdown_1y": -0.475009, "volume_ratio": 0.786632, "rsi_14": 57.214447, "macd": 45.787409, "macd_signal": 54.878945, "macd_histogram": -9.091535, "bb_width": 0.230818, "bb_position": 0.491301, "stoch_k": 52.140026, "stoch_d": 62.950242, "adx": 40.491976, "atr_14": 50.96646, "last_close": 619.08, "last_date": "2026-03-02"}