{"return_1d": -0.025372, "return_5d": -0.022478, "return_20d": 0.17812, "return_60d": 2.023077, "return_252d": 12.640189, "sma_20": 618.1815, "sma_50": 456.9964, "sma_200": 190.997675, "price_vs_sma20": 0.027789, "price_vs_sma50": 0.390295, "price_vs_sma200": 2.326533, "volatility_20d": 1.069929, "volatility_60d": 1.096259, "drawdown": -0.086483, "max_drawdown_1y": -0.475009, "volume_ratio": 0.776275, "rsi_14": 60.155449, "macd": 49.951448, "macd_signal": 57.151829, "macd_histogram": -7.200381, "bb_width": 0.232909, "bb_position": 0.616086, "stoch_k": 62.892999, "stoch_d": 65.878468, "adx": 42.526008, "atr_14": 50.948495, "last_close": 635.36, "last_date": "2026-02-27"}