{"return_1d": 0.059514, "return_5d": -0.05269, "return_20d": -0.138675, "return_60d": 1.808401, "return_252d": 10.907374, "sma_20": 610.509, "sma_50": 479.9554, "sma_200": 199.293075, "price_vs_sma20": -0.018753, "price_vs_sma50": 0.248158, "price_vs_sma200": 2.005925, "volatility_20d": 0.956221, "volatility_60d": 1.099839, "drawdown": -0.138675, "max_drawdown_1y": -0.475009, "volume_ratio": 0.738059, "rsi_14": 53.405483, "macd": 33.657087, "macd_signal": 47.889434, "macd_histogram": -14.232347, "bb_width": 0.207928, "bb_position": 0.408085, "stoch_k": 31.216065, "stoch_d": 29.848089, "adx": 35.246772, "atr_14": 51.062151, "last_close": 599.06, "last_date": "2026-03-04"}