{"return_1d": 0.026266, "return_5d": 0.038263, "return_20d": 0.055659, "return_60d": -0.052404, "return_252d": -0.007116, "sma_20": 431.5965, "sma_50": 467.6898, "sma_200": 493.9273, "price_vs_sma20": 0.0248, "price_vs_sma50": -0.054288, "price_vs_sma200": -0.104524, "volatility_20d": 0.487752, "volatility_60d": 0.430915, "drawdown": -0.314635, "max_drawdown_1y": -0.405253, "volume_ratio": 0.957233, "rsi_14": 49.813272, "macd": -9.204466, "macd_signal": -11.378505, "macd_histogram": 2.174039, "bb_width": 0.093975, "bb_position": 0.757512, "stoch_k": 76.103163, "stoch_d": 56.424206, "adx": 20.333312, "atr_14": 20.171118, "last_close": 442.3, "last_date": "2026-03-05"}