{"return_1d": -0.011056, "return_5d": 0.056546, "return_20d": 0.06571, "return_60d": -0.060848, "return_252d": -0.023551, "sma_20": 432.945, "sma_50": 466.8132, "sma_200": 493.5343, "price_vs_sma20": 0.010313, "price_vs_sma50": -0.062987, "price_vs_sma200": -0.113719, "volatility_20d": 0.48288, "volatility_60d": 0.431444, "drawdown": -0.322213, "max_drawdown_1y": -0.405253, "volume_ratio": 0.850851, "rsi_14": 48.13525, "macd": -8.17125, "macd_signal": -10.737054, "macd_histogram": 2.565804, "bb_width": 0.084543, "bb_position": 0.620741, "stoch_k": 66.250252, "stoch_d": 65.215931, "adx": 18.936653, "atr_14": 19.698181, "last_close": 437.41, "last_date": "2026-03-06"}