{"return_1d": -0.000801, "return_5d": -0.037212, "return_20d": -0.073315, "return_60d": -0.090301, "return_252d": -0.072078, "sma_20": 429.8385, "sma_50": 468.6614, "sma_200": 494.70545, "price_vs_sma20": -0.012839, "price_vs_sma50": -0.094613, "price_vs_sma200": -0.142277, "volatility_20d": 0.566066, "volatility_60d": 0.42627, "drawdown": -0.342496, "max_drawdown_1y": -0.405253, "volume_ratio": 0.915241, "rsi_14": 43.235787, "macd": -11.724113, "macd_signal": -12.18071, "macd_histogram": 0.456597, "bb_width": 0.101029, "bb_position": 0.371269, "stoch_k": 39.875076, "stoch_d": 33.172141, "adx": 22.985696, "atr_14": 20.101533, "last_close": 424.32, "last_date": "2026-03-03"}