{"return_1d": -0.028685, "return_5d": -0.059462, "return_20d": -0.137958, "return_60d": -0.055922, "return_252d": -0.120478, "sma_20": 433.529005, "sma_50": 470.005602, "sma_200": 495.626301, "price_vs_sma20": -0.045554, "price_vs_sma50": -0.119627, "price_vs_sma200": -0.165137, "volatility_20d": 0.564306, "volatility_60d": 0.433804, "drawdown": -0.358828, "max_drawdown_1y": -0.405253, "volume_ratio": 0.796496, "rsi_14": 39.401545, "macd": -12.10226, "macd_signal": -12.386174, "macd_histogram": 0.283914, "bb_width": 0.136817, "bb_position": 0.151154, "stoch_k": 18.605322, "stoch_d": 46.954872, "adx": 24.222105, "atr_14": 20.009521, "last_close": 413.7801, "last_date": "2026-02-27"}