{"return_1d": -0.00154, "return_5d": 0.021538, "return_20d": 0.097231, "return_60d": 0.100558, "return_252d": 0.137399, "sma_20": 92.571085, "sma_50": 89.169872, "sma_200": 90.070566, "price_vs_sma20": 0.050328, "price_vs_sma50": 0.090391, "price_vs_sma200": 0.079487, "volatility_20d": 0.2476, "volatility_60d": 0.186646, "drawdown": -0.009227, "max_drawdown_1y": -0.149903, "volume_ratio": 0.6783, "rsi_14": 70.263061, "macd": 2.315317, "macd_signal": 1.875558, "macd_histogram": 0.439759, "bb_width": 0.126694, "bb_position": 0.878207, "stoch_k": 91.962812, "stoch_d": 93.954572, "adx": 34.8841, "atr_14": 1.797142, "last_close": 97.23, "last_date": "2026-03-02"}