{"return_1d": 0.01069, "return_5d": 0.032662, "return_20d": 0.10102, "return_60d": 0.102628, "return_252d": 0.133249, "sma_20": 92.140285, "sma_50": 88.926112, "sma_200": 89.998671, "price_vs_sma20": 0.056867, "price_vs_sma50": 0.095066, "price_vs_sma200": 0.082016, "volatility_20d": 0.246737, "volatility_60d": 0.186548, "drawdown": -0.007699, "max_drawdown_1y": -0.149903, "volume_ratio": 1.052466, "rsi_14": 71.08264, "macd": 2.249631, "macd_signal": 1.765618, "macd_histogram": 0.484014, "bb_width": 0.123202, "bb_position": 0.936739, "stoch_k": 93.993321, "stoch_d": 93.593552, "adx": 33.118615, "atr_14": 1.874615, "last_close": 97.38, "last_date": "2026-02-27"}