{"return_1d": 0.008679, "return_5d": 0.017827, "return_20d": 0.091721, "return_60d": 0.126724, "return_252d": 0.109896, "sma_20": 93.44557, "sma_50": 89.600434, "sma_200": 90.208591, "price_vs_sma20": 0.044779, "price_vs_sma50": 0.089615, "price_vs_sma200": 0.082269, "volatility_20d": 0.233931, "volatility_60d": 0.184485, "drawdown": -0.005151, "max_drawdown_1y": -0.149903, "volume_ratio": 0.787108, "rsi_14": 69.963972, "macd": 2.338181, "macd_signal": 2.03684, "macd_histogram": 0.30134, "bb_width": 0.123664, "bb_position": 0.846584, "stoch_k": 94.22277, "stoch_d": 90.780014, "adx": 34.925182, "atr_14": 1.822587, "last_close": 97.63, "last_date": "2026-03-04"}