{"return_1d": -0.016768, "return_5d": -0.069264, "return_20d": -0.032984, "return_60d": -0.002347, "return_252d": -0.178328, "sma_20": 27.305, "sma_50": 26.480442, "sma_200": 26.874402, "price_vs_sma20": -0.055118, "price_vs_sma50": -0.025696, "price_vs_sma200": -0.039979, "volatility_20d": 0.304626, "volatility_60d": 0.263819, "drawdown": -0.262366, "max_drawdown_1y": -0.29371, "volume_ratio": 1.145601, "rsi_14": 39.914216, "macd": -0.063991, "macd_signal": 0.183202, "macd_histogram": -0.247192, "bb_width": 0.1216, "bb_position": 0.020284, "stoch_k": 15.263158, "stoch_d": 23.684211, "adx": 16.2119, "atr_14": 0.948607, "last_close": 25.8, "last_date": "2026-03-06"}