{"return_1d": -0.004626, "return_5d": -0.077198, "return_20d": -0.032234, "return_60d": -0.016246, "return_252d": -0.193017, "sma_20": 27.363, "sma_50": 26.467156, "sma_200": 26.893933, "price_vs_sma20": -0.05639, "price_vs_sma50": -0.024451, "price_vs_sma200": -0.039932, "volatility_20d": 0.301105, "volatility_60d": 0.26077, "drawdown": -0.261794, "max_drawdown_1y": -0.29371, "volume_ratio": 0.03388, "rsi_14": 39.208316, "macd": 0.060362, "macd_signal": 0.291268, "macd_histogram": -0.230905, "bb_width": 0.112481, "bb_position": -0.031288, "stoch_k": 15.789474, "stoch_d": 17.504873, "adx": 18.359405, "atr_14": 0.920142, "last_close": 25.82, "last_date": "2026-03-04"}