{"return_1d": -0.002287, "return_5d": -0.055556, "return_20d": -0.018741, "return_60d": 0.012347, "return_252d": -0.166226, "sma_20": 27.324, "sma_50": 26.488042, "sma_200": 26.876302, "price_vs_sma20": -0.041868, "price_vs_sma50": -0.011629, "price_vs_sma200": -0.025908, "volatility_20d": 0.299291, "volatility_60d": 0.261525, "drawdown": -0.251502, "max_drawdown_1y": -0.29371, "volume_ratio": 0.054078, "rsi_14": 42.936204, "macd": -0.033677, "macd_signal": 0.189264, "macd_histogram": -0.222941, "bb_width": 0.114828, "bb_position": 0.119452, "stoch_k": 25.263158, "stoch_d": 27.017544, "adx": 15.635623, "atr_14": 0.910035, "last_close": 26.18, "last_date": "2026-03-06"}