{"return_1d": -0.028358, "return_5d": -0.065997, "return_20d": 0.019577, "return_60d": -0.021523, "return_252d": -0.132414, "sma_20": 27.411, "sma_50": 26.469584, "sma_200": 26.903315, "price_vs_sma20": -0.050016, "price_vs_sma50": -0.016229, "price_vs_sma200": -0.03209, "volatility_20d": 0.33766, "volatility_60d": 0.260283, "drawdown": -0.255504, "max_drawdown_1y": -0.29371, "volume_ratio": 0.040538, "rsi_14": 40.815661, "macd": 0.190813, "macd_signal": 0.35059, "macd_histogram": -0.159776, "bb_width": 0.099006, "bb_position": -0.031783, "stoch_k": 0.0, "stoch_d": 22.463394, "adx": 18.728966, "atr_14": 0.91389, "last_close": 26.04, "last_date": "2026-03-03"}