{"return_1d": -0.035612, "return_5d": 0.017274, "return_20d": -0.030319, "return_60d": -0.132772, "return_252d": -0.117087, "sma_20": 76.011, "sma_50": 78.751, "sma_200": 75.42015, "price_vs_sma20": -0.023825, "price_vs_sma50": -0.05779, "price_vs_sma200": -0.016178, "volatility_20d": 0.365611, "volatility_60d": 0.299758, "drawdown": -0.138612, "max_drawdown_1y": -0.250238, "volume_ratio": 1.841776, "rsi_14": 43.152343, "macd": -1.275702, "macd_signal": -1.316434, "macd_histogram": 0.040732, "bb_width": 0.124288, "bb_position": 0.303626, "stoch_k": 25.784967, "stoch_d": 37.266096, "adx": 20.154169, "atr_14": 2.290427, "last_close": 74.2, "last_date": "2026-02-27"}