{"return_1d": 0.005398, "return_5d": -0.080062, "return_20d": -0.07465, "return_60d": -0.171485, "return_252d": -0.103937, "sma_20": 74.9545, "sma_50": 77.9946, "sma_200": 75.38655, "price_vs_sma20": -0.055694, "price_vs_sma50": -0.092501, "price_vs_sma200": -0.061106, "volatility_20d": 0.37704, "volatility_60d": 0.306611, "drawdown": -0.178314, "max_drawdown_1y": -0.250238, "volume_ratio": 1.101757, "rsi_14": 36.290771, "macd": -1.85933, "macd_signal": -1.533364, "macd_histogram": -0.325966, "bb_width": 0.168085, "bb_position": 0.149115, "stoch_k": 16.254417, "stoch_d": 6.557853, "adx": 22.172734, "atr_14": 2.202786, "last_close": 70.78, "last_date": "2026-03-05"}