{"return_1d": -0.03, "return_5d": -0.035549, "return_20d": -0.079313, "return_60d": -0.169384, "return_252d": -0.1121, "sma_20": 75.5075, "sma_50": 78.4164, "sma_200": 75.4159, "price_vs_sma20": -0.062212, "price_vs_sma50": -0.097, "price_vs_sma200": -0.061073, "volatility_20d": 0.380953, "volatility_60d": 0.306304, "drawdown": -0.177966, "max_drawdown_1y": -0.250238, "volume_ratio": 0.89545, "rsi_14": 35.657173, "macd": -1.574942, "macd_signal": -1.374176, "macd_histogram": -0.200767, "bb_width": 0.147105, "bb_position": 0.049033, "stoch_k": 2.142545, "stoch_d": 14.09826, "adx": 20.674738, "atr_14": 2.272935, "last_close": 70.81, "last_date": "2026-03-03"}