{"return_1d": -0.00579, "return_5d": -0.062334, "return_20d": -0.070627, "return_60d": -0.17429, "return_252d": -0.121756, "sma_20": 75.24, "sma_50": 78.2108, "sma_200": 75.4032, "price_vs_sma20": -0.064327, "price_vs_sma50": -0.099869, "price_vs_sma200": -0.066353, "volatility_20d": 0.378739, "volatility_60d": 0.306295, "drawdown": -0.182726, "max_drawdown_1y": -0.250238, "volume_ratio": 0.98149, "rsi_14": 34.848356, "macd": -1.762659, "macd_signal": -1.451872, "macd_histogram": -0.310787, "bb_width": 0.16082, "bb_position": 0.072502, "stoch_k": 1.276596, "stoch_d": 5.928803, "adx": 21.307985, "atr_14": 2.229154, "last_close": 70.4, "last_date": "2026-03-04"}