{"return_1d": -0.04705, "return_5d": 0.00521, "return_20d": -0.041819, "return_60d": -0.143058, "return_252d": -0.127558, "sma_20": 75.967, "sma_50": 78.7334, "sma_200": 75.41575, "price_vs_sma20": -0.034844, "price_vs_sma50": -0.068756, "price_vs_sma200": -0.027789, "volatility_20d": 0.381754, "volatility_60d": 0.306055, "drawdown": -0.148827, "max_drawdown_1y": -0.250238, "volume_ratio": 1.185685, "rsi_14": 41.165325, "macd": -1.345901, "macd_signal": -1.330474, "macd_histogram": -0.015428, "bb_width": 0.12808, "bb_position": 0.218129, "stoch_k": 17.411989, "stoch_d": 34.475103, "adx": 20.154169, "atr_14": 2.290427, "last_close": 73.32, "last_date": "2026-02-27"}