{"return_1d": -0.01264, "return_5d": -0.019865, "return_20d": -0.024479, "return_60d": 0.18822, "return_252d": 0.627859, "sma_20": 352.4075, "sma_50": 335.14, "sma_200": 277.089075, "price_vs_sma20": -0.000333, "price_vs_sma50": 0.051173, "price_vs_sma200": 0.271396, "volatility_20d": 0.373952, "volatility_60d": 0.32152, "drawdown": -0.04269, "max_drawdown_1y": -0.413611, "volume_ratio": 0.809358, "rsi_14": 51.928359, "macd": 6.230328, "macd_signal": 7.20568, "macd_histogram": -0.975351, "bb_width": 0.101108, "bb_position": 0.496701, "stoch_k": 33.72093, "stoch_d": 65.136747, "adx": 19.675739, "atr_14": 10.407682, "last_close": 352.29, "last_date": "2026-02-27"}