{"return_1d": -0.049056, "return_5d": -0.075296, "return_20d": -0.050781, "return_60d": 0.083755, "return_252d": 0.616833, "sma_20": 351.7995, "sma_50": 337.248, "sma_200": 278.392768, "price_vs_sma20": -0.048378, "price_vs_sma50": -0.007318, "price_vs_sma200": 0.202546, "volatility_20d": 0.379067, "volatility_60d": 0.334344, "drawdown": -0.090272, "max_drawdown_1y": -0.41361, "volume_ratio": 2.20399, "rsi_14": 41.203027, "macd": 3.372187, "macd_signal": 6.155664, "macd_histogram": -2.783477, "bb_width": 0.114976, "bb_position": 0.057838, "stoch_k": 10.255734, "stoch_d": 26.053446, "adx": 18.717558, "atr_14": 11.081675, "last_close": 334.78, "last_date": "2026-03-03"}