{"return_1d": -0.011068, "return_5d": -0.053363, "return_20d": 0.022338, "return_60d": 0.093261, "return_252d": 0.681629, "sma_20": 351.9635, "sma_50": 338.997, "sma_200": 279.668803, "price_vs_sma20": -0.040355, "price_vs_sma50": -0.003649, "price_vs_sma200": 0.207714, "volatility_20d": 0.347192, "volatility_60d": 0.336243, "drawdown": -0.082174, "max_drawdown_1y": -0.413611, "volume_ratio": 0.92121, "rsi_14": 43.77065, "macd": 1.05583, "macd_signal": 4.511894, "macd_histogram": -3.456064, "bb_width": 0.107798, "bb_position": 0.109899, "stoch_k": 18.797386, "stoch_d": 19.043719, "adx": 18.439545, "atr_14": 11.093332, "last_close": 337.76, "last_date": "2026-03-05"}