{"return_1d": -0.04219, "return_5d": -0.081694, "return_20d": -0.022126, "return_60d": 0.035887, "return_252d": 0.576695, "sma_20": 351.5975, "sma_50": 339.3904, "sma_200": 280.23318, "price_vs_sma20": -0.079885, "price_vs_sma50": -0.046791, "price_vs_sma200": 0.154431, "volatility_20d": 0.380009, "volatility_60d": 0.347466, "drawdown": -0.120897, "max_drawdown_1y": -0.413611, "volume_ratio": 1.124791, "rsi_14": 36.946439, "macd": -1.033959, "macd_signal": 3.402723, "macd_histogram": -4.436682, "bb_width": 0.12418, "bb_position": -0.199155, "stoch_k": 4.267906, "stoch_d": 17.047777, "adx": 19.206138, "atr_14": 11.463094, "last_close": 323.51, "last_date": "2026-03-06"}