{"return_1d": 0.002838, "return_5d": 0.007313, "return_20d": 0.070469, "return_60d": 0.110912, "return_252d": 0.158691, "sma_20": 197.47875, "sma_50": 190.1615, "sma_200": 174.649705, "price_vs_sma20": 0.028845, "price_vs_sma50": 0.068434, "price_vs_sma200": 0.163329, "volatility_20d": 0.221789, "volatility_60d": 0.177915, "drawdown": 0.0, "max_drawdown_1y": -0.243187, "volume_ratio": 0.452539, "rsi_14": 65.697652, "macd": 3.758197, "macd_signal": 3.54836, "macd_histogram": 0.209837, "bb_width": 0.079507, "bb_position": 0.852627, "stoch_k": 86.068223, "stoch_d": 84.587175, "adx": 26.66201, "atr_14": 3.659283, "last_close": 203.175, "last_date": "2026-02-27"}