{"return_1d": -0.010192, "return_5d": -0.007749, "return_20d": 0.027813, "return_60d": 0.114718, "return_252d": 0.15058, "sma_20": 199.5975, "sma_50": 191.6248, "sma_200": 175.566675, "price_vs_sma20": 0.007177, "price_vs_sma50": 0.049081, "price_vs_sma200": 0.145035, "volatility_20d": 0.196543, "volatility_60d": 0.176644, "drawdown": -0.013834, "max_drawdown_1y": -0.243187, "volume_ratio": 0.95646, "rsi_14": 58.067037, "macd": 3.340019, "macd_signal": 3.559316, "macd_histogram": -0.219297, "bb_width": 0.062175, "bb_position": 0.614608, "stoch_k": 70.638909, "stoch_d": 77.793731, "adx": 22.795031, "atr_14": 3.715929, "last_close": 201.03, "last_date": "2026-03-05"}