{"return_1d": -0.003385, "return_5d": 0.015445, "return_20d": 0.061941, "return_60d": 0.12894, "return_252d": 0.169139, "sma_20": 198.105, "sma_50": 190.5876, "sma_200": 174.893787, "price_vs_sma20": 0.025517, "price_vs_sma50": 0.065967, "price_vs_sma200": 0.161619, "volatility_20d": 0.222716, "volatility_60d": 0.174544, "drawdown": -0.003385, "max_drawdown_1y": -0.243187, "volume_ratio": 0.917494, "rsi_14": 64.758824, "macd": 3.805169, "macd_signal": 3.608337, "macd_histogram": 0.196832, "bb_width": 0.078842, "bb_position": 0.81559, "stoch_k": 85.929648, "stoch_d": 88.512454, "adx": 26.61432, "atr_14": 3.690387, "last_close": 203.16, "last_date": "2026-03-02"}