{"return_1d": -0.030841, "return_5d": -0.044248, "return_20d": -0.012319, "return_60d": 0.095277, "return_252d": 0.11631, "sma_20": 199.476, "sma_50": 191.7882, "sma_200": 175.748338, "price_vs_sma20": -0.023291, "price_vs_sma50": 0.01586, "price_vs_sma200": 0.108574, "volatility_20d": 0.225297, "volatility_60d": 0.186347, "drawdown": -0.044248, "max_drawdown_1y": -0.243187, "volume_ratio": 1.127143, "rsi_14": 45.633253, "macd": 2.606731, "macd_signal": 3.368799, "macd_histogram": -0.762068, "bb_width": 0.066883, "bb_position": 0.143463, "stoch_k": 11.825193, "stoch_d": 55.987675, "adx": 22.707007, "atr_14": 3.991934, "last_close": 194.83, "last_date": "2026-03-06"}