{"return_1d": -0.005956, "return_5d": 0.01289, "return_20d": 0.056113, "return_60d": 0.121416, "return_252d": 0.140255, "sma_20": 198.6415, "sma_50": 190.9422, "sma_200": 175.126997, "price_vs_sma20": 0.016656, "price_vs_sma50": 0.05765, "price_vs_sma200": 0.153163, "volatility_20d": 0.224725, "volatility_60d": 0.175301, "drawdown": -0.009321, "max_drawdown_1y": -0.243187, "volume_ratio": 0.911344, "rsi_14": 61.596774, "macd": 3.659894, "macd_signal": 3.618649, "macd_histogram": 0.041246, "bb_width": 0.074418, "bb_position": 0.720145, "stoch_k": 77.24336, "stoch_d": 84.685331, "adx": 25.361922, "atr_14": 3.851788, "last_close": 201.95, "last_date": "2026-03-03"}