{"return_1d": 0.003401, "return_5d": 0.051675, "return_20d": -0.046292, "return_60d": -0.10152, "return_252d": -0.151674, "sma_20": 425.409955, "sma_50": 487.242142, "sma_200": 505.665313, "price_vs_sma20": 0.047225, "price_vs_sma50": -0.08567, "price_vs_sma200": -0.118982, "volatility_20d": 0.475178, "volatility_60d": 0.398585, "drawdown": -0.205542, "max_drawdown_1y": -0.304776, "volume_ratio": 0.502619, "rsi_14": 48.194895, "macd": -13.121362, "macd_signal": -20.223479, "macd_histogram": 7.102117, "bb_width": 0.181387, "bb_position": 0.748614, "stoch_k": 93.221559, "stoch_d": 95.189522, "adx": 40.650633, "atr_14": 14.340026, "last_close": 445.5, "last_date": "2026-03-04"}