{"return_1d": 0.010035, "return_5d": 0.060906, "return_20d": -0.16216, "return_60d": -0.105726, "return_252d": -0.158456, "sma_20": 434.78778, "sma_50": 490.863574, "sma_200": 506.675655, "price_vs_sma20": 0.016312, "price_vs_sma50": -0.099791, "price_vs_sma200": -0.127884, "volatility_20d": 0.61452, "volatility_60d": 0.400593, "drawdown": -0.211998, "max_drawdown_1y": -0.304776, "volume_ratio": 0.76521, "rsi_14": 46.486768, "macd": -20.248848, "macd_signal": -25.205961, "macd_histogram": 4.957114, "bb_width": 0.335797, "bb_position": 0.547797, "stoch_k": 95.731941, "stoch_d": 71.15579, "adx": 46.067544, "atr_14": 15.249195, "last_close": 441.88, "last_date": "2026-02-27"}