{"return_1d": 0.005726, "return_5d": 0.056381, "return_20d": -0.165735, "return_60d": -0.109541, "return_252d": -0.162045, "sma_20": 434.69353, "sma_50": 490.825874, "sma_200": 506.666225, "price_vs_sma20": 0.012196, "price_vs_sma50": -0.103562, "price_vs_sma200": -0.131588, "volatility_20d": 0.613025, "volatility_60d": 0.400158, "drawdown": -0.215359, "max_drawdown_1y": -0.304776, "volume_ratio": 0.473604, "rsi_14": 45.689455, "macd": -20.399218, "macd_signal": -25.236036, "macd_histogram": 4.836818, "bb_width": 0.337092, "bb_position": 0.535744, "stoch_k": 92.781165, "stoch_d": 70.172198, "adx": 46.067964, "atr_14": 15.249138, "last_close": 439.995, "last_date": "2026-02-27"}