{"return_1d": 0.007055, "return_5d": -0.01157, "return_20d": -0.006381, "return_60d": 0.004039, "return_252d": 0.187412, "sma_20": 686.4275, "sma_50": 688.2846, "sma_200": 653.253277, "price_vs_sma20": -0.00189, "price_vs_sma50": -0.004583, "price_vs_sma200": 0.048797, "volatility_20d": 0.13194, "volatility_60d": 0.109455, "drawdown": -0.014896, "max_drawdown_1y": -0.187552, "volume_ratio": 0.930331, "rsi_14": 48.334162, "macd": -0.790114, "macd_signal": -0.406578, "macd_histogram": -0.383536, "bb_width": 0.026063, "bb_position": 0.427337, "stoch_k": 60.217984, "stoch_d": 49.55723, "adx": 15.841433, "atr_14": 8.712184, "last_close": 685.13, "last_date": "2026-03-04"}