{"return_1d": 0.000569, "return_5d": 0.005847, "return_20d": -0.008078, "return_60d": 0.010092, "return_252d": 0.186976, "sma_20": 687.4015, "sma_50": 687.853376, "sma_200": 652.265372, "price_vs_sma20": -0.001486, "price_vs_sma50": -0.002142, "price_vs_sma200": 0.052302, "volatility_20d": 0.130301, "volatility_60d": 0.107155, "drawdown": -0.013099, "max_drawdown_1y": -0.187552, "volume_ratio": 1.025078, "rsi_14": 48.844012, "macd": -0.212805, "macd_signal": -0.199359, "macd_histogram": -0.013446, "bb_width": 0.027054, "bb_position": 0.444991, "stoch_k": 49.625468, "stoch_d": 53.573658, "adx": 13.667231, "atr_14": 8.199101, "last_close": 686.38, "last_date": "2026-03-02"}