{"return_1d": -0.015201, "return_5d": -0.013235, "return_20d": 0.084382, "return_60d": 0.043737, "return_252d": 0.373569, "sma_20": 92.752, "sma_50": 89.9838, "sma_200": 84.725987, "price_vs_sma20": 0.012808, "price_vs_sma50": 0.043966, "price_vs_sma200": 0.108751, "volatility_20d": 0.188964, "volatility_60d": 0.201859, "drawdown": -0.024203, "max_drawdown_1y": -0.316207, "volume_ratio": 1.016286, "rsi_14": 57.487492, "macd": 1.708015, "macd_signal": 1.628661, "macd_histogram": 0.079355, "bb_width": 0.120043, "bb_position": 0.605349, "stoch_k": 40.204429, "stoch_d": 59.980862, "adx": 29.757759, "atr_14": 2.076736, "last_close": 93.94, "last_date": "2026-03-05"}