{"return_1d": -0.013945, "return_5d": -0.03781, "return_20d": 0.06889, "return_60d": 0.058367, "return_252d": 0.330491, "sma_20": 93.0505, "sma_50": 90.0746, "sma_200": 84.805938, "price_vs_sma20": -0.004519, "price_vs_sma50": 0.02837, "price_vs_sma200": 0.092258, "volatility_20d": 0.199283, "volatility_60d": 0.19551, "drawdown": -0.03781, "max_drawdown_1y": -0.316207, "volume_ratio": 0.94656, "rsi_14": 51.198543, "macd": 1.461029, "macd_signal": 1.595134, "macd_histogram": -0.134106, "bb_width": 0.10581, "bb_position": 0.457097, "stoch_k": 23.125997, "stoch_d": 43.439202, "adx": 28.101404, "atr_14": 2.125541, "last_close": 92.63, "last_date": "2026-03-06"}