{"return_1d": -0.006232, "return_5d": 0.022115, "return_20d": 0.099529, "return_60d": 0.059569, "return_252d": 0.374156, "sma_20": 91.51, "sma_50": 89.5094, "sma_200": 84.421102, "price_vs_sma20": 0.04546, "price_vs_sma50": 0.068826, "price_vs_sma200": 0.133247, "volatility_20d": 0.182425, "volatility_60d": 0.200079, "drawdown": -0.006232, "max_drawdown_1y": -0.316207, "volume_ratio": 0.758879, "rsi_14": 67.501773, "macd": 1.898976, "macd_signal": 1.45829, "macd_histogram": 0.440686, "bb_width": 0.140599, "bb_position": 0.809268, "stoch_k": 82.411067, "stoch_d": 83.992095, "adx": 33.174882, "atr_14": 1.987562, "last_close": 95.67, "last_date": "2026-03-02"}