{"return_1d": 0.011239, "return_5d": 0.029075, "return_20d": 0.105281, "return_60d": 0.059806, "return_252d": 0.364742, "sma_20": 91.077, "sma_50": 89.3542, "sma_200": 84.309825, "price_vs_sma20": 0.057018, "price_vs_sma50": 0.077398, "price_vs_sma200": 0.14186, "volatility_20d": 0.179152, "volatility_60d": 0.200045, "drawdown": 0.0, "max_drawdown_1y": -0.316207, "volume_ratio": 1.123731, "rsi_14": 71.003815, "macd": 1.850374, "macd_signal": 1.348119, "macd_histogram": 0.502256, "bb_width": 0.139474, "bb_position": 0.886753, "stoch_k": 89.529725, "stoch_d": 85.766711, "adx": 32.069639, "atr_14": 2.041221, "last_close": 96.27, "last_date": "2026-02-27"}