{"return_1d": 0.000315, "return_5d": 0.009418, "return_20d": 0.096437, "return_60d": 0.06679, "return_252d": 0.378956, "sma_20": 92.3865, "sma_50": 89.8438, "sma_200": 84.635475, "price_vs_sma20": 0.03251, "price_vs_sma50": 0.061732, "price_vs_sma200": 0.127069, "volatility_20d": 0.177778, "volatility_60d": 0.199405, "drawdown": -0.009141, "max_drawdown_1y": -0.316207, "volume_ratio": 0.641129, "rsi_14": 65.794006, "macd": 1.865035, "macd_signal": 1.608822, "macd_histogram": 0.256213, "bb_width": 0.130045, "bb_position": 0.742121, "stoch_k": 66.987179, "stoch_d": 74.049742, "adx": 31.541249, "atr_14": 2.043408, "last_close": 95.39, "last_date": "2026-03-04"}