{"return_1d": 0.007143, "return_5d": 0.024906, "return_20d": 0.100804, "return_60d": 0.055512, "return_252d": 0.359213, "sma_20": 91.0575, "sma_50": 89.3464, "sma_200": 84.307874, "price_vs_sma20": 0.052961, "price_vs_sma50": 0.073127, "price_vs_sma200": 0.13726, "volatility_20d": 0.177869, "volatility_60d": 0.199329, "drawdown": 0.0, "max_drawdown_1y": -0.316207, "volume_ratio": 0.550262, "rsi_14": 70.066485, "macd": 1.819263, "macd_signal": 1.341896, "macd_histogram": 0.477367, "bb_width": 0.138822, "bb_position": 0.862314, "stoch_k": 86.06921, "stoch_d": 84.613206, "adx": 32.069639, "atr_14": 2.041221, "last_close": 95.88, "last_date": "2026-02-27"}