{"return_1d": -0.017839, "return_5d": -0.013739, "return_20d": -0.076715, "return_60d": -0.059488, "return_252d": 0.118217, "sma_20": 249.127365, "sma_50": 254.71998, "sma_200": 246.047442, "price_vs_sma20": -0.02319, "price_vs_sma50": -0.044637, "price_vs_sma200": -0.010963, "volatility_20d": 0.364334, "volatility_60d": 0.259958, "drawdown": -0.091871, "max_drawdown_1y": -0.151844, "volume_ratio": 0.781591, "rsi_14": 40.606349, "macd": -2.065593, "macd_signal": -2.148453, "macd_histogram": 0.08286, "bb_width": 0.091605, "bb_position": 0.240832, "stoch_k": 33.07382, "stoch_d": 57.394138, "adx": 28.15343, "atr_14": 6.356753, "last_close": 243.35, "last_date": "2026-03-03"}