{"return_1d": -0.001151, "return_5d": -0.03398, "return_20d": -0.068719, "return_60d": -0.0664, "return_252d": 0.099579, "sma_20": 248.230555, "sma_50": 254.563142, "sma_200": 246.037608, "price_vs_sma20": -0.020789, "price_vs_sma50": -0.045148, "price_vs_sma200": -0.012062, "volatility_20d": 0.363732, "volatility_60d": 0.259533, "drawdown": -0.092916, "max_drawdown_1y": -0.151844, "volume_ratio": 0.776985, "rsi_14": 40.339552, "macd": -2.394935, "macd_signal": -2.197749, "macd_histogram": -0.197186, "bb_width": 0.082336, "bb_position": 0.242144, "stoch_k": 17.116524, "stoch_d": 35.764841, "adx": 28.452207, "atr_14": 6.208413, "last_close": 243.07, "last_date": "2026-03-04"}