{"return_1d": -0.033542, "return_5d": -0.086546, "return_20d": -0.052146, "return_60d": -0.115963, "return_252d": 0.021166, "sma_20": 246.342, "sma_50": 253.77999, "sma_200": 245.880824, "price_vs_sma20": -0.064268, "price_vs_sma50": -0.091694, "price_vs_sma200": -0.062513, "volatility_20d": 0.268807, "volatility_60d": 0.269182, "drawdown": -0.139787, "max_drawdown_1y": -0.151844, "volume_ratio": 1.036606, "rsi_14": 30.263407, "macd": -4.05932, "macd_signal": -2.696733, "macd_histogram": -1.362587, "bb_width": 0.093144, "bb_position": -0.237376, "stoch_k": 2.405898, "stoch_d": 11.749079, "adx": 30.74797, "atr_14": 6.483581, "last_close": 230.51, "last_date": "2026-03-06"}