{"return_1d": -0.009227, "return_5d": 0.006782, "return_20d": -0.033054, "return_60d": -0.037652, "return_252d": 0.13987, "sma_20": 250.846545, "sma_50": 254.965974, "sma_200": 245.867973, "price_vs_sma20": 0.005994, "price_vs_sma50": -0.01026, "price_vs_sma200": 0.026364, "volatility_20d": 0.35775, "volatility_60d": 0.256407, "drawdown": -0.058285, "max_drawdown_1y": -0.151844, "volume_ratio": 0.786181, "rsi_14": 50.145261, "macd": -1.531331, "macd_signal": -2.300536, "macd_histogram": 0.769205, "bb_width": 0.106298, "bb_position": 0.556048, "stoch_k": 82.004415, "stoch_d": 87.823892, "adx": 27.415244, "atr_14": 6.240672, "last_close": 252.35, "last_date": "2026-02-27"}