{"return_1d": -0.011523, "return_5d": 0.004448, "return_20d": -0.035296, "return_60d": -0.039882, "return_252d": 0.137228, "sma_20": 250.817295, "sma_50": 254.954274, "sma_200": 245.865048, "price_vs_sma20": 0.003778, "price_vs_sma50": -0.012509, "price_vs_sma200": 0.023997, "volatility_20d": 0.358506, "volatility_60d": 0.256784, "drawdown": -0.060468, "max_drawdown_1y": -0.151844, "volume_ratio": 0.373891, "rsi_14": 49.469387, "macd": -1.577997, "macd_signal": -2.309869, "macd_histogram": 0.731871, "bb_width": 0.10646, "bb_position": 0.535358, "stoch_k": 78.823926, "stoch_d": 86.763729, "adx": 27.415244, "atr_14": 6.2171, "last_close": 251.765, "last_date": "2026-02-27"}