{"return_1d": -0.018149, "return_5d": 0.002671, "return_20d": -0.054074, "return_60d": -0.042036, "return_252d": 0.134337, "sma_20": 250.13835, "sma_50": 254.873612, "sma_200": 245.959702, "price_vs_sma20": -0.009468, "price_vs_sma50": -0.027871, "price_vs_sma200": 0.00736, "volatility_20d": 0.361983, "volatility_60d": 0.257554, "drawdown": -0.075376, "max_drawdown_1y": -0.151844, "volume_ratio": 0.744529, "rsi_14": 44.965572, "macd": -1.643696, "macd_signal": -2.169168, "macd_histogram": 0.525472, "bb_width": 0.100556, "bb_position": 0.404942, "stoch_k": 57.104179, "stoch_d": 77.96311, "adx": 27.498119, "atr_14": 6.284195, "last_close": 247.77, "last_date": "2026-03-02"}