{"return_1d": 0.00026, "return_5d": -0.00424, "return_20d": 0.058251, "return_60d": 0.152217, "return_252d": 0.463604, "sma_20": 194.3165, "sma_50": 181.895958, "sma_200": 149.803246, "price_vs_sma20": -0.008988, "price_vs_sma50": 0.058682, "price_vs_sma200": 0.285486, "volatility_20d": 0.385131, "volatility_60d": 0.335405, "drawdown": -0.064195, "max_drawdown_1y": -0.286565, "volume_ratio": 0.358324, "rsi_14": 54.041007, "macd": 3.180644, "macd_signal": 4.465438, "macd_histogram": -1.284794, "bb_width": 0.123055, "bb_position": 0.426298, "stoch_k": 32.253941, "stoch_d": 30.705866, "adx": 19.342066, "atr_14": 6.25912, "last_close": 192.57, "last_date": "2026-02-27"}