{"return_1d": -0.017929, "return_5d": 0.012426, "return_20d": 0.004975, "return_60d": 0.156853, "return_252d": 0.507444, "sma_20": 196.0345, "sma_50": 183.465754, "sma_200": 150.776446, "price_vs_sma20": -0.010837, "price_vs_sma50": 0.056927, "price_vs_sma200": 0.286076, "volatility_20d": 0.38421, "volatility_60d": 0.345881, "drawdown": -0.057683, "max_drawdown_1y": -0.286565, "volume_ratio": 0.765291, "rsi_14": 53.178179, "macd": 3.317908, "macd_signal": 4.009138, "macd_histogram": -0.69123, "bb_width": 0.094904, "bb_position": 0.384556, "stoch_k": 38.772846, "stoch_d": 54.054803, "adx": 19.093613, "atr_14": 7.057896, "last_close": 193.91, "last_date": "2026-03-04"}