{"return_1d": 0.04339, "return_5d": 0.02806, "return_20d": 0.122181, "return_60d": 0.205637, "return_252d": 0.533389, "sma_20": 195.4415, "sma_50": 182.564646, "sma_200": 150.143469, "price_vs_sma20": 0.03105, "price_vs_sma50": 0.103773, "price_vs_sma200": 0.342116, "volatility_20d": 0.404799, "volatility_60d": 0.345555, "drawdown": -0.02075, "max_drawdown_1y": -0.286565, "volume_ratio": 1.027859, "rsi_14": 62.483703, "macd": 3.671179, "macd_signal": 4.313733, "macd_histogram": -0.642554, "bb_width": 0.100164, "bb_position": 0.800657, "stoch_k": 70.345121, "stoch_d": 45.67533, "adx": 19.487817, "atr_14": 6.653418, "last_close": 201.51, "last_date": "2026-03-02"}