{"return_1d": -0.027595, "return_5d": 0.005315, "return_20d": -0.02138, "return_60d": 0.096029, "return_252d": 0.361044, "sma_20": 129.869, "sma_50": 129.923108, "sma_200": 114.625782, "price_vs_sma20": -0.009617, "price_vs_sma50": -0.01003, "price_vs_sma200": 0.122086, "volatility_20d": 0.316506, "volatility_60d": 0.272404, "drawdown": -0.056277, "max_drawdown_1y": -0.256824, "volume_ratio": 1.974269, "rsi_14": 48.678761, "macd": -0.060739, "macd_signal": -0.073464, "macd_histogram": 0.012725, "bb_width": 0.074879, "bb_position": 0.370313, "stoch_k": 46.036829, "stoch_d": 63.784361, "adx": 16.261471, "atr_14": 4.060308, "last_close": 128.62, "last_date": "2026-02-27"}