{"return_1d": -0.027422, "return_5d": -0.010375, "return_20d": -0.050309, "return_60d": 0.048265, "return_252d": 0.306855, "sma_20": 129.4655, "sma_50": 129.973452, "sma_200": 114.945467, "price_vs_sma20": -0.027463, "price_vs_sma50": -0.031264, "price_vs_sma200": 0.095389, "volatility_20d": 0.326937, "volatility_60d": 0.27709, "drawdown": -0.076161, "max_drawdown_1y": -0.256823, "volume_ratio": 0.91265, "rsi_14": 44.139551, "macd": -0.310887, "macd_signal": -0.115992, "macd_histogram": -0.194896, "bb_width": 0.077881, "bb_position": 0.137415, "stoch_k": 27.313567, "stoch_d": 42.037535, "adx": 17.410051, "atr_14": 4.261643, "last_close": 125.91, "last_date": "2026-03-03"}