{"return_1d": 0.006531, "return_5d": 0.034604, "return_20d": -0.010698, "return_60d": 0.094845, "return_252d": 0.367265, "sma_20": 129.799, "sma_50": 129.985866, "sma_200": 114.794328, "price_vs_sma20": -0.002612, "price_vs_sma50": -0.004046, "price_vs_sma200": 0.127756, "volatility_20d": 0.317287, "volatility_60d": 0.272312, "drawdown": -0.050114, "max_drawdown_1y": -0.256824, "volume_ratio": 1.098024, "rsi_14": 50.236275, "macd": -0.042483, "macd_signal": -0.067268, "macd_histogram": 0.024784, "bb_width": 0.0741, "bb_position": 0.464661, "stoch_k": 52.76221, "stoch_d": 58.019749, "adx": 16.65654, "atr_14": 4.121001, "last_close": 129.46, "last_date": "2026-03-02"}