{"return_1d": -0.030317, "return_5d": 0.002501, "return_20d": -0.024119, "return_60d": 0.092961, "return_252d": 0.357234, "sma_20": 129.851, "sma_50": 129.915908, "sma_200": 114.623982, "price_vs_sma20": -0.012253, "price_vs_sma50": -0.012746, "price_vs_sma200": 0.118963, "volatility_20d": 0.319684, "volatility_60d": 0.273708, "drawdown": -0.058918, "max_drawdown_1y": -0.256823, "volume_ratio": 0.946545, "rsi_14": 48.079906, "macd": -0.089457, "macd_signal": -0.079208, "macd_histogram": -0.010249, "bb_width": 0.075419, "bb_position": 0.335526, "stoch_k": 43.154524, "stoch_d": 62.823592, "adx": 16.261471, "atr_14": 4.060308, "last_close": 128.26, "last_date": "2026-02-27"}