{"return_1d": -0.011064, "return_5d": -0.053905, "return_20d": -0.052185, "return_60d": 0.019012, "return_252d": 0.405521, "sma_20": 128.9435, "sma_50": 129.922972, "sma_200": 115.241806, "price_vs_sma20": -0.029497, "price_vs_sma50": -0.036814, "price_vs_sma200": 0.085891, "volatility_20d": 0.317922, "volatility_60d": 0.276465, "drawdown": -0.081811, "max_drawdown_1y": -0.256824, "volume_ratio": 1.318539, "rsi_14": 43.069349, "macd": -0.696336, "macd_signal": -0.288282, "macd_histogram": -0.408054, "bb_width": 0.08306, "bb_position": 0.134074, "stoch_k": 17.196262, "stoch_d": 25.827924, "adx": 18.997924, "atr_14": 4.036111, "last_close": 125.14, "last_date": "2026-03-05"}