{"return_1d": 0.005004, "return_5d": -0.038596, "return_20d": -0.027289, "return_60d": 0.045124, "return_252d": 0.343867, "sma_20": 129.288, "sma_50": 129.973438, "sma_200": 115.097357, "price_vs_sma20": -0.021255, "price_vs_sma50": -0.026416, "price_vs_sma200": 0.099417, "volatility_20d": 0.321971, "volatility_60d": 0.276829, "drawdown": -0.071539, "max_drawdown_1y": -0.256824, "volume_ratio": 0.83944, "rsi_14": 45.40581, "macd": -0.467376, "macd_signal": -0.186269, "macd_histogram": -0.281108, "bb_width": 0.079886, "bb_position": 0.228158, "stoch_k": 32.973944, "stoch_d": 37.68324, "adx": 18.098769, "atr_14": 4.145812, "last_close": 126.54, "last_date": "2026-03-04"}