{"return_1d": 0.048627, "return_5d": -0.111035, "return_20d": -0.156238, "return_60d": 0.41548, "return_252d": 2.820578, "sma_20": 407.7065, "sma_50": 361.858088, "sma_200": 234.804214, "price_vs_sma20": -0.080196, "price_vs_sma50": 0.036345, "price_vs_sma200": 0.597118, "volatility_20d": 0.676122, "volatility_60d": 0.793992, "drawdown": -0.160244, "max_drawdown_1y": -0.400006, "volume_ratio": 0.985811, "rsi_14": 45.902211, "macd": 3.082855, "macd_signal": 12.428233, "macd_histogram": -9.345378, "bb_width": 0.199138, "bb_position": 0.062172, "stoch_k": 22.699107, "stoch_d": 11.800308, "adx": 20.389652, "atr_14": 27.140967, "last_close": 375.01, "last_date": "2026-03-04"}