{"return_1d": -0.039582, "return_5d": -0.134955, "return_20d": -0.129856, "return_60d": 0.239359, "return_252d": 2.891012, "sma_20": 402.5095, "sma_50": 364.707, "sma_200": 237.332692, "price_vs_sma20": -0.123499, "price_vs_sma50": -0.032648, "price_vs_sma200": 0.486521, "volatility_20d": 0.656456, "volatility_60d": 0.795437, "drawdown": -0.209978, "max_drawdown_1y": -0.400006, "volume_ratio": 0.688313, "rsi_14": 40.981834, "macd": -2.408114, "macd_signal": 7.577824, "macd_histogram": -9.985938, "bb_width": 0.265301, "bb_position": -0.031095, "stoch_k": 3.182086, "stoch_d": 15.399801, "adx": 19.029844, "atr_14": 26.470171, "last_close": 352.8, "last_date": "2026-03-06"}