{"return_1d": -0.004467, "return_5d": -0.007954, "return_20d": -0.086728, "return_60d": 0.513921, "return_252d": 3.146346, "sma_20": 416.3535, "sma_50": 356.725798, "sma_200": 230.816414, "price_vs_sma20": -0.020448, "price_vs_sma50": 0.143287, "price_vs_sma200": 0.766945, "volatility_20d": 0.700248, "volatility_60d": 0.7676, "drawdown": -0.086728, "max_drawdown_1y": -0.400006, "volume_ratio": 0.856133, "rsi_14": 53.472122, "macd": 13.421119, "macd_signal": 18.912526, "macd_histogram": -5.491406, "bb_width": 0.121926, "bb_position": 0.328793, "stoch_k": 24.462522, "stoch_d": 32.132481, "adx": 22.994546, "atr_14": 25.965637, "last_close": 407.84, "last_date": "2026-02-27"}