{"return_1d": -0.003449, "return_5d": -0.025301, "return_20d": 0.002313, "return_60d": 0.137279, "return_252d": -0.087918, "sma_20": 159.1075, "sma_50": 152.783044, "sma_200": 151.956369, "price_vs_sma20": -0.019405, "price_vs_sma50": 0.021187, "price_vs_sma200": 0.026742, "volatility_20d": 0.404801, "volatility_60d": 0.354178, "drawdown": -0.400697, "max_drawdown_1y": -0.512842, "volume_ratio": 0.497096, "rsi_14": 49.129435, "macd": 0.465605, "macd_signal": 1.177038, "macd_histogram": -0.711432, "bb_width": 0.119832, "bb_position": 0.33486, "stoch_k": 42.393868, "stoch_d": 43.847601, "adx": 21.132731, "atr_14": 4.606753, "last_close": 156.02, "last_date": "2026-03-03"}