{"return_1d": 0.013482, "return_5d": 0.009271, "return_20d": 0.020097, "return_60d": 0.152444, "return_252d": -0.091908, "sma_20": 159.0965, "sma_50": 152.141134, "sma_200": 152.228321, "price_vs_sma20": -0.007772, "price_vs_sma50": 0.037589, "price_vs_sma200": 0.036995, "volatility_20d": 0.40631, "volatility_60d": 0.353313, "drawdown": -0.393629, "max_drawdown_1y": -0.512842, "volume_ratio": 1.225519, "rsi_14": 51.759052, "macd": 0.749032, "macd_signal": 1.539066, "macd_histogram": -0.790033, "bb_width": 0.11866, "bb_position": 0.433989, "stoch_k": 48.031915, "stoch_d": 39.450355, "adx": 23.856009, "atr_14": 4.731797, "last_close": 157.86, "last_date": "2026-02-27"}