{"return_1d": -0.005635, "return_5d": -0.072153, "return_20d": -0.115359, "return_60d": 0.038265, "return_252d": -0.137257, "sma_20": 156.7145, "sma_50": 153.465528, "sma_200": 151.343212, "price_vs_sma20": -0.06537, "price_vs_sma50": -0.045584, "price_vs_sma200": -0.0322, "volatility_20d": 0.379253, "volatility_60d": 0.359861, "drawdown": -0.43738, "max_drawdown_1y": -0.512842, "volume_ratio": 0.72363, "rsi_14": 37.425998, "macd": -1.365254, "macd_signal": 0.204238, "macd_histogram": -1.569492, "bb_width": 0.147323, "bb_position": 0.025243, "stoch_k": 5.286912, "stoch_d": 6.713993, "adx": 20.434496, "atr_14": 4.717127, "last_close": 146.47, "last_date": "2026-03-06"}