{"return_1d": -0.030637, "return_5d": -0.025013, "return_20d": -0.058399, "return_60d": 0.102835, "return_252d": -0.114752, "sma_20": 158.6385, "sma_50": 153.089338, "sma_200": 151.77831, "price_vs_sma20": -0.046637, "price_vs_sma50": -0.01208, "price_vs_sma200": -0.003547, "volatility_20d": 0.401214, "volatility_60d": 0.360561, "drawdown": -0.419058, "max_drawdown_1y": -0.512842, "volume_ratio": 0.79874, "rsi_14": 42.732799, "macd": -0.040579, "macd_signal": 0.933514, "macd_histogram": -0.974094, "bb_width": 0.131198, "bb_position": 0.127135, "stoch_k": 14.209906, "stoch_d": 32.573598, "adx": 20.287324, "atr_14": 4.773414, "last_close": 151.24, "last_date": "2026-03-04"}