{"return_1d": -0.008235, "return_5d": -0.01794, "return_20d": -0.000893, "return_60d": 0.143036, "return_252d": -0.072821, "sma_20": 159.0895, "sma_50": 152.438974, "sma_200": 152.091465, "price_vs_sma20": -0.0159, "price_vs_sma50": 0.027034, "price_vs_sma200": 0.029381, "volatility_20d": 0.405364, "volatility_60d": 0.353973, "drawdown": -0.398623, "max_drawdown_1y": -0.512842, "volume_ratio": 0.638727, "rsi_14": 49.913202, "macd": 0.618218, "macd_signal": 1.354896, "macd_histogram": -0.736678, "bb_width": 0.119739, "bb_position": 0.365067, "stoch_k": 41.117021, "stoch_d": 42.003546, "adx": 22.674575, "atr_14": 4.678811, "last_close": 156.56, "last_date": "2026-03-02"}