{"return_1d": -0.026051, "return_5d": -0.054314, "return_20d": -0.116271, "return_60d": 0.041362, "return_252d": -0.124223, "sma_20": 157.6695, "sma_50": 153.352598, "sma_200": 151.556195, "price_vs_sma20": -0.065767, "price_vs_sma50": -0.039469, "price_vs_sma200": -0.028083, "volatility_20d": 0.379263, "volatility_60d": 0.359683, "drawdown": -0.434192, "max_drawdown_1y": -0.512842, "volume_ratio": 0.889539, "rsi_14": 38.305636, "macd": -0.751002, "macd_signal": 0.596611, "macd_histogram": -1.347613, "bb_width": 0.140746, "bb_position": -0.000171, "stoch_k": 0.645161, "stoch_d": 19.082978, "adx": 20.204302, "atr_14": 4.844599, "last_close": 147.3, "last_date": "2026-03-05"}