{"return_1d": 0.013925, "return_5d": 0.05651, "return_20d": 0.141973, "return_60d": 0.201737, "return_252d": 0.287338, "sma_20": 259.22, "sma_50": 244.884, "sma_200": 233.50225, "price_vs_sma20": 0.067433, "price_vs_sma50": 0.129923, "price_vs_sma200": 0.184999, "volatility_20d": 0.241541, "volatility_60d": 0.252245, "drawdown": 0.0, "max_drawdown_1y": -0.31336, "volume_ratio": 1.496538, "rsi_14": 73.484338, "macd": 7.484734, "macd_signal": 6.438115, "macd_histogram": 1.046619, "bb_width": 0.11369, "bb_position": 1.055662, "stoch_k": 90.218978, "stoch_d": 78.573627, "adx": 27.998885, "atr_14": 7.047794, "last_close": 276.7, "last_date": "2026-02-27"}