{"return_1d": -0.013647, "return_5d": -0.098844, "return_20d": -0.014037, "return_60d": 0.064461, "return_252d": 0.139521, "sma_20": 261.05, "sma_50": 247.044, "sma_200": 234.4, "price_vs_sma20": -0.044819, "price_vs_sma50": 0.009334, "price_vs_sma200": 0.06378, "volatility_20d": 0.349035, "volatility_60d": 0.281876, "drawdown": -0.098844, "max_drawdown_1y": -0.31336, "volume_ratio": 1.190891, "rsi_14": 44.502395, "macd": 2.7561, "macd_signal": 5.131153, "macd_histogram": -2.375053, "bb_width": 0.105576, "bb_position": 0.055561, "stoch_k": 11.271676, "stoch_d": 22.492019, "adx": 21.931834, "atr_14": 8.213085, "last_close": 249.35, "last_date": "2026-03-06"}