{"return_1d": 0.004141, "return_5d": -0.039064, "return_20d": 0.029103, "return_60d": 0.081104, "return_252d": 0.157537, "sma_20": 260.8325, "sma_50": 246.382, "sma_200": 234.09225, "price_vs_sma20": -0.023895, "price_vs_sma50": 0.033355, "price_vs_sma200": 0.087605, "volatility_20d": 0.337488, "volatility_60d": 0.276831, "drawdown": -0.07987, "max_drawdown_1y": -0.31336, "volume_ratio": 0.071879, "rsi_14": 48.455487, "macd": 4.773367, "macd_signal": 6.115431, "macd_histogram": -1.342064, "bb_width": 0.106597, "bb_position": 0.270354, "stoch_k": 25.693431, "stoch_d": 37.469586, "adx": 24.179248, "atr_14": 7.473142, "last_close": 254.6, "last_date": "2026-03-04"}