{"return_1d": -0.02521, "return_5d": -0.005904, "return_20d": 0.045464, "return_60d": 0.098716, "return_252d": 0.18743, "sma_20": 260.845, "sma_50": 246.156, "sma_200": 233.94225, "price_vs_sma20": 0.000594, "price_vs_sma50": 0.060303, "price_vs_sma200": 0.11566, "volatility_20d": 0.291697, "volatility_60d": 0.259574, "drawdown": -0.05674, "max_drawdown_1y": -0.31336, "volume_ratio": 0.089325, "rsi_14": 53.831005, "macd": 6.446428, "macd_signal": 6.569807, "macd_histogram": -0.12338, "bb_width": 0.10887, "bb_position": 0.505455, "stoch_k": 44.379562, "stoch_d": 66.22871, "adx": 26.828062, "atr_14": 7.374373, "last_close": 261.0, "last_date": "2026-03-03"}