{"return_1d": 0.0089, "return_5d": -0.078244, "return_20d": 0.008501, "return_60d": 0.088794, "return_252d": 0.16557, "sma_20": 261.335, "sma_50": 247.158, "sma_200": 234.4285, "price_vs_sma20": -0.02405, "price_vs_sma50": 0.031931, "price_vs_sma200": 0.087965, "volatility_20d": 0.346919, "volatility_60d": 0.280589, "drawdown": -0.078244, "max_drawdown_1y": -0.31336, "volume_ratio": 0.075081, "rsi_14": 48.98865, "macd": 3.210801, "macd_signal": 5.222093, "macd_histogram": -2.011292, "bb_width": 0.096917, "bb_position": 0.245739, "stoch_k": 27.007299, "stoch_d": 27.737226, "adx": 21.330638, "atr_14": 7.684513, "last_close": 255.05, "last_date": "2026-03-06"}