{"return_1d": -0.003294, "return_5d": -0.05753, "return_20d": 0.035635, "return_60d": 0.082492, "return_252d": 0.194976, "sma_20": 261.4475, "sma_50": 246.864, "sma_200": 234.29, "price_vs_sma20": -0.016246, "price_vs_sma50": 0.041869, "price_vs_sma200": 0.097785, "volatility_20d": 0.342761, "volatility_60d": 0.278562, "drawdown": -0.070473, "max_drawdown_1y": -0.31336, "volume_ratio": 0.087663, "rsi_14": 50.520888, "macd": 4.293683, "macd_signal": 5.795116, "macd_histogram": -1.501432, "bb_width": 0.094562, "bb_position": 0.325359, "stoch_k": 33.284672, "stoch_d": 30.559611, "adx": 22.558776, "atr_14": 7.406949, "last_close": 257.2, "last_date": "2026-03-05"}