{"return_1d": -0.024575, "return_5d": 0.039076, "return_20d": 0.094485, "return_60d": 0.176035, "return_252d": 0.21489, "sma_20": 260.385, "sma_50": 245.662, "sma_200": 233.7535, "price_vs_sma20": 0.036542, "price_vs_sma50": 0.098664, "price_vs_sma200": 0.154635, "volatility_20d": 0.261891, "volatility_60d": 0.258284, "drawdown": -0.024575, "max_drawdown_1y": -0.31336, "volume_ratio": 0.107354, "rsi_14": 63.729445, "macd": 7.422311, "macd_signal": 6.634954, "macd_histogram": 0.787356, "bb_width": 0.113095, "bb_position": 0.81172, "stoch_k": 70.364964, "stoch_d": 79.902676, "adx": 28.239553, "atr_14": 7.183666, "last_close": 269.9, "last_date": "2026-03-02"}