{"return_1d": -0.039022, "return_5d": -0.088492, "return_20d": 0.001367, "return_60d": 0.198806, "return_252d": -0.087457, "sma_20": 47.107605, "sma_50": 43.477572, "sma_200": 42.051545, "price_vs_sma20": -0.09038, "price_vs_sma50": -0.014434, "price_vs_sma200": 0.018988, "volatility_20d": 0.521865, "volatility_60d": 0.444521, "drawdown": -0.215802, "max_drawdown_1y": -0.405171, "volume_ratio": 0.981398, "rsi_14": 39.76226, "macd": 0.283264, "macd_signal": 1.062263, "macd_histogram": -0.778999, "bb_width": 0.252446, "bb_position": 0.106409, "stoch_k": 3.600823, "stoch_d": 7.78356, "adx": 23.800524, "atr_14": 1.888177, "last_close": 42.85, "last_date": "2026-03-06"}