{"return_1d": 0.01162, "return_5d": -0.035494, "return_20d": 0.125966, "return_60d": 0.330315, "return_252d": -0.096696, "sma_20": 46.384665, "sma_50": 42.761766, "sma_200": 42.061703, "price_vs_sma20": 0.013482, "price_vs_sma50": 0.099347, "price_vs_sma200": 0.117644, "volatility_20d": 0.583117, "volatility_60d": 0.443984, "drawdown": -0.13967, "max_drawdown_1y": -0.405171, "volume_ratio": 1.04254, "rsi_14": 55.460573, "macd": 1.37956, "macd_signal": 1.82959, "macd_histogram": -0.45003, "bb_width": 0.294693, "bb_position": 0.545139, "stoch_k": 43.43351, "stoch_d": 39.81543, "adx": 30.389386, "atr_14": 1.94873, "last_close": 47.01, "last_date": "2026-02-27"}