{"return_1d": -0.028677, "return_5d": -0.085378, "return_20d": 0.031333, "return_60d": 0.125465, "return_252d": -0.0126, "sma_20": 87.8665, "sma_50": 82.6486, "sma_200": 72.76108, "price_vs_sma20": -0.070977, "price_vs_sma50": -0.012324, "price_vs_sma200": 0.121891, "volatility_20d": 0.432654, "volatility_60d": 0.353844, "drawdown": -0.565425, "max_drawdown_1y": -0.71308, "volume_ratio": 0.811941, "rsi_14": 41.571958, "macd": 0.682833, "macd_signal": 1.841996, "macd_histogram": -1.159162, "bb_width": 0.15603, "bb_position": 0.010353, "stoch_k": 14.556041, "stoch_d": 15.895002, "adx": 31.937041, "atr_14": 3.306671, "last_close": 81.63, "last_date": "2026-03-03"}