{"return_1d": -0.022663, "return_5d": -0.064274, "return_20d": -0.014575, "return_60d": 0.104833, "return_252d": -0.006858, "sma_20": 87.8075, "sma_50": 82.7854, "sma_200": 72.818917, "price_vs_sma20": -0.091422, "price_vs_sma50": -0.036304, "price_vs_sma200": 0.095594, "volatility_20d": 0.43357, "volatility_60d": 0.357265, "drawdown": -0.575274, "max_drawdown_1y": -0.71308, "volume_ratio": 1.148047, "rsi_14": 38.565011, "macd": 0.102439, "macd_signal": 1.494084, "macd_histogram": -1.391645, "bb_width": 0.166441, "bb_position": -0.104543, "stoch_k": 1.123596, "stoch_d": 9.790221, "adx": 30.928029, "atr_14": 3.288337, "last_close": 79.78, "last_date": "2026-03-04"}