{"return_1d": -0.028327, "return_5d": -0.037232, "return_20d": 0.068396, "return_60d": 0.179674, "return_252d": 0.027476, "sma_20": 87.7425, "sma_50": 82.4544, "sma_200": 72.69959, "price_vs_sma20": -0.042197, "price_vs_sma50": 0.01923, "price_vs_sma200": 0.15599, "volatility_20d": 0.41741, "volatility_60d": 0.34936, "drawdown": -0.552595, "max_drawdown_1y": -0.71308, "volume_ratio": 0.797124, "rsi_14": 45.901256, "macd": 1.225331, "macd_signal": 2.131786, "macd_histogram": -0.906455, "bb_width": 0.164726, "bb_position": 0.232548, "stoch_k": 13.691027, "stoch_d": 22.050014, "adx": 33.023668, "atr_14": 3.221799, "last_close": 84.04, "last_date": "2026-03-02"}