{"return_1d": -0.023189, "return_5d": -0.110896, "return_20d": -0.079168, "return_60d": 0.075342, "return_252d": -0.00833, "sma_20": 87.4725, "sma_50": 82.889, "sma_200": 72.863837, "price_vs_sma20": -0.109091, "price_vs_sma50": -0.059827, "price_vs_sma200": 0.069529, "volatility_20d": 0.405041, "volatility_60d": 0.360923, "drawdown": -0.585123, "max_drawdown_1y": -0.71308, "volume_ratio": 1.211804, "rsi_14": 35.778076, "macd": -0.501032, "macd_signal": 1.095061, "macd_histogram": -1.596093, "bb_width": 0.200648, "bb_position": -0.110269, "stoch_k": 9.063444, "stoch_d": 8.247693, "adx": 30.978774, "atr_14": 3.343456, "last_close": 77.93, "last_date": "2026-03-05"}