{"return_1d": -0.023739, "return_5d": -0.120361, "return_20d": -0.110903, "return_60d": 0.05141, "return_252d": -0.057108, "sma_20": 86.998, "sma_50": 82.9058, "sma_200": 72.903559, "price_vs_sma20": -0.125497, "price_vs_sma50": -0.082332, "price_vs_sma200": 0.04357, "volatility_20d": 0.406908, "volatility_60d": 0.364562, "drawdown": -0.594972, "max_drawdown_1y": -0.71308, "volume_ratio": 1.095272, "rsi_14": 33.194704, "macd": -1.115705, "macd_signal": 0.652908, "macd_histogram": -1.768613, "bb_width": 0.243017, "bb_position": -0.090521, "stoch_k": 11.703239, "stoch_d": 7.29676, "adx": 31.645314, "atr_14": 3.39678, "last_close": 76.08, "last_date": "2026-03-06"}