{"return_1d": -0.015916, "return_5d": -0.062038, "return_20d": 0.090455, "return_60d": 0.222435, "return_252d": 0.032722, "sma_20": 87.46175, "sma_50": 82.2249, "sma_200": 72.63433, "price_vs_sma20": -0.013797, "price_vs_sma50": 0.049013, "price_vs_sma200": 0.187524, "volatility_20d": 0.403519, "volatility_60d": 0.344041, "drawdown": -0.540803, "max_drawdown_1y": -0.71308, "volume_ratio": 0.556804, "rsi_14": 50.416035, "macd": 1.635805, "macd_signal": 2.354651, "macd_histogram": -0.718845, "bb_width": 0.18181, "bb_position": 0.423049, "stoch_k": 16.686183, "stoch_d": 25.722337, "adx": 35.382101, "atr_14": 3.167322, "last_close": 86.255, "last_date": "2026-02-27"}