{"return_1d": -0.000503, "return_5d": 0.004099, "return_20d": 0.080769, "return_60d": -0.084062, "return_252d": -0.06891, "sma_20": 59.57896, "sma_50": 60.311306, "sma_200": 68.153318, "price_vs_sma20": 1.7e-05, "price_vs_sma50": -0.012126, "price_vs_sma200": -0.125795, "volatility_20d": 0.373834, "volatility_60d": 0.379151, "drawdown": -0.657258, "max_drawdown_1y": -0.728797, "volume_ratio": 0.870415, "rsi_14": 48.903174, "macd": -0.055133, "macd_signal": -0.086481, "macd_histogram": 0.031348, "bb_width": 0.137183, "bb_position": 0.500127, "stoch_k": 36.200286, "stoch_d": 38.422869, "adx": 14.176626, "atr_14": 2.216512, "last_close": 59.58, "last_date": "2026-02-27"}