{"return_1d": -0.002852, "return_5d": 0.001739, "return_20d": 0.07823, "return_60d": -0.086215, "return_252d": -0.071098, "sma_20": 59.57196, "sma_50": 60.308506, "sma_200": 68.152618, "price_vs_sma20": -0.002215, "price_vs_sma50": -0.014401, "price_vs_sma200": -0.12784, "volatility_20d": 0.374315, "volatility_60d": 0.379164, "drawdown": -0.658063, "max_drawdown_1y": -0.728797, "volume_ratio": 0.405706, "rsi_14": 48.381621, "macd": -0.066301, "macd_signal": -0.088714, "macd_histogram": 0.022413, "bb_width": 0.137522, "bb_position": 0.483857, "stoch_k": 33.896632, "stoch_d": 37.654984, "adx": 14.176626, "atr_14": 2.21437, "last_close": 59.44, "last_date": "2026-02-27"}