{"return_1d": -0.013236, "return_5d": -0.029215, "return_20d": 0.035527, "return_60d": -0.151666, "return_252d": -0.089621, "sma_20": 59.870325, "sma_50": 60.063628, "sma_200": 68.044781, "price_vs_sma20": -0.028734, "price_vs_sma50": -0.03186, "price_vs_sma200": -0.145416, "volatility_20d": 0.377185, "volatility_60d": 0.37002, "drawdown": -0.665484, "max_drawdown_1y": -0.728797, "volume_ratio": 1.128368, "rsi_14": 43.525381, "macd": -0.227259, "macd_signal": -0.119601, "macd_histogram": -0.107658, "bb_width": 0.111412, "bb_position": 0.234461, "stoch_k": 19.553454, "stoch_d": 27.288794, "adx": 14.543176, "atr_14": 2.208268, "last_close": 58.15, "last_date": "2026-03-03"}