{"return_1d": 0.003554, "return_5d": -0.052508, "return_20d": -0.031206, "return_60d": -0.175435, "return_252d": -0.107194, "sma_20": 59.830075, "sma_50": 59.76611, "sma_200": 67.911001, "price_vs_sma20": -0.055993, "price_vs_sma50": -0.054983, "price_vs_sma200": -0.168323, "volatility_20d": 0.336816, "volatility_60d": 0.37489, "drawdown": -0.675091, "max_drawdown_1y": -0.728797, "volume_ratio": 0.963453, "rsi_14": 38.497244, "macd": -0.620851, "macd_signal": -0.274287, "macd_histogram": -0.346563, "bb_width": 0.115449, "bb_position": -0.013771, "stoch_k": 10.645905, "stoch_d": 10.254806, "adx": 15.866865, "atr_14": 2.176313, "last_close": 56.48, "last_date": "2026-03-05"}