{"return_1d": -0.032158, "return_5d": -0.059178, "return_20d": 0.018353, "return_60d": -0.174664, "return_252d": -0.103977, "sma_20": 59.92104, "sma_50": 59.914746, "sma_200": 67.979881, "price_vs_sma20": -0.060764, "price_vs_sma50": -0.060665, "price_vs_sma200": -0.172108, "volatility_20d": 0.391605, "volatility_60d": 0.374964, "drawdown": -0.676242, "max_drawdown_1y": -0.728797, "volume_ratio": 0.855998, "rsi_14": 37.519832, "macd": -0.459831, "macd_signal": -0.187647, "macd_histogram": -0.272184, "bb_width": 0.105541, "bb_position": -0.112988, "stoch_k": 0.56506, "stoch_d": 15.410386, "adx": 15.1225, "atr_14": 2.229106, "last_close": 56.28, "last_date": "2026-03-04"}