{"return_1d": -0.029568, "return_5d": -0.08006, "return_20d": -0.089482, "return_60d": -0.198544, "return_252d": -0.151206, "sma_20": 59.56075, "sma_50": 59.573008, "sma_200": 67.835686, "price_vs_sma20": -0.079763, "price_vs_sma50": -0.079952, "price_vs_sma200": -0.192018, "volatility_20d": 0.325857, "volatility_60d": 0.378827, "drawdown": -0.684698, "max_drawdown_1y": -0.728797, "volume_ratio": 1.266893, "rsi_14": 33.749627, "macd": -0.87315, "macd_signal": -0.39406, "macd_histogram": -0.47909, "bb_width": 0.142976, "bb_position": -0.106234, "stoch_k": 4.07707, "stoch_d": 5.096011, "adx": 17.138806, "atr_14": 2.162291, "last_close": 54.81, "last_date": "2026-03-06"}