{"return_1d": -0.01091, "return_5d": -0.00237, "return_20d": 0.069555, "return_60d": -0.12605, "return_252d": -0.040862, "sma_20": 59.770575, "sma_50": 60.185188, "sma_200": 68.100137, "price_vs_sma20": -0.014063, "price_vs_sma50": -0.020855, "price_vs_sma200": -0.134657, "volatility_20d": 0.377357, "volatility_60d": 0.371351, "drawdown": -0.660997, "max_drawdown_1y": -0.728797, "volume_ratio": 0.7168, "rsi_14": 46.402102, "macd": -0.117507, "macd_signal": -0.092686, "macd_histogram": -0.024821, "bb_width": 0.120576, "bb_position": 0.381701, "stoch_k": 26.112643, "stoch_d": 32.758171, "adx": 14.245418, "atr_14": 2.218904, "last_close": 58.93, "last_date": "2026-03-02"}