{"return_1d": 0.008884, "return_5d": -0.04862, "return_20d": -0.058837, "return_60d": -0.134925, "return_252d": 0.215653, "sma_20": 71.99725, "sma_50": 77.02716, "sma_200": 72.128782, "price_vs_sma20": -0.03788, "price_vs_sma50": -0.100707, "price_vs_sma200": -0.039634, "volatility_20d": 0.406841, "volatility_60d": 0.375244, "drawdown": -0.213835, "max_drawdown_1y": -0.377469, "volume_ratio": 0.584648, "rsi_14": 40.246773, "macd": -1.860694, "macd_signal": -1.778109, "macd_histogram": -0.082585, "bb_width": 0.120872, "bb_position": 0.174273, "stoch_k": 34.251127, "stoch_d": 27.154086, "adx": 33.31434, "atr_14": 2.60767, "last_close": 69.27, "last_date": "2026-03-04"}