{"return_1d": -0.033348, "return_5d": -0.035306, "return_20d": -0.095264, "return_60d": -0.160925, "return_252d": 0.215703, "sma_20": 71.349, "sma_50": 76.343188, "sma_200": 72.210241, "price_vs_sma20": -0.065579, "price_vs_sma50": -0.126707, "price_vs_sma200": -0.076724, "volatility_20d": 0.410983, "volatility_60d": 0.380533, "drawdown": -0.243343, "max_drawdown_1y": -0.377469, "volume_ratio": 0.694476, "rsi_14": 34.860489, "macd": -2.03704, "macd_signal": -1.84438, "macd_histogram": -0.192661, "bb_width": 0.137726, "bb_position": -0.009574, "stoch_k": 12.473118, "stoch_d": 25.804988, "adx": 34.968944, "atr_14": 2.610007, "last_close": 66.67, "last_date": "2026-03-06"}