{"return_1d": -0.067721, "return_5d": -0.05997, "return_20d": -0.056143, "return_60d": -0.112738, "return_252d": 0.175737, "sma_20": 72.61964, "sma_50": 77.878662, "sma_200": 71.998615, "price_vs_sma20": -0.050257, "price_vs_sma50": -0.114392, "price_vs_sma200": -0.042065, "volatility_20d": 0.413666, "volatility_60d": 0.378643, "drawdown": -0.21724, "max_drawdown_1y": -0.377469, "volume_ratio": 0.706422, "rsi_14": 38.849282, "macd": -1.615506, "macd_signal": -1.729766, "macd_histogram": 0.11426, "bb_width": 0.096218, "bb_position": -0.049962, "stoch_k": 10.650069, "stoch_d": 48.952925, "adx": 31.995793, "atr_14": 2.674809, "last_close": 68.97, "last_date": "2026-02-27"}