{"return_1d": -0.004331, "return_5d": -0.067721, "return_20d": -0.079357, "return_60d": -0.138243, "return_252d": 0.25159, "sma_20": 71.7, "sma_50": 76.719826, "sma_200": 72.17341, "price_vs_sma20": -0.038075, "price_vs_sma50": -0.101015, "price_vs_sma200": -0.044385, "volatility_20d": 0.39952, "volatility_60d": 0.375255, "drawdown": -0.21724, "max_drawdown_1y": -0.377469, "volume_ratio": 0.608881, "rsi_14": 39.585996, "macd": -1.868637, "macd_signal": -1.796214, "macd_histogram": -0.072422, "bb_width": 0.120622, "bb_position": 0.171848, "stoch_k": 30.690719, "stoch_d": 30.651159, "adx": 33.886106, "atr_14": 2.544622, "last_close": 68.97, "last_date": "2026-03-05"}