{"return_1d": -0.065829, "return_5d": -0.058062, "return_20d": -0.054227, "return_60d": -0.110937, "return_252d": 0.178123, "sma_20": 72.62664, "sma_50": 77.881462, "sma_200": 71.999314, "price_vs_sma20": -0.048421, "price_vs_sma50": -0.112626, "price_vs_sma200": -0.04013, "volatility_20d": 0.409748, "volatility_60d": 0.377251, "drawdown": -0.215651, "max_drawdown_1y": -0.377469, "volume_ratio": 1.260854, "rsi_14": 39.086968, "macd": -1.604338, "macd_signal": -1.727533, "macd_histogram": 0.123194, "bb_width": 0.095144, "bb_position": -0.034816, "stoch_k": 12.586445, "stoch_d": 49.598383, "adx": 31.995795, "atr_14": 2.674809, "last_close": 69.11, "last_date": "2026-02-27"}