{"return_1d": 0.000291, "return_5d": -0.029815, "return_20d": -0.062302, "return_60d": -0.129002, "return_252d": 0.152127, "sma_20": 72.21377, "sma_50": 77.308574, "sma_200": 72.081123, "price_vs_sma20": -0.049212, "price_vs_sma50": -0.111871, "price_vs_sma200": -0.047462, "volatility_20d": 0.405649, "volatility_60d": 0.376376, "drawdown": -0.220758, "max_drawdown_1y": -0.377469, "volume_ratio": 1.134123, "rsi_14": 38.302281, "macd": -1.854037, "macd_signal": -1.757462, "macd_histogram": -0.096574, "bb_width": 0.117837, "bb_position": 0.060759, "stoch_k": 27.011631, "stoch_d": 19.932526, "adx": 32.89996, "atr_14": 2.705953, "last_close": 68.66, "last_date": "2026-03-03"}