{"return_1d": -0.006279, "return_5d": 0.008549, "return_20d": 0.044684, "return_60d": 0.053554, "return_252d": 0.005067, "sma_20": 372.477, "sma_50": 363.910888, "sma_200": 373.474266, "price_vs_sma20": 0.03252, "price_vs_sma50": 0.056825, "price_vs_sma200": 0.029763, "volatility_20d": 0.172572, "volatility_60d": 0.203367, "drawdown": -0.042387, "max_drawdown_1y": -0.154415, "volume_ratio": 0.691808, "rsi_14": 63.719556, "macd": 6.935592, "macd_signal": 5.584269, "macd_histogram": 1.351324, "bb_width": 0.113054, "bb_position": 0.778592, "stoch_k": 85.871833, "stoch_d": 91.969236, "adx": 25.174041, "atr_14": 8.568389, "last_close": 384.59, "last_date": "2026-03-03"}