{"return_1d": -0.001136, "return_5d": 0.005952, "return_20d": 0.047245, "return_60d": 0.0581, "return_252d": 0.004369, "sma_20": 371.6545, "sma_50": 363.253164, "sma_200": 373.469637, "price_vs_sma20": 0.041344, "price_vs_sma50": 0.065428, "price_vs_sma200": 0.036282, "volatility_20d": 0.171187, "volatility_60d": 0.202905, "drawdown": -0.036336, "max_drawdown_1y": -0.154415, "volume_ratio": 0.908921, "rsi_14": 67.27614, "macd": 7.038458, "macd_signal": 5.246438, "macd_histogram": 1.79202, "bb_width": 0.10893, "bb_position": 0.864474, "stoch_k": 93.114754, "stoch_d": 94.688192, "adx": 25.530533, "atr_14": 8.409035, "last_close": 387.02, "last_date": "2026-03-02"}