{"return_1d": 0.003031, "return_5d": 0.01841, "return_20d": 0.092944, "return_60d": 0.042637, "return_252d": -0.002371, "sma_20": 370.77, "sma_50": 362.524484, "sma_200": 373.457715, "price_vs_sma20": 0.044394, "price_vs_sma50": 0.068149, "price_vs_sma200": 0.036878, "volatility_20d": 0.223252, "volatility_60d": 0.205524, "drawdown": -0.035813, "max_drawdown_1y": -0.154415, "volume_ratio": 0.335841, "rsi_14": 67.765261, "macd": 6.801608, "macd_signal": 4.794763, "macd_histogram": 2.006845, "bb_width": 0.102443, "bb_position": 0.914932, "stoch_k": 96.335878, "stoch_d": 93.200827, "adx": 24.312125, "atr_14": 8.56973, "last_close": 387.23, "last_date": "2026-02-27"}