{"return_1d": -0.016032, "return_5d": -0.059103, "return_20d": 0.005905, "return_60d": 0.033564, "return_252d": -0.070152, "sma_20": 374.1295, "sma_50": 365.006212, "sma_200": 373.194112, "price_vs_sma20": -0.025578, "price_vs_sma50": -0.001222, "price_vs_sma200": -0.023136, "volatility_20d": 0.203418, "volatility_60d": 0.207387, "drawdown": -0.092261, "max_drawdown_1y": -0.154415, "volume_ratio": 0.850521, "rsi_14": 42.14144, "macd": 3.748696, "macd_signal": 5.293982, "macd_histogram": -1.545286, "bb_width": 0.112082, "bb_position": 0.265801, "stoch_k": 25.120919, "stoch_d": 40.125367, "adx": 23.950533, "atr_14": 8.999392, "last_close": 364.56, "last_date": "2026-03-06"}