{"return_1d": 0.003626, "return_5d": 0.019015, "return_20d": 0.093593, "return_60d": 0.043256, "return_252d": -0.001778, "sma_20": 370.7815, "sma_50": 362.529084, "sma_200": 373.458865, "price_vs_sma20": 0.044982, "price_vs_sma50": 0.068769, "price_vs_sma200": 0.03749, "volatility_20d": 0.223208, "volatility_60d": 0.205556, "drawdown": -0.035241, "max_drawdown_1y": -0.154415, "volume_ratio": 0.841007, "rsi_14": 67.91349, "macd": 6.819955, "macd_signal": 4.798433, "macd_histogram": 2.021523, "bb_width": 0.102581, "bb_position": 0.919628, "stoch_k": 96.92112, "stoch_d": 93.395907, "adx": 24.312125, "atr_14": 8.56973, "last_close": 387.46, "last_date": "2026-02-27"}