{"return_1d": -0.029825, "return_5d": -0.040305, "return_20d": 0.027283, "return_60d": 0.020337, "return_252d": -0.041018, "sma_20": 374.0225, "sma_50": 364.827692, "sma_200": 373.331195, "price_vs_sma20": -0.009418, "price_vs_sma50": 0.015548, "price_vs_sma200": -0.007584, "volatility_20d": 0.194394, "volatility_60d": 0.213232, "drawdown": -0.07747, "max_drawdown_1y": -0.154415, "volume_ratio": 1.028803, "rsi_14": 47.17733, "macd": 5.283394, "macd_signal": 5.680303, "macd_histogram": -0.396909, "bb_width": 0.111476, "bb_position": 0.414713, "stoch_k": 24.920255, "stoch_d": 60.375672, "adx": 23.69053, "atr_14": 8.595499, "last_close": 370.5, "last_date": "2026-03-05"}