{"return_1d": -0.006412, "return_5d": -0.06505, "return_20d": 0.007209, "return_60d": 0.180844, "return_252d": 0.177016, "sma_20": 88.6875, "sma_50": 81.88321, "sma_200": 77.798148, "price_vs_sma20": -0.038985, "price_vs_sma50": 0.040873, "price_vs_sma200": 0.095527, "volatility_20d": 0.21077, "volatility_60d": 0.291986, "drawdown": -0.06505, "max_drawdown_1y": -0.179128, "volume_ratio": 1.057922, "rsi_14": 45.222791, "macd": 1.328943, "macd_signal": 2.262584, "macd_histogram": -0.933642, "bb_width": 0.077258, "bb_position": -0.02508, "stoch_k": 15.66879, "stoch_d": 13.662514, "adx": 45.264272, "atr_14": 1.895254, "last_close": 85.23, "last_date": "2026-03-06"}