{"return_1d": -0.021111, "return_5d": -0.037478, "return_20d": 0.013349, "return_60d": 0.182124, "return_252d": 0.177023, "sma_20": 88.657, "sma_50": 81.65928, "sma_200": 77.729471, "price_vs_sma20": -0.032451, "price_vs_sma50": 0.050462, "price_vs_sma200": 0.103571, "volatility_20d": 0.209249, "volatility_60d": 0.291847, "drawdown": -0.059017, "max_drawdown_1y": -0.179128, "volume_ratio": 1.241063, "rsi_14": 47.166598, "macd": 1.704928, "macd_signal": 2.495995, "macd_histogram": -0.791067, "bb_width": 0.079935, "bb_position": 0.080416, "stoch_k": 3.035144, "stoch_d": 16.172918, "adx": 48.023937, "atr_14": 1.90412, "last_close": 85.78, "last_date": "2026-03-05"}