{"return_1d": 0.02289, "return_5d": 0.011428, "return_20d": 0.083819, "return_60d": 0.209761, "return_252d": 0.262471, "sma_20": 87.861, "sma_50": 80.585848, "sma_200": 77.374008, "price_vs_sma20": 0.037548, "price_vs_sma50": 0.131216, "price_vs_sma200": 0.178173, "volatility_20d": 0.175145, "volatility_60d": 0.285932, "drawdown": 0.0, "max_drawdown_1y": -0.179128, "volume_ratio": 0.93283, "rsi_14": 73.0043, "macd": 2.780264, "macd_signal": 3.0182, "macd_histogram": -0.237936, "bb_width": 0.108413, "bb_position": 0.833809, "stoch_k": 88.041594, "stoch_d": 71.360156, "adx": 55.684669, "atr_14": 1.830616, "last_close": 91.16, "last_date": "2026-02-27"}