{"return_1d": -0.027299, "return_5d": -0.020697, "return_20d": 0.062153, "return_60d": 0.208557, "return_252d": 0.19771, "sma_20": 88.45, "sma_50": 81.16036, "sma_200": 77.571442, "price_vs_sma20": -0.004975, "price_vs_sma50": 0.084396, "price_vs_sma200": 0.134567, "volatility_20d": 0.203015, "volatility_60d": 0.28758, "drawdown": -0.034555, "max_drawdown_1y": -0.179128, "volume_ratio": 1.056964, "rsi_14": 56.14123, "macd": 2.394447, "macd_signal": 2.841196, "macd_histogram": -0.446749, "bb_width": 0.091428, "bb_position": 0.445318, "stoch_k": 23.2, "stoch_d": 62.359779, "adx": 54.249896, "atr_14": 1.883949, "last_close": 88.01, "last_date": "2026-03-03"}