{"return_1d": -0.004318, "return_5d": -0.016829, "return_20d": 0.035571, "return_60d": 0.202028, "return_252d": 0.190175, "sma_20": 88.6005, "sma_50": 81.422562, "sma_200": 77.655302, "price_vs_sma20": -0.010954, "price_vs_sma50": 0.076237, "price_vs_sma200": 0.128448, "volatility_20d": 0.192731, "volatility_60d": 0.287972, "drawdown": -0.038723, "max_drawdown_1y": -0.179128, "volume_ratio": 1.071021, "rsi_14": 54.480735, "macd": 2.104024, "macd_signal": 2.693761, "macd_histogram": -0.589738, "bb_width": 0.083225, "bb_position": 0.366927, "stoch_k": 22.28361, "stoch_d": 40.440451, "adx": 51.342644, "atr_14": 1.893667, "last_close": 87.63, "last_date": "2026-03-04"}