{"return_1d": 0.0, "return_5d": -0.017882, "return_20d": 0.068676, "return_60d": 0.110437, "return_252d": 0.086868, "sma_20": 27.7955, "sma_50": 25.524582, "sma_200": 26.353248, "price_vs_sma20": 0.007717, "price_vs_sma50": 0.097374, "price_vs_sma200": 0.062867, "volatility_20d": 0.239326, "volatility_60d": 0.239509, "drawdown": -0.032967, "max_drawdown_1y": -0.205935, "volume_ratio": 0.896315, "rsi_14": 61.333776, "macd": 0.743794, "macd_signal": 0.88223, "macd_histogram": -0.138437, "bb_width": 0.095447, "bb_position": 0.580233, "stoch_k": 41.891892, "stoch_d": 38.390415, "adx": 40.119307, "atr_14": 0.611377, "last_close": 28.01, "last_date": "2026-03-02"}