{"return_1d": 0.010813, "return_5d": 0.039828, "return_20d": 0.080134, "return_60d": 0.154775, "return_252d": 0.091242, "sma_20": 28.0215, "sma_50": 25.71645, "sma_200": 26.381195, "price_vs_sma20": 0.034206, "price_vs_sma50": 0.126905, "price_vs_sma200": 0.09851, "volatility_20d": 0.244108, "volatility_60d": 0.243317, "drawdown": 0.0, "max_drawdown_1y": -0.205935, "volume_ratio": 1.013453, "rsi_14": 68.737249, "macd": 0.778074, "macd_signal": 0.840877, "macd_histogram": -0.062803, "bb_width": 0.081142, "bb_position": 0.907615, "stoch_k": 83.068783, "stoch_d": 65.264669, "adx": 39.715963, "atr_14": 0.653534, "last_close": 28.98, "last_date": "2026-03-04"}