{"return_1d": 0.013656, "return_5d": -0.005182, "return_20d": 0.10764, "return_60d": 0.09195, "return_252d": 0.093494, "sma_20": 27.69675, "sma_50": 25.436704, "sma_200": 26.340369, "price_vs_sma20": 0.004992, "price_vs_sma50": 0.094285, "price_vs_sma200": 0.056743, "volatility_20d": 0.27332, "volatility_60d": 0.239087, "drawdown": -0.039009, "max_drawdown_1y": -0.205935, "volume_ratio": 0.505976, "rsi_14": 59.891687, "macd": 0.773231, "macd_signal": 0.914048, "macd_histogram": -0.140817, "bb_width": 0.107359, "bb_position": 0.546263, "stoch_k": 40.688259, "stoch_d": 36.099865, "adx": 41.136265, "atr_14": 0.627747, "last_close": 27.835, "last_date": "2026-02-27"}