{"return_1d": 0.023563, "return_5d": 0.011287, "return_20d": 0.090114, "return_60d": 0.145581, "return_252d": 0.091779, "sma_20": 27.914, "sma_50": 25.616428, "sma_200": 26.368601, "price_vs_sma20": 0.027083, "price_vs_sma50": 0.119204, "price_vs_sma200": 0.087278, "volatility_20d": 0.249764, "volatility_60d": 0.242703, "drawdown": -0.010181, "max_drawdown_1y": -0.205935, "volume_ratio": 1.072723, "rsi_14": 66.588282, "macd": 0.753966, "macd_signal": 0.856578, "macd_histogram": -0.102611, "bb_width": 0.083605, "bb_position": 0.815402, "stoch_k": 70.833333, "stoch_d": 53.499502, "adx": 39.742089, "atr_14": 0.638422, "last_close": 28.67, "last_date": "2026-03-03"}