{"return_1d": 0.024727, "return_5d": -0.062074, "return_20d": 0.046611, "return_60d": 0.183288, "return_252d": 0.673397, "sma_20": 57.944, "sma_50": 54.2382, "sma_200": 44.6255, "price_vs_sma20": -0.027337, "price_vs_sma50": 0.03912, "price_vs_sma200": 0.262955, "volatility_20d": 0.428204, "volatility_60d": 0.351649, "drawdown": -0.436077, "max_drawdown_1y": -0.739551, "volume_ratio": 1.047297, "rsi_14": 48.557371, "macd": 0.938978, "macd_signal": 1.5212, "macd_histogram": -0.582222, "bb_width": 0.131424, "bb_position": 0.286151, "stoch_k": 31.625183, "stoch_d": 23.619741, "adx": 28.039337, "atr_14": 2.008782, "last_close": 56.36, "last_date": "2026-03-02"}