{"return_1d": -0.014975, "return_5d": -0.031273, "return_20d": -0.045674, "return_60d": 0.119563, "return_252d": 0.644952, "sma_20": 57.619, "sma_50": 54.653, "sma_200": 45.0074, "price_vs_sma20": -0.075305, "price_vs_sma50": -0.025122, "price_vs_sma200": 0.183805, "volatility_20d": 0.375936, "volatility_60d": 0.36129, "drawdown": -0.466895, "max_drawdown_1y": -0.739551, "volume_ratio": 1.054115, "rsi_14": 40.49874, "macd": -0.16107, "macd_signal": 0.71498, "macd_histogram": -0.876049, "bb_width": 0.164876, "bb_position": 0.006068, "stoch_k": 1.399491, "stoch_d": 11.293437, "adx": 25.872373, "atr_14": 1.913099, "last_close": 53.28, "last_date": "2026-03-06"}