{"return_1d": -0.004859, "return_5d": -0.019567, "return_20d": -0.08205, "return_60d": 0.043652, "return_252d": -0.18626, "sma_20": 50.0785, "sma_50": 48.9178, "sma_200": 48.077178, "price_vs_sma20": -0.059477, "price_vs_sma50": -0.03716, "price_vs_sma200": -0.020325, "volatility_20d": 0.377101, "volatility_60d": 0.311409, "drawdown": -0.277502, "max_drawdown_1y": -0.343858, "volume_ratio": 0.759379, "rsi_14": 40.706794, "macd": -0.510705, "macd_signal": -0.063445, "macd_histogram": -0.44726, "bb_width": 0.176356, "bb_position": 0.14142, "stoch_k": 9.779951, "stoch_d": 14.175477, "adx": 23.201324, "atr_14": 1.506248, "last_close": 47.1, "last_date": "2026-03-05"}