{"return_1d": 0.024042, "return_5d": -0.013337, "return_20d": 0.03416, "return_60d": 0.059639, "return_252d": -0.177802, "sma_20": 50.38975, "sma_50": 48.9251, "sma_200": 48.209842, "price_vs_sma20": -0.02371, "price_vs_sma50": 0.005517, "price_vs_sma200": 0.020435, "volatility_20d": 0.412636, "volatility_60d": 0.31164, "drawdown": -0.245366, "max_drawdown_1y": -0.343858, "volume_ratio": 0.38305, "rsi_14": 48.165463, "macd": -0.076237, "macd_signal": 0.374895, "macd_histogram": -0.451131, "bb_width": 0.152281, "bb_position": 0.340518, "stoch_k": 33.978873, "stoch_d": 22.867762, "adx": 22.86149, "atr_14": 1.609043, "last_close": 49.195, "last_date": "2026-02-27"}