{"return_1d": -0.010908, "return_5d": -0.036681, "return_20d": -0.00764, "return_60d": 0.050191, "return_252d": -0.19284, "sma_20": 50.3885, "sma_50": 48.9366, "sma_200": 48.154497, "price_vs_sma20": -0.046211, "price_vs_sma50": -0.017913, "price_vs_sma200": -0.001962, "volatility_20d": 0.411276, "volatility_60d": 0.311026, "drawdown": -0.262776, "max_drawdown_1y": -0.343858, "volume_ratio": 0.862396, "rsi_14": 44.056324, "macd": -0.262422, "macd_signal": 0.158929, "macd_histogram": -0.421351, "bb_width": 0.155695, "bb_position": 0.188816, "stoch_k": 20.657277, "stoch_d": 26.369327, "adx": 22.411978, "atr_14": 1.547187, "last_close": 48.06, "last_date": "2026-03-03"}