{"return_1d": -0.015189, "return_5d": -0.003789, "return_20d": -0.040349, "return_60d": 0.049446, "return_252d": -0.2051, "sma_20": 50.289, "sma_50": 48.9294, "sma_200": 48.117821, "price_vs_sma20": -0.05884, "price_vs_sma50": -0.032688, "price_vs_sma200": -0.016373, "volatility_20d": 0.408566, "volatility_60d": 0.311178, "drawdown": -0.273974, "max_drawdown_1y": -0.343858, "volume_ratio": 0.815777, "rsi_14": 41.506259, "macd": -0.393864, "macd_signal": 0.04837, "macd_histogram": -0.442234, "bb_width": 0.166904, "bb_position": 0.125422, "stoch_k": 12.089202, "stoch_d": 19.874804, "adx": 22.816208, "atr_14": 1.545959, "last_close": 47.33, "last_date": "2026-03-04"}