{"return_1d": -0.000332, "return_5d": -0.00634, "return_20d": 0.024753, "return_60d": -0.039075, "return_252d": 0.006199, "sma_20": 1307.117995, "sma_50": 1350.231598, "sma_200": 1344.114604, "price_vs_sma20": -0.00963, "price_vs_sma50": -0.041253, "price_vs_sma200": -0.03689, "volatility_20d": 0.211997, "volatility_60d": 0.275027, "drawdown": -0.146398, "max_drawdown_1y": -0.183865, "volume_ratio": 0.8773, "rsi_14": 42.785983, "macd": -12.63137, "macd_signal": -13.915916, "macd_histogram": 1.284547, "bb_width": 0.045909, "bb_position": 0.288188, "stoch_k": 36.059908, "stoch_d": 44.132104, "adx": 19.457196, "atr_14": 34.601191, "last_close": 1294.53, "last_date": "2026-03-06"}