{"return_1d": -0.015329, "return_5d": -0.014685, "return_20d": 0.023854, "return_60d": -0.038534, "return_252d": 0.025332, "sma_20": 1305.554495, "sma_50": 1350.376798, "sma_200": 1344.378727, "price_vs_sma20": -0.008115, "price_vs_sma50": -0.041038, "price_vs_sma200": -0.03676, "volatility_20d": 0.21211, "volatility_60d": 0.275031, "drawdown": -0.146115, "max_drawdown_1y": -0.183865, "volume_ratio": 0.614113, "rsi_14": 42.875308, "macd": -12.189061, "macd_signal": -14.237053, "macd_histogram": 2.047991, "bb_width": 0.054083, "bb_position": 0.348725, "stoch_k": 36.5553, "stoch_d": 56.347926, "adx": 19.328405, "atr_14": 34.432052, "last_close": 1294.96, "last_date": "2026-03-05"}