{"return_1d": -0.008459, "return_5d": 0.015443, "return_20d": 0.010131, "return_60d": -0.033071, "return_252d": 0.025335, "sma_20": 1304.045995, "sma_50": 1350.014198, "sma_200": 1344.561964, "price_vs_sma20": 0.008492, "price_vs_sma50": -0.025847, "price_vs_sma200": -0.021897, "volatility_20d": 0.230206, "volatility_60d": 0.273979, "drawdown": -0.132821, "max_drawdown_1y": -0.183865, "volume_ratio": 0.57059, "rsi_14": 47.161794, "macd": -11.491002, "macd_signal": -14.749051, "macd_histogram": 3.258049, "bb_width": 0.059427, "bb_position": 0.641695, "stoch_k": 59.781106, "stoch_d": 64.52765, "adx": 18.781282, "atr_14": 34.353748, "last_close": 1315.12, "last_date": "2026-03-04"}