{"return_1d": -0.003398, "return_5d": 0.004435, "return_20d": 0.119074, "return_60d": 0.361715, "return_252d": 0.332473, "sma_20": 662.268, "sma_50": 600.525, "sma_200": 547.6753, "price_vs_sma20": 0.036212, "price_vs_sma50": 0.14275, "price_vs_sma200": 0.253023, "volatility_20d": 0.256659, "volatility_60d": 0.293065, "drawdown": -0.003398, "max_drawdown_1y": -0.183872, "volume_ratio": 0.723539, "rsi_14": 70.57781, "macd": 23.332851, "macd_signal": 24.460775, "macd_histogram": -1.127924, "bb_width": 0.101685, "bb_position": 0.843673, "stoch_k": 86.681398, "stoch_d": 85.326744, "adx": 50.559887, "atr_14": 16.543654, "last_close": 686.25, "last_date": "2026-03-03"}