{"return_1d": 0.010997, "return_5d": 0.024047, "return_20d": 0.110092, "return_60d": 0.38907, "return_252d": 0.374815, "sma_20": 658.617, "sma_50": 596.8564, "sma_200": 546.6996, "price_vs_sma20": 0.045509, "price_vs_sma50": 0.153695, "price_vs_sma200": 0.25954, "volatility_20d": 0.261962, "volatility_60d": 0.293393, "drawdown": 0.0, "max_drawdown_1y": -0.183872, "volume_ratio": 0.773353, "rsi_14": 72.260926, "macd": 23.833222, "macd_signal": 24.742756, "macd_histogram": -0.909534, "bb_width": 0.113608, "bb_position": 0.883143, "stoch_k": 91.382081, "stoch_d": 83.906113, "adx": 50.863488, "atr_14": 16.251628, "last_close": 688.59, "last_date": "2026-03-02"}