{"return_1d": -0.040878, "return_5d": -0.035297, "return_20d": 0.039906, "return_60d": 0.2538, "return_252d": 0.328424, "sma_20": 665.642, "sma_50": 606.9882, "sma_200": 549.3866, "price_vs_sma20": -0.016198, "price_vs_sma50": 0.078868, "price_vs_sma200": 0.191984, "volatility_20d": 0.257425, "volatility_60d": 0.304594, "drawdown": -0.048984, "max_drawdown_1y": -0.183872, "volume_ratio": 1.046716, "rsi_14": 51.914416, "macd": 19.182665, "macd_signal": 23.074999, "macd_histogram": -3.892334, "bb_width": 0.09461, "bb_position": 0.325975, "stoch_k": 23.389021, "stoch_d": 62.98953, "adx": 47.947889, "atr_14": 17.553355, "last_close": 654.86, "last_date": "2026-03-05"}