{"return_1d": 0.002637, "return_5d": 0.01778, "return_20d": 0.088419, "return_60d": 0.381781, "return_252d": 0.357717, "sma_20": 655.178, "sma_50": 593.2056, "sma_200": 545.72005, "price_vs_sma20": 0.038817, "price_vs_sma50": 0.147343, "price_vs_sma200": 0.247178, "volatility_20d": 0.265271, "volatility_60d": 0.293214, "drawdown": -0.00382, "max_drawdown_1y": -0.183872, "volume_ratio": 0.424387, "rsi_14": 70.005768, "macd": 23.847869, "macd_signal": 24.962321, "macd_histogram": -1.114453, "bb_width": 0.117257, "bb_position": 0.818672, "stoch_k": 76.912036, "stoch_d": 79.937044, "adx": 49.951331, "atr_14": 16.213055, "last_close": 680.61, "last_date": "2026-02-27"}