{"return_1d": 0.003359, "return_5d": 0.018513, "return_20d": 0.089202, "return_60d": 0.382776, "return_252d": 0.358695, "sma_20": 655.2025, "sma_50": 593.2154, "sma_200": 545.7225, "price_vs_sma20": 0.039526, "price_vs_sma50": 0.14815, "price_vs_sma200": 0.24807, "volatility_20d": 0.265221, "volatility_60d": 0.293187, "drawdown": -0.003103, "max_drawdown_1y": -0.183872, "volume_ratio": 1.159925, "rsi_14": 70.144771, "macd": 23.886957, "macd_signal": 24.970139, "macd_histogram": -1.083182, "bb_width": 0.117357, "bb_position": 0.823994, "stoch_k": 77.916752, "stoch_d": 80.27195, "adx": 49.951331, "atr_14": 16.260984, "last_close": 681.1, "last_date": "2026-02-27"}