{"return_1d": 0.013453, "return_5d": 0.113004, "return_20d": -0.15029, "return_60d": -0.479781, "return_252d": -0.697828, "sma_20": 81.078, "sma_50": 115.0544, "sma_200": 160.7006, "price_vs_sma20": 0.031353, "price_vs_sma50": -0.273213, "price_vs_sma200": -0.479653, "volatility_20d": 0.760867, "volatility_60d": 0.629814, "drawdown": -0.817475, "max_drawdown_1y": -0.849802, "volume_ratio": 0.899467, "rsi_14": 41.990504, "macd": -9.942485, "macd_signal": -12.721909, "macd_histogram": 2.779424, "bb_width": 0.333853, "bb_position": 0.591056, "stoch_k": 81.498708, "stoch_d": 65.583761, "adx": 44.150188, "atr_14": 6.476754, "last_close": 83.62, "last_date": "2026-03-06"}