{"return_1d": -0.017703, "return_5d": 0.072519, "return_20d": -0.375529, "return_60d": -0.520499, "return_252d": -0.73499, "sma_20": 86.1195, "sma_50": 121.678, "sma_200": 163.4991, "price_vs_sma20": -0.143051, "price_vs_sma50": -0.393481, "price_vs_sma200": -0.548621, "volatility_20d": 0.690688, "volatility_60d": 0.591158, "drawdown": -0.83891, "max_drawdown_1y": -0.849802, "volume_ratio": 0.662621, "rsi_14": 28.344586, "macd": -13.884127, "macd_signal": -14.809283, "macd_histogram": 0.925156, "bb_width": 0.657468, "bb_position": 0.2461, "stoch_k": 20.411664, "stoch_d": 26.113278, "adx": 50.671846, "atr_14": 6.586596, "last_close": 73.8, "last_date": "2026-03-02"}