{"return_1d": -0.020031, "return_5d": 0.04946, "return_20d": -0.268476, "return_60d": -0.509327, "return_252d": -0.719896, "sma_20": 82.944, "sma_50": 118.2422, "sma_200": 162.04625, "price_vs_sma20": -0.073954, "price_vs_sma50": -0.350401, "price_vs_sma200": -0.526, "volatility_20d": 0.71646, "volatility_60d": 0.607094, "drawdown": -0.83234, "max_drawdown_1y": -0.849802, "volume_ratio": 0.780431, "rsi_14": 33.483764, "macd": -12.242447, "macd_signal": -14.002642, "macd_histogram": 1.760196, "bb_width": 0.489992, "bb_position": 0.337019, "stoch_k": 43.389831, "stoch_d": 35.223427, "adx": 48.556237, "atr_14": 6.481147, "last_close": 76.81, "last_date": "2026-03-04"}