{"return_1d": -0.05678, "return_5d": -0.013951, "return_20d": -0.377637, "return_60d": -0.50574, "return_252d": -0.740546, "sma_20": 88.328, "sma_50": 123.389, "sma_200": 164.27665, "price_vs_sma20": -0.151798, "price_vs_sma50": -0.392815, "price_vs_sma200": -0.54394, "volatility_20d": 0.692314, "volatility_60d": 0.594398, "drawdown": -0.836466, "max_drawdown_1y": -0.849802, "volume_ratio": 0.697657, "rsi_14": 28.977373, "macd": -14.391288, "macd_signal": -15.043922, "macd_histogram": 0.652635, "bb_width": 0.728742, "bb_position": 0.25442, "stoch_k": 24.253859, "stoch_d": 23.620518, "adx": 51.096633, "atr_14": 6.838642, "last_close": 74.92, "last_date": "2026-02-27"}