{"return_1d": -0.033881, "return_5d": -0.035048, "return_20d": -0.185012, "return_60d": -0.092652, "return_252d": -0.064937, "sma_20": 59.73107, "sma_50": 62.71679, "sma_200": 57.270623, "price_vs_sma20": -0.064306, "price_vs_sma50": -0.108851, "price_vs_sma200": -0.024107, "volatility_20d": 0.42026, "volatility_60d": 0.386684, "drawdown": -0.576811, "max_drawdown_1y": -0.648175, "volume_ratio": 1.056635, "rsi_14": 37.237927, "macd": -1.946716, "macd_signal": -1.801201, "macd_histogram": -0.145515, "bb_width": 0.242622, "bb_position": 0.216738, "stoch_k": 24.351585, "stoch_d": 30.241352, "adx": 31.876892, "atr_14": 2.535893, "last_close": 55.89, "last_date": "2026-03-05"}