{"return_1d": -0.014355, "return_5d": -0.01059, "return_20d": -0.125415, "return_60d": -0.105818, "return_252d": -0.071702, "sma_20": 60.700115, "sma_50": 62.74629, "sma_200": 57.186049, "price_vs_sma20": -0.061122, "price_vs_sma50": -0.091739, "price_vs_sma200": -0.003428, "volatility_20d": 0.47615, "volatility_60d": 0.383675, "drawdown": -0.568482, "max_drawdown_1y": -0.648175, "volume_ratio": 0.816387, "rsi_14": 38.724699, "macd": -1.950045, "macd_signal": -1.737909, "macd_histogram": -0.212135, "bb_width": 0.269192, "bb_position": 0.258161, "stoch_k": 26.589155, "stoch_d": 32.312108, "adx": 30.507969, "atr_14": 2.579201, "last_close": 56.99, "last_date": "2026-03-03"}