{"return_1d": -0.035785, "return_5d": -0.08661, "return_20d": -0.180648, "return_60d": -0.104951, "return_252d": -0.128548, "sma_20": 59.136995, "sma_50": 62.616974, "sma_200": 57.294702, "price_vs_sma20": -0.088726, "price_vs_sma50": -0.139371, "price_vs_sma200": -0.059424, "volatility_20d": 0.415592, "volatility_60d": 0.39072, "drawdown": -0.591954, "max_drawdown_1y": -0.648175, "volume_ratio": 1.294115, "rsi_14": 33.28545, "macd": -2.142241, "macd_signal": -1.869409, "macd_histogram": -0.272832, "bb_width": 0.246412, "bb_position": 0.104869, "stoch_k": 4.012346, "stoch_d": 22.715749, "adx": 33.18635, "atr_14": 2.516186, "last_close": 53.89, "last_date": "2026-03-06"}