{"return_1d": 0.013467, "return_5d": 0.020515, "return_20d": -0.081291, "return_60d": -0.078121, "return_252d": -0.07962, "sma_20": 61.402925, "sma_50": 62.729614, "sma_200": 57.104965, "price_vs_sma20": -0.044019, "price_vs_sma50": -0.064238, "price_vs_sma200": 0.027932, "volatility_20d": 0.476856, "volatility_60d": 0.381779, "drawdown": -0.555534, "max_drawdown_1y": -0.648175, "volume_ratio": 0.354357, "rsi_14": 42.476304, "macd": -1.991848, "macd_signal": -1.6276, "macd_histogram": -0.364249, "bb_width": 0.261349, "bb_position": 0.323813, "stoch_k": 36.823069, "stoch_d": 30.15924, "adx": 29.497927, "atr_14": 2.516492, "last_close": 58.7, "last_date": "2026-02-27"}