{"return_1d": 0.018646, "return_5d": 0.02573, "return_20d": -0.076596, "return_60d": -0.07341, "return_252d": -0.074916, "sma_20": 61.417925, "sma_50": 62.735614, "sma_200": 57.106464, "price_vs_sma20": -0.039368, "price_vs_sma50": -0.059545, "price_vs_sma200": 0.033158, "volatility_20d": 0.47969, "volatility_60d": 0.382767, "drawdown": -0.553262, "max_drawdown_1y": -0.648175, "volume_ratio": 0.683794, "rsi_14": 43.41148, "macd": -1.967917, "macd_signal": -1.622813, "macd_histogram": -0.345103, "bb_width": 0.25934, "bb_position": 0.341977, "stoch_k": 39.277941, "stoch_d": 30.97753, "adx": 29.435535, "atr_14": 2.52292, "last_close": 59.0, "last_date": "2026-02-27"}