{"return_1d": -0.02, "return_5d": 0.05588, "return_20d": -0.096618, "return_60d": -0.080257, "return_252d": -0.050185, "sma_20": 61.10873, "sma_50": 62.744758, "sma_200": 57.139011, "price_vs_sma20": -0.053818, "price_vs_sma50": -0.078489, "price_vs_sma200": 0.011918, "volatility_20d": 0.482715, "volatility_60d": 0.384011, "drawdown": -0.562197, "max_drawdown_1y": -0.648175, "volume_ratio": 0.69531, "rsi_14": 40.614598, "macd": -1.933123, "macd_signal": -1.684875, "macd_histogram": -0.248248, "bb_width": 0.266591, "bb_position": 0.286644, "stoch_k": 31.069228, "stoch_d": 32.76592, "adx": 29.679437, "atr_14": 2.52914, "last_close": 57.82, "last_date": "2026-03-02"}