{"return_1d": -0.002245, "return_5d": -0.035016, "return_20d": -0.028423, "return_60d": 0.010374, "return_252d": -0.089302, "sma_20": 3.6448, "sma_50": 3.50668, "sma_200": 3.99328, "price_vs_sma20": -0.024638, "price_vs_sma50": 0.013779, "price_vs_sma200": -0.109754, "volatility_20d": 0.32565, "volatility_60d": 0.261442, "drawdown": -0.24092, "max_drawdown_1y": -0.309034, "volume_ratio": 0.098247, "rsi_14": 47.14245, "macd": 0.038703, "macd_signal": 0.0509, "macd_histogram": -0.012198, "bb_width": 0.074932, "bb_position": 0.162894, "stoch_k": 9.090909, "stoch_d": 23.896082, "adx": 22.159579, "atr_14": 0.10342, "last_close": 3.555, "last_date": "2026-03-04"}