{"return_1d": 0.055084, "return_5d": 0.075719, "return_20d": 0.127379, "return_60d": 0.105686, "return_252d": -0.011604, "sma_20": 3.63145, "sma_50": 3.49764, "sma_200": 4.00305, "price_vs_sma20": 0.060183, "price_vs_sma50": 0.100742, "price_vs_sma200": -0.038233, "volatility_20d": 0.316244, "volatility_60d": 0.234995, "drawdown": -0.17793, "max_drawdown_1y": -0.309034, "volume_ratio": 2.90804, "rsi_14": 70.022528, "macd": 0.063494, "macd_signal": 0.052612, "macd_histogram": 0.010882, "bb_width": 0.085115, "bb_position": 1.166939, "stoch_k": 95.207668, "stoch_d": 71.767787, "adx": 24.000019, "atr_14": 0.097458, "last_close": 3.85, "last_date": "2026-02-27"}