{"return_1d": -0.024675, "return_5d": 0.029049, "return_20d": 0.088406, "return_60d": 0.078094, "return_252d": -0.01632, "sma_20": 3.6467, "sma_50": 3.50294, "sma_200": 4.000608, "price_vs_sma20": 0.029698, "price_vs_sma50": 0.071957, "price_vs_sma200": -0.061393, "volatility_20d": 0.334103, "volatility_60d": 0.241161, "drawdown": -0.198215, "max_drawdown_1y": -0.309034, "volume_ratio": 0.180727, "rsi_14": 60.92214, "macd": 0.066226, "macd_signal": 0.055335, "macd_histogram": 0.010891, "bb_width": 0.079686, "bb_position": 0.86194, "stoch_k": 64.85623, "stoch_d": 70.579513, "adx": 25.131957, "atr_14": 0.098282, "last_close": 3.755, "last_date": "2026-03-02"}