{"return_1d": -0.001388, "return_5d": -0.013976, "return_20d": -0.008269, "return_60d": 0.033314, "return_252d": -0.087613, "sma_20": 3.6457, "sma_50": 3.51122, "sma_200": 3.990006, "price_vs_sma20": -0.013084, "price_vs_sma50": 0.024715, "price_vs_sma200": -0.098247, "volatility_20d": 0.327297, "volatility_60d": 0.261387, "drawdown": -0.231738, "max_drawdown_1y": -0.309034, "volume_ratio": 0.046147, "rsi_14": 49.769071, "macd": 0.035494, "macd_signal": 0.048432, "macd_histogram": -0.012938, "bb_width": 0.072167, "bb_position": 0.316295, "stoch_k": 21.70088, "stoch_d": 17.504432, "adx": 20.74993, "atr_14": 0.099992, "last_close": 3.598, "last_date": "2026-03-05"}