{"return_1d": -0.02927, "return_5d": -0.010131, "return_20d": 0.042989, "return_60d": 0.034187, "return_252d": -0.060746, "sma_20": 3.6526, "sma_50": 3.50502, "sma_200": 3.997144, "price_vs_sma20": -0.010294, "price_vs_sma50": 0.031378, "price_vs_sma200": -0.095604, "volatility_20d": 0.364169, "volatility_60d": 0.25317, "drawdown": -0.228108, "max_drawdown_1y": -0.309034, "volume_ratio": 0.135346, "rsi_14": 50.642015, "macd": 0.054535, "macd_signal": 0.054779, "macd_histogram": -0.000244, "bb_width": 0.067223, "bb_position": 0.345275, "stoch_k": 20.127796, "stoch_d": 56.762513, "adx": 24.640629, "atr_14": 0.101711, "last_close": 3.615, "last_date": "2026-03-03"}