{"return_1d": -0.02216, "return_5d": -0.017744, "return_20d": 0.022104, "return_60d": 0.024459, "return_252d": 0.52639, "sma_20": 228.472595, "sma_50": 229.506178, "sma_200": 209.14365, "price_vs_sma20": 0.009158, "price_vs_sma50": 0.004613, "price_vs_sma200": 0.102424, "volatility_20d": 0.427681, "volatility_60d": 0.33895, "drawdown": -0.071199, "max_drawdown_1y": -0.226008, "volume_ratio": 0.50519, "rsi_14": 49.763551, "macd": 2.303477, "macd_signal": 1.40872, "macd_histogram": 0.894757, "bb_width": 0.148653, "bb_position": 0.561049, "stoch_k": 53.369148, "stoch_d": 73.084736, "adx": 14.532947, "atr_14": 7.96166, "last_close": 230.565, "last_date": "2026-02-27"}