{"return_1d": 0.023053, "return_5d": -0.137706, "return_20d": -0.073733, "return_60d": -0.10175, "return_252d": 0.403237, "sma_20": 226.007645, "sma_50": 228.53316, "sma_200": 209.863421, "price_vs_sma20": -0.075164, "price_vs_sma50": -0.085384, "price_vs_sma200": -0.004019, "volatility_20d": 0.529506, "volatility_60d": 0.383876, "drawdown": -0.15799, "max_drawdown_1y": -0.226008, "volume_ratio": 0.737736, "rsi_14": 37.888244, "macd": -2.886051, "macd_signal": -0.071654, "macd_histogram": -2.814397, "bb_width": 0.215105, "bb_position": 0.122171, "stoch_k": 19.759144, "stoch_d": 13.401028, "adx": 17.812095, "atr_14": 9.108811, "last_close": 209.02, "last_date": "2026-03-04"}