{"return_1d": -0.022369, "return_5d": -0.105583, "return_20d": -0.010586, "return_60d": -0.117528, "return_252d": 0.380306, "sma_20": 225.66899, "sma_50": 227.61988, "sma_200": 210.329016, "price_vs_sma20": -0.087823, "price_vs_sma50": -0.095641, "price_vs_sma200": -0.021295, "volatility_20d": 0.497368, "volatility_60d": 0.386527, "drawdown": -0.17076, "max_drawdown_1y": -0.226008, "volume_ratio": 0.733884, "rsi_14": 36.651969, "macd": -4.658165, "macd_signal": -1.568308, "macd_histogram": -3.089857, "bb_width": 0.226978, "bb_position": 0.075823, "stoch_k": 12.689563, "stoch_d": 18.547428, "adx": 17.324877, "atr_14": 9.132699, "last_close": 205.85, "last_date": "2026-03-06"}