{"return_1d": 0.001245, "return_5d": -0.081515, "return_20d": 0.136164, "return_60d": 0.522676, "return_252d": 1.860325, "sma_20": 313.8795, "sma_50": 260.739674, "sma_200": 160.238754, "price_vs_sma20": -0.026442, "price_vs_sma50": 0.171974, "price_vs_sma200": 0.907029, "volatility_20d": 0.618576, "volatility_60d": 0.567853, "drawdown": -0.108628, "max_drawdown_1y": -0.591161, "volume_ratio": 1.144193, "rsi_14": 53.99994, "macd": 15.380787, "macd_signal": 20.697584, "macd_histogram": -5.316797, "bb_width": 0.190857, "bb_position": 0.357696, "stoch_k": 25.829563, "stoch_d": 21.165365, "adx": 49.785918, "atr_14": 16.728517, "last_close": 305.58, "last_date": "2026-03-05"}