{"return_1d": -0.066323, "return_5d": -0.075572, "return_20d": 0.219682, "return_60d": 0.560115, "return_252d": 1.779425, "sma_20": 310.93147, "sma_50": 256.23345, "sma_200": 158.010393, "price_vs_sma20": -0.021585, "price_vs_sma50": 0.187277, "price_vs_sma200": 0.925316, "volatility_20d": 0.795865, "volatility_60d": 0.568043, "drawdown": -0.112596, "max_drawdown_1y": -0.591161, "volume_ratio": 0.918537, "rsi_14": 53.500316, "macd": 19.761097, "macd_signal": 23.183673, "macd_histogram": -3.422576, "bb_width": 0.244466, "bb_position": 0.409757, "stoch_k": 17.844166, "stoch_d": 41.558327, "adx": 55.492304, "atr_14": 16.751061, "last_close": 304.22, "last_date": "2026-03-03"}