{"return_1d": -0.038082, "return_5d": -0.014838, "return_20d": 0.271147, "return_60d": 0.782352, "return_252d": 1.797807, "sma_20": 303.947715, "sma_50": 251.179294, "sma_200": 155.70287, "price_vs_sma20": 0.052911, "price_vs_sma50": 0.27411, "price_vs_sma200": 1.055389, "volatility_20d": 0.773675, "volatility_60d": 0.556148, "drawdown": -0.066478, "max_drawdown_1y": -0.591161, "volume_ratio": 1.046377, "rsi_14": 61.678353, "macd": 23.667432, "macd_signal": 24.402133, "macd_histogram": -0.734701, "bb_width": 0.334818, "bb_position": 0.650089, "stoch_k": 48.726823, "stoch_d": 76.192332, "adx": 60.336409, "atr_14": 15.684781, "last_close": 320.03, "last_date": "2026-02-27"}