{"return_1d": 0.003221, "return_5d": -0.109737, "return_20d": 0.078972, "return_60d": 0.537168, "return_252d": 1.895927, "sma_20": 312.04838, "sma_50": 258.530042, "sma_200": 159.122976, "price_vs_sma20": -0.021947, "price_vs_sma50": 0.18052, "price_vs_sma200": 0.918013, "volatility_20d": 0.64999, "volatility_60d": 0.56773, "drawdown": -0.109737, "max_drawdown_1y": -0.591161, "volume_ratio": 0.932082, "rsi_14": 53.853883, "macd": 17.399225, "macd_signal": 22.026784, "macd_histogram": -4.627558, "bb_width": 0.229524, "bb_position": 0.402237, "stoch_k": 19.822366, "stoch_d": 31.923508, "adx": 52.906153, "atr_14": 16.594557, "last_close": 305.2, "last_date": "2026-03-04"}