{"return_1d": 0.018123, "return_5d": 0.023014, "return_20d": 0.352277, "return_60d": 0.716154, "return_252d": 2.005584, "sma_20": 308.191755, "sma_50": 253.851702, "sma_200": 156.909087, "price_vs_sma20": 0.057231, "price_vs_sma50": 0.283545, "price_vs_sma200": 1.076553, "volatility_20d": 0.744757, "volatility_60d": 0.547693, "drawdown": -0.04956, "max_drawdown_1y": -0.591161, "volume_ratio": 0.596793, "rsi_14": 63.455511, "macd": 22.588053, "macd_signal": 24.039317, "macd_histogram": -1.451264, "bb_width": 0.281309, "bb_position": 0.692434, "stoch_k": 58.103992, "stoch_d": 62.582739, "adx": 58.535271, "atr_14": 15.697297, "last_close": 325.83, "last_date": "2026-03-02"}