{"return_1d": -0.044845, "return_5d": -0.021764, "return_20d": 0.26221, "return_60d": 0.769821, "return_252d": 1.778137, "sma_20": 303.835215, "sma_50": 251.134294, "sma_200": 155.69162, "price_vs_sma20": 0.045896, "price_vs_sma50": 0.265379, "price_vs_sma200": 1.041086, "volatility_20d": 0.779962, "volatility_60d": 0.558826, "drawdown": -0.073041, "max_drawdown_1y": -0.591161, "volume_ratio": 0.631069, "rsi_14": 60.616498, "macd": 23.487945, "macd_signal": 24.366236, "macd_histogram": -0.878291, "bb_width": 0.336394, "bb_position": 0.630448, "stoch_k": 44.091843, "stoch_d": 74.647339, "adx": 60.336409, "atr_14": 15.684781, "last_close": 317.78, "last_date": "2026-02-27"}