{"return_1d": 0.004867, "return_5d": -0.010781, "return_20d": -0.026647, "return_60d": 0.076804, "return_252d": 0.136192, "sma_20": 52.27145, "sma_50": 50.7674, "sma_200": 45.011985, "price_vs_sma20": -0.052064, "price_vs_sma50": -0.02398, "price_vs_sma200": 0.100818, "volatility_20d": 0.342127, "volatility_60d": 0.241797, "drawdown": -0.103211, "max_drawdown_1y": -0.390792, "volume_ratio": 0.703083, "rsi_14": 42.614568, "macd": -0.228499, "macd_signal": 0.24126, "macd_histogram": -0.469759, "bb_width": 0.144268, "bb_position": 0.119297, "stoch_k": 18.956801, "stoch_d": 20.57864, "adx": 18.61221, "atr_14": 1.456746, "last_close": 49.55, "last_date": "2026-03-02"}