{"return_1d": -0.012828, "return_5d": -0.058641, "return_20d": -0.11143, "return_60d": 0.030277, "return_252d": 0.161192, "sma_20": 51.606745, "sma_50": 50.731792, "sma_200": 45.14795, "price_vs_sma20": -0.060588, "price_vs_sma50": -0.044386, "price_vs_sma200": 0.073803, "volatility_20d": 0.299067, "volatility_60d": 0.240701, "drawdown": -0.122577, "max_drawdown_1y": -0.390792, "volume_ratio": 0.881643, "rsi_14": 38.420573, "macd": -0.56734, "macd_signal": -0.104721, "macd_histogram": -0.462619, "bb_width": 0.166555, "bb_position": 0.112766, "stoch_k": 10.586011, "stoch_d": 14.558848, "adx": 20.612323, "atr_14": 1.398029, "last_close": 48.48, "last_date": "2026-03-05"}