{"return_1d": -0.041048, "return_5d": -0.057189, "return_20d": -0.148368, "return_60d": -0.015535, "return_252d": 0.130316, "sma_20": 51.20178, "sma_50": 50.66049, "sma_200": 45.180276, "price_vs_sma20": -0.092024, "price_vs_sma50": -0.082322, "price_vs_sma200": 0.028989, "volatility_20d": 0.322999, "volatility_60d": 0.255284, "drawdown": -0.158593, "max_drawdown_1y": -0.390792, "volume_ratio": 2.396589, "rsi_14": 31.847903, "macd": -0.816825, "macd_signal": -0.247142, "macd_histogram": -0.569683, "bb_width": 0.188016, "bb_position": -0.039051, "stoch_k": 8.321965, "stoch_d": 11.771939, "adx": 22.431742, "atr_14": 1.483884, "last_close": 46.49, "last_date": "2026-03-06"}