{"return_1d": -0.04233, "return_5d": -0.057339, "return_20d": -0.029277, "return_60d": 0.069734, "return_252d": 0.140146, "sma_20": 52.339775, "sma_50": 50.760872, "sma_200": 44.964167, "price_vs_sma20": -0.057696, "price_vs_sma50": -0.028385, "price_vs_sma200": 0.096873, "volatility_20d": 0.341295, "volatility_60d": 0.241626, "drawdown": -0.107374, "max_drawdown_1y": -0.390792, "volume_ratio": 0.734626, "rsi_14": 41.445676, "macd": -0.10418, "macd_signal": 0.358859, "macd_histogram": -0.46304, "bb_width": 0.138328, "bb_position": 0.057369, "stoch_k": 6.969524, "stoch_d": 21.396491, "adx": 18.122543, "atr_14": 1.423474, "last_close": 49.32, "last_date": "2026-02-27"}