{"return_1d": -0.005045, "return_5d": -0.007249, "return_20d": -0.054362, "return_60d": 0.050134, "return_252d": 0.11485, "sma_20": 52.129745, "sma_50": 50.760416, "sma_200": 45.059183, "price_vs_sma20": -0.054283, "price_vs_sma50": -0.028771, "price_vs_sma200": 0.094117, "volatility_20d": 0.329, "volatility_60d": 0.2389, "drawdown": -0.107736, "max_drawdown_1y": -0.390792, "volume_ratio": 0.603564, "rsi_14": 41.655476, "macd": -0.342613, "macd_signal": 0.124485, "macd_histogram": -0.467099, "bb_width": 0.154249, "bb_position": 0.127884, "stoch_k": 16.68269, "stoch_d": 14.199331, "adx": 19.12094, "atr_14": 1.471264, "last_close": 49.3, "last_date": "2026-03-03"}