{"return_1d": -0.00596, "return_5d": 0.031261, "return_20d": 0.089859, "return_60d": 0.324394, "return_252d": 0.039928, "sma_20": 114.95442, "sma_50": 107.658888, "sma_200": 96.724525, "price_vs_sma20": 0.044588, "price_vs_sma50": 0.115375, "price_vs_sma200": 0.241464, "volatility_20d": 0.383655, "volatility_60d": 0.31358, "drawdown": -0.483923, "max_drawdown_1y": -0.643983, "volume_ratio": 1.405444, "rsi_14": 64.04855, "macd": 2.925003, "macd_signal": 2.920308, "macd_histogram": 0.004694, "bb_width": 0.082472, "bb_position": 1.017568, "stoch_k": 60.241773, "stoch_d": 57.339276, "adx": 41.457181, "atr_14": 3.92547, "last_close": 120.08, "last_date": "2026-03-04"}