{"return_1d": -0.013851, "return_5d": -0.029908, "return_20d": 0.111934, "return_60d": 0.251656, "return_252d": -0.045578, "sma_20": 113.37316, "sma_50": 106.413024, "sma_200": 96.355102, "price_vs_sma20": -0.001527, "price_vs_sma50": 0.06378, "price_vs_sma200": 0.174821, "volatility_20d": 0.34177, "volatility_60d": 0.286489, "drawdown": -0.513491, "max_drawdown_1y": -0.643983, "volume_ratio": 0.563747, "rsi_14": 53.840338, "macd": 2.626954, "macd_signal": 3.100772, "macd_histogram": -0.473818, "bb_width": 0.108138, "bb_position": 0.485854, "stoch_k": 26.556544, "stoch_d": 50.468637, "adx": 39.627428, "atr_14": 3.349858, "last_close": 113.2, "last_date": "2026-02-27"}