{"return_1d": -0.008712, "return_5d": -0.024852, "return_20d": 0.117729, "return_60d": 0.258179, "return_252d": -0.040603, "sma_20": 113.40266, "sma_50": 106.424824, "sma_200": 96.358051, "price_vs_sma20": 0.003416, "price_vs_sma50": 0.069205, "price_vs_sma200": 0.180908, "volatility_20d": 0.338373, "volatility_60d": 0.28532, "drawdown": -0.510956, "max_drawdown_1y": -0.643983, "volume_ratio": 0.997483, "rsi_14": 55.139824, "macd": 2.674019, "macd_signal": 3.110185, "macd_histogram": -0.436166, "bb_width": 0.107613, "bb_position": 0.531632, "stoch_k": 34.053367, "stoch_d": 52.967578, "adx": 39.627428, "atr_14": 3.349858, "last_close": 113.79, "last_date": "2026-02-27"}