{"return_1d": 0.002332, "return_5d": 0.048523, "return_20d": 0.065313, "return_60d": 0.318843, "return_252d": 0.074565, "sma_20": 115.323375, "sma_50": 108.125624, "sma_200": 96.849631, "price_vs_sma20": 0.043674, "price_vs_sma50": 0.11315, "price_vs_sma200": 0.242751, "volatility_20d": 0.375691, "volatility_60d": 0.313604, "drawdown": -0.482719, "max_drawdown_1y": -0.643983, "volume_ratio": 1.077628, "rsi_14": 64.432795, "macd": 3.061595, "macd_signal": 2.948566, "macd_histogram": 0.113029, "bb_width": 0.089544, "bb_position": 0.967325, "stoch_k": 62.12223, "stoch_d": 69.32157, "adx": 41.98096, "atr_14": 3.844365, "last_close": 120.36, "last_date": "2026-03-05"}