{"return_1d": 0.003573, "return_5d": 0.061517, "return_20d": 0.100753, "return_60d": 0.31118, "return_252d": 0.08377, "sma_20": 115.876175, "sma_50": 108.656594, "sma_200": 96.97974, "price_vs_sma20": 0.042406, "price_vs_sma50": 0.111667, "price_vs_sma200": 0.245518, "volatility_20d": 0.355987, "volatility_60d": 0.313465, "drawdown": -0.480871, "max_drawdown_1y": -0.643983, "volume_ratio": 0.904, "rsi_14": 65.050566, "macd": 3.168024, "macd_signal": 2.992457, "macd_histogram": 0.175566, "bb_width": 0.0869, "bb_position": 0.968131, "stoch_k": 65.010074, "stoch_d": 62.458026, "adx": 42.029051, "atr_14": 3.840481, "last_close": 120.79, "last_date": "2026-03-06"}