{"return_1d": 0.012648, "return_5d": 0.037928, "return_20d": 0.06653, "return_60d": 0.07909, "return_252d": 0.325099, "sma_20": 156.66754, "sma_50": 154.945526, "sma_200": 140.679693, "price_vs_sma20": 0.032313, "price_vs_sma50": 0.043786, "price_vs_sma200": 0.149633, "volatility_20d": 0.19448, "volatility_60d": 0.170807, "drawdown": 0.0, "max_drawdown_1y": -0.110448, "volume_ratio": 0.87645, "rsi_14": 63.632656, "macd": 1.93806, "macd_signal": 1.405154, "macd_histogram": 0.532906, "bb_width": 0.070227, "bb_position": 0.945728, "stoch_k": 91.121495, "stoch_d": 82.209638, "adx": 22.270996, "atr_14": 3.313701, "last_close": 161.73, "last_date": "2026-03-04"}