{"return_1d": 0.013864, "return_5d": 0.016811, "return_20d": 0.094086, "return_60d": 0.06759, "return_252d": 0.303967, "sma_20": 155.098815, "sma_50": 154.588874, "sma_200": 140.222821, "price_vs_sma20": 0.037339, "price_vs_sma50": 0.040761, "price_vs_sma200": 0.147388, "volatility_20d": 0.186958, "volatility_60d": 0.166376, "drawdown": 0.0, "max_drawdown_1y": -0.110448, "volume_ratio": 0.486508, "rsi_14": 64.362152, "macd": 1.548317, "macd_signal": 0.995642, "macd_histogram": 0.552676, "bb_width": 0.075716, "bb_position": 0.97539, "stoch_k": 86.052238, "stoch_d": 67.169513, "adx": 19.772244, "atr_14": 3.187342, "last_close": 160.89, "last_date": "2026-02-27"}