{"return_1d": -0.009942, "return_5d": -0.014413, "return_20d": 0.028188, "return_60d": 0.039425, "return_252d": 0.31074, "sma_20": 157.257145, "sma_50": 155.14467, "sma_200": 140.951007, "price_vs_sma20": 0.013181, "price_vs_sma50": 0.026977, "price_vs_sma200": 0.130393, "volatility_20d": 0.196404, "volatility_60d": 0.168264, "drawdown": -0.01484, "max_drawdown_1y": -0.110448, "volume_ratio": 1.114512, "rsi_14": 56.308766, "macd": 1.881333, "macd_signal": 1.594051, "macd_histogram": 0.287281, "bb_width": 0.072468, "bb_position": 0.679525, "stoch_k": 63.86192, "stoch_d": 79.166966, "adx": 22.6365, "atr_14": 3.276712, "last_close": 159.33, "last_date": "2026-03-06"}