{"return_1d": 0.018716, "return_5d": 0.021677, "return_20d": 0.099323, "return_60d": 0.0727, "return_252d": 0.310208, "sma_20": 155.137315, "sma_50": 154.604274, "sma_200": 140.226671, "price_vs_sma20": 0.042045, "price_vs_sma50": 0.045637, "price_vs_sma200": 0.152848, "volatility_20d": 0.190908, "volatility_60d": 0.168247, "drawdown": 0.0, "max_drawdown_1y": -0.110448, "volume_ratio": 1.246293, "rsi_14": 65.641473, "macd": 1.609742, "macd_signal": 1.007926, "macd_histogram": 0.601815, "bb_width": 0.077257, "bb_position": 1.022257, "stoch_k": 92.052113, "stoch_d": 69.169472, "adx": 19.93772, "atr_14": 3.237699, "last_close": 161.66, "last_date": "2026-02-27"}