{"return_1d": -0.01064, "return_5d": 0.014269, "return_20d": 0.070638, "return_60d": 0.069138, "return_252d": 0.310963, "sma_20": 155.664935, "sma_50": 154.710018, "sma_200": 140.380155, "price_vs_sma20": 0.027463, "price_vs_sma50": 0.033805, "price_vs_sma200": 0.139335, "volatility_20d": 0.193719, "volatility_60d": 0.169097, "drawdown": -0.01064, "max_drawdown_1y": -0.110448, "volume_ratio": 0.873065, "rsi_14": 60.423563, "macd": 1.716049, "macd_signal": 1.149551, "macd_histogram": 0.566498, "bb_width": 0.074907, "bb_position": 0.85683, "stoch_k": 78.649794, "stoch_d": 79.870548, "adx": 21.724277, "atr_14": 3.214292, "last_close": 159.94, "last_date": "2026-03-02"}