{"return_1d": -0.042834, "return_5d": -0.094653, "return_20d": -0.026326, "return_60d": -0.001858, "return_252d": 0.347579, "sma_20": 212.0765, "sma_50": 208.2104, "sma_200": 188.809414, "price_vs_sma20": -0.044307, "price_vs_sma50": -0.026562, "price_vs_sma200": 0.073463, "volatility_20d": 0.466505, "volatility_60d": 0.345621, "drawdown": -0.09904, "max_drawdown_1y": -0.211187, "volume_ratio": 1.043754, "rsi_14": 42.979943, "macd": 2.087097, "macd_signal": 2.798661, "macd_histogram": -0.711565, "bb_width": 0.131285, "bb_position": 0.146865, "stoch_k": 3.882726, "stoch_d": 36.838582, "adx": 14.636895, "atr_14": 7.831726, "last_close": 202.68, "last_date": "2026-03-06"}