{"return_1d": -0.020719, "return_5d": -0.053885, "return_20d": 0.025275, "return_60d": 0.05106, "return_252d": 0.461626, "sma_20": 212.3505, "sma_50": 208.4666, "sma_200": 188.607944, "price_vs_sma20": -0.002828, "price_vs_sma50": 0.01575, "price_vs_sma200": 0.122699, "volatility_20d": 0.44007, "volatility_60d": 0.334088, "drawdown": -0.058722, "max_drawdown_1y": -0.211187, "volume_ratio": 1.595082, "rsi_14": 50.318095, "macd": 3.307042, "macd_signal": 2.976552, "macd_histogram": 0.330489, "bb_width": 0.120259, "bb_position": 0.476419, "stoch_k": 45.241528, "stoch_d": 60.466234, "adx": 14.90552, "atr_14": 7.661089, "last_close": 211.75, "last_date": "2026-03-05"}