{"return_1d": 0.004869, "return_5d": 0.092304, "return_20d": 0.110475, "return_60d": 0.160116, "return_252d": 0.516323, "sma_20": 210.463, "sma_50": 208.2416, "sma_200": 187.780264, "price_vs_sma20": 0.068881, "price_vs_sma50": 0.080284, "price_vs_sma200": 0.197996, "volatility_20d": 0.421127, "volatility_60d": 0.330264, "drawdown": 0.0, "max_drawdown_1y": -0.211187, "volume_ratio": 1.166207, "rsi_14": 64.03296, "macd": 3.988681, "macd_signal": 2.273574, "macd_histogram": 1.715107, "bb_width": 0.120947, "bb_position": 1.032819, "stoch_k": 92.862293, "stoch_d": 90.170632, "adx": 14.400299, "atr_14": 7.774579, "last_close": 224.96, "last_date": "2026-03-02"}