{"return_1d": 0.006093, "return_5d": 0.01577, "return_20d": 0.040486, "return_60d": 0.031004, "return_252d": 0.031822, "sma_20": 88.6899, "sma_50": 87.872878, "sma_200": 86.613653, "price_vs_sma20": 0.024017, "price_vs_sma50": 0.033538, "price_vs_sma200": 0.048564, "volatility_20d": 0.085554, "volatility_60d": 0.081048, "drawdown": -0.31899, "max_drawdown_1y": -0.391035, "volume_ratio": 1.344168, "rsi_14": 71.610935, "macd": 0.766106, "macd_signal": 0.588489, "macd_histogram": 0.177618, "bb_width": 0.059911, "bb_position": 0.891484, "stoch_k": 98.955614, "stoch_d": 97.068134, "adx": 18.564632, "atr_14": 0.55806, "last_close": 90.82, "last_date": "2026-02-27"}