{"return_1d": -0.002009, "return_5d": -0.001921, "return_20d": 0.036711, "return_60d": 0.015283, "return_252d": 0.014224, "sma_20": 88.709295, "sma_50": 87.687358, "sma_200": 86.396605, "price_vs_sma20": 0.008124, "price_vs_sma50": 0.019873, "price_vs_sma200": 0.03511, "volatility_20d": 0.091492, "volatility_60d": 0.083867, "drawdown": -0.327183, "max_drawdown_1y": -0.391036, "volume_ratio": 1.346997, "rsi_14": 57.872284, "macd": 0.68276, "macd_signal": 0.628896, "macd_histogram": 0.053864, "bb_width": 0.054079, "bb_position": 0.649021, "stoch_k": 61.211517, "stoch_d": 75.85417, "adx": 16.603579, "atr_14": 0.608615, "last_close": 89.43, "last_date": "2026-03-03"}