{"return_1d": -0.003717, "return_5d": -0.022747, "return_20d": 0.014565, "return_60d": 0.013877, "return_252d": 0.015268, "sma_20": 89.033505, "sma_50": 87.9701, "sma_200": 86.773211, "price_vs_sma20": -0.006441, "price_vs_sma50": 0.005569, "price_vs_sma200": 0.019439, "volatility_20d": 0.088916, "volatility_60d": 0.084261, "drawdown": -0.337017, "max_drawdown_1y": -0.391036, "volume_ratio": 1.444151, "rsi_14": 47.202006, "macd": 0.377461, "macd_signal": 0.511075, "macd_histogram": -0.133614, "bb_width": 0.037905, "bb_position": 0.328962, "stoch_k": 17.33034, "stoch_d": 24.892835, "adx": 14.828761, "atr_14": 0.617688, "last_close": 88.46, "last_date": "2026-03-06"}