{"return_1d": -0.003131, "return_5d": -0.005156, "return_20d": 0.030964, "return_60d": 0.013711, "return_252d": 0.002518, "sma_20": 88.84317, "sma_50": 87.911706, "sma_200": 86.72082, "price_vs_sma20": 0.003454, "price_vs_sma50": 0.014086, "price_vs_sma200": 0.028011, "volatility_20d": 0.093115, "volatility_60d": 0.084317, "drawdown": -0.331845, "max_drawdown_1y": -0.391035, "volume_ratio": 1.19254, "rsi_14": 54.049826, "macd": 0.562021, "macd_signal": 0.561512, "macd_histogram": 0.000508, "bb_width": 0.049222, "bb_position": 0.569923, "stoch_k": 43.682296, "stoch_d": 57.430016, "adx": 14.440277, "atr_14": 0.590928, "last_close": 89.15, "last_date": "2026-03-04"}