{"return_1d": -0.004038, "return_5d": -0.013124, "return_20d": 0.029411, "return_60d": 0.014313, "return_252d": 0.010919, "sma_20": 88.97001, "sma_50": 87.94231, "sma_200": 86.747236, "price_vs_sma20": -0.002023, "price_vs_sma50": 0.009639, "price_vs_sma200": 0.023548, "volatility_20d": 0.094135, "volatility_60d": 0.08418, "drawdown": -0.334543, "max_drawdown_1y": -0.391036, "volume_ratio": 1.147798, "rsi_14": 50.372373, "macd": 0.476342, "macd_signal": 0.544478, "macd_histogram": -0.068136, "bb_width": 0.041586, "bb_position": 0.451249, "stoch_k": 13.665869, "stoch_d": 39.519894, "adx": 14.33705, "atr_14": 0.594433, "last_close": 88.79, "last_date": "2026-03-05"}