{"return_1d": 0.001903, "return_5d": 0.019924, "return_20d": -0.119984, "return_60d": -0.108772, "return_252d": -0.019384, "sma_20": 531.87, "sma_50": 573.7986, "sma_200": 508.079206, "price_vs_sma20": -0.020231, "price_vs_sma50": -0.091824, "price_vs_sma200": 0.025647, "volatility_20d": 0.252464, "volatility_60d": 0.236255, "drawdown": -0.210268, "max_drawdown_1y": -0.409543, "volume_ratio": 0.817119, "rsi_14": 36.504889, "macd": -19.372129, "macd_signal": -20.724617, "macd_histogram": 1.352488, "bb_width": 0.188499, "bb_position": 0.39046, "stoch_k": 47.932298, "stoch_d": 40.50598, "adx": 43.121041, "atr_14": 13.766438, "last_close": 521.11, "last_date": "2026-02-27"}