{"return_1d": -0.024045, "return_5d": -0.01522, "return_20d": -0.121031, "return_60d": -0.123038, "return_252d": -0.024562, "sma_20": 528.3685, "sma_50": 572.567, "sma_200": 508.483107, "price_vs_sma20": -0.037452, "price_vs_sma50": -0.111755, "price_vs_sma200": 0.000191, "volatility_20d": 0.253512, "volatility_60d": 0.240287, "drawdown": -0.229257, "max_drawdown_1y": -0.409543, "volume_ratio": 0.854432, "rsi_14": 31.683916, "macd": -19.077765, "macd_signal": -20.395247, "macd_histogram": 1.317481, "bb_width": 0.177388, "bb_position": 0.280654, "stoch_k": 26.068749, "stoch_d": 40.068633, "adx": 43.357525, "atr_14": 14.125978, "last_close": 508.58, "last_date": "2026-03-02"}