{"return_1d": 0.009034, "return_5d": -0.001927, "return_20d": -0.100686, "return_60d": -0.108067, "return_252d": -0.017449, "sma_20": 521.815, "sma_50": 570.4838, "sma_200": 509.543028, "price_vs_sma20": -0.017487, "price_vs_sma50": -0.101307, "price_vs_sma200": 0.006176, "volatility_20d": 0.251153, "volatility_60d": 0.240884, "drawdown": -0.223028, "max_drawdown_1y": -0.409543, "volume_ratio": 0.701627, "rsi_14": 35.132034, "macd": -17.768097, "macd_signal": -19.59346, "macd_histogram": 1.825363, "bb_width": 0.127949, "bb_position": 0.360896, "stoch_k": 57.448707, "stoch_d": 38.508426, "adx": 43.679418, "atr_14": 14.012961, "last_close": 512.69, "last_date": "2026-03-04"}