{"return_1d": 0.011996, "return_5d": -0.002461, "return_20d": -0.082057, "return_60d": -0.093475, "return_252d": 0.007946, "sma_20": 519.496, "sma_50": 569.504, "sma_200": 510.082453, "price_vs_sma20": -0.001263, "price_vs_sma50": -0.088962, "price_vs_sma200": 0.017169, "volatility_20d": 0.257985, "volatility_60d": 0.242469, "drawdown": -0.213708, "max_drawdown_1y": -0.409543, "volume_ratio": 1.356649, "rsi_14": 39.728571, "macd": -16.369947, "macd_signal": -18.948757, "macd_histogram": 2.578811, "bb_width": 0.100464, "bb_position": 0.487415, "stoch_k": 90.127389, "stoch_d": 59.861306, "adx": 43.744767, "atr_14": 14.339178, "last_close": 518.84, "last_date": "2026-03-05"}