{"return_1d": -0.000673, "return_5d": 0.017302, "return_20d": -0.122247, "return_60d": -0.111064, "return_252d": -0.021905, "sma_20": 531.803, "sma_50": 573.7718, "sma_200": 508.072506, "price_vs_sma20": -0.022627, "price_vs_sma50": -0.094117, "price_vs_sma200": 0.023023, "volatility_20d": 0.251525, "volatility_60d": 0.236141, "drawdown": -0.212299, "max_drawdown_1y": -0.409543, "volume_ratio": 0.36291, "rsi_14": 35.645798, "macd": -19.479024, "macd_signal": -20.745996, "macd_histogram": 1.266972, "bb_width": 0.189224, "bb_position": 0.377655, "stoch_k": 45.594137, "stoch_d": 39.726593, "adx": 43.23126, "atr_14": 13.684295, "last_close": 519.77, "last_date": "2026-02-27"}