{"return_1d": -0.032515, "return_5d": -0.036729, "return_20d": -0.074471, "return_60d": -0.115912, "return_252d": -0.039003, "sma_20": 517.4765, "sma_50": 568.0294, "sma_200": 510.528251, "price_vs_sma20": -0.029966, "price_vs_sma50": -0.116296, "price_vs_sma200": -0.016764, "volatility_20d": 0.244363, "volatility_60d": 0.250349, "drawdown": -0.239274, "max_drawdown_1y": -0.409543, "volume_ratio": 0.699257, "rsi_14": 32.851803, "macd": -16.433733, "macd_signal": -18.445753, "macd_histogram": 2.01202, "bb_width": 0.099193, "bb_position": 0.188574, "stoch_k": 30.431706, "stoch_d": 59.335934, "adx": 43.902721, "atr_14": 14.660665, "last_close": 501.97, "last_date": "2026-03-06"}