{"return_1d": 0.0054, "return_5d": 0.009634, "return_20d": 0.116787, "return_60d": 0.061326, "return_252d": -0.180941, "sma_20": 211.72396, "sma_50": 200.685428, "sma_200": 220.978406, "price_vs_sma20": 0.037719, "price_vs_sma50": 0.094798, "price_vs_sma200": -0.00574, "volatility_20d": 0.30599, "volatility_60d": 0.267413, "drawdown": -0.180941, "max_drawdown_1y": -0.318831, "volume_ratio": 1.043296, "rsi_14": 63.532272, "macd": 5.674109, "macd_signal": 5.522433, "macd_histogram": 0.151675, "bb_width": 0.147859, "bb_position": 0.745829, "stoch_k": 68.6333, "stoch_d": 77.914111, "adx": 28.184404, "atr_14": 5.685839, "last_close": 219.71, "last_date": "2026-03-04"}