{"return_1d": 0.003778, "return_5d": 0.039646, "return_20d": 0.098173, "return_60d": 0.057103, "return_252d": -0.152435, "sma_20": 212.70974, "sma_50": 201.180456, "sma_200": 220.888187, "price_vs_sma20": 0.036812, "price_vs_sma50": 0.09623, "price_vs_sma200": -0.001576, "volatility_20d": 0.300786, "volatility_60d": 0.267112, "drawdown": -0.177847, "max_drawdown_1y": -0.318831, "volume_ratio": 0.778421, "rsi_14": 64.301803, "macd": 5.675237, "macd_signal": 5.552994, "macd_histogram": 0.122243, "bb_width": 0.143885, "bb_position": 0.74676, "stoch_k": 75.200171, "stoch_d": 76.569963, "adx": 28.113231, "atr_14": 5.623993, "last_close": 220.54, "last_date": "2026-03-05"}