{"return_1d": 0.023382, "return_5d": 0.01241, "return_20d": 0.15244, "return_60d": 0.055674, "return_252d": -0.159507, "sma_20": 208.35932, "sma_50": 199.494228, "sma_200": 221.210734, "price_vs_sma20": 0.041902, "price_vs_sma50": 0.088202, "price_vs_sma200": -0.018628, "volatility_20d": 0.336449, "volatility_60d": 0.268915, "drawdown": -0.190708, "max_drawdown_1y": -0.318831, "volume_ratio": 0.935692, "rsi_14": 61.615368, "macd": 5.925108, "macd_signal": 5.367994, "macd_histogram": 0.557114, "bb_width": 0.171822, "bb_position": 0.734061, "stoch_k": 81.92308, "stoch_d": 77.86322, "adx": 29.190393, "atr_14": 5.762209, "last_close": 217.09, "last_date": "2026-02-27"}