{"return_1d": 0.011198, "return_5d": -0.010808, "return_20d": 0.126113, "return_60d": 0.053095, "return_252d": -0.175855, "sma_20": 210.57516, "sma_50": 200.27746, "sma_200": 221.060483, "price_vs_sma20": 0.037777, "price_vs_sma50": 0.091136, "price_vs_sma200": -0.011447, "volatility_20d": 0.307325, "volatility_60d": 0.267359, "drawdown": -0.18534, "max_drawdown_1y": -0.318831, "volume_ratio": 0.83973, "rsi_14": 62.464087, "macd": 5.674645, "macd_signal": 5.484515, "macd_histogram": 0.19013, "bb_width": 0.156054, "bb_position": 0.733264, "stoch_k": 85.87642, "stoch_d": 82.344038, "adx": 28.236698, "atr_14": 5.737057, "last_close": 218.53, "last_date": "2026-03-03"}