{"return_1d": 0.00467, "return_5d": 0.020637, "return_20d": 0.10292, "return_60d": 0.089001, "return_252d": -0.142286, "sma_20": 213.74354, "sma_50": 201.715392, "sma_200": 220.795304, "price_vs_sma20": 0.036616, "price_vs_sma50": 0.098429, "price_vs_sma200": 0.003509, "volatility_20d": 0.300317, "volatility_60d": 0.261715, "drawdown": -0.174007, "max_drawdown_1y": -0.318831, "volume_ratio": 0.520411, "rsi_14": 65.280908, "macd": 5.693612, "macd_signal": 5.581118, "macd_histogram": 0.112494, "bb_width": 0.138444, "bb_position": 0.755142, "stoch_k": 83.349421, "stoch_d": 75.72763, "adx": 28.06562, "atr_14": 5.503708, "last_close": 221.57, "last_date": "2026-03-06"}