{"return_1d": 0.022652, "return_5d": 0.048552, "return_20d": 0.483961, "return_60d": 0.841837, "return_252d": 0.170661, "sma_20": 427.3875, "sma_50": 358.927532, "sma_200": 336.156269, "price_vs_sma20": 0.226405, "price_vs_sma50": 0.460323, "price_vs_sma200": 0.559245, "volatility_20d": 0.577464, "volatility_60d": 0.511029, "drawdown": -0.084568, "max_drawdown_1y": -0.52222, "volume_ratio": 0.692149, "rsi_14": 80.431131, "macd": 49.177022, "macd_signal": 40.6047, "macd_histogram": 8.572321, "bb_width": 0.519912, "bb_position": 0.855076, "stoch_k": 87.280653, "stoch_d": 84.137782, "adx": 55.153086, "atr_14": 24.469517, "last_close": 524.15, "last_date": "2026-02-27"}