{"return_1d": -0.023876, "return_5d": 0.022183, "return_20d": 0.512135, "return_60d": 0.699019, "return_252d": 0.155163, "sma_20": 464.30963, "sma_50": 377.509524, "sma_200": 337.013561, "price_vs_sma20": 0.127071, "price_vs_sma50": 0.386217, "price_vs_sma200": 0.552786, "volatility_20d": 0.560063, "volatility_60d": 0.509393, "drawdown": -0.084988, "max_drawdown_1y": -0.52222, "volume_ratio": 0.627887, "rsi_14": 73.231252, "macd": 47.621541, "macd_signal": 45.425354, "macd_histogram": 2.196187, "bb_width": 0.473675, "bb_position": 0.738021, "stoch_k": 82.811482, "stoch_d": 86.575229, "adx": 59.429442, "atr_14": 25.016427, "last_close": 523.31, "last_date": "2026-03-05"}