{"return_1d": 0.003287, "return_5d": 0.002559, "return_20d": 0.522025, "return_60d": 0.744063, "return_252d": 0.157529, "sma_20": 473.31339, "sma_50": 381.961054, "sma_200": 337.286292, "price_vs_sma20": 0.109265, "price_vs_sma50": 0.374564, "price_vs_sma200": 0.55663, "volatility_20d": 0.556718, "volatility_60d": 0.505193, "drawdown": -0.081981, "max_drawdown_1y": -0.52222, "volume_ratio": 0.531073, "rsi_14": 73.525091, "macd": 45.956508, "macd_signal": 45.531585, "macd_histogram": 0.424924, "bb_width": 0.433072, "bb_position": 0.72745, "stoch_k": 83.573135, "stoch_d": 86.307743, "adx": 60.135303, "atr_14": 24.509539, "last_close": 525.03, "last_date": "2026-03-06"}