{"return_1d": 0.023814, "return_5d": 0.051782, "return_20d": 0.596823, "return_60d": 0.750663, "return_252d": 0.193067, "sma_20": 455.447805, "sma_50": 373.028866, "sma_200": 336.766639, "price_vs_sma20": 0.177105, "price_vs_sma50": 0.437181, "price_vs_sma200": 0.591933, "volatility_20d": 0.534393, "volatility_60d": 0.50473, "drawdown": -0.062607, "max_drawdown_1y": -0.52222, "volume_ratio": 0.696083, "rsi_14": 79.314321, "macd": 49.229178, "macd_signal": 44.876307, "macd_histogram": 4.352871, "bb_width": 0.4885, "bb_position": 0.808, "stoch_k": 92.538611, "stoch_d": 89.239979, "adx": 58.669284, "atr_14": 24.462306, "last_close": 536.11, "last_date": "2026-03-04"}