{"return_1d": 0.01413, "return_5d": 0.05737, "return_20d": 0.52629, "return_60d": 0.844745, "return_252d": 0.183536, "sma_20": 436.06181, "sma_50": 363.676364, "sma_200": 336.144071, "price_vs_sma20": 0.217924, "price_vs_sma50": 0.460337, "price_vs_sma200": 0.579948, "volatility_20d": 0.563844, "volatility_60d": 0.511086, "drawdown": -0.071385, "max_drawdown_1y": -0.52222, "volume_ratio": 1.081323, "rsi_14": 81.298063, "macd": 49.856516, "macd_signal": 42.419668, "macd_histogram": 7.436847, "bb_width": 0.520691, "bb_position": 0.843641, "stoch_k": 90.805732, "stoch_d": 86.930636, "adx": 56.47116, "atr_14": 24.713384, "last_close": 531.09, "last_date": "2026-03-02"}