{"return_1d": -0.046587, "return_5d": -0.067855, "return_20d": 0.151478, "return_60d": 0.286328, "return_252d": 0.870491, "sma_20": 154.01, "sma_50": 139.6782, "sma_200": 111.890449, "price_vs_sma20": -0.028635, "price_vs_sma50": 0.071033, "price_vs_sma200": 0.337022, "volatility_20d": 0.519612, "volatility_60d": 0.365116, "drawdown": -0.067855, "max_drawdown_1y": -0.317766, "volume_ratio": 1.024675, "rsi_14": 51.445352, "macd": 4.899576, "macd_signal": 6.018617, "macd_histogram": -1.119041, "bb_width": 0.08974, "bb_position": 0.171512, "stoch_k": 16.305819, "stoch_d": 38.011645, "adx": 35.364621, "atr_14": 5.506802, "last_close": 149.6, "last_date": "2026-03-05"}