{"return_1d": 0.006111, "return_5d": 0.022553, "return_20d": 0.232527, "return_60d": 0.436625, "return_252d": 0.885244, "sma_20": 150.2945, "sma_50": 137.9198, "sma_200": 110.817903, "price_vs_sma20": 0.040757, "price_vs_sma50": 0.134137, "price_vs_sma200": 0.411505, "volatility_20d": 0.487529, "volatility_60d": 0.352064, "drawdown": -0.02536, "max_drawdown_1y": -0.317766, "volume_ratio": 0.813389, "rsi_14": 63.101355, "macd": 6.365134, "macd_signal": 6.573838, "macd_histogram": -0.208705, "bb_width": 0.244067, "bb_position": 0.66045, "stoch_k": 54.987835, "stoch_d": 64.899488, "adx": 40.683921, "atr_14": 5.248409, "last_close": 156.42, "last_date": "2026-03-02"}