{"return_1d": 0.016125, "return_5d": -6.4e-05, "return_20d": 0.23522, "return_60d": 0.368481, "return_252d": 0.896097, "sma_20": 153.026, "sma_50": 139.1946, "sma_200": 111.551734, "price_vs_sma20": 0.025381, "price_vs_sma50": 0.127271, "price_vs_sma200": 0.406612, "volatility_20d": 0.480585, "volatility_60d": 0.349757, "drawdown": -0.022307, "max_drawdown_1y": -0.317766, "volume_ratio": 0.722457, "rsi_14": 62.415746, "macd": 5.714258, "macd_signal": 6.298377, "macd_histogram": -0.584119, "bb_width": 0.157848, "bb_position": 0.656816, "stoch_k": 58.961882, "stoch_d": 50.90565, "adx": 37.779003, "atr_14": 5.18271, "last_close": 156.91, "last_date": "2026-03-04"}