{"return_1d": -0.033847, "return_5d": -0.070326, "return_20d": 0.009404, "return_60d": 0.232511, "return_252d": 0.806957, "sma_20": 153.665355, "sma_50": 139.615226, "sma_200": 111.906054, "price_vs_sma20": -0.061923, "price_vs_sma50": 0.032481, "price_vs_sma200": 0.288134, "volatility_20d": 0.402335, "volatility_60d": 0.373345, "drawdown": -0.099405, "max_drawdown_1y": -0.317766, "volume_ratio": 0.733292, "rsi_14": 45.482035, "macd": 3.791366, "macd_signal": 5.560296, "macd_histogram": -1.76893, "bb_width": 0.08705, "bb_position": -0.258303, "stoch_k": 4.029387, "stoch_d": 26.432421, "adx": 33.765399, "atr_14": 5.512661, "last_close": 144.15, "last_date": "2026-03-06"}