{"return_1d": -0.012786, "return_5d": -0.000582, "return_20d": 0.190869, "return_60d": 0.384549, "return_252d": 0.836953, "sma_20": 151.532, "sma_50": 138.5644, "sma_200": 111.178544, "price_vs_sma20": 0.019059, "price_vs_sma50": 0.114428, "price_vs_sma200": 0.388937, "volatility_20d": 0.492758, "volatility_60d": 0.352155, "drawdown": -0.037822, "max_drawdown_1y": -0.317766, "volume_ratio": 0.738812, "rsi_14": 59.697389, "macd": 5.926682, "macd_signal": 6.444407, "macd_histogram": -0.517725, "bb_width": 0.215394, "bb_position": 0.586828, "stoch_k": 38.767234, "stoch_d": 47.29319, "adx": 39.019446, "atr_14": 5.32138, "last_close": 154.42, "last_date": "2026-03-03"}