{"return_1d": 0.019808, "return_5d": 0.019235, "return_20d": 0.175943, "return_60d": 0.341272, "return_252d": 0.215386, "sma_20": 219.5855, "sma_50": 197.972938, "sma_200": 172.563123, "price_vs_sma20": 0.073841, "price_vs_sma50": 0.191072, "price_vs_sma200": 0.366456, "volatility_20d": 0.245347, "volatility_60d": 0.263309, "drawdown": 0.0, "max_drawdown_1y": -0.316116, "volume_ratio": 1.575659, "rsi_14": 78.79271, "macd": 10.776826, "macd_signal": 10.473468, "macd_histogram": 0.303358, "bb_width": 0.194159, "bb_position": 0.854162, "stoch_k": 93.90681, "stoch_d": 90.97973, "adx": 45.907371, "atr_14": 6.483041, "last_close": 235.8, "last_date": "2026-02-27"}