{"return_1d": 0.019808, "return_5d": 0.019235, "return_20d": 0.170107, "return_60d": 0.334616, "return_252d": 0.209355, "sma_20": 219.5855, "sma_50": 198.5222, "sma_200": 173.314192, "price_vs_sma20": 0.073841, "price_vs_sma50": 0.187776, "price_vs_sma200": 0.360535, "volatility_20d": 0.247573, "volatility_60d": 0.263728, "drawdown": 0.0, "max_drawdown_1y": -0.316116, "volume_ratio": 1.575659, "rsi_14": 78.45724, "macd": 10.611847, "macd_signal": 10.280462, "macd_histogram": 0.331385, "bb_width": 0.194159, "bb_position": 0.854162, "stoch_k": 93.90681, "stoch_d": 90.97973, "adx": 44.501516, "atr_14": 6.488939, "last_close": 235.8, "last_date": "2026-02-27"}