{"return_1d": 0.016158, "return_5d": 0.033381, "return_20d": 0.192208, "return_60d": 0.394703, "return_252d": 0.247938, "sma_20": 221.517, "sma_50": 199.7862, "sma_200": 173.675366, "price_vs_sma20": 0.081678, "price_vs_sma50": 0.199332, "price_vs_sma200": 0.379643, "volatility_20d": 0.245819, "volatility_60d": 0.255771, "drawdown": 0.0, "max_drawdown_1y": -0.316116, "volume_ratio": 1.321173, "rsi_14": 80.529302, "macd": 10.856814, "macd_signal": 10.395733, "macd_histogram": 0.461082, "bb_width": 0.190349, "bb_position": 0.896694, "stoch_k": 69.196561, "stoch_d": 83.915672, "adx": 45.423242, "atr_14": 7.039729, "last_close": 239.61, "last_date": "2026-03-02"}