{"return_1d": -0.006069, "return_5d": 0.054739, "return_20d": 0.148625, "return_60d": -0.209933, "return_252d": -0.40186, "sma_20": 91.019105, "sma_50": 110.56994, "sma_200": 154.408209, "price_vs_sma20": 0.151626, "price_vs_sma50": -0.052003, "price_vs_sma200": -0.32115, "volatility_20d": 0.706511, "volatility_60d": 0.55655, "drawdown": -0.503092, "max_drawdown_1y": -0.616677, "volume_ratio": 0.610547, "rsi_14": 56.75719, "macd": -2.212742, "macd_signal": -5.696544, "macd_histogram": 3.483801, "bb_width": 0.27443, "bb_position": 0.979768, "stoch_k": 94.790487, "stoch_d": 93.900031, "adx": 33.336871, "atr_14": 5.567911, "last_close": 104.82, "last_date": "2026-03-04"}