{"return_1d": -0.034935, "return_5d": 0.158774, "return_20d": -0.138504, "return_60d": -0.270758, "return_252d": -0.444719, "sma_20": 90.993655, "sma_50": 112.232852, "sma_200": 155.605955, "price_vs_sma20": 0.059524, "price_vs_sma50": -0.140982, "price_vs_sma200": -0.380422, "volatility_20d": 0.881717, "volatility_60d": 0.536069, "drawdown": -0.542961, "max_drawdown_1y": -0.616677, "volume_ratio": 0.707219, "rsi_14": 47.639046, "macd": -5.470808, "macd_signal": -8.134489, "macd_histogram": 2.663681, "bb_width": 0.322933, "bb_position": 0.673969, "stoch_k": 74.156306, "stoch_d": 85.472744, "adx": 39.337651, "atr_14": 5.465051, "last_close": 96.41, "last_date": "2026-02-27"}