{"return_1d": 0.060006, "return_5d": 0.170607, "return_20d": -0.025396, "return_60d": -0.208779, "return_252d": -0.399184, "sma_20": 90.34095, "sma_50": 111.083118, "sma_200": 154.817901, "price_vs_sma20": 0.167355, "price_vs_sma50": -0.050621, "price_vs_sma200": -0.318813, "volatility_20d": 0.916798, "volatility_60d": 0.556527, "drawdown": -0.500058, "max_drawdown_1y": -0.616677, "volume_ratio": 0.800822, "rsi_14": 57.599975, "macd": -3.20859, "macd_signal": -6.567494, "macd_histogram": 3.358904, "bb_width": 0.245036, "bb_position": 1.085068, "stoch_k": 99.076568, "stoch_d": 87.02197, "adx": 34.846693, "atr_14": 5.722366, "last_close": 105.46, "last_date": "2026-03-03"}