{"return_1d": 0.018458, "return_5d": 0.156104, "return_20d": 0.271731, "return_60d": -0.134038, "return_252d": -0.354827, "sma_20": 93.039155, "sma_50": 109.735238, "sma_200": 153.616017, "price_vs_sma20": 0.19799, "price_vs_sma50": 0.015717, "price_vs_sma200": -0.274425, "volatility_20d": 0.675085, "volatility_60d": 0.564046, "drawdown": -0.471615, "max_drawdown_1y": -0.616677, "volume_ratio": 0.833152, "rsi_14": 62.95506, "macd": 0.05401, "macd_signal": -3.801187, "macd_histogram": 3.855197, "bb_width": 0.33039, "bb_position": 1.000223, "stoch_k": 99.094881, "stoch_d": 97.410461, "adx": 31.966237, "atr_14": 5.498607, "last_close": 111.46, "last_date": "2026-03-06"}