{"return_1d": 0.044076, "return_5d": 0.095495, "return_20d": 0.178616, "return_60d": -0.173503, "return_252d": -0.365871, "sma_20": 91.84837, "sma_50": 110.145986, "sma_200": 154.013832, "price_vs_sma20": 0.191529, "price_vs_sma50": -0.00641, "price_vs_sma200": -0.289414, "volatility_20d": 0.71753, "volatility_60d": 0.564958, "drawdown": -0.481191, "max_drawdown_1y": -0.616677, "volume_ratio": 0.871787, "rsi_14": 61.173593, "macd": -1.038756, "macd_signal": -4.764986, "macd_histogram": 3.72623, "bb_width": 0.301013, "bb_position": 1.034004, "stoch_k": 98.346014, "stoch_d": 97.404356, "adx": 32.494822, "atr_14": 5.552346, "last_close": 109.44, "last_date": "2026-03-05"}