{"return_1d": -0.005393, "return_5d": 0.048004, "return_20d": 0.095342, "return_60d": -0.142962, "return_252d": 0.00849, "sma_20": 67.474, "sma_50": 71.845, "sma_200": 77.29775, "price_vs_sma20": 0.038622, "price_vs_sma50": -0.024567, "price_vs_sma200": -0.093376, "volatility_20d": 0.335042, "volatility_60d": 0.324605, "drawdown": -0.267865, "max_drawdown_1y": -0.424154, "volume_ratio": 0.893446, "rsi_14": 54.045384, "macd": -0.311221, "macd_signal": -1.107822, "macd_histogram": 0.796601, "bb_width": 0.08822, "bb_position": 0.921516, "stoch_k": 88.291139, "stoch_d": 93.300646, "adx": 20.733106, "atr_14": 2.134151, "last_close": 70.08, "last_date": "2026-03-06"}