{"return_1d": 0.010989, "return_5d": 0.041406, "return_20d": 0.082018, "return_60d": -0.150425, "return_252d": 0.003444, "sma_20": 66.898, "sma_50": 72.2908, "sma_200": 77.31295, "price_vs_sma20": 0.045173, "price_vs_sma50": -0.032795, "price_vs_sma200": -0.095624, "volatility_20d": 0.341466, "volatility_60d": 0.328067, "drawdown": -0.269536, "max_drawdown_1y": -0.424154, "volume_ratio": 0.668422, "rsi_14": 53.863855, "macd": -0.745807, "macd_signal": -1.511652, "macd_histogram": 0.765845, "bb_width": 0.084436, "bb_position": 1.011879, "stoch_k": 97.307002, "stoch_d": 92.083947, "adx": 22.965492, "atr_14": 2.201323, "last_close": 69.92, "last_date": "2026-03-04"}