{"return_1d": -0.024549, "return_5d": -0.01575, "return_20d": -0.026547, "return_60d": -0.185074, "return_252d": -0.067727, "sma_20": 66.51275, "sma_50": 72.9207, "sma_200": 77.342725, "price_vs_sma20": 0.000635, "price_vs_sma50": -0.087296, "price_vs_sma200": -0.13948, "volatility_20d": 0.38198, "volatility_60d": 0.32311, "drawdown": -0.304691, "max_drawdown_1y": -0.424154, "volume_ratio": 0.299989, "rsi_14": 43.324027, "macd": -1.49355, "macd_signal": -2.037868, "macd_histogram": 0.544317, "bb_width": 0.074616, "bb_position": 0.508508, "stoch_k": 43.446089, "stoch_d": 61.900663, "adx": 27.387879, "atr_14": 2.189173, "last_close": 66.555, "last_date": "2026-02-27"}