{"return_1d": 0.007723, "return_5d": 0.032684, "return_20d": 0.083333, "return_60d": -0.15637, "return_252d": 0.029364, "sma_20": 67.169, "sma_50": 72.0824, "sma_200": 77.3058, "price_vs_sma20": 0.048996, "price_vs_sma50": -0.022508, "price_vs_sma200": -0.088555, "volatility_20d": 0.341604, "volatility_60d": 0.326785, "drawdown": -0.263895, "max_drawdown_1y": -0.424154, "volume_ratio": 0.862785, "rsi_14": 55.48107, "macd": -0.488256, "macd_signal": -1.306973, "macd_histogram": 0.818716, "bb_width": 0.090951, "bb_position": 1.013544, "stoch_k": 94.303797, "stoch_d": 95.96393, "adx": 21.904188, "atr_14": 2.169085, "last_close": 70.46, "last_date": "2026-03-05"}