{"return_1d": -0.019933, "return_5d": -0.011091, "return_20d": -0.021939, "return_60d": -0.181217, "return_252d": -0.063314, "sma_20": 66.5285, "sma_50": 72.927, "sma_200": 77.3443, "price_vs_sma20": 0.005133, "price_vs_sma50": -0.083056, "price_vs_sma200": -0.135424, "volatility_20d": 0.378552, "volatility_60d": 0.321944, "drawdown": -0.3014, "max_drawdown_1y": -0.424154, "volume_ratio": 0.941474, "rsi_14": 44.150273, "macd": -1.468422, "macd_signal": -2.032842, "macd_histogram": 0.56442, "bb_width": 0.07441, "bb_position": 0.568632, "stoch_k": 50.105708, "stoch_d": 64.120536, "adx": 27.387922, "atr_14": 2.18918, "last_close": 66.87, "last_date": "2026-02-27"}