{"return_1d": 0.003065, "return_5d": 0.019987, "return_20d": -0.101817, "return_60d": -0.062328, "return_252d": -0.036388, "sma_20": 95.6855, "sma_50": 101.4992, "sma_200": 100.434487, "price_vs_sma20": -0.008, "price_vs_sma50": -0.06482, "price_vs_sma200": -0.054906, "volatility_20d": 0.371422, "volatility_60d": 0.288102, "drawdown": -0.486219, "max_drawdown_1y": -0.581631, "volume_ratio": 0.600766, "rsi_14": 42.932893, "macd": -2.004644, "macd_signal": -2.3434, "macd_histogram": 0.338756, "bb_width": 0.138488, "bb_position": 0.441766, "stoch_k": 49.908925, "stoch_d": 57.498482, "adx": 27.787996, "atr_14": 2.629226, "last_close": 94.92, "last_date": "2026-03-02"}