{"return_1d": 0.000544, "return_5d": -0.045822, "return_20d": -0.05133, "return_60d": -0.12584, "return_252d": -0.031742, "sma_20": 94.2415, "sma_50": 100.8382, "sma_200": 100.410929, "price_vs_sma20": -0.02336, "price_vs_sma50": -0.087251, "price_vs_sma200": -0.083367, "volatility_20d": 0.299887, "volatility_60d": 0.284635, "drawdown": -0.501808, "max_drawdown_1y": -0.581631, "volume_ratio": 0.857369, "rsi_14": 36.947315, "macd": -2.152876, "macd_signal": -2.22467, "macd_histogram": 0.071794, "bb_width": 0.058086, "bb_position": 0.088215, "stoch_k": 14.285714, "stoch_d": 13.921381, "adx": 28.788016, "atr_14": 2.535896, "last_close": 92.04, "last_date": "2026-03-05"}