{"return_1d": -0.018972, "return_5d": -0.007863, "return_20d": -0.097214, "return_60d": -0.057095, "return_252d": -0.048597, "sma_20": 96.2235, "sma_50": 101.6792, "sma_200": 100.427812, "price_vs_sma20": -0.01656, "price_vs_sma50": -0.069328, "price_vs_sma200": -0.057731, "volatility_20d": 0.373362, "volatility_60d": 0.288659, "drawdown": -0.487789, "max_drawdown_1y": -0.581631, "volume_ratio": 1.219979, "rsi_14": 42.073659, "macd": -2.120955, "macd_signal": -2.428089, "macd_histogram": 0.307133, "bb_width": 0.166286, "bb_position": 0.398733, "stoch_k": 44.626594, "stoch_d": 60.795172, "adx": 27.836289, "atr_14": 2.61532, "last_close": 94.63, "last_date": "2026-02-27"}