{"return_1d": -0.015803, "return_5d": -0.014557, "return_20d": -0.124051, "return_60d": -0.099811, "return_252d": -0.069468, "sma_20": 95.024, "sma_50": 101.2896, "sma_200": 100.433035, "price_vs_sma20": -0.01688, "price_vs_sma50": -0.077694, "price_vs_sma200": -0.069828, "volatility_20d": 0.369273, "volatility_60d": 0.284472, "drawdown": -0.494338, "max_drawdown_1y": -0.581631, "volume_ratio": 0.9051, "rsi_14": 39.656277, "macd": -2.01033, "macd_signal": -2.276786, "macd_histogram": 0.266456, "bb_width": 0.091911, "bb_position": 0.313192, "stoch_k": 26.271186, "stoch_d": 40.268902, "adx": 27.968697, "atr_14": 2.626424, "last_close": 93.42, "last_date": "2026-03-03"}