{"return_1d": -0.001076, "return_5d": -0.007549, "return_20d": 0.019979, "return_60d": 0.098802, "return_252d": 0.20647, "sma_20": 303.1595, "sma_50": 291.4062, "sma_200": 276.221883, "price_vs_sma20": 0.010392, "price_vs_sma50": 0.051144, "price_vs_sma200": 0.108927, "volatility_20d": 0.178747, "volatility_60d": 0.171443, "drawdown": -0.018332, "max_drawdown_1y": -0.118055, "volume_ratio": 0.789013, "rsi_14": 60.533447, "macd": 5.406924, "macd_signal": 5.542609, "macd_histogram": -0.135686, "bb_width": 0.070444, "bb_position": 0.646006, "stoch_k": 62.187674, "stoch_d": 75.44829, "adx": 24.809649, "atr_14": 6.149095, "last_close": 306.31, "last_date": "2026-03-06"}