{"return_1d": 0.000966, "return_5d": 0.018138, "return_20d": 0.088716, "return_60d": 0.098253, "return_252d": 0.222645, "sma_20": 301.0985, "sma_50": 290.4708, "sma_200": 275.6431, "price_vs_sma20": 0.032785, "price_vs_sma50": 0.070572, "price_vs_sma200": 0.128162, "volatility_20d": 0.189715, "volatility_60d": 0.168642, "drawdown": 0.0, "max_drawdown_1y": -0.118055, "volume_ratio": 1.323969, "rsi_14": 72.231889, "macd": 6.074472, "macd_signal": 5.345821, "macd_histogram": 0.728651, "bb_width": 0.075573, "bb_position": 0.920047, "stoch_k": 89.820076, "stoch_d": 90.605252, "adx": 26.575454, "atr_14": 5.885779, "last_close": 310.97, "last_date": "2026-03-03"}