{"return_1d": 0.007837, "return_5d": 0.012167, "return_20d": 0.085652, "return_60d": 0.066647, "return_252d": 0.260492, "sma_20": 298.5235, "sma_50": 289.6556, "sma_200": 275.140744, "price_vs_sma20": 0.033888, "price_vs_sma50": 0.065541, "price_vs_sma200": 0.121753, "volatility_20d": 0.189575, "volatility_60d": 0.172391, "drawdown": 0.0, "max_drawdown_1y": -0.118055, "volume_ratio": 1.072281, "rsi_14": 70.098729, "macd": 5.677995, "macd_signal": 4.973387, "macd_histogram": 0.704607, "bb_width": 0.086121, "bb_position": 0.8806, "stoch_k": 93.596059, "stoch_d": 83.395359, "adx": 25.222008, "atr_14": 5.729957, "last_close": 308.64, "last_date": "2026-02-27"}