{"return_1d": 0.006577, "return_5d": 0.017289, "return_20d": 0.091948, "return_60d": 0.081031, "return_252d": 0.239203, "sma_20": 299.8315, "sma_50": 290.0768, "sma_200": 275.385419, "price_vs_sma20": 0.036149, "price_vs_sma50": 0.070992, "price_vs_sma200": 0.128128, "volatility_20d": 0.189309, "volatility_60d": 0.171938, "drawdown": 0.0, "max_drawdown_1y": -0.118055, "volume_ratio": 0.722457, "rsi_14": 71.95721, "macd": 5.92474, "macd_signal": 5.163658, "macd_histogram": 0.761082, "bb_width": 0.081436, "bb_position": 0.928405, "stoch_k": 88.399621, "stoch_d": 88.146999, "adx": 26.337487, "atr_14": 5.748532, "last_close": 310.67, "last_date": "2026-03-02"}