{"return_1d": -0.017274, "return_5d": 0.001306, "return_20d": 0.038683, "return_60d": 0.095991, "return_252d": 0.218775, "sma_20": 302.8595, "sma_50": 291.1128, "sma_200": 276.046531, "price_vs_sma20": 0.012483, "price_vs_sma50": 0.053337, "price_vs_sma200": 0.110827, "volatility_20d": 0.18747, "volatility_60d": 0.171695, "drawdown": -0.017274, "max_drawdown_1y": -0.118055, "volume_ratio": 0.796219, "rsi_14": 61.189659, "macd": 5.810334, "macd_signal": 5.576531, "macd_histogram": 0.233803, "bb_width": 0.07015, "bb_position": 0.675748, "stoch_k": 69.318182, "stoch_d": 84.659091, "adx": 26.105924, "atr_14": 6.126718, "last_close": 306.64, "last_date": "2026-03-05"}