{"return_1d": 0.003409, "return_5d": 0.023855, "return_20d": 0.082573, "return_60d": 0.107528, "return_252d": 0.215759, "sma_20": 302.2885, "sma_50": 290.8384, "sma_200": 275.865033, "price_vs_sma20": 0.032226, "price_vs_sma50": 0.072864, "price_vs_sma200": 0.131097, "volatility_20d": 0.188888, "volatility_60d": 0.168113, "drawdown": 0.0, "max_drawdown_1y": -0.118055, "volume_ratio": 0.777885, "rsi_14": 73.229651, "macd": 6.207117, "macd_signal": 5.51808, "macd_histogram": 0.689037, "bb_width": 0.071141, "bb_position": 0.938843, "stoch_k": 94.839015, "stoch_d": 91.019571, "adx": 26.909038, "atr_14": 5.901081, "last_close": 312.03, "last_date": "2026-03-04"}