{"return_1d": 0.008066, "return_5d": 0.012396, "return_20d": 0.085898, "return_60d": 0.066889, "return_252d": 0.260778, "sma_20": 298.527, "sma_50": 289.657, "sma_200": 275.141093, "price_vs_sma20": 0.034111, "price_vs_sma50": 0.065778, "price_vs_sma200": 0.122006, "volatility_20d": 0.189635, "volatility_60d": 0.17243, "drawdown": 0.0, "max_drawdown_1y": -0.118055, "volume_ratio": 0.539012, "rsi_14": 70.162046, "macd": 5.683579, "macd_signal": 4.974504, "macd_histogram": 0.709075, "bb_width": 0.086171, "bb_position": 0.882794, "stoch_k": 93.979201, "stoch_d": 83.523073, "adx": 25.222008, "atr_14": 5.723529, "last_close": 308.71, "last_date": "2026-02-27"}