{"return_1d": 0.008488, "return_5d": -0.025536, "return_20d": 0.032112, "return_60d": -0.013268, "return_252d": -0.028079, "sma_20": 53.22015, "sma_50": 52.226656, "sma_200": 54.318875, "price_vs_sma20": -0.017665, "price_vs_sma50": 0.001021, "price_vs_sma200": -0.037535, "volatility_20d": 0.3389, "volatility_60d": 0.315906, "drawdown": -0.158131, "max_drawdown_1y": -0.203208, "volume_ratio": 1.293317, "rsi_14": 47.939104, "macd": -0.192282, "macd_signal": 0.043922, "macd_histogram": -0.236204, "bb_width": 0.089237, "bb_position": 0.298482, "stoch_k": 34.527174, "stoch_d": 21.080189, "adx": 12.312199, "atr_14": 1.607685, "last_close": 52.28, "last_date": "2026-03-02"}