{"return_1d": -0.001581, "return_5d": -0.013091, "return_20d": -0.0822, "return_60d": -0.061836, "return_252d": -0.06746, "sma_20": 52.80466, "sma_50": 52.15026, "sma_200": 54.312972, "price_vs_sma20": -0.043456, "price_vs_sma50": -0.031453, "price_vs_sma200": -0.07002, "volatility_20d": 0.282175, "volatility_60d": 0.317199, "drawdown": -0.186633, "max_drawdown_1y": -0.203208, "volume_ratio": 1.279045, "rsi_14": 40.952508, "macd": -0.477957, "macd_signal": -0.16592, "macd_histogram": -0.312037, "bb_width": 0.107895, "bb_position": 0.078946, "stoch_k": 18.435518, "stoch_d": 15.030404, "adx": 12.604011, "atr_14": 1.575453, "last_close": 50.51, "last_date": "2026-03-05"}