{"return_1d": 0.012896, "return_5d": -0.016768, "return_20d": 0.02182, "return_60d": -0.029595, "return_252d": -0.043599, "sma_20": 53.13882, "sma_50": 52.229168, "sma_200": 54.314581, "price_vs_sma20": -0.024442, "price_vs_sma50": -0.007451, "price_vs_sma200": -0.04556, "volatility_20d": 0.338147, "volatility_60d": 0.315837, "drawdown": -0.165216, "max_drawdown_1y": -0.203208, "volume_ratio": 1.238063, "rsi_14": 45.912705, "macd": -0.181498, "macd_signal": 0.102973, "macd_histogram": -0.284471, "bb_width": 0.098782, "bb_position": 0.246366, "stoch_k": 26.655694, "stoch_d": 12.750142, "adx": 12.858309, "atr_14": 1.609045, "last_close": 51.84, "last_date": "2026-02-27"}