{"return_1d": 0.012065, "return_5d": -0.017575, "return_20d": 0.020982, "return_60d": -0.030391, "return_252d": -0.044383, "sma_20": 53.136695, "sma_50": 52.228318, "sma_200": 54.314369, "price_vs_sma20": -0.025203, "price_vs_sma50": -0.008249, "price_vs_sma200": -0.046339, "volatility_20d": 0.337782, "volatility_60d": 0.315693, "drawdown": -0.1659, "max_drawdown_1y": -0.203208, "volume_ratio": 0.453356, "rsi_14": 45.723219, "macd": -0.184889, "macd_signal": 0.102295, "macd_histogram": -0.287184, "bb_width": 0.099031, "bb_position": 0.238927, "stoch_k": 25.895381, "stoch_d": 12.496704, "adx": 12.858313, "atr_14": 1.609045, "last_close": 51.7975, "last_date": "2026-02-27"}