{"return_1d": -0.006929, "return_5d": -0.032407, "return_20d": -0.075177, "return_60d": -0.05541, "return_252d": -0.071395, "sma_20": 52.60079, "sma_50": 52.123666, "sma_200": 54.303716, "price_vs_sma20": -0.046402, "price_vs_sma50": -0.037673, "price_vs_sma200": -0.076306, "volatility_20d": 0.279769, "volatility_60d": 0.316334, "drawdown": -0.192269, "max_drawdown_1y": -0.203208, "volume_ratio": 0.858615, "rsi_14": 39.596594, "macd": -0.578842, "macd_signal": -0.248504, "macd_histogram": -0.330338, "bb_width": 0.114505, "bb_position": 0.075039, "stoch_k": 14.054013, "stoch_d": 12.261022, "adx": 13.17509, "atr_14": 1.531492, "last_close": 50.16, "last_date": "2026-03-06"}