{"return_1d": 0.002012, "return_5d": 0.008729, "return_20d": -0.06294, "return_60d": -0.060386, "return_252d": 0.430466, "sma_20": 412.4955, "sma_50": 434.408, "sma_200": 391.00795, "price_vs_sma20": -0.022244, "price_vs_sma50": -0.071564, "price_vs_sma200": 0.031488, "volatility_20d": 0.313297, "volatility_60d": 0.366467, "drawdown": -0.176696, "max_drawdown_1y": -0.537657, "volume_ratio": 0.932816, "rsi_14": 41.746776, "macd": -7.111836, "macd_signal": -7.160029, "macd_histogram": 0.048193, "bb_width": 0.080951, "bb_position": 0.218966, "stoch_k": 31.330561, "stoch_d": 28.571623, "adx": 24.9978, "atr_14": 14.369321, "last_close": 403.32, "last_date": "2026-03-02"}