{"return_1d": -0.014856, "return_5d": -0.022607, "return_20d": -0.033729, "return_60d": -0.064235, "return_252d": 0.384147, "sma_20": 413.85, "sma_50": 436.1392, "sma_200": 390.6617, "price_vs_sma20": -0.027401, "price_vs_sma50": -0.077107, "price_vs_sma200": 0.030329, "volatility_20d": 0.338602, "volatility_60d": 0.36643, "drawdown": -0.17835, "max_drawdown_1y": -0.537657, "volume_ratio": 0.941321, "rsi_14": 41.237429, "macd": -6.993444, "macd_signal": -7.172077, "macd_histogram": 0.178633, "bb_width": 0.08699, "bb_position": 0.176132, "stoch_k": 20.018908, "stoch_d": 38.522749, "adx": 24.209253, "atr_14": 14.221577, "last_close": 402.51, "last_date": "2026-02-27"}