{"return_1d": -0.02007, "return_5d": -0.027779, "return_20d": -0.038842, "return_60d": -0.069187, "return_252d": 0.376823, "sma_20": 413.7435, "sma_50": 436.0966, "sma_200": 390.65105, "price_vs_sma20": -0.032299, "price_vs_sma50": -0.081901, "price_vs_sma200": 0.024904, "volatility_20d": 0.341821, "volatility_60d": 0.367436, "drawdown": -0.182698, "max_drawdown_1y": -0.537657, "volume_ratio": 0.714481, "rsi_14": 40.375402, "macd": -7.163358, "macd_signal": -7.20606, "macd_histogram": 0.042701, "bb_width": 0.088941, "bb_position": 0.124729, "stoch_k": 14.984637, "stoch_d": 36.844659, "adx": 24.208714, "atr_14": 14.220862, "last_close": 400.38, "last_date": "2026-02-27"}