{"return_1d": -0.027001, "return_5d": -0.041404, "return_20d": -0.069652, "return_60d": -0.12157, "return_252d": 0.339443, "sma_20": 411.0265, "sma_50": 432.9114, "sma_200": 391.2317, "price_vs_sma20": -0.045244, "price_vs_sma50": -0.09351, "price_vs_sma200": 0.003063, "volatility_20d": 0.31926, "volatility_60d": 0.359913, "drawdown": -0.198926, "max_drawdown_1y": -0.537657, "volume_ratio": 1.056283, "rsi_14": 37.091787, "macd": -7.992264, "macd_signal": -7.326476, "macd_histogram": -0.665788, "bb_width": 0.091315, "bb_position": -0.018953, "stoch_k": 13.814757, "stoch_d": 21.721409, "adx": 25.870348, "atr_14": 14.623655, "last_close": 392.43, "last_date": "2026-03-03"}