{"return_1d": -0.010151, "return_5d": -0.054778, "return_20d": -0.050206, "return_60d": 0.101502, "return_252d": 0.047146, "sma_20": 63.324265, "sma_50": 61.500756, "sma_200": 55.786845, "price_vs_sma20": -0.029914, "price_vs_sma50": -0.00115, "price_vs_sma200": 0.101156, "volatility_20d": 0.213062, "volatility_60d": 0.229996, "drawdown": -0.28979, "max_drawdown_1y": -0.423423, "volume_ratio": 0.94218, "rsi_14": 43.404052, "macd": 0.140732, "macd_signal": 0.49039, "macd_histogram": -0.349658, "bb_width": 0.063696, "bb_position": 0.015887, "stoch_k": 11.221945, "stoch_d": 25.185048, "adx": 18.770445, "atr_14": 1.311932, "last_close": 61.43, "last_date": "2026-03-06"}