{"return_1d": 0.029952, "return_5d": 0.02592, "return_20d": 0.004527, "return_60d": 0.123761, "return_252d": 0.125138, "sma_20": 63.804565, "sma_50": 61.018726, "sma_200": 55.557876, "price_vs_sma20": 0.018579, "price_vs_sma50": 0.065083, "price_vs_sma200": 0.169771, "volatility_20d": 0.198998, "volatility_60d": 0.229215, "drawdown": -0.248631, "max_drawdown_1y": -0.423423, "volume_ratio": 1.836601, "rsi_14": 61.032136, "macd": 0.572609, "macd_signal": 0.775278, "macd_histogram": -0.202669, "bb_width": 0.057866, "bb_position": 0.815216, "stoch_k": 89.525591, "stoch_d": 48.785979, "adx": 20.691083, "atr_14": 1.36279, "last_close": 64.99, "last_date": "2026-02-27"}