{"return_1d": 0.017765, "return_5d": 0.01378, "return_20d": -0.00736, "return_60d": 0.110463, "return_252d": 0.111825, "sma_20": 64.2815, "sma_50": 61.4964, "sma_200": 56.003043, "price_vs_sma20": 0.007133, "price_vs_sma50": 0.052745, "price_vs_sma200": 0.156009, "volatility_20d": 0.178565, "volatility_60d": 0.224185, "drawdown": -0.257523, "max_drawdown_1y": -0.423423, "volume_ratio": 0.64303, "rsi_14": 58.074887, "macd": 0.515393, "macd_signal": 0.769177, "macd_histogram": -0.253784, "bb_width": 0.056431, "bb_position": 0.625501, "stoch_k": 70.843373, "stoch_d": 42.558782, "adx": 20.640563, "atr_14": 1.368226, "last_close": 64.74, "last_date": "2026-02-27"}