{"return_1d": -0.00127, "return_5d": 0.013074, "return_20d": -0.02056, "return_60d": 0.129828, "return_252d": 0.053638, "sma_20": 63.60757, "sma_50": 61.354376, "sma_200": 55.710209, "price_vs_sma20": -0.01081, "price_vs_sma50": 0.025518, "price_vs_sma200": 0.129416, "volatility_20d": 0.207982, "volatility_60d": 0.229591, "drawdown": -0.272563, "max_drawdown_1y": -0.423423, "volume_ratio": 0.811833, "rsi_14": 50.176346, "macd": 0.440129, "macd_signal": 0.646664, "macd_histogram": -0.206536, "bb_width": 0.055983, "bb_position": 0.304805, "stoch_k": 43.833944, "stoch_d": 55.01076, "adx": 18.307161, "atr_14": 1.338987, "last_close": 62.92, "last_date": "2026-03-04"}