{"return_1d": -0.013668, "return_5d": -0.016482, "return_20d": -0.037515, "return_60d": 0.099115, "return_252d": 0.062082, "sma_20": 63.486625, "sma_50": 61.435552, "sma_200": 55.750368, "price_vs_sma20": -0.022471, "price_vs_sma50": 0.010164, "price_vs_sma200": 0.113177, "volatility_20d": 0.211922, "volatility_60d": 0.23051, "drawdown": -0.282506, "max_drawdown_1y": -0.423423, "volume_ratio": 0.914578, "rsi_14": 46.15104, "macd": 0.302367, "macd_signal": 0.577805, "macd_histogram": -0.275438, "bb_width": 0.059166, "bb_position": 0.111469, "stoch_k": 20.499254, "stoch_d": 36.77927, "adx": 18.281132, "atr_14": 1.329773, "last_close": 62.06, "last_date": "2026-03-05"}