{"return_1d": -0.02798, "return_5d": -0.08256, "return_20d": -0.027512, "return_60d": 0.067664, "return_252d": 0.225362, "sma_20": 456.676985, "sma_50": 420.586512, "sma_200": 421.171831, "price_vs_sma20": -0.073459, "price_vs_sma50": 0.006047, "price_vs_sma200": 0.004649, "volatility_20d": 0.320796, "volatility_60d": 0.303663, "drawdown": -0.102403, "max_drawdown_1y": -0.244357, "volume_ratio": 1.114641, "rsi_14": 39.535101, "macd": 4.336119, "macd_signal": 10.538658, "macd_histogram": -6.202539, "bb_width": 0.108, "bb_position": -0.234101, "stoch_k": 6.324817, "stoch_d": 10.835077, "adx": 28.869851, "atr_14": 12.599892, "last_close": 423.13, "last_date": "2026-03-06"}