{"return_1d": 0.008838, "return_5d": -0.012716, "return_20d": 0.082404, "return_60d": 0.12439, "return_252d": 0.324514, "sma_20": 454.7625, "sma_50": 416.0906, "sma_200": 421.665862, "price_vs_sma20": 0.014112, "price_vs_sma50": 0.108364, "price_vs_sma200": 0.09371, "volatility_20d": 0.26852, "volatility_60d": 0.281451, "drawdown": -0.02404, "max_drawdown_1y": -0.244357, "volume_ratio": 0.452442, "rsi_14": 61.240116, "macd": 13.557037, "macd_signal": 15.610166, "macd_histogram": -2.053129, "bb_width": 0.125161, "bb_position": 0.61118, "stoch_k": 41.24677, "stoch_d": 46.442936, "adx": 35.303517, "atr_14": 11.533986, "last_close": 461.18, "last_date": "2026-02-27"}