{"return_1d": 0.008328, "return_5d": 0.013545, "return_20d": 0.108398, "return_60d": 0.133627, "return_252d": 0.36385, "sma_20": 457.099, "sma_50": 417.5176, "sma_200": 421.902453, "price_vs_sma20": 0.019845, "price_vs_sma50": 0.116528, "price_vs_sma200": 0.104924, "volatility_20d": 0.261792, "volatility_60d": 0.282035, "drawdown": -0.01348, "max_drawdown_1y": -0.244357, "volume_ratio": 0.696679, "rsi_14": 63.547281, "macd": 13.261039, "macd_signal": 15.154891, "macd_histogram": -1.893852, "bb_width": 0.105669, "bb_position": 0.684146, "stoch_k": 57.364341, "stoch_d": 47.135285, "adx": 34.625875, "atr_14": 11.625997, "last_close": 466.17, "last_date": "2026-03-02"}