{"return_1d": -0.019526, "return_5d": -0.045457, "return_20d": -0.01097, "return_60d": 0.087014, "return_252d": 0.280654, "sma_20": 458.3785, "sma_50": 420.9152, "sma_200": 422.211449, "price_vs_sma20": -0.048036, "price_vs_sma50": 0.036693, "price_vs_sma200": 0.033511, "volatility_20d": 0.307586, "volatility_60d": 0.298518, "drawdown": -0.076565, "max_drawdown_1y": -0.244357, "volume_ratio": 1.133211, "rsi_14": 45.12604, "macd": 7.143945, "macd_signal": 12.118448, "macd_histogram": -4.974503, "bb_width": 0.090578, "bb_position": -0.057081, "stoch_k": 18.018665, "stoch_d": 11.320477, "adx": 29.14484, "atr_14": 12.421307, "last_close": 436.36, "last_date": "2026-03-05"}