{"return_1d": 0.011331, "return_5d": -0.010276, "return_20d": 0.08508, "return_60d": 0.12717, "return_252d": 0.327788, "sma_20": 454.8195, "sma_50": 416.1134, "sma_200": 421.671562, "price_vs_sma20": 0.016491, "price_vs_sma50": 0.111043, "price_vs_sma200": 0.096398, "volatility_20d": 0.269248, "volatility_60d": 0.281752, "drawdown": -0.021628, "max_drawdown_1y": -0.244357, "volume_ratio": 1.32333, "rsi_14": 61.762042, "macd": 13.647978, "macd_signal": 15.628355, "macd_histogram": -1.980377, "bb_width": 0.12509, "bb_position": 0.629696, "stoch_k": 44.928941, "stoch_d": 47.670326, "adx": 35.342493, "atr_14": 11.581843, "last_close": 462.32, "last_date": "2026-02-27"}