{"return_1d": -0.043632, "return_5d": -0.0386, "return_20d": 0.04879, "return_60d": 0.089862, "return_252d": 0.269604, "sma_20": 458.136, "sma_50": 418.7882, "sma_200": 422.042645, "price_vs_sma20": -0.026861, "price_vs_sma50": 0.064572, "price_vs_sma200": 0.056362, "volatility_20d": 0.312929, "volatility_60d": 0.296968, "drawdown": -0.056524, "max_drawdown_1y": -0.244357, "volume_ratio": 0.97018, "rsi_14": 50.210011, "macd": 11.184195, "macd_signal": 14.360752, "macd_histogram": -3.176557, "bb_width": 0.092243, "bb_position": 0.200765, "stoch_k": 7.781138, "stoch_d": 36.691473, "adx": 32.330914, "atr_14": 12.450569, "last_close": 445.83, "last_date": "2026-03-03"}