{"return_1d": -0.01712, "return_5d": 0.229219, "return_20d": 0.115854, "return_60d": -0.255909, "return_252d": -0.559964, "sma_20": 25.9045, "sma_50": 31.4564, "sma_200": 51.31215, "price_vs_sma20": 0.130306, "price_vs_sma50": -0.069188, "price_vs_sma200": -0.429375, "volatility_20d": 0.774469, "volatility_60d": 0.583167, "drawdown": -0.790123, "max_drawdown_1y": -0.82926, "volume_ratio": 1.300522, "rsi_14": 56.911629, "macd": -1.151038, "macd_signal": -2.015266, "macd_histogram": 0.864229, "bb_width": 0.224556, "bb_position": 1.013384, "stoch_k": 69.373942, "stoch_d": 68.989619, "adx": 43.459423, "atr_14": 1.905001, "last_close": 29.28, "last_date": "2026-03-06"}