{"return_1d": 0.020991, "return_5d": 0.006206, "return_20d": -0.198154, "return_60d": -0.391239, "return_252d": -0.659813, "sma_20": 25.9645, "sma_50": 32.2518, "sma_200": 52.3123, "price_vs_sma20": -0.063336, "price_vs_sma50": -0.245934, "price_vs_sma200": -0.5351, "volatility_20d": 0.492966, "volatility_60d": 0.435044, "drawdown": -0.825676, "max_drawdown_1y": -0.82926, "volume_ratio": 1.065841, "rsi_14": 29.931263, "macd": -2.374077, "macd_signal": -2.562682, "macd_histogram": 0.188605, "bb_width": 0.245362, "bb_position": 0.224411, "stoch_k": 43.431635, "stoch_d": 39.544236, "adx": 48.719014, "atr_14": 1.487679, "last_close": 24.32, "last_date": "2026-03-02"}