{"return_1d": 0.183552, "return_5d": 0.243841, "return_20d": 0.092409, "return_60d": -0.25618, "return_252d": -0.55932, "sma_20": 25.7525, "sma_50": 31.6166, "sma_200": 51.54735, "price_vs_sma20": 0.156781, "price_vs_sma50": -0.057773, "price_vs_sma200": -0.422085, "volatility_20d": 0.786218, "volatility_60d": 0.583202, "drawdown": -0.786467, "max_drawdown_1y": -0.82926, "volume_ratio": 3.740646, "rsi_14": 59.358908, "macd": -1.534638, "macd_signal": -2.231324, "macd_histogram": 0.696686, "bb_width": 0.195262, "bb_position": 1.194103, "stoch_k": 73.688663, "stoch_d": 63.80137, "adx": 45.683011, "atr_14": 1.91654, "last_close": 29.79, "last_date": "2026-03-05"}