{"return_1d": 0.027961, "return_5d": 0.002406, "return_20d": -0.159664, "return_60d": -0.352499, "return_252d": -0.644482, "sma_20": 25.727, "sma_50": 32.0084, "sma_200": 52.0416, "price_vs_sma20": -0.028258, "price_vs_sma50": -0.218955, "price_vs_sma200": -0.519615, "volatility_20d": 0.510093, "volatility_60d": 0.437789, "drawdown": -0.820801, "max_drawdown_1y": -0.82926, "volume_ratio": 1.017803, "rsi_14": 35.070165, "macd": -2.216294, "macd_signal": -2.493405, "macd_histogram": 0.277111, "bb_width": 0.195899, "bb_position": 0.351556, "stoch_k": 53.809197, "stoch_d": 44.656685, "adx": 48.206437, "atr_14": 1.503916, "last_close": 25.0, "last_date": "2026-03-03"}