{"return_1d": -0.001797, "return_5d": -0.009364, "return_20d": 0.065037, "return_60d": 0.197485, "return_252d": 0.261687, "sma_20": 65.844, "sma_50": 60.893374, "sma_200": 54.263517, "price_vs_sma20": 0.012241, "price_vs_sma50": 0.094536, "price_vs_sma200": 0.228265, "volatility_20d": 0.208344, "volatility_60d": 0.193229, "drawdown": -0.039072, "max_drawdown_1y": -0.267212, "volume_ratio": 0.061215, "rsi_14": 61.369166, "macd": 1.860231, "macd_signal": 2.100671, "macd_histogram": -0.24044, "bb_width": 0.105756, "bb_position": 0.614348, "stoch_k": 29.988975, "stoch_d": 31.759829, "adx": 53.200813, "atr_14": 1.429056, "last_close": 66.65, "last_date": "2026-03-06"}