{"return_1d": 0.018421, "return_5d": 0.010702, "return_20d": 0.086609, "return_60d": 0.221741, "return_252d": 0.287242, "sma_20": 65.9115, "sma_50": 60.920374, "sma_200": 54.270267, "price_vs_sma20": 0.031686, "price_vs_sma50": 0.116211, "price_vs_sma200": 0.252988, "volatility_20d": 0.214145, "volatility_60d": 0.195478, "drawdown": -0.019608, "max_drawdown_1y": -0.267212, "volume_ratio": 1.452003, "rsi_14": 66.604302, "macd": 1.967923, "macd_signal": 2.12221, "macd_histogram": -0.154286, "bb_width": 0.106868, "bb_position": 0.787395, "stoch_k": 44.873208, "stoch_d": 36.72124, "adx": 53.468581, "atr_14": 1.511914, "last_close": 68.0, "last_date": "2026-03-06"}