{"return_1d": 0.006488, "return_5d": 0.046313, "return_20d": 0.135491, "return_60d": 0.239564, "return_252d": 0.317284, "sma_20": 65.27, "sma_50": 60.223456, "sma_200": 54.006371, "price_vs_sma20": 0.069557, "price_vs_sma50": 0.159183, "price_vs_sma200": 0.292625, "volatility_20d": 0.183411, "volatility_60d": 0.185835, "drawdown": 0.0, "max_drawdown_1y": -0.267212, "volume_ratio": 0.184928, "rsi_14": 82.02698, "macd": 2.448143, "macd_signal": 2.235102, "macd_histogram": 0.213041, "bb_width": 0.128262, "bb_position": 1.007039, "stoch_k": 65.698925, "stoch_d": 73.243932, "adx": 56.69741, "atr_14": 1.444586, "last_close": 69.81, "last_date": "2026-03-03"}