{"return_1d": 0.038496, "return_5d": 0.056396, "return_20d": 0.1524, "return_60d": 0.243672, "return_252d": 0.326423, "sma_20": 64.879, "sma_50": 59.929348, "sma_200": 53.905439, "price_vs_sma20": 0.076928, "price_vs_sma50": 0.165873, "price_vs_sma200": 0.296159, "volatility_20d": 0.199838, "volatility_60d": 0.191093, "drawdown": 0.0, "max_drawdown_1y": -0.267212, "volume_ratio": 0.526108, "rsi_14": 82.072384, "macd": 2.385431, "macd_signal": 2.189979, "macd_histogram": 0.195452, "bb_width": 0.124997, "bb_position": 1.071476, "stoch_k": 69.816779, "stoch_d": 84.732362, "adx": 54.933422, "atr_14": 1.482631, "last_close": 69.87, "last_date": "2026-03-02"}