{"return_1d": -0.015016, "return_5d": -0.003563, "return_20d": 0.058627, "return_60d": -0.142609, "return_252d": 0.019084, "sma_20": 203.8835, "sma_50": 227.9304, "sma_200": 237.51585, "price_vs_sma20": 0.042409, "price_vs_sma50": -0.067566, "price_vs_sma200": -0.105197, "volatility_20d": 0.449441, "volatility_60d": 0.364231, "drawdown": -0.189714, "max_drawdown_1y": -0.274238, "volume_ratio": 0.767757, "rsi_14": 49.039943, "macd": -3.021867, "macd_signal": -6.277004, "macd_histogram": 3.255137, "bb_width": 0.156329, "bb_position": 0.760244, "stoch_k": 73.635523, "stoch_d": 81.611676, "adx": 27.415271, "atr_14": 7.826858, "last_close": 212.53, "last_date": "2026-03-05"}