{"return_1d": -0.010127, "return_5d": 0.05713, "return_20d": -0.117608, "return_60d": -0.153245, "return_252d": 0.00966, "sma_20": 203.6565, "sma_50": 230.3214, "sma_200": 237.79165, "price_vs_sma20": 0.036697, "price_vs_sma50": -0.083324, "price_vs_sma200": -0.112122, "volatility_20d": 0.579842, "volatility_60d": 0.362067, "drawdown": -0.195051, "max_drawdown_1y": -0.274238, "volume_ratio": 0.298973, "rsi_14": 48.365221, "macd": -6.783224, "macd_signal": -9.705809, "macd_histogram": 2.922586, "bb_width": 0.166978, "bb_position": 0.71199, "stoch_k": 88.156863, "stoch_d": 86.594771, "adx": 35.410506, "atr_14": 7.682114, "last_close": 211.13, "last_date": "2026-02-27"}