{"return_1d": 0.011349, "return_5d": 0.093512, "return_20d": -0.029142, "return_60d": -0.133493, "return_252d": 0.027232, "sma_20": 203.353, "sma_50": 229.7154, "sma_200": 237.732, "price_vs_sma20": 0.051767, "price_vs_sma50": -0.068935, "price_vs_sma200": -0.100331, "volatility_20d": 0.512045, "volatility_60d": 0.362678, "drawdown": -0.184567, "max_drawdown_1y": -0.274238, "volume_ratio": 0.619956, "rsi_14": 50.58931, "macd": -5.613991, "macd_signal": -8.882978, "macd_histogram": 3.268987, "bb_width": 0.155609, "bb_position": 0.8163, "stoch_k": 92.383742, "stoch_d": 92.846868, "adx": 33.205376, "atr_14": 7.657856, "last_close": 213.88, "last_date": "2026-03-02"}