{"return_1d": -0.004846, "return_5d": 9.5e-05, "return_20d": 0.094494, "return_60d": -0.144694, "return_252d": -0.015409, "sma_20": 204.7965, "sma_50": 227.1888, "sma_200": 237.40005, "price_vs_sma20": 0.032732, "price_vs_sma50": -0.069056, "price_vs_sma200": -0.109099, "volatility_20d": 0.424492, "volatility_60d": 0.364269, "drawdown": -0.193641, "max_drawdown_1y": -0.274238, "volume_ratio": 0.603038, "rsi_14": 48.110743, "macd": -2.690247, "macd_signal": -5.559653, "macd_histogram": 2.869406, "bb_width": 0.15294, "bb_position": 0.707238, "stoch_k": 67.191781, "stoch_d": 74.817858, "adx": 25.522208, "atr_14": 7.542083, "last_close": 211.5, "last_date": "2026-03-06"}