{"return_1d": -0.034077, "return_5d": -0.050059, "return_20d": -0.099284, "return_60d": 0.109912, "return_252d": 0.059819, "sma_20": 219.0045, "sma_50": 201.4262, "sma_200": 188.426911, "price_vs_sma20": -0.074585, "price_vs_sma50": 0.006175, "price_vs_sma200": 0.075589, "volatility_20d": 0.230544, "volatility_60d": 0.356994, "drawdown": -0.105447, "max_drawdown_1y": -0.33412, "volume_ratio": 0.921071, "rsi_14": 38.443785, "macd": 1.535298, "macd_signal": 4.777761, "macd_histogram": -3.242463, "bb_width": 0.122887, "bb_position": -0.155857, "stoch_k": 3.078484, "stoch_d": 10.088049, "adx": 35.593216, "atr_14": 6.573547, "last_close": 202.67, "last_date": "2026-03-03"}