{"return_1d": -0.012298, "return_5d": -0.044213, "return_20d": -0.034636, "return_60d": 0.257052, "return_252d": 0.092851, "sma_20": 220.30325, "sma_50": 199.44884, "sma_200": 187.124109, "price_vs_sma20": -0.0467, "price_vs_sma50": 0.052977, "price_vs_sma200": 0.12233, "volatility_20d": 0.266517, "volatility_60d": 0.365768, "drawdown": -0.073027, "max_drawdown_1y": -0.33412, "volume_ratio": 0.432481, "rsi_14": 46.999464, "macd": 3.637989, "macd_signal": 6.515638, "macd_histogram": -2.877649, "bb_width": 0.0925, "bb_position": -0.029602, "stoch_k": 7.650629, "stoch_d": 13.824945, "adx": 41.710289, "atr_14": 6.553076, "last_close": 210.015, "last_date": "2026-02-27"}