{"return_1d": -0.001382, "return_5d": -0.05381, "return_20d": -0.101328, "return_60d": 0.12364, "return_252d": 0.067067, "sma_20": 217.8635, "sma_50": 201.9502, "sma_200": 188.514698, "price_vs_sma20": -0.071024, "price_vs_sma50": 0.002178, "price_vs_sma200": 0.073603, "volatility_20d": 0.2299, "volatility_60d": 0.355595, "drawdown": -0.106683, "max_drawdown_1y": -0.33412, "volume_ratio": 0.712526, "rsi_14": 38.172526, "macd": 0.525665, "macd_signal": 3.927342, "macd_histogram": -3.401677, "bb_width": 0.13883, "bb_position": -0.050702, "stoch_k": 3.122807, "stoch_d": 5.551756, "adx": 33.751805, "atr_14": 6.376151, "last_close": 202.39, "last_date": "2026-03-04"}