{"return_1d": -0.002446, "return_5d": -0.034679, "return_20d": -0.031328, "return_60d": 0.261358, "return_252d": 0.096595, "sma_20": 220.408, "sma_50": 200.2174, "sma_200": 188.212194, "price_vs_sma20": -0.037648, "price_vs_sma50": 0.059398, "price_vs_sma200": 0.126973, "volatility_20d": 0.267132, "volatility_60d": 0.365686, "drawdown": -0.06378, "max_drawdown_1y": -0.33412, "volume_ratio": 0.980995, "rsi_14": 49.19928, "macd": 3.584689, "macd_signal": 6.292192, "macd_histogram": -2.707503, "bb_width": 0.087725, "bb_position": 0.054047, "stoch_k": 16.731686, "stoch_d": 16.851964, "adx": 40.077812, "atr_14": 6.586836, "last_close": 212.11, "last_date": "2026-02-27"}