{"return_1d": -0.010796, "return_5d": -0.045665, "return_20d": -0.026583, "return_60d": 0.197193, "return_252d": 0.124109, "sma_20": 220.1215, "sma_50": 200.8626, "sma_200": 188.335311, "price_vs_sma20": -0.046799, "price_vs_sma50": 0.044595, "price_vs_sma200": 0.114077, "volatility_20d": 0.264274, "volatility_60d": 0.358163, "drawdown": -0.073888, "max_drawdown_1y": -0.334119, "volume_ratio": 0.818424, "rsi_14": 46.234193, "macd": 2.773118, "macd_signal": 5.588377, "macd_histogram": -2.815259, "bb_width": 0.097175, "bb_position": -0.00524, "stoch_k": 10.453978, "stoch_d": 13.72518, "adx": 37.625653, "atr_14": 6.459205, "last_close": 209.82, "last_date": "2026-03-02"}