{"return_1d": 0.007712, "return_5d": 0.027628, "return_20d": 0.120501, "return_60d": 0.194766, "return_252d": 0.343018, "sma_20": 97.724, "sma_50": 93.7576, "sma_200": 84.115191, "price_vs_sma20": 0.016229, "price_vs_sma50": 0.059221, "price_vs_sma200": 0.180643, "volatility_20d": 0.251649, "volatility_60d": 0.279468, "drawdown": -0.014488, "max_drawdown_1y": -0.373273, "volume_ratio": 0.588887, "rsi_14": 57.919994, "macd": 1.829103, "macd_signal": 1.975238, "macd_histogram": -0.146136, "bb_width": 0.101341, "bb_position": 0.657589, "stoch_k": 61.694915, "stoch_d": 65.376815, "adx": 24.028427, "atr_14": 2.605317, "last_close": 99.31, "last_date": "2026-03-04"}