{"return_1d": -0.014938, "return_5d": -0.037405, "return_20d": 0.022725, "return_60d": 0.125244, "return_252d": 0.313469, "sma_20": 98.113, "sma_50": 93.978, "sma_200": 84.30705, "price_vs_sma20": -0.032136, "price_vs_sma50": 0.010449, "price_vs_sma200": 0.126359, "volatility_20d": 0.267517, "volatility_60d": 0.288876, "drawdown": -0.057656, "max_drawdown_1y": -0.373273, "volume_ratio": 0.71373, "rsi_14": 46.101009, "macd": 1.15489, "macd_signal": 1.739166, "macd_histogram": -0.584277, "bb_width": 0.073143, "bb_position": 0.046049, "stoch_k": 19.975787, "stoch_d": 31.977575, "adx": 22.365888, "atr_14": 2.717187, "last_close": 94.96, "last_date": "2026-03-06"}