{"return_1d": 0.000203, "return_5d": -0.021038, "return_20d": 0.12332, "return_60d": 0.203326, "return_252d": 0.351438, "sma_20": 96.0095, "sma_50": 93.0214, "sma_200": 83.760309, "price_vs_sma20": 0.027502, "price_vs_sma50": 0.060509, "price_vs_sma200": 0.177765, "volatility_20d": 0.230563, "volatility_60d": 0.274344, "drawdown": -0.021038, "max_drawdown_1y": -0.373273, "volume_ratio": 0.658132, "rsi_14": 58.546079, "macd": 1.949896, "macd_signal": 2.044795, "macd_histogram": -0.094899, "bb_width": 0.166018, "bb_position": 0.661226, "stoch_k": 58.815233, "stoch_d": 59.887678, "adx": 27.011685, "atr_14": 2.489413, "last_close": 98.65, "last_date": "2026-02-27"}