{"return_1d": -0.029302, "return_5d": -0.02261, "return_20d": 0.062493, "return_60d": 0.155172, "return_252d": 0.3748, "sma_20": 98.0075, "sma_50": 93.8964, "sma_200": 84.214071, "price_vs_sma20": -0.016402, "price_vs_sma50": 0.026663, "price_vs_sma200": 0.144702, "volatility_20d": 0.271283, "volatility_60d": 0.287249, "drawdown": -0.043366, "max_drawdown_1y": -0.373273, "volume_ratio": 0.892919, "rsi_14": 49.621114, "macd": 1.525224, "macd_signal": 1.885235, "macd_histogram": -0.360011, "bb_width": 0.081859, "bb_position": 0.296291, "stoch_k": 14.262023, "stoch_d": 41.590166, "adx": 22.674656, "atr_14": 2.688509, "last_close": 96.4, "last_date": "2026-03-05"}