{"return_1d": 0.0, "return_5d": -0.021236, "return_20d": 0.123093, "return_60d": 0.203082, "return_252d": 0.351164, "sma_20": 96.0085, "sma_50": 93.021, "sma_200": 83.76021, "price_vs_sma20": 0.027305, "price_vs_sma50": 0.060298, "price_vs_sma200": 0.177528, "volatility_20d": 0.230631, "volatility_60d": 0.274354, "drawdown": -0.021236, "max_drawdown_1y": -0.373273, "volume_ratio": 0.30214, "rsi_14": 58.499444, "macd": 1.9483, "macd_signal": 2.044476, "macd_histogram": -0.096175, "bb_width": 0.166025, "bb_position": 0.660091, "stoch_k": 58.533145, "stoch_d": 59.793649, "adx": 27.011686, "atr_14": 2.487985, "last_close": 98.63, "last_date": "2026-02-27"}