{"return_1d": 0.020578, "return_5d": 0.019028, "return_20d": 0.143311, "return_60d": 0.221682, "return_252d": 0.375857, "sma_20": 96.6405, "sma_50": 93.3084, "sma_200": 83.881389, "price_vs_sma20": 0.041799, "price_vs_sma50": 0.079003, "price_vs_sma200": 0.200266, "volatility_20d": 0.235919, "volatility_60d": 0.276614, "drawdown": -0.000893, "max_drawdown_1y": -0.373273, "volume_ratio": 0.903844, "rsi_14": 63.080969, "macd": 2.026814, "macd_signal": 2.041199, "macd_histogram": -0.014384, "bb_width": 0.150224, "bb_position": 0.767083, "stoch_k": 85.621971, "stoch_d": 69.335326, "adx": 26.718634, "atr_14": 2.503741, "last_close": 100.68, "last_date": "2026-03-02"}