{"return_1d": -0.00622, "return_5d": 0.036136, "return_20d": 0.065931, "return_60d": -0.220442, "return_252d": -0.407306, "sma_20": 337.073, "sma_50": 393.4604, "sma_200": 498.032, "price_vs_sma20": 0.085433, "price_vs_sma50": -0.070122, "price_vs_sma200": -0.265368, "volatility_20d": 0.713573, "volatility_60d": 0.520026, "drawdown": -0.434286, "max_drawdown_1y": -0.556174, "volume_ratio": 0.752418, "rsi_14": 53.241256, "macd": -7.453676, "macd_signal": -16.863632, "macd_histogram": 9.409956, "bb_width": 0.250274, "bb_position": 0.814489, "stoch_k": 86.21249, "stoch_d": 93.619277, "adx": 32.250061, "atr_14": 16.503224, "last_close": 365.87, "last_date": "2026-03-05"}