{"return_1d": 0.000425, "return_5d": 0.11435, "return_20d": -0.070368, "return_60d": -0.241199, "return_252d": -0.426963, "sma_20": 334.5865, "sma_50": 400.6082, "sma_200": 502.14265, "price_vs_sma20": 0.055811, "price_vs_sma50": -0.118191, "price_vs_sma200": -0.296495, "volatility_20d": 0.787423, "volatility_60d": 0.51457, "drawdown": -0.453784, "max_drawdown_1y": -0.556174, "volume_ratio": 0.375544, "rsi_14": 48.606161, "macd": -18.830624, "macd_signal": -25.906976, "macd_histogram": 7.076352, "bb_width": 0.241141, "bb_position": 0.71921, "stoch_k": 80.598053, "stoch_d": 73.528048, "adx": 42.077993, "atr_14": 17.313756, "last_close": 353.26, "last_date": "2026-02-27"}