{"return_1d": 0.035531, "return_5d": 0.134165, "return_20d": 0.01196, "return_60d": -0.204876, "return_252d": -0.396447, "sma_20": 334.136, "sma_50": 397.0462, "sma_200": 500.11, "price_vs_sma20": 0.099014, "price_vs_sma50": -0.07512, "price_vs_sma200": -0.265722, "volatility_20d": 0.789441, "volatility_60d": 0.520976, "drawdown": -0.432198, "max_drawdown_1y": -0.556174, "volume_ratio": 0.818351, "rsi_14": 53.951711, "macd": -12.508767, "macd_signal": -21.611778, "macd_histogram": 9.103011, "bb_width": 0.225558, "bb_position": 0.899424, "stoch_k": 96.777932, "stoch_d": 87.069232, "adx": 36.860103, "atr_14": 17.540603, "last_close": 367.22, "last_date": "2026-03-03"}