{"return_1d": 0.00256, "return_5d": 0.098624, "return_20d": 0.108749, "return_60d": -0.211024, "return_252d": -0.392866, "sma_20": 335.9415, "sma_50": 395.301, "sma_200": 499.08715, "price_vs_sma20": 0.095905, "price_vs_sma50": -0.068659, "price_vs_sma200": -0.262333, "volatility_20d": 0.719865, "volatility_60d": 0.520349, "drawdown": -0.430745, "max_drawdown_1y": -0.556174, "volume_ratio": 0.501435, "rsi_14": 54.301106, "macd": -9.633491, "macd_signal": -19.216121, "macd_histogram": 9.58263, "bb_width": 0.238828, "bb_position": 0.866423, "stoch_k": 97.867408, "stoch_d": 92.273219, "adx": 34.230988, "atr_14": 16.842703, "last_close": 368.16, "last_date": "2026-03-04"}