{"return_1d": 0.004475, "return_5d": 0.118861, "return_20d": -0.066605, "return_60d": -0.238127, "return_252d": -0.424644, "sma_20": 334.658, "sma_50": 400.6368, "sma_200": 502.1498, "price_vs_sma20": 0.059858, "price_vs_sma50": -0.114684, "price_vs_sma200": -0.293657, "volatility_20d": 0.787747, "volatility_60d": 0.514788, "drawdown": -0.451573, "max_drawdown_1y": -0.556174, "volume_ratio": 0.765482, "rsi_14": 49.135388, "macd": -18.71655, "macd_signal": -25.884161, "macd_histogram": 7.167611, "bb_width": 0.2409, "bb_position": 0.734444, "stoch_k": 82.255447, "stoch_d": 74.080513, "adx": 42.077993, "atr_14": 17.317327, "last_close": 354.69, "last_date": "2026-02-27"}