{"return_1d": -0.000197, "return_5d": 0.11716, "return_20d": -0.040011, "return_60d": -0.231643, "return_252d": -0.414248, "sma_20": 333.919, "sma_50": 398.727, "sma_200": 501.0839, "price_vs_sma20": 0.061994, "price_vs_sma50": -0.11062, "price_vs_sma200": -0.292294, "volatility_20d": 0.781877, "volatility_60d": 0.514752, "drawdown": -0.451681, "max_drawdown_1y": -0.556174, "volume_ratio": 0.569742, "rsi_14": 49.10873, "macd": -15.90101, "macd_signal": -23.887531, "macd_histogram": 7.986521, "bb_width": 0.229876, "bb_position": 0.753942, "stoch_k": 82.174316, "stoch_d": 81.617988, "adx": 39.684938, "atr_14": 16.866804, "last_close": 354.62, "last_date": "2026-03-02"}