{"return_1d": -0.035209, "return_5d": -0.133866, "return_20d": -0.132152, "return_60d": -0.118947, "return_252d": 0.008765, "sma_20": 109.206, "sma_50": 110.4098, "sma_200": 98.2749, "price_vs_sma20": -0.156914, "price_vs_sma50": -0.166107, "price_vs_sma200": -0.063138, "volatility_20d": 0.68615, "volatility_60d": 0.489059, "drawdown": -0.216626, "max_drawdown_1y": -0.491947, "volume_ratio": 1.553751, "rsi_14": 32.933227, "macd": -3.357462, "macd_signal": -1.216377, "macd_histogram": -2.141085, "bb_width": 0.306472, "bb_position": -0.107296, "stoch_k": 6.006435, "stoch_d": 11.252546, "adx": 18.969416, "atr_14": 6.157225, "last_close": 92.07, "last_date": "2026-03-06"}