{"return_1d": -0.006492, "return_5d": -0.089262, "return_20d": -0.044807, "return_60d": -0.054757, "return_252d": 0.09306, "sma_20": 111.1285, "sma_50": 111.5074, "sma_200": 98.00045, "price_vs_sma20": -0.077284, "price_vs_sma50": -0.08042, "price_vs_sma200": 0.046322, "volatility_20d": 0.673814, "volatility_60d": 0.476655, "drawdown": -0.127542, "max_drawdown_1y": -0.491947, "volume_ratio": 1.589104, "rsi_14": 41.479422, "macd": -0.962928, "macd_signal": 0.092024, "macd_histogram": -1.054952, "bb_width": 0.168752, "bb_position": 0.003664, "stoch_k": 24.977127, "stoch_d": 18.660694, "adx": 15.218909, "atr_14": 6.133376, "last_close": 102.54, "last_date": "2026-03-03"}