{"return_1d": -0.029069, "return_5d": -0.036951, "return_20d": 0.008698, "return_60d": -0.011209, "return_252d": 0.119779, "sma_20": 111.369, "sma_50": 111.662, "sma_200": 97.8827, "price_vs_sma20": -0.073261, "price_vs_sma50": -0.075693, "price_vs_sma200": 0.054425, "volatility_20d": 0.696836, "volatility_60d": 0.483378, "drawdown": -0.121841, "max_drawdown_1y": -0.491947, "volume_ratio": 1.434508, "rsi_14": 42.075542, "macd": -0.377163, "macd_signal": 0.355762, "macd_histogram": -0.732925, "bb_width": 0.153474, "bb_position": -0.015086, "stoch_k": 24.083012, "stoch_d": 37.03863, "adx": 14.481676, "atr_14": 5.982097, "last_close": 103.21, "last_date": "2026-03-02"}