{"return_1d": 0.007027, "return_5d": 0.073954, "return_20d": -0.051218, "return_60d": -0.132694, "return_252d": 0.023447, "sma_20": 73.675, "sma_50": 79.0306, "sma_200": 88.45405, "price_vs_sma20": 0.030879, "price_vs_sma50": -0.03898, "price_vs_sma200": -0.141362, "volatility_20d": 0.369163, "volatility_60d": 0.338276, "drawdown": -0.241259, "max_drawdown_1y": -0.300799, "volume_ratio": 1.032671, "rsi_14": 50.807653, "macd": -1.613822, "macd_signal": -2.372262, "macd_histogram": 0.75844, "bb_width": 0.137001, "bb_position": 0.71864, "stoch_k": 92.70903, "stoch_d": 88.247643, "adx": 31.325575, "atr_14": 2.653919, "last_close": 75.95, "last_date": "2026-03-02"}