{"return_1d": 0.003798, "return_5d": 0.052451, "return_20d": -0.016425, "return_60d": -0.1576, "return_252d": 0.029688, "sma_20": 73.387, "sma_50": 78.9142, "sma_200": 88.31625, "price_vs_sma20": 0.044463, "price_vs_sma50": -0.028692, "price_vs_sma200": -0.132096, "volatility_20d": 0.346078, "volatility_60d": 0.329502, "drawdown": -0.234266, "max_drawdown_1y": -0.300799, "volume_ratio": 0.803727, "rsi_14": 52.925082, "macd": -1.018124, "macd_signal": -1.930048, "macd_histogram": 0.911924, "bb_width": 0.104562, "bb_position": 0.907127, "stoch_k": 92.094146, "stoch_d": 91.13234, "adx": 27.461281, "atr_14": 2.650997, "last_close": 76.65, "last_date": "2026-03-04"}