{"return_1d": -0.004109, "return_5d": -0.003845, "return_20d": -0.001064, "return_60d": -0.188398, "return_252d": -0.017652, "sma_20": 73.459, "sma_50": 78.7142, "sma_200": 88.14785, "price_vs_sma20": 0.022747, "price_vs_sma50": -0.045534, "price_vs_sma200": -0.147682, "volatility_20d": 0.290232, "volatility_60d": 0.328502, "drawdown": -0.249451, "max_drawdown_1y": -0.300799, "volume_ratio": 0.687429, "rsi_14": 47.822451, "macd": -0.788864, "macd_signal": -1.534019, "macd_histogram": 0.745154, "bb_width": 0.109005, "bb_position": 0.70404, "stoch_k": 63.508772, "stoch_d": 75.052905, "adx": 24.747471, "atr_14": 2.590987, "last_close": 75.13, "last_date": "2026-03-06"}