{"return_1d": -0.015786, "return_5d": 0.008556, "return_20d": 0.020563, "return_60d": -0.173894, "return_252d": 0.002392, "sma_20": 73.463, "sma_50": 78.8368, "sma_200": 88.2345, "price_vs_sma20": 0.026912, "price_vs_sma50": -0.043086, "price_vs_sma200": -0.145006, "volatility_20d": 0.296109, "volatility_60d": 0.330326, "drawdown": -0.246354, "max_drawdown_1y": -0.300799, "volume_ratio": 0.797791, "rsi_14": 48.840707, "macd": -0.881343, "macd_signal": -1.720307, "macd_histogram": 0.838964, "bb_width": 0.108734, "bb_position": 0.741012, "stoch_k": 69.555796, "stoch_d": 83.414596, "adx": 26.337508, "atr_14": 2.68414, "last_close": 75.44, "last_date": "2026-03-05"}