{"return_1d": 0.005398, "return_5d": 0.069767, "return_20d": -0.055418, "return_60d": -0.157918, "return_252d": 0.004605, "sma_20": 73.451, "sma_50": 78.975, "sma_200": 88.3838, "price_vs_sma20": 0.039605, "price_vs_sma50": -0.033112, "price_vs_sma200": -0.136041, "volatility_20d": 0.367536, "volatility_60d": 0.329471, "drawdown": -0.237163, "max_drawdown_1y": -0.300799, "volume_ratio": 0.870734, "rsi_14": 52.032352, "macd": -1.301098, "macd_signal": -2.158029, "macd_histogram": 0.856931, "bb_width": 0.111248, "bb_position": 0.842441, "stoch_k": 88.593844, "stoch_d": 90.566118, "adx": 29.321867, "atr_14": 2.698997, "last_close": 76.36, "last_date": "2026-03-03"}