{"return_1d": -0.000602, "return_5d": 0.012118, "return_20d": -0.085006, "return_60d": -0.136479, "return_252d": -0.014696, "sma_20": 73.84675, "sma_50": 79.1167, "sma_200": 88.529575, "price_vs_sma20": 0.012299, "price_vs_sma50": -0.05513, "price_vs_sma200": -0.155593, "volatility_20d": 0.370134, "volatility_60d": 0.338255, "drawdown": -0.253197, "max_drawdown_1y": -0.300799, "volume_ratio": 0.46893, "rsi_14": 47.325428, "macd": -2.000802, "macd_signal": -2.572481, "macd_histogram": 0.57168, "bb_width": 0.155234, "bb_position": 0.578267, "stoch_k": 81.002825, "stoch_d": 69.701553, "adx": 33.55163, "atr_14": 2.600759, "last_close": 74.755, "last_date": "2026-02-27"}