{"return_1d": -0.007823, "return_5d": -0.04875, "return_20d": -0.124784, "return_60d": -0.019961, "return_252d": 0.051988, "sma_20": 32.4625, "sma_50": 35.3112, "sma_200": 31.52375, "price_vs_sma20": -0.062303, "price_vs_sma50": -0.137951, "price_vs_sma200": -0.034379, "volatility_20d": 0.236731, "volatility_60d": 0.280568, "drawdown": -0.202515, "max_drawdown_1y": -0.323147, "volume_ratio": 0.130683, "rsi_14": 27.033839, "macd": -1.127291, "macd_signal": -1.016215, "macd_histogram": -0.111076, "bb_width": 0.123482, "bb_position": -0.03807, "stoch_k": 6.303725, "stoch_d": 19.214045, "adx": 39.616712, "atr_14": 0.88802, "last_close": 30.44, "last_date": "2026-03-04"}