{"return_1d": -0.024518, "return_5d": -0.067791, "return_20d": -0.118464, "return_60d": -0.046341, "return_252d": -0.007028, "sma_20": 32.119, "sma_50": 35.0806, "sma_200": 31.54985, "price_vs_sma20": -0.070955, "price_vs_sma50": -0.149387, "price_vs_sma200": -0.054195, "volatility_20d": 0.247132, "volatility_60d": 0.28463, "drawdown": -0.218234, "max_drawdown_1y": -0.323147, "volume_ratio": 1.217598, "rsi_14": 26.246132, "macd": -1.1927, "macd_signal": -1.062228, "macd_histogram": -0.130472, "bb_width": 0.132272, "bb_position": -0.077403, "stoch_k": 5.609756, "stoch_d": 12.758171, "adx": 41.524175, "atr_14": 0.925501, "last_close": 29.84, "last_date": "2026-03-06"}