{"return_1d": 0.003596, "return_5d": -0.040925, "return_20d": -0.093058, "return_60d": -0.018856, "return_252d": 0.02159, "sma_20": 32.162, "sma_50": 35.0978, "sma_200": 31.55415, "price_vs_sma20": -0.045457, "price_vs_sma50": -0.125301, "price_vs_sma200": -0.027069, "volatility_20d": 0.239477, "volatility_60d": 0.280352, "drawdown": -0.195703, "max_drawdown_1y": -0.323147, "volume_ratio": 0.055854, "rsi_14": 30.890614, "macd": -1.124096, "macd_signal": -1.048507, "macd_histogram": -0.075589, "bb_width": 0.117467, "bb_position": 0.09459, "stoch_k": 13.753582, "stoch_d": 15.472779, "adx": 40.958321, "atr_14": 0.857644, "last_close": 30.7, "last_date": "2026-03-06"}