{"return_1d": -0.009285, "return_5d": -0.024085, "return_20d": -0.120363, "return_60d": 0.035587, "return_252d": 0.105512, "sma_20": 33.265, "sma_50": 35.5314, "sma_200": 31.4722, "price_vs_sma20": -0.037727, "price_vs_sma50": -0.099107, "price_vs_sma200": 0.017088, "volatility_20d": 0.309537, "volatility_60d": 0.269647, "drawdown": -0.161383, "max_drawdown_1y": -0.323147, "volume_ratio": 1.221775, "rsi_14": 35.189172, "macd": -1.002671, "macd_signal": -0.964015, "macd_histogram": -0.038656, "bb_width": 0.188857, "bb_position": 0.292401, "stoch_k": 17.131474, "stoch_d": 18.560364, "adx": 37.014211, "atr_14": 0.836088, "last_close": 32.01, "last_date": "2026-02-27"}