{"return_1d": 0.0157, "return_5d": -0.086201, "return_20d": -0.012138, "return_60d": 0.038272, "return_252d": 0.305833, "sma_20": 269.36, "sma_50": 257.35, "sma_200": 216.5705, "price_vs_sma20": -0.063335, "price_vs_sma50": -0.019623, "price_vs_sma200": 0.164979, "volatility_20d": 0.388129, "volatility_60d": 0.332162, "drawdown": -0.115978, "max_drawdown_1y": -0.342734, "volume_ratio": 2.548434, "rsi_14": 39.454094, "macd": 1.29046, "macd_signal": 4.744903, "macd_histogram": -3.454443, "bb_width": 0.156363, "bb_position": 0.067559, "stoch_k": 10.791367, "stoch_d": 15.776609, "adx": 31.825497, "atr_14": 8.419245, "last_close": 252.3, "last_date": "2026-02-27"}