{"return_1d": -0.015118, "return_5d": -0.08148, "return_20d": -0.072045, "return_60d": 0.031046, "return_252d": 0.336566, "sma_20": 72.7965, "sma_50": 72.2648, "sma_200": 64.156616, "price_vs_sma20": -0.069323, "price_vs_sma50": -0.062476, "price_vs_sma200": 0.05601, "volatility_20d": 0.422448, "volatility_60d": 0.307847, "drawdown": -0.138479, "max_drawdown_1y": -0.228473, "volume_ratio": 0.173278, "rsi_14": 38.783883, "macd": -0.974515, "macd_signal": -0.160484, "macd_histogram": -0.814031, "bb_width": 0.161103, "bb_position": 0.037643, "stoch_k": 24.334975, "stoch_d": 24.736432, "adx": 21.858352, "atr_14": 2.373641, "last_close": 67.75, "last_date": "2026-03-05"}