{"return_1d": -0.002539, "return_5d": -0.099272, "return_20d": -0.123737, "return_60d": 0.020789, "return_252d": 0.415124, "sma_20": 72.959, "sma_50": 72.2876, "sma_200": 64.090492, "price_vs_sma20": -0.084691, "price_vs_sma50": -0.07619, "price_vs_sma200": 0.041964, "volatility_20d": 0.426156, "volatility_60d": 0.301219, "drawdown": -0.150814, "max_drawdown_1y": -0.228473, "volume_ratio": 0.135076, "rsi_14": 34.769044, "macd": -0.886119, "macd_signal": 0.010956, "macd_histogram": -0.897075, "bb_width": 0.160226, "bb_position": -0.077481, "stoch_k": 14.778325, "stoch_d": 18.984002, "adx": 21.27047, "atr_14": 2.312163, "last_close": 66.78, "last_date": "2026-03-04"}