{"return_1d": -0.042165, "return_5d": -0.075358, "return_20d": -0.123452, "return_60d": 0.028606, "return_252d": 0.364282, "sma_20": 73.445, "sma_50": 72.3678, "sma_200": 64.040622, "price_vs_sma20": -0.084485, "price_vs_sma50": -0.070857, "price_vs_sma200": 0.049959, "volatility_20d": 0.421029, "volatility_60d": 0.298513, "drawdown": -0.144964, "max_drawdown_1y": -0.228473, "volume_ratio": 0.204553, "rsi_14": 35.597375, "macd": -0.480498, "macd_signal": 0.239851, "macd_histogram": -0.720349, "bb_width": 0.137838, "bb_position": -0.169494, "stoch_k": 0.444444, "stoch_d": 16.546959, "adx": 19.24325, "atr_14": 2.265956, "last_close": 67.24, "last_date": "2026-03-03"}