{"return_1d": 0.010758, "return_5d": -0.065737, "return_20d": -0.085069, "return_60d": 0.039969, "return_252d": 0.306964, "sma_20": 72.441, "sma_50": 72.1922, "sma_200": 64.210923, "price_vs_sma20": -0.066137, "price_vs_sma50": -0.062918, "price_vs_sma200": 0.053559, "volatility_20d": 0.427936, "volatility_60d": 0.311322, "drawdown": -0.139751, "max_drawdown_1y": -0.228473, "volume_ratio": 0.100832, "rsi_14": 39.505165, "macd": -1.21677, "macd_signal": -0.382207, "macd_histogram": -0.834563, "bb_width": 0.177637, "bb_position": 0.101319, "stoch_k": 23.349754, "stoch_d": 24.729064, "adx": 22.819044, "atr_14": 2.36333, "last_close": 67.65, "last_date": "2026-03-06"}