{"return_1d": -0.037978, "return_5d": -0.054817, "return_20d": -0.072313, "return_60d": 0.074503, "return_252d": 0.451362, "sma_20": 73.8915, "sma_50": 72.4022, "sma_200": 63.981223, "price_vs_sma20": -0.057266, "price_vs_sma50": -0.037875, "price_vs_sma200": 0.088757, "volatility_20d": 0.416941, "volatility_60d": 0.289182, "drawdown": -0.114191, "max_drawdown_1y": -0.228473, "volume_ratio": 0.261739, "rsi_14": 40.627553, "macd": -0.0685, "macd_signal": 0.411323, "macd_histogram": -0.479823, "bb_width": 0.11437, "bb_position": -0.031128, "stoch_k": 21.464393, "stoch_d": 26.768833, "adx": 18.028628, "atr_14": 2.209491, "last_close": 69.66, "last_date": "2026-03-02"}