{"return_1d": 0.007742, "return_5d": 0.002124, "return_20d": 0.030576, "return_60d": 0.084499, "return_252d": -0.142474, "sma_20": 37.8715, "sma_50": 37.105224, "sma_200": 37.209268, "price_vs_sma20": -0.003208, "price_vs_sma50": 0.017377, "price_vs_sma200": 0.014532, "volatility_20d": 0.270283, "volatility_60d": 0.2142, "drawdown": -0.263712, "max_drawdown_1y": -0.353079, "volume_ratio": 0.665114, "rsi_14": 52.311733, "macd": 0.127422, "macd_signal": 0.221835, "macd_histogram": -0.094412, "bb_width": 0.068566, "bb_position": 0.453059, "stoch_k": 33.516484, "stoch_d": 25.210117, "adx": 13.200046, "atr_14": 0.846443, "last_close": 37.75, "last_date": "2026-03-04"}