{"return_1d": -0.002119, "return_5d": -0.011027, "return_20d": 0.001595, "return_60d": 0.082817, "return_252d": -0.132038, "sma_20": 37.8745, "sma_50": 37.15395, "sma_200": 37.192668, "price_vs_sma20": -0.005399, "price_vs_sma50": 0.01389, "price_vs_sma200": 0.012834, "volatility_20d": 0.253625, "volatility_60d": 0.214286, "drawdown": -0.265272, "max_drawdown_1y": -0.353079, "volume_ratio": 0.704914, "rsi_14": 51.457034, "macd": 0.117887, "macd_signal": 0.201045, "macd_histogram": -0.083158, "bb_width": 0.068596, "bb_position": 0.42086, "stoch_k": 54.028436, "stoch_d": 37.698123, "adx": 13.275799, "atr_14": 0.826697, "last_close": 37.67, "last_date": "2026-03-05"}