{"return_1d": -0.01549, "return_5d": 0.008878, "return_20d": 0.015985, "return_60d": 0.051348, "return_252d": -0.10295, "sma_20": 37.765, "sma_50": 36.986602, "sma_200": 37.248544, "price_vs_sma20": -0.007017, "price_vs_sma50": 0.013881, "price_vs_sma200": 0.006751, "volatility_20d": 0.273787, "volatility_60d": 0.218965, "drawdown": -0.268588, "max_drawdown_1y": -0.353079, "volume_ratio": 0.825829, "rsi_14": 49.83115, "macd": 0.197516, "macd_signal": 0.302997, "macd_histogram": -0.10548, "bb_width": 0.079485, "bb_position": 0.411094, "stoch_k": 18.09816, "stoch_d": 26.178968, "adx": 13.522064, "atr_14": 0.854497, "last_close": 37.5, "last_date": "2026-02-27"}