{"return_1d": -0.02074, "return_5d": 0.003497, "return_20d": 0.010566, "return_60d": 0.045741, "return_252d": -0.107734, "sma_20": 37.755, "sma_50": 36.982602, "sma_200": 37.247543, "price_vs_sma20": -0.012051, "price_vs_sma50": 0.008582, "price_vs_sma200": 0.001408, "volatility_20d": 0.278557, "volatility_60d": 0.220903, "drawdown": -0.272489, "max_drawdown_1y": -0.353079, "volume_ratio": 0.31468, "rsi_14": 48.236717, "macd": 0.181562, "macd_signal": 0.299806, "macd_histogram": -0.118244, "bb_width": 0.080427, "bb_position": 0.34833, "stoch_k": 11.96319, "stoch_d": 24.133978, "adx": 13.522064, "atr_14": 0.854497, "last_close": 37.3, "last_date": "2026-02-27"}