{"return_1d": 0.000267, "return_5d": -0.002131, "return_20d": 0.01932, "return_60d": 0.060214, "return_252d": -0.132864, "sma_20": 37.8155, "sma_50": 37.064188, "sma_200": 37.222954, "price_vs_sma20": -0.009401, "price_vs_sma50": 0.010679, "price_vs_sma200": 0.006368, "volatility_20d": 0.269814, "volatility_60d": 0.216347, "drawdown": -0.269368, "max_drawdown_1y": -0.353079, "volume_ratio": 0.767068, "rsi_14": 49.487568, "macd": 0.129593, "macd_signal": 0.245438, "macd_histogram": -0.115844, "bb_width": 0.074892, "bb_position": 0.373283, "stoch_k": 25.549451, "stoch_d": 20.070676, "adx": 13.118466, "atr_14": 0.856939, "last_close": 37.46, "last_date": "2026-03-03"}