{"return_1d": 0.012529, "return_5d": -0.102391, "return_20d": 0.033778, "return_60d": -0.135906, "return_252d": 0.153361, "sma_20": 220.646, "sma_50": 216.3766, "sma_200": 200.075566, "price_vs_sma20": -0.062344, "price_vs_sma50": -0.043843, "price_vs_sma200": 0.034059, "volatility_20d": 0.580568, "volatility_60d": 0.390881, "drawdown": -0.152019, "max_drawdown_1y": -0.356389, "volume_ratio": 1.389836, "rsi_14": 38.979993, "macd": 1.805962, "macd_signal": 3.857434, "macd_histogram": -2.051472, "bb_width": 0.24262, "bb_position": 0.225952, "stoch_k": 9.873233, "stoch_d": 26.063641, "adx": 28.891485, "atr_14": 7.837102, "last_close": 206.89, "last_date": "2026-02-27"}