{"return_1d": -0.026445, "return_5d": -0.035133, "return_20d": -0.045087, "return_60d": -0.146827, "return_252d": 0.141019, "sma_20": 220.131035, "sma_50": 214.384302, "sma_200": 200.076298, "price_vs_sma20": -0.10526, "price_vs_sma50": -0.081276, "price_vs_sma200": -0.015576, "volatility_20d": 0.582821, "volatility_60d": 0.388042, "drawdown": -0.191935, "max_drawdown_1y": -0.356389, "volume_ratio": 1.327554, "rsi_14": 32.336742, "macd": -3.067207, "macd_signal": 0.625838, "macd_histogram": -3.693046, "bb_width": 0.263535, "bb_position": 0.053596, "stoch_k": 9.310292, "stoch_d": 8.490216, "adx": 27.473311, "atr_14": 7.675849, "last_close": 196.96, "last_date": "2026-03-05"}