{"return_1d": -0.012399, "return_5d": -0.122323, "return_20d": -0.021613, "return_60d": -0.12179, "return_252d": 0.155345, "sma_20": 220.59602, "sma_50": 214.989888, "sma_200": 200.077298, "price_vs_sma20": -0.082894, "price_vs_sma50": -0.058979, "price_vs_sma200": 0.011159, "volatility_20d": 0.575462, "volatility_60d": 0.384867, "drawdown": -0.169986, "max_drawdown_1y": -0.356389, "volume_ratio": 0.786629, "rsi_14": 35.83956, "macd": -1.803178, "macd_signal": 1.5491, "macd_histogram": -3.352277, "bb_width": 0.242917, "bb_position": 0.127913, "stoch_k": 5.164886, "stoch_d": 9.068934, "adx": 27.080047, "atr_14": 7.509376, "last_close": 202.31, "last_date": "2026-03-04"}