{"return_1d": 0.008662, "return_5d": -0.105818, "return_20d": 0.029831, "return_60d": -0.139206, "return_252d": 0.148957, "sma_20": 220.6065, "sma_50": 216.3608, "sma_200": 200.071618, "price_vs_sma20": -0.065757, "price_vs_sma50": -0.047424, "price_vs_sma200": 0.030131, "volatility_20d": 0.579828, "volatility_60d": 0.390342, "drawdown": -0.155257, "max_drawdown_1y": -0.356389, "volume_ratio": 2.092762, "rsi_14": 38.188915, "macd": 1.742942, "macd_signal": 3.84483, "macd_histogram": -2.101888, "bb_width": 0.244411, "bb_position": 0.212019, "stoch_k": 7.947343, "stoch_d": 25.421677, "adx": 28.891485, "atr_14": 7.837102, "last_close": 206.1, "last_date": "2026-02-27"}