{"return_1d": -0.007606, "return_5d": -0.108405, "return_20d": 0.015798, "return_60d": -0.109064, "return_252d": 0.174863, "sma_20": 220.819475, "sma_50": 215.434126, "sma_200": 200.041292, "price_vs_sma20": -0.072319, "price_vs_sma50": -0.049129, "price_vs_sma200": 0.024039, "volatility_20d": 0.580653, "volatility_60d": 0.384312, "drawdown": -0.159565, "max_drawdown_1y": -0.356389, "volume_ratio": 1.037062, "rsi_14": 37.636901, "macd": -0.708315, "macd_signal": 2.387169, "macd_histogram": -3.095484, "bb_width": 0.234094, "bb_position": 0.166985, "stoch_k": 10.995469, "stoch_d": 9.99639, "adx": 27.626932, "atr_14": 7.697789, "last_close": 204.85, "last_date": "2026-03-03"}