{"return_1d": -0.021883, "return_5d": -0.064352, "return_20d": -0.109174, "return_60d": -0.147229, "return_252d": 0.088294, "sma_20": 218.95054, "sma_50": 213.7089, "sma_200": 200.05932, "price_vs_sma20": -0.120121, "price_vs_sma50": -0.09854, "price_vs_sma200": -0.037036, "volatility_20d": 0.555421, "volatility_60d": 0.38814, "drawdown": -0.209618, "max_drawdown_1y": -0.356389, "volume_ratio": 0.876996, "rsi_14": 29.80912, "macd": -4.366408, "macd_signal": -0.372611, "macd_histogram": -3.993797, "bb_width": 0.29656, "bb_position": 0.039656, "stoch_k": 7.02451, "stoch_d": 7.166563, "adx": 28.11428, "atr_14": 7.694717, "last_close": 192.65, "last_date": "2026-03-06"}