{"return_1d": -0.015583, "return_5d": 0.002782, "return_20d": 0.085074, "return_60d": 0.250438, "return_252d": 0.867287, "sma_20": 681.766, "sma_50": 655.198, "sma_200": 544.35105, "price_vs_sma20": 0.004436, "price_vs_sma50": 0.045165, "price_vs_sma200": 0.257993, "volatility_20d": 0.304042, "volatility_60d": 0.360242, "drawdown": -0.031168, "max_drawdown_1y": -0.445555, "volume_ratio": 1.315085, "rsi_14": 53.906602, "macd": 9.523971, "macd_signal": 11.371387, "macd_histogram": -1.847415, "bb_width": 0.074209, "bb_position": 0.559507, "stoch_k": 45.097326, "stoch_d": 51.355285, "adx": 21.933024, "atr_14": 18.853655, "last_close": 684.79, "last_date": "2026-02-27"}