{"return_1d": -0.013592, "return_5d": 0.00481, "return_20d": 0.087268, "return_60d": 0.252967, "return_252d": 0.871063, "sma_20": 681.83525, "sma_50": 655.2257, "sma_200": 544.357975, "price_vs_sma20": 0.006365, "price_vs_sma50": 0.047235, "price_vs_sma200": 0.260522, "volatility_20d": 0.302395, "volatility_60d": 0.359803, "drawdown": -0.029208, "max_drawdown_1y": -0.445555, "volume_ratio": 0.609069, "rsi_14": 54.415037, "macd": 9.634456, "macd_signal": 11.393484, "macd_histogram": -1.759028, "bb_width": 0.074176, "bb_position": 0.585264, "stoch_k": 47.616882, "stoch_d": 52.195137, "adx": 21.932468, "atr_14": 18.77937, "last_close": 686.175, "last_date": "2026-02-27"}