{"return_1d": -0.011376, "return_5d": 0.010644, "return_20d": 0.045786, "return_60d": 0.235289, "return_252d": 0.850839, "sma_20": 683.248, "sma_50": 656.9526, "sma_200": 545.6749, "price_vs_sma20": -0.009145, "price_vs_sma50": 0.030516, "price_vs_sma200": 0.240665, "volatility_20d": 0.297725, "volatility_60d": 0.36156, "drawdown": -0.042189, "max_drawdown_1y": -0.445555, "volume_ratio": 0.809047, "rsi_14": 51.019108, "macd": 8.226065, "macd_signal": 10.742322, "macd_histogram": -2.516257, "bb_width": 0.059423, "bb_position": 0.344692, "stoch_k": 30.92596, "stoch_d": 46.946819, "adx": 20.435326, "atr_14": 18.816252, "last_close": 677.0, "last_date": "2026-03-02"}