{"return_1d": -0.011376, "return_5d": -0.03351, "return_20d": -0.017895, "return_60d": 0.23858, "return_252d": 0.895717, "sma_20": 682.8145, "sma_50": 659.9586, "sma_200": 548.21075, "price_vs_sma20": -0.03145, "price_vs_sma50": 0.002093, "price_vs_sma200": 0.206361, "volatility_20d": 0.285122, "volatility_60d": 0.360572, "drawdown": -0.064345, "max_drawdown_1y": -0.445555, "volume_ratio": 0.979588, "rsi_14": 45.540681, "macd": 4.419176, "macd_signal": 8.794646, "macd_histogram": -4.37547, "bb_width": 0.064776, "bb_position": -0.001284, "stoch_k": 9.592043, "stoch_d": 20.97959, "adx": 18.377365, "atr_14": 18.891003, "last_close": 661.34, "last_date": "2026-03-04"}