{"return_1d": -0.011891, "return_5d": -0.025479, "return_20d": 0.005078, "return_60d": 0.228513, "return_252d": 0.825936, "sma_20": 683.417, "sma_50": 658.612, "sma_200": 546.96275, "price_vs_sma20": -0.021169, "price_vs_sma50": 0.015697, "price_vs_sma200": 0.223027, "volatility_20d": 0.285507, "volatility_60d": 0.36239, "drawdown": -0.053578, "max_drawdown_1y": -0.445555, "volume_ratio": 0.911523, "rsi_14": 48.148929, "macd": 6.473278, "macd_signal": 9.888513, "macd_histogram": -3.415236, "bb_width": 0.058501, "bb_position": 0.130325, "stoch_k": 22.420769, "stoch_d": 32.814685, "adx": 19.572452, "atr_14": 18.997234, "last_close": 668.95, "last_date": "2026-03-03"}