{"return_1d": -0.019151, "return_5d": -0.04525, "return_20d": 0.035558, "return_60d": 0.103227, "return_252d": 0.05835, "sma_20": 5338.1299, "sma_50": 5027.195088, "sma_200": 4904.934708, "price_vs_sma20": -0.02138, "price_vs_sma50": 0.039148, "price_vs_sma200": 0.06505, "volatility_20d": 0.231405, "volatility_60d": 0.197169, "drawdown": -0.04525, "max_drawdown_1y": -0.139422, "volume_ratio": 0.042366, "rsi_14": 49.081083, "macd": 96.175341, "macd_signal": 123.398204, "macd_histogram": -27.222863, "bb_width": 0.070919, "bb_position": 0.191943, "stoch_k": 23.836257, "stoch_d": 52.87884, "adx": 26.203629, "atr_14": 100.042172, "last_close": 5224.0, "last_date": "2026-03-03"}