{"return_1d": 0.019772, "return_5d": 0.016247, "return_20d": 0.106651, "return_60d": 0.14038, "return_252d": 0.13967, "sma_20": 5312.442255, "sma_50": 5011.61043, "sma_200": 4902.270687, "price_vs_sma20": 0.029094, "price_vs_sma50": 0.090867, "price_vs_sma200": 0.115197, "volatility_20d": 0.191501, "volatility_60d": 0.185041, "drawdown": -0.000839, "max_drawdown_1y": -0.139422, "volume_ratio": 0.971496, "rsi_14": 67.305252, "macd": 128.924994, "macd_signal": 133.788695, "macd_histogram": -4.8637, "bb_width": 0.096985, "bb_position": 0.791498, "stoch_k": 85.204496, "stoch_d": 70.775359, "adx": 28.348926, "atr_14": 94.871395, "last_close": 5467.0, "last_date": "2026-02-27"}