{"return_1d": 0.002532, "return_5d": -0.047133, "return_20d": -0.005912, "return_60d": 0.080136, "return_252d": 0.060903, "sma_20": 5332.09931, "sma_50": 5030.542422, "sma_200": 4904.901419, "price_vs_sma20": -0.034714, "price_vs_sma50": 0.02315, "price_vs_sma200": 0.049359, "volatility_20d": 0.240178, "volatility_60d": 0.207338, "drawdown": -0.059323, "max_drawdown_1y": -0.139422, "volume_ratio": 0.075416, "rsi_14": 45.239301, "macd": 67.967509, "macd_signal": 111.163347, "macd_histogram": -43.195838, "bb_width": 0.079682, "bb_position": 0.048675, "stoch_k": 4.778843, "stoch_d": 18.627905, "adx": 24.459454, "atr_14": 101.630997, "last_close": 5147.0, "last_date": "2026-03-04"}