{"return_1d": -0.005307, "return_5d": -0.066817, "return_20d": -0.036711, "return_60d": 0.054758, "return_252d": 0.090646, "sma_20": 60.780715, "sma_50": 57.71643, "sma_200": 53.922483, "price_vs_sma20": -0.044105, "price_vs_sma50": 0.006646, "price_vs_sma200": 0.077473, "volatility_20d": 0.212631, "volatility_60d": 0.178256, "drawdown": -0.069626, "max_drawdown_1y": -0.129585, "volume_ratio": 0.088969, "rsi_14": 40.89465, "macd": 0.356788, "macd_signal": 0.987972, "macd_histogram": -0.631184, "bb_width": 0.091566, "bb_position": -0.003895, "stoch_k": 2.431857, "stoch_d": 3.35011, "adx": 21.115636, "atr_14": 1.050334, "last_close": 58.1, "last_date": "2026-03-06"}