{"return_1d": 0.003552, "return_5d": -0.038624, "return_20d": -0.004358, "return_60d": 0.149978, "return_252d": 0.104387, "sma_20": 60.99274, "sma_50": 57.59758, "sma_200": 53.895205, "price_vs_sma20": -0.027261, "price_vs_sma50": 0.030078, "price_vs_sma200": 0.10084, "volatility_20d": 0.213812, "volatility_60d": 0.198867, "drawdown": -0.04993, "max_drawdown_1y": -0.129585, "volume_ratio": 0.086712, "rsi_14": 47.229673, "macd": 0.848739, "macd_signal": 1.294731, "macd_histogram": -0.445992, "bb_width": 0.069251, "bb_position": 0.095307, "stoch_k": 7.245439, "stoch_d": 25.073057, "adx": 21.503243, "atr_14": 1.093286, "last_close": 59.33, "last_date": "2026-03-04"}