{"return_1d": 0.009403, "return_5d": 0.016374, "return_20d": 0.097263, "return_60d": 0.207242, "return_252d": 0.139383, "sma_20": 60.77304, "sma_50": 57.330056, "sma_200": 53.829116, "price_vs_sma20": 0.024467, "price_vs_sma50": 0.085992, "price_vs_sma200": 0.156623, "volatility_20d": 0.181133, "volatility_60d": 0.1804, "drawdown": -0.003011, "max_drawdown_1y": -0.129585, "volume_ratio": 1.401949, "rsi_14": 67.528584, "macd": 1.456539, "macd_signal": 1.533395, "macd_histogram": -0.076855, "bb_width": 0.08676, "bb_position": 0.775276, "stoch_k": 84.483535, "stoch_d": 75.582213, "adx": 24.358177, "atr_14": 1.036576, "last_close": 62.26, "last_date": "2026-02-27"}