{"return_1d": 0.023163, "return_5d": 0.011379, "return_20d": 0.003455, "return_60d": -0.086439, "return_252d": -0.351748, "sma_20": 283.044, "sma_50": 312.7942, "sma_200": 312.887187, "price_vs_sma20": 0.036235, "price_vs_sma50": -0.062323, "price_vs_sma200": -0.062601, "volatility_20d": 0.336797, "volatility_60d": 0.499356, "drawdown": -0.517512, "max_drawdown_1y": -0.613909, "volume_ratio": 0.635971, "rsi_14": 49.20126, "macd": -7.228692, "macd_signal": -9.726638, "macd_histogram": 2.497946, "bb_width": 0.094415, "bb_position": 0.870361, "stoch_k": 92.30165, "stoch_d": 75.531312, "adx": 35.200597, "atr_14": 9.590314, "last_close": 293.3, "last_date": "2026-02-27"}