{"return_1d": -0.00793, "return_5d": -0.023153, "return_20d": 0.066766, "return_60d": -0.114764, "return_252d": -0.383304, "sma_20": 285.5515, "sma_50": 308.8896, "sma_200": 312.785218, "price_vs_sma20": 0.003252, "price_vs_sma50": -0.072549, "price_vs_sma200": -0.0841, "volatility_20d": 0.305954, "volatility_60d": 0.48968, "drawdown": -0.528731, "max_drawdown_1y": -0.613909, "volume_ratio": 0.829221, "rsi_14": 44.964624, "macd": -4.28671, "macd_signal": -6.424695, "macd_histogram": 2.137984, "bb_width": 0.091125, "bb_position": 0.535567, "stoch_k": 62.441514, "stoch_d": 73.458103, "adx": 31.446807, "atr_14": 9.003149, "last_close": 286.48, "last_date": "2026-03-06"}