{"return_1d": -0.010926, "return_5d": 0.007361, "return_20d": 0.046571, "return_60d": -0.121479, "return_252d": -0.37658, "sma_20": 284.655, "sma_50": 309.6632, "sma_200": 312.900894, "price_vs_sma20": 0.014456, "price_vs_sma50": -0.067471, "price_vs_sma200": -0.07712, "volatility_20d": 0.322029, "volatility_60d": 0.490343, "drawdown": -0.524964, "max_drawdown_1y": -0.613909, "volume_ratio": 0.633266, "rsi_14": 46.458882, "macd": -4.432935, "macd_signal": -6.959191, "macd_histogram": 2.526255, "bb_width": 0.103842, "bb_position": 0.637228, "stoch_k": 72.18205, "stoch_d": 78.006868, "adx": 31.705372, "atr_14": 9.058776, "last_close": 288.77, "last_date": "2026-03-05"}