{"return_1d": 0.00566, "return_5d": 0.044592, "return_20d": 0.027881, "return_60d": -0.085127, "return_252d": -0.35506, "sma_20": 283.4425, "sma_50": 312.0082, "sma_200": 312.835713, "price_vs_sma20": 0.040529, "price_vs_sma50": -0.054736, "price_vs_sma200": -0.057237, "volatility_20d": 0.329711, "volatility_60d": 0.499412, "drawdown": -0.51483, "max_drawdown_1y": -0.613909, "volume_ratio": 0.890876, "rsi_14": 50.246088, "macd": -6.041495, "macd_signal": -8.989992, "macd_histogram": 2.948497, "bb_width": 0.099707, "bb_position": 0.890643, "stoch_k": 98.510388, "stoch_d": 86.961616, "adx": 34.020376, "atr_14": 9.48371, "last_close": 294.93, "last_date": "2026-03-02"}