{"return_1d": 0.00751, "return_5d": 0.01746, "return_20d": 0.141494, "return_60d": 0.162311, "return_252d": 0.121185, "sma_20": 257.812205, "sma_50": 241.196936, "sma_200": 227.361947, "price_vs_sma20": 0.035521, "price_vs_sma50": 0.106855, "price_vs_sma200": 0.174207, "volatility_20d": 0.186425, "volatility_60d": 0.217858, "drawdown": 0.0, "max_drawdown_1y": -0.192761, "volume_ratio": 0.677911, "rsi_14": 71.474467, "macd": 7.723996, "macd_signal": 7.849625, "macd_histogram": -0.125629, "bb_width": 0.12974, "bb_position": 0.764395, "stoch_k": 92.388214, "stoch_d": 90.471221, "adx": 46.220502, "atr_14": 4.911313, "last_close": 266.97, "last_date": "2026-03-02"}