{"return_1d": -0.004233, "return_5d": 0.002135, "return_20d": 0.136034, "return_60d": 0.142679, "return_252d": 0.103044, "sma_20": 259.40385, "sma_50": 241.80355, "sma_200": 227.575753, "price_vs_sma20": 0.024811, "price_vs_sma50": 0.099405, "price_vs_sma200": 0.168139, "volatility_20d": 0.189271, "volatility_60d": 0.217232, "drawdown": -0.004233, "max_drawdown_1y": -0.192761, "volume_ratio": 0.817842, "rsi_14": 68.97608, "macd": 7.477085, "macd_signal": 7.775117, "macd_histogram": -0.298032, "bb_width": 0.103523, "bb_position": 0.733866, "stoch_k": 79.685747, "stoch_d": 88.006085, "adx": 45.211801, "atr_14": 5.15979, "last_close": 265.84, "last_date": "2026-03-03"}