{"return_1d": 0.003235, "return_5d": 0.014546, "return_20d": 0.110165, "return_60d": 0.136424, "return_252d": 0.110574, "sma_20": 260.72712, "sma_50": 242.473524, "sma_200": 227.781599, "price_vs_sma20": 0.022909, "price_vs_sma50": 0.099914, "price_vs_sma200": 0.170858, "volatility_20d": 0.173825, "volatility_60d": 0.216828, "drawdown": -0.001011, "max_drawdown_1y": -0.192761, "volume_ratio": 0.624086, "rsi_14": 69.840138, "macd": 7.267031, "macd_signal": 7.6735, "macd_histogram": -0.406469, "bb_width": 0.081976, "bb_position": 0.773197, "stoch_k": 87.281511, "stoch_d": 86.451824, "adx": 44.482877, "atr_14": 5.127662, "last_close": 266.7, "last_date": "2026-03-04"}