{"return_1d": -0.023405, "return_5d": -0.041022, "return_20d": 0.01586, "return_60d": 0.084939, "return_252d": 0.067703, "sma_20": 261.5124, "sma_50": 243.431672, "sma_200": 228.10165, "price_vs_sma20": -0.028306, "price_vs_sma50": 0.043866, "price_vs_sma200": 0.114021, "volatility_20d": 0.190895, "volatility_60d": 0.22931, "drawdown": -0.04817, "max_drawdown_1y": -0.192761, "volume_ratio": 1.13819, "rsi_14": 47.985817, "macd": 5.341158, "macd_signal": 7.019452, "macd_histogram": -1.678294, "bb_width": 0.067407, "bb_position": 0.067839, "stoch_k": 13.07311, "stoch_d": 43.408763, "adx": 40.25047, "atr_14": 5.508444, "last_close": 254.11, "last_date": "2026-03-06"}