{"return_1d": -0.024372, "return_5d": -0.014655, "return_20d": 0.047244, "return_60d": 0.111554, "return_252d": 0.102753, "sma_20": 261.31404, "sma_50": 243.017278, "sma_200": 227.952159, "price_vs_sma20": -0.004263, "price_vs_sma50": 0.070706, "price_vs_sma200": 0.141468, "volatility_20d": 0.168801, "volatility_60d": 0.223394, "drawdown": -0.025359, "max_drawdown_1y": -0.192761, "volume_ratio": 0.867364, "rsi_14": 56.933487, "macd": 6.501125, "macd_signal": 7.439025, "macd_histogram": -0.9379, "bb_width": 0.07214, "bb_position": 0.44065, "stoch_k": 29.871667, "stoch_d": 65.612975, "adx": 42.712276, "atr_14": 5.301401, "last_close": 260.2, "last_date": "2026-03-05"}