{"return_1d": -0.016431, "return_5d": -0.117282, "return_20d": -0.109503, "return_60d": 0.086211, "return_252d": -0.081197, "sma_20": 114.339865, "sma_50": 108.538334, "sma_200": 94.442318, "price_vs_sma20": -0.104774, "price_vs_sma50": -0.056923, "price_vs_sma200": 0.083836, "volatility_20d": 0.281637, "volatility_60d": 0.263374, "drawdown": -0.461911, "max_drawdown_1y": -0.579177, "volume_ratio": 1.533758, "rsi_14": 30.815733, "macd": -0.343684, "macd_signal": 1.551508, "macd_histogram": -1.895192, "bb_width": 0.158887, "bb_position": -0.236604, "stoch_k": 15.69984, "stoch_d": 10.033549, "adx": 36.054629, "atr_14": 3.345742, "last_close": 102.36, "last_date": "2026-03-06"}