{"return_1d": -0.02411, "return_5d": -0.029425, "return_20d": 0.001708, "return_60d": 0.182366, "return_252d": -0.010127, "sma_20": 115.522435, "sma_50": 108.40699, "sma_200": 94.355838, "price_vs_sma20": -0.043476, "price_vs_sma50": 0.019307, "price_vs_sma200": 0.171099, "volatility_20d": 0.254186, "volatility_60d": 0.228936, "drawdown": -0.41912, "max_drawdown_1y": -0.579177, "volume_ratio": 1.894066, "rsi_14": 44.410117, "macd": 1.424438, "macd_signal": 2.403431, "macd_histogram": -0.978992, "bb_width": 0.059852, "bb_position": -0.259402, "stoch_k": 8.907575, "stoch_d": 17.251586, "adx": 37.215307, "atr_14": 2.935772, "last_close": 110.5, "last_date": "2026-03-04"}