{"return_1d": -0.0104, "return_5d": -0.018549, "return_20d": 0.041163, "return_60d": 0.169016, "return_252d": 0.016289, "sma_20": 115.513015, "sma_50": 108.21051, "sma_200": 94.272989, "price_vs_sma20": -0.019764, "price_vs_sma50": 0.046386, "price_vs_sma200": 0.201086, "volatility_20d": 0.24173, "volatility_60d": 0.235507, "drawdown": -0.404769, "max_drawdown_1y": -0.579177, "volume_ratio": 0.827504, "rsi_14": 51.353087, "macd": 1.912598, "macd_signal": 2.648179, "macd_histogram": -0.73558, "bb_width": 0.059429, "bb_position": 0.160728, "stoch_k": 23.943833, "stoch_d": 27.18468, "adx": 39.281613, "atr_14": 2.690831, "last_close": 113.23, "last_date": "2026-03-03"}