{"return_1d": -0.003301, "return_5d": -0.004155, "return_20d": 0.11205, "return_60d": 0.237829, "return_252d": 0.062451, "sma_20": 114.82039, "sma_50": 107.6293, "sma_200": 94.069663, "price_vs_sma20": 0.012407, "price_vs_sma50": 0.08005, "price_vs_sma200": 0.235733, "volatility_20d": 0.258912, "volatility_60d": 0.236396, "drawdown": -0.38892, "max_drawdown_1y": -0.579177, "volume_ratio": 0.514897, "rsi_14": 60.585657, "macd": 2.503994, "macd_signal": 2.987168, "macd_histogram": -0.483175, "bb_width": 0.109432, "bb_position": 0.61199, "stoch_k": 42.371792, "stoch_d": 33.75598, "adx": 44.20052, "atr_14": 2.612014, "last_close": 116.245, "last_date": "2026-02-27"}