{"return_1d": -0.005745, "return_5d": -0.006596, "return_20d": 0.109323, "return_60d": 0.234794, "return_252d": 0.059846, "sma_20": 114.80614, "sma_50": 107.6236, "sma_200": 94.068239, "price_vs_sma20": 0.010051, "price_vs_sma50": 0.077459, "price_vs_sma200": 0.232722, "volatility_20d": 0.26015, "volatility_60d": 0.236756, "drawdown": -0.390418, "max_drawdown_1y": -0.579177, "volume_ratio": 1.014759, "rsi_14": 59.6658, "macd": 2.481259, "macd_signal": 2.982621, "macd_histogram": -0.501363, "bb_width": 0.109501, "bb_position": 0.590871, "stoch_k": 38.706857, "stoch_d": 32.534335, "adx": 44.200574, "atr_14": 2.612029, "last_close": 115.96, "last_date": "2026-02-27"}