{"return_1d": -0.021082, "return_5d": -0.076019, "return_20d": 0.069694, "return_60d": 0.045517, "return_252d": 0.317961, "sma_20": 858.690855, "sma_50": 866.44977, "sma_200": 849.425537, "price_vs_sma20": -0.021767, "price_vs_sma50": -0.030527, "price_vs_sma200": -0.011096, "volatility_20d": 0.434474, "volatility_60d": 0.444955, "drawdown": -0.172884, "max_drawdown_1y": -0.370347, "volume_ratio": 1.239108, "rsi_14": 43.526872, "macd": -0.833526, "macd_signal": 1.809145, "macd_histogram": -2.642671, "bb_width": 0.173364, "bb_position": 0.371652, "stoch_k": 23.299693, "stoch_d": 28.38414, "adx": 15.786455, "atr_14": 32.448691, "last_close": 840.0, "last_date": "2026-02-27"}