{"return_1d": 0.022088, "return_5d": -0.003019, "return_20d": 0.077009, "return_60d": 0.057022, "return_252d": 0.391687, "sma_20": 866.56235, "sma_50": 868.441772, "sma_200": 851.288449, "price_vs_sma20": -0.016943, "price_vs_sma50": -0.019071, "price_vs_sma200": 0.000695, "volatility_20d": 0.447176, "volatility_60d": 0.449261, "drawdown": -0.161186, "max_drawdown_1y": -0.370347, "volume_ratio": 0.757627, "rsi_14": 47.617747, "macd": -6.359817, "macd_signal": -1.96389, "macd_histogram": -4.395928, "bb_width": 0.10519, "bb_position": 0.336151, "stoch_k": 50.776016, "stoch_d": 35.711504, "adx": 16.136394, "atr_14": 33.652552, "last_close": 851.88, "last_date": "2026-03-04"}