{"return_1d": -0.023119, "return_5d": -0.070375, "return_20d": 0.051618, "return_60d": 0.02697, "return_252d": 0.307418, "sma_20": 860.704735, "sma_50": 866.524568, "sma_200": 849.950252, "price_vs_sma20": -0.046618, "price_vs_sma50": -0.053022, "price_vs_sma200": -0.034555, "volatility_20d": 0.443618, "volatility_60d": 0.447537, "drawdown": -0.192006, "max_drawdown_1y": -0.370347, "volume_ratio": 1.072418, "rsi_14": 40.069858, "macd": -4.585827, "macd_signal": 0.530151, "macd_histogram": -5.115978, "bb_width": 0.160696, "bb_position": 0.195712, "stoch_k": 21.196084, "stoch_d": 23.728672, "adx": 16.360992, "atr_14": 33.234498, "last_close": 820.58, "last_date": "2026-03-02"}