{"return_1d": -0.039541, "return_5d": -0.03619, "return_20d": -0.042873, "return_60d": 0.033608, "return_252d": 0.288459, "sma_20": 864.58442, "sma_50": 868.982598, "sma_200": 852.348367, "price_vs_sma20": -0.063596, "price_vs_sma50": -0.068336, "price_vs_sma200": -0.050154, "volatility_20d": 0.401157, "volatility_60d": 0.455502, "drawdown": -0.202818, "max_drawdown_1y": -0.370347, "volume_ratio": 1.168544, "rsi_14": 39.674445, "macd": -9.964441, "macd_signal": -4.35929, "macd_histogram": -5.605151, "bb_width": 0.125577, "bb_position": -0.040829, "stoch_k": 14.918158, "stoch_d": 36.293218, "adx": 16.144381, "atr_14": 33.36465, "last_close": 809.6, "last_date": "2026-03-06"}