{"return_1d": -0.010506, "return_5d": -0.017667, "return_20d": -0.003892, "return_60d": 0.060131, "return_252d": 0.42223, "sma_20": 866.397655, "sma_50": 869.088488, "sma_200": 851.897534, "price_vs_sma20": -0.027086, "price_vs_sma50": -0.030099, "price_vs_sma200": -0.010527, "volatility_20d": 0.37568, "volatility_60d": 0.448893, "drawdown": -0.169999, "max_drawdown_1y": -0.370347, "volume_ratio": 0.847828, "rsi_14": 45.788118, "macd": -6.934451, "macd_signal": -2.958002, "macd_histogram": -3.976449, "bb_width": 0.107068, "bb_position": 0.239974, "stoch_k": 43.18548, "stoch_d": 43.041303, "adx": 15.630525, "atr_14": 32.838084, "last_close": 842.93, "last_date": "2026-03-05"}