{"return_1d": -0.011278, "return_5d": -0.030706, "return_20d": -0.007937, "return_60d": 0.003049, "return_252d": 0.18006, "sma_20": 189.916, "sma_50": 189.1216, "sma_200": 178.40196, "price_vs_sma20": -0.02599, "price_vs_sma50": -0.021899, "price_vs_sma200": 0.036872, "volatility_20d": 0.143228, "volatility_60d": 0.115911, "drawdown": -0.038416, "max_drawdown_1y": -0.169358, "volume_ratio": 1.635736, "rsi_14": 37.768052, "macd": -0.432276, "macd_signal": 0.218089, "macd_histogram": -0.650365, "bb_width": 0.039068, "bb_position": -0.183007, "stoch_k": 13.91106, "stoch_d": 36.526036, "adx": 15.236983, "atr_14": 2.494151, "last_close": 184.98, "last_date": "2026-03-06"}