{"return_1d": -0.004956, "return_5d": -0.002406, "return_20d": -0.000367, "return_60d": 0.040271, "return_252d": 0.207115, "sma_20": 190.255, "sma_50": 188.7862, "sma_200": 177.7125, "price_vs_sma20": 0.002497, "price_vs_sma50": 0.010296, "price_vs_sma200": 0.07325, "volatility_20d": 0.131586, "volatility_60d": 0.105852, "drawdown": -0.008525, "max_drawdown_1y": -0.169358, "volume_ratio": 0.712335, "rsi_14": 52.708127, "macd": 0.677222, "macd_signal": 0.670967, "macd_histogram": 0.006255, "bb_width": 0.027954, "bb_position": 0.589091, "stoch_k": 60.486891, "stoch_d": 77.253191, "adx": 8.165891, "atr_14": 2.016457, "last_close": 190.73, "last_date": "2026-02-27"}