{"return_1d": -0.009162, "return_5d": -0.023946, "return_20d": -0.010001, "return_60d": 0.010847, "return_252d": 0.210858, "sma_20": 189.99, "sma_50": 189.1478, "sma_200": 178.283918, "price_vs_sma20": -0.015264, "price_vs_sma50": -0.010879, "price_vs_sma200": 0.049394, "volatility_20d": 0.145476, "volatility_60d": 0.113745, "drawdown": -0.027447, "max_drawdown_1y": -0.169358, "volume_ratio": 2.135822, "rsi_14": 42.609613, "macd": -0.080275, "macd_signal": 0.38068, "macd_histogram": -0.460954, "bb_width": 0.034724, "bb_position": 0.053602, "stoch_k": 37.970353, "stoch_d": 44.554214, "adx": 13.368214, "atr_14": 2.433701, "last_close": 187.09, "last_date": "2026-03-05"}