{"return_1d": -0.003458, "return_5d": 0.003588, "return_20d": 0.0029, "return_60d": 0.034752, "return_252d": 0.222291, "sma_20": 190.288, "sma_50": 188.9082, "sma_200": 177.868463, "price_vs_sma20": -0.000568, "price_vs_sma50": 0.006732, "price_vs_sma200": 0.069217, "volatility_20d": 0.129982, "volatility_60d": 0.106002, "drawdown": -0.011384, "max_drawdown_1y": -0.169358, "volume_ratio": 1.339619, "rsi_14": 50.736413, "macd": 0.593679, "macd_signal": 0.656914, "macd_histogram": -0.063235, "bb_width": 0.02792, "bb_position": 0.47966, "stoch_k": 50.187266, "stoch_d": 63.670412, "adx": 8.687572, "atr_14": 2.073853, "last_close": 190.18, "last_date": "2026-03-02"}