{"return_1d": -0.046979, "return_5d": -0.069724, "return_20d": -0.031244, "return_60d": 0.115109, "return_252d": 0.245421, "sma_20": 57.948, "sma_50": 55.955754, "sma_200": 48.509237, "price_vs_sma20": -0.058294, "price_vs_sma50": -0.024765, "price_vs_sma200": 0.12494, "volatility_20d": 0.348454, "volatility_60d": 0.254966, "drawdown": -0.10084, "max_drawdown_1y": -0.329846, "volume_ratio": 0.770321, "rsi_14": 41.455202, "macd": 0.011037, "macd_signal": 0.570705, "macd_histogram": -0.559667, "bb_width": 0.125626, "bb_position": 0.007252, "stoch_k": 6.826179, "stoch_d": 23.409931, "adx": 23.134349, "atr_14": 1.599857, "last_close": 54.57, "last_date": "2026-02-27"}