{"return_1d": 0.006483, "return_5d": -0.030508, "return_20d": -0.074118, "return_60d": 0.068041, "return_252d": 0.22703, "sma_20": 57.4925, "sma_50": 56.026, "sma_200": 48.679093, "price_vs_sma20": -0.054833, "price_vs_sma50": -0.030093, "price_vs_sma200": 0.11629, "volatility_20d": 0.323925, "volatility_60d": 0.250183, "drawdown": -0.10463, "max_drawdown_1y": -0.329845, "volume_ratio": 0.673906, "rsi_14": 41.272651, "macd": -0.470574, "macd_signal": 0.121538, "macd_histogram": -0.592112, "bb_width": 0.155643, "bb_position": 0.12726, "stoch_k": 20.0, "stoch_d": 16.772895, "adx": 23.085723, "atr_14": 1.582457, "last_close": 54.34, "last_date": "2026-03-04"}