{"return_1d": -0.045407, "return_5d": -0.06819, "return_20d": -0.029647, "return_60d": 0.116949, "return_252d": 0.247475, "sma_20": 57.9525, "sma_50": 55.957554, "sma_200": 48.509687, "price_vs_sma20": -0.056814, "price_vs_sma50": -0.023188, "price_vs_sma200": 0.126785, "volatility_20d": 0.345758, "volatility_60d": 0.253695, "drawdown": -0.099357, "max_drawdown_1y": -0.329845, "volume_ratio": 1.191886, "rsi_14": 41.72075, "macd": 0.018217, "macd_signal": 0.572141, "macd_histogram": -0.553924, "bb_width": 0.124777, "bb_position": 0.017251, "stoch_k": 8.028169, "stoch_d": 23.810594, "adx": 23.131919, "atr_14": 1.5995, "last_close": 54.66, "last_date": "2026-02-27"}