{"return_1d": -0.007913, "return_5d": -0.058505, "return_20d": -0.09273, "return_60d": 0.061864, "return_252d": 0.261799, "sma_20": 57.217, "sma_50": 56.031372, "sma_200": 48.73096, "price_vs_sma20": -0.057798, "price_vs_sma50": -0.03786, "price_vs_sma200": 0.106278, "volatility_20d": 0.318535, "volatility_60d": 0.250793, "drawdown": -0.111715, "max_drawdown_1y": -0.329845, "volume_ratio": 1.274002, "rsi_14": 39.76566, "macd": -0.591549, "macd_signal": -0.021079, "macd_histogram": -0.57047, "bb_width": 0.163417, "bb_position": 0.124622, "stoch_k": 16.176471, "stoch_d": 16.371601, "adx": 23.391459, "atr_14": 1.550853, "last_close": 53.91, "last_date": "2026-03-05"}