{"return_1d": -0.000549, "return_5d": -0.021143, "return_20d": -0.026377, "return_60d": 0.110269, "return_252d": 0.232512, "sma_20": 57.8785, "sma_50": 55.990994, "sma_200": 48.567819, "price_vs_sma20": -0.056126, "price_vs_sma50": -0.024307, "price_vs_sma200": 0.124819, "volatility_20d": 0.345625, "volatility_60d": 0.253641, "drawdown": -0.099852, "max_drawdown_1y": -0.329845, "volume_ratio": 0.822859, "rsi_14": 41.625034, "macd": -0.162395, "macd_signal": 0.425234, "macd_histogram": -0.587628, "bb_width": 0.132688, "bb_position": 0.051854, "stoch_k": 17.380353, "stoch_d": 22.073925, "adx": 23.006765, "atr_14": 1.629536, "last_close": 54.63, "last_date": "2026-03-02"}