{"return_1d": 0.010862, "return_5d": -0.002524, "return_20d": -0.033152, "return_60d": -0.029026, "return_252d": -0.080125, "sma_20": 321.751255, "sma_50": 333.229142, "sma_200": 341.847095, "price_vs_sma20": -0.005008, "price_vs_sma50": -0.03928, "price_vs_sma200": -0.063499, "volatility_20d": 0.308674, "volatility_60d": 0.256929, "drawdown": -0.137443, "max_drawdown_1y": -0.17414, "volume_ratio": 1.40606, "rsi_14": 47.385189, "macd": -4.801983, "macd_signal": -4.815614, "macd_histogram": 0.01363, "bb_width": 0.092389, "bb_position": 0.445524, "stoch_k": 58.504801, "stoch_d": 43.74721, "adx": 26.767625, "atr_14": 7.477936, "last_close": 320.14, "last_date": "2026-02-27"}