{"return_1d": 0.000998, "return_5d": 0.044301, "return_20d": -0.036989, "return_60d": -0.02463, "return_252d": -0.108844, "sma_20": 321.10222, "sma_50": 332.29392, "sma_200": 341.511387, "price_vs_sma20": -0.000848, "price_vs_sma50": -0.034499, "price_vs_sma200": -0.060558, "volatility_20d": 0.25425, "volatility_60d": 0.256928, "drawdown": -0.135584, "max_drawdown_1y": -0.17414, "volume_ratio": 0.648193, "rsi_14": 48.072819, "macd": -3.717647, "macd_signal": -4.503181, "macd_histogram": 0.785534, "bb_width": 0.08625, "bb_position": 0.490163, "stoch_k": 60.871056, "stoch_d": 59.716507, "adx": 25.383753, "atr_14": 7.52771, "last_close": 320.83, "last_date": "2026-03-03"}