{"return_1d": -0.001122, "return_5d": 0.023899, "return_20d": -0.023711, "return_60d": -0.018249, "return_252d": -0.107655, "sma_20": 320.713065, "sma_50": 331.79736, "sma_200": 341.312707, "price_vs_sma20": -0.000758, "price_vs_sma50": -0.034139, "price_vs_sma200": -0.061066, "volatility_20d": 0.249605, "volatility_60d": 0.256481, "drawdown": -0.136554, "max_drawdown_1y": -0.17414, "volume_ratio": 0.637022, "rsi_14": 47.708533, "macd": -3.298376, "macd_signal": -4.26222, "macd_histogram": 0.963844, "bb_width": 0.083887, "bb_position": 0.490959, "stoch_k": 59.636488, "stoch_d": 60.093736, "adx": 24.068773, "atr_14": 7.416445, "last_close": 320.47, "last_date": "2026-03-04"}