{"return_1d": 0.004926, "return_5d": -0.008381, "return_20d": -0.03883, "return_60d": -0.034728, "return_252d": -0.085526, "sma_20": 321.657255, "sma_50": 333.191542, "sma_200": 341.837692, "price_vs_sma20": -0.010562, "price_vs_sma50": -0.044814, "price_vs_sma200": -0.068973, "volatility_20d": 0.306229, "volatility_60d": 0.256108, "drawdown": -0.142508, "max_drawdown_1y": -0.17414, "volume_ratio": 0.583774, "rsi_14": 45.626254, "macd": -4.951955, "macd_signal": -4.845608, "macd_histogram": -0.106347, "bb_width": 0.093334, "bb_position": 0.385631, "stoch_k": 52.057613, "stoch_d": 41.598147, "adx": 26.767625, "atr_14": 7.351865, "last_close": 318.26, "last_date": "2026-02-27"}