{"return_1d": 0.001156, "return_5d": 0.045641, "return_20d": -0.002048, "return_60d": -0.025633, "return_252d": -0.09229, "sma_20": 321.71837, "sma_50": 332.751346, "sma_200": 341.679233, "price_vs_sma20": -0.003756, "price_vs_sma50": -0.036788, "price_vs_sma200": -0.061956, "volatility_20d": 0.289691, "volatility_60d": 0.256915, "drawdown": -0.136446, "max_drawdown_1y": -0.17414, "volume_ratio": 0.776434, "rsi_14": 47.743475, "macd": -4.235369, "macd_signal": -4.699565, "macd_histogram": 0.464196, "bb_width": 0.092332, "bb_position": 0.459167, "stoch_k": 59.773663, "stoch_d": 53.903011, "adx": 26.032099, "atr_14": 7.515226, "last_close": 320.51, "last_date": "2026-03-02"}