{"return_1d": -0.002091, "return_5d": 0.009788, "return_20d": -0.028764, "return_60d": -0.032546, "return_252d": -0.085276, "sma_20": 320.239515, "sma_50": 331.222734, "sma_200": 341.096661, "price_vs_sma20": -0.001372, "price_vs_sma50": -0.034487, "price_vs_sma200": -0.062436, "volatility_20d": 0.249131, "volatility_60d": 0.255106, "drawdown": -0.138359, "max_drawdown_1y": -0.17414, "volume_ratio": 1.002989, "rsi_14": 46.994778, "macd": -2.985746, "macd_signal": -4.006925, "macd_histogram": 1.021179, "bb_width": 0.080406, "bb_position": 0.482907, "stoch_k": 71.452991, "stoch_d": 63.986845, "adx": 23.580446, "atr_14": 7.460271, "last_close": 319.8, "last_date": "2026-03-05"}