{"return_1d": -0.017323, "return_5d": -0.008105, "return_20d": 0.010499, "return_60d": 0.084245, "return_252d": 0.161796, "sma_20": 48.2249, "sma_50": 47.23998, "sma_200": 43.946121, "price_vs_sma20": -0.000143, "price_vs_sma50": 0.020703, "price_vs_sma200": 0.097207, "volatility_20d": 0.106927, "volatility_60d": 0.091705, "drawdown": -0.017323, "max_drawdown_1y": -0.164072, "volume_ratio": 0.195851, "rsi_14": 53.319737, "macd": 0.477191, "macd_signal": 0.495821, "macd_histogram": -0.01863, "bb_width": 0.042654, "bb_position": 0.496645, "stoch_k": 39.619274, "stoch_d": 73.944525, "adx": 31.39714, "atr_14": 0.432889, "last_close": 48.218, "last_date": "2026-03-02"}