{"return_1d": -0.010853, "return_5d": -0.056432, "return_20d": -0.029086, "return_60d": 0.037815, "return_252d": 0.125267, "sma_20": 48.0734, "sma_50": 47.36238, "sma_200": 44.041309, "price_vs_sma20": -0.03691, "price_vs_sma50": -0.022452, "price_vs_sma200": 0.051263, "volatility_20d": 0.162672, "volatility_60d": 0.119875, "drawdown": -0.056432, "max_drawdown_1y": -0.16407, "volume_ratio": 0.747647, "rsi_14": 35.917685, "macd": -0.038098, "macd_signal": 0.271678, "macd_histogram": -0.309776, "bb_width": 0.065459, "bb_position": -0.085479, "stoch_k": 10.35747, "stoch_d": 18.686055, "adx": 31.370905, "atr_14": 0.606939, "last_close": 46.299, "last_date": "2026-03-06"}