{"return_1d": 0.008116, "return_5d": -0.037423, "return_20d": -0.011519, "return_60d": 0.056291, "return_252d": 0.128353, "sma_20": 48.15425, "sma_50": 47.31064, "sma_200": 43.994025, "price_vs_sma20": -0.019837, "price_vs_sma50": -0.00236, "price_vs_sma200": 0.07285, "volatility_20d": 0.154172, "volatility_60d": 0.111872, "drawdown": -0.03809, "max_drawdown_1y": -0.164072, "volume_ratio": 0.248609, "rsi_14": 42.329074, "macd": 0.202042, "macd_signal": 0.407709, "macd_histogram": -0.205667, "bb_width": 0.052734, "bb_position": 0.116208, "stoch_k": 25.57629, "stoch_d": 26.514899, "adx": 31.18203, "atr_14": 0.527833, "last_close": 47.199, "last_date": "2026-03-05"}