{"return_1d": 0.004123, "return_5d": -0.042146, "return_20d": -0.014386, "return_60d": 0.053528, "return_252d": 0.142304, "sma_20": 48.10845, "sma_50": 47.3764, "sma_200": 44.044814, "price_vs_sma20": -0.023041, "price_vs_sma50": -0.007945, "price_vs_sma200": 0.067095, "volatility_20d": 0.15982, "volatility_60d": 0.117647, "drawdown": -0.042146, "max_drawdown_1y": -0.164072, "volume_ratio": 0.105031, "rsi_14": 41.98333, "macd": 0.017823, "macd_signal": 0.282862, "macd_histogram": -0.26504, "bb_width": 0.058533, "bb_position": 0.097083, "stoch_k": 18.294914, "stoch_d": 21.33187, "adx": 30.376164, "atr_14": 0.541439, "last_close": 47.0, "last_date": "2026-03-06"}