{"return_1d": 0.000775, "return_5d": 0.005409, "return_20d": 0.038542, "return_60d": 0.104966, "return_252d": 0.15616, "sma_20": 48.19985, "sma_50": 47.170848, "sma_200": 43.916999, "price_vs_sma20": 0.018011, "price_vs_sma50": 0.040219, "price_vs_sma200": 0.117289, "volatility_20d": 0.088765, "volatility_60d": 0.083024, "drawdown": 0.0, "max_drawdown_1y": -0.164072, "volume_ratio": 5.533703, "rsi_14": 70.400783, "macd": 0.545414, "macd_signal": 0.500479, "macd_histogram": 0.044935, "bb_width": 0.042877, "bb_position": 0.912641, "stoch_k": 90.184414, "stoch_d": 93.919612, "adx": 33.111003, "atr_14": 0.390957, "last_close": 49.068, "last_date": "2026-02-27"}