{"return_1d": 0.005185, "return_5d": -0.050144, "return_20d": -0.012138, "return_60d": 0.029328, "return_252d": 0.145439, "sma_20": 67.8405, "sma_50": 66.7944, "sma_200": 62.333646, "price_vs_sma20": -0.028309, "price_vs_sma50": -0.013091, "price_vs_sma200": 0.057535, "volatility_20d": 0.165949, "volatility_60d": 0.13605, "drawdown": -0.050144, "max_drawdown_1y": -0.184271, "volume_ratio": 0.075519, "rsi_14": 39.370908, "macd": 0.089914, "macd_signal": 0.438096, "macd_histogram": -0.348182, "bb_width": 0.057036, "bb_position": -0.010796, "stoch_k": 23.421589, "stoch_d": 21.738325, "adx": 19.205907, "atr_14": 0.882007, "last_close": 65.92, "last_date": "2026-03-05"}