{"return_1d": -0.015341, "return_5d": -0.034986, "return_20d": -0.005364, "return_60d": 0.049959, "return_252d": 0.164397, "sma_20": 67.9395, "sma_50": 66.7676, "sma_200": 62.295739, "price_vs_sma20": -0.017508, "price_vs_sma50": -0.000264, "price_vs_sma200": 0.071502, "volatility_20d": 0.129232, "volatility_60d": 0.122389, "drawdown": -0.038184, "max_drawdown_1y": -0.184271, "volume_ratio": 1.992059, "rsi_14": 42.892225, "macd": 0.357196, "macd_signal": 0.543808, "macd_histogram": -0.186612, "bb_width": 0.04464, "bb_position": 0.100803, "stoch_k": 0.677966, "stoch_d": 24.204908, "adx": 16.639849, "atr_14": 0.774469, "last_close": 66.75, "last_date": "2026-03-03"}