{"return_1d": 0.001525, "return_5d": -0.053602, "return_20d": -0.015735, "return_60d": 0.02558, "return_252d": 0.141268, "sma_20": 67.8285, "sma_50": 66.7896, "sma_200": 62.332446, "price_vs_sma20": -0.031675, "price_vs_sma50": -0.016613, "price_vs_sma200": 0.053705, "volatility_20d": 0.164774, "volatility_60d": 0.13572, "drawdown": -0.053602, "max_drawdown_1y": -0.184271, "volume_ratio": 0.23109, "rsi_14": 37.425452, "macd": 0.070769, "macd_signal": 0.434266, "macd_histogram": -0.363498, "bb_width": 0.058805, "bb_position": -0.056272, "stoch_k": 18.533605, "stoch_d": 20.108998, "adx": 19.205907, "atr_14": 0.85915, "last_close": 65.68, "last_date": "2026-03-04"}