{"return_1d": -0.00275, "return_5d": -0.044783, "return_20d": -0.029731, "return_60d": 0.027806, "return_252d": 0.160085, "sma_20": 67.694, "sma_50": 66.878, "sma_200": 62.419056, "price_vs_sma20": -0.035808, "price_vs_sma50": -0.024044, "price_vs_sma200": 0.045674, "volatility_20d": 0.165301, "volatility_60d": 0.137584, "drawdown": -0.05951, "max_drawdown_1y": -0.184271, "volume_ratio": 0.475735, "rsi_14": 36.547937, "macd": -0.226837, "macd_signal": 0.225044, "macd_histogram": -0.45188, "bb_width": 0.071125, "bb_position": -0.022153, "stoch_k": 10.183299, "stoch_d": 17.040054, "adx": 21.701816, "atr_14": 0.965335, "last_close": 65.27, "last_date": "2026-03-06"}