{"return_1d": -0.010391, "return_5d": -0.01097, "return_20d": 0.012275, "return_60d": 0.068665, "return_252d": 0.188672, "sma_20": 67.949, "sma_50": 66.6852, "sma_200": 62.248206, "price_vs_sma20": -0.004842, "price_vs_sma50": 0.014018, "price_vs_sma200": 0.086296, "volatility_20d": 0.119899, "volatility_60d": 0.118807, "drawdown": -0.025648, "max_drawdown_1y": -0.184271, "volume_ratio": 0.428589, "rsi_14": 49.310751, "macd": 0.503103, "macd_signal": 0.587748, "macd_histogram": -0.084646, "bb_width": 0.042758, "bb_position": 0.386211, "stoch_k": 18.577075, "stoch_d": 41.130765, "adx": 16.776879, "atr_14": 0.743219, "last_close": 67.62, "last_date": "2026-03-02"}