{"return_1d": 0.004965, "return_5d": 0.004633, "return_20d": 0.081197, "return_60d": 0.084371, "return_252d": -0.005979, "sma_20": 29.441, "sma_50": 28.661, "sma_200": 30.313403, "price_vs_sma20": 0.031215, "price_vs_sma50": 0.059279, "price_vs_sma200": 0.001537, "volatility_20d": 0.152232, "volatility_60d": 0.157317, "drawdown": -0.078039, "max_drawdown_1y": -0.171292, "volume_ratio": 0.738462, "rsi_14": 67.054595, "macd": 0.486636, "macd_signal": 0.432273, "macd_histogram": 0.054363, "bb_width": 0.09428, "bb_position": 0.821067, "stoch_k": 92.401216, "stoch_d": 81.005849, "adx": 27.917203, "atr_14": 0.549987, "last_close": 30.36, "last_date": "2026-03-02"}