{"return_1d": -0.000674, "return_5d": -0.017875, "return_20d": 0.032359, "return_60d": 0.079844, "return_252d": -0.030668, "sma_20": 29.734, "sma_50": 28.809, "sma_200": 30.302725, "price_vs_sma20": -0.002152, "price_vs_sma50": 0.029886, "price_vs_sma200": -0.02088, "volatility_20d": 0.13248, "volatility_60d": 0.156087, "drawdown": -0.098992, "max_drawdown_1y": -0.171292, "volume_ratio": 0.737795, "rsi_14": 53.257368, "macd": 0.340042, "macd_signal": 0.411551, "macd_histogram": -0.071509, "bb_width": 0.063361, "bb_position": 0.465956, "stoch_k": 47.923323, "stoch_d": 53.035144, "adx": 22.3055, "atr_14": 0.536288, "last_close": 29.67, "last_date": "2026-03-06"}