{"return_1d": -0.010265, "return_5d": -0.011574, "return_20d": 0.065597, "return_60d": 0.084744, "return_252d": -0.030958, "sma_20": 29.6455, "sma_50": 28.733, "sma_200": 30.313527, "price_vs_sma20": 0.008247, "price_vs_sma50": 0.040267, "price_vs_sma200": -0.013972, "volatility_20d": 0.16083, "volatility_60d": 0.157208, "drawdown": -0.092312, "max_drawdown_1y": -0.171292, "volume_ratio": 0.830474, "rsi_14": 57.291601, "macd": 0.437292, "macd_signal": 0.440253, "macd_histogram": -0.002961, "bb_width": 0.073448, "bb_position": 0.611371, "stoch_k": 61.980831, "stoch_d": 78.723728, "adx": 25.355061, "atr_14": 0.560269, "last_close": 29.89, "last_date": "2026-03-04"}