{"return_1d": -0.00527, "return_5d": -0.002642, "return_20d": 0.080501, "return_60d": 0.084373, "return_252d": -0.016085, "sma_20": 29.5535, "sma_50": 28.6972, "sma_200": 30.315508, "price_vs_sma20": 0.021876, "price_vs_sma50": 0.052367, "price_vs_sma200": -0.00381, "volatility_20d": 0.152727, "volatility_60d": 0.157317, "drawdown": -0.082898, "max_drawdown_1y": -0.171292, "volume_ratio": 1.008349, "rsi_14": 63.546189, "macd": 0.475875, "macd_signal": 0.440994, "macd_histogram": 0.034882, "bb_width": 0.085536, "bb_position": 0.750272, "stoch_k": 81.789137, "stoch_d": 86.559493, "adx": 26.588684, "atr_14": 0.566059, "last_close": 30.2, "last_date": "2026-03-03"}