{"return_1d": 0.014103, "return_5d": 0.003656, "return_20d": 0.074351, "return_60d": 0.073377, "return_252d": -0.012743, "sma_20": 29.3265, "sma_50": 28.6108, "sma_200": 30.311691, "price_vs_sma20": 0.029785, "price_vs_sma50": 0.055545, "price_vs_sma200": -0.003685, "volatility_20d": 0.152894, "volatility_60d": 0.157541, "drawdown": -0.082898, "max_drawdown_1y": -0.171292, "volume_ratio": 0.576037, "rsi_14": 65.282698, "macd": 0.476203, "macd_signal": 0.418523, "macd_histogram": 0.057681, "bb_width": 0.0981, "bb_position": 0.79484, "stoch_k": 84.960422, "stoch_d": 79.602192, "adx": 28.70731, "atr_14": 0.543447, "last_close": 30.2, "last_date": "2026-02-27"}