{"return_1d": -0.01857, "return_5d": -0.025806, "return_20d": -0.068312, "return_60d": -0.103858, "return_252d": -0.256158, "sma_20": 2.2001, "sma_50": 2.30892, "sma_200": 2.786885, "price_vs_sma20": -0.039135, "price_vs_sma50": -0.08442, "price_vs_sma200": -0.241447, "volatility_20d": 0.264712, "volatility_60d": 0.229453, "drawdown": -0.830311, "max_drawdown_1y": -0.830311, "volume_ratio": 0.075548, "rsi_14": 34.735894, "macd": -0.046852, "macd_signal": -0.047257, "macd_histogram": 0.000406, "bb_width": 0.069689, "bb_position": -0.084433, "stoch_k": 6.410256, "stoch_d": 18.45883, "adx": 22.567324, "atr_14": 0.057435, "last_close": 2.114, "last_date": "2026-03-03"}