{"return_1d": 0.008588, "return_5d": -0.039964, "return_20d": -0.046029, "return_60d": -0.103478, "return_252d": -0.240388, "sma_20": 2.17855, "sma_50": 2.29346, "sma_200": 2.774085, "price_vs_sma20": -0.02963, "price_vs_sma50": -0.078249, "price_vs_sma200": -0.237947, "volatility_20d": 0.292236, "volatility_60d": 0.234793, "drawdown": -0.830311, "max_drawdown_1y": -0.833361, "volume_ratio": 0.022643, "rsi_14": 38.341873, "macd": -0.053203, "macd_signal": -0.050372, "macd_histogram": -0.00283, "bb_width": 0.092246, "bb_position": 0.168987, "stoch_k": 29.126214, "stoch_d": 25.404531, "adx": 24.744214, "atr_14": 0.057789, "last_close": 2.114, "last_date": "2026-03-06"}