{"return_1d": -0.026794, "return_5d": -0.034685, "return_20d": -0.084188, "return_60d": -0.084188, "return_252d": -0.237367, "sma_20": 2.2073, "sma_50": 2.3137, "sma_200": 2.790735, "price_vs_sma20": -0.029131, "price_vs_sma50": -0.073778, "price_vs_sma200": -0.232102, "volatility_20d": 0.281479, "volatility_60d": 0.229739, "drawdown": -0.827983, "max_drawdown_1y": -0.827983, "volume_ratio": 0.116392, "rsi_14": 37.335927, "macd": -0.044241, "macd_signal": -0.047534, "macd_histogram": 0.003293, "bb_width": 0.065412, "bb_position": 0.041296, "stoch_k": 6.4, "stoch_d": 25.293506, "adx": 22.165622, "atr_14": 0.058007, "last_close": 2.143, "last_date": "2026-03-02"}