{"return_1d": 0.00578, "return_5d": -0.042641, "return_20d": -0.070761, "return_60d": -0.130724, "return_252d": -0.292922, "sma_20": 2.19025, "sma_50": 2.30266, "sma_200": 2.78252, "price_vs_sma20": -0.046684, "price_vs_sma50": -0.093223, "price_vs_sma200": -0.249601, "volatility_20d": 0.286162, "volatility_60d": 0.234505, "drawdown": -0.832398, "max_drawdown_1y": -0.833361, "volume_ratio": 0.027529, "rsi_14": 33.740258, "macd": -0.053465, "macd_signal": -0.048984, "macd_histogram": -0.004481, "bb_width": 0.089388, "bb_position": -0.047842, "stoch_k": 16.504854, "stoch_d": 14.128155, "adx": 24.281656, "atr_14": 0.058506, "last_close": 2.088, "last_date": "2026-03-04"}