{"return_1d": 0.050186, "return_5d": 0.088758, "return_20d": 0.191779, "return_60d": 0.211137, "return_252d": 0.706606, "sma_20": 199.081785, "sma_50": 184.972864, "sma_200": 159.611727, "price_vs_sma20": 0.079506, "price_vs_sma50": 0.161846, "price_vs_sma200": 0.346455, "volatility_20d": 0.389214, "volatility_60d": 0.361043, "drawdown": 0.0, "max_drawdown_1y": -0.412206, "volume_ratio": 1.97073, "rsi_14": 72.227484, "macd": 5.802581, "macd_signal": 5.279467, "macd_histogram": 0.523114, "bb_width": 0.12171, "bb_position": 1.105132, "stoch_k": 94.12037, "stoch_d": 84.120051, "adx": 43.184733, "atr_14": 6.688102, "last_close": 214.91, "last_date": "2026-03-02"}