{"return_1d": 0.010771, "return_5d": 0.118946, "return_20d": 0.162173, "return_60d": 0.317472, "return_252d": 0.839457, "sma_20": 204.327, "sma_50": 188.70774, "sma_200": 160.999166, "price_vs_sma20": 0.116005, "price_vs_sma50": 0.208377, "price_vs_sma200": 0.416343, "volatility_20d": 0.330664, "volatility_60d": 0.364948, "drawdown": 0.0, "max_drawdown_1y": -0.412206, "volume_ratio": 2.091896, "rsi_14": 79.118921, "macd": 8.856587, "macd_signal": 6.572352, "macd_histogram": 2.284235, "bb_width": 0.162814, "bb_position": 1.138441, "stoch_k": 87.086696, "stoch_d": 90.149352, "adx": 48.775885, "atr_14": 7.366191, "last_close": 228.03, "last_date": "2026-03-05"}