{"return_1d": 0.013029, "return_5d": 0.092209, "return_20d": 0.215412, "return_60d": 0.237173, "return_252d": 0.714295, "sma_20": 201.01106, "sma_50": 186.08867, "sma_200": 160.047857, "price_vs_sma20": 0.083075, "price_vs_sma50": 0.169926, "price_vs_sma200": 0.360281, "volatility_20d": 0.384891, "volatility_60d": 0.360726, "drawdown": 0.0, "max_drawdown_1y": -0.412206, "volume_ratio": 1.849461, "rsi_14": 73.933976, "macd": 6.620693, "macd_signal": 5.547712, "macd_histogram": 1.07298, "bb_width": 0.110962, "bb_position": 1.19125, "stoch_k": 84.508586, "stoch_d": 87.051873, "adx": 44.949223, "atr_14": 7.009666, "last_close": 217.71, "last_date": "2026-03-03"}