{"return_1d": 0.001251, "return_5d": 0.016363, "return_20d": 0.124954, "return_60d": 0.137105, "return_252d": 0.61373, "sma_20": 197.32289, "sma_50": 183.89937, "sma_200": 159.190462, "price_vs_sma20": 0.034067, "price_vs_sma50": 0.109547, "price_vs_sma200": 0.281766, "volatility_20d": 0.360868, "volatility_60d": 0.348789, "drawdown": 0.0, "max_drawdown_1y": -0.412206, "volume_ratio": 0.576689, "rsi_14": 63.697431, "macd": 4.911599, "macd_signal": 5.139196, "macd_histogram": -0.227596, "bb_width": 0.130646, "bb_position": 0.752165, "stoch_k": 77.645611, "stoch_d": 70.187205, "adx": 41.634954, "atr_14": 6.280593, "last_close": 204.045, "last_date": "2026-02-27"}