{"return_1d": 0.036241, "return_5d": 0.130034, "return_20d": 0.180526, "return_60d": 0.297398, "return_252d": 0.808658, "sma_20": 202.736, "sma_50": 187.381558, "sma_200": 160.518334, "price_vs_sma20": 0.112777, "price_vs_sma50": 0.203961, "price_vs_sma200": 0.405447, "volatility_20d": 0.337387, "volatility_60d": 0.365247, "drawdown": 0.0, "max_drawdown_1y": -0.412206, "volume_ratio": 1.480368, "rsi_14": 78.030479, "macd": 7.815615, "macd_signal": 6.001293, "macd_histogram": 1.814322, "bb_width": 0.135982, "bb_position": 1.245301, "stoch_k": 98.852772, "stoch_d": 92.49391, "adx": 46.782825, "atr_14": 7.188975, "last_close": 225.6, "last_date": "2026-03-04"}