{"return_1d": -0.002155, "return_5d": 0.049892, "return_20d": -0.017781, "return_60d": -0.043763, "return_252d": -0.015078, "sma_20": 94.1775, "sma_50": 98.279584, "sma_200": 101.450765, "price_vs_sma20": 0.032306, "price_vs_sma50": -0.010781, "price_vs_sma200": -0.041703, "volatility_20d": 0.375483, "volatility_60d": 0.24638, "drawdown": -0.139346, "max_drawdown_1y": -0.247271, "volume_ratio": 0.537226, "rsi_14": 54.120911, "macd": -0.562976, "macd_signal": -1.324582, "macd_histogram": 0.761606, "bb_width": 0.11306, "bb_position": 0.776799, "stoch_k": 87.183308, "stoch_d": 92.599729, "adx": 17.778856, "atr_14": 2.398628, "last_close": 97.22, "last_date": "2026-03-02"}