{"return_1d": -0.009829, "return_5d": 0.003497, "return_20d": -0.02822, "return_60d": -0.078417, "return_252d": -0.047428, "sma_20": 93.748, "sma_50": 98.075134, "sma_200": 101.403935, "price_vs_sma20": 0.010155, "price_vs_sma50": -0.034414, "price_vs_sma200": -0.066111, "volatility_20d": 0.34075, "volatility_60d": 0.248365, "drawdown": -0.161655, "max_drawdown_1y": -0.247271, "volume_ratio": 0.636169, "rsi_14": 46.507564, "macd": -0.507476, "macd_signal": -1.028102, "macd_histogram": 0.520626, "bb_width": 0.08744, "bb_position": 0.614968, "stoch_k": 49.627422, "stoch_d": 66.815698, "adx": 15.937837, "atr_14": 2.304072, "last_close": 94.7, "last_date": "2026-03-04"}