{"return_1d": -0.006019, "return_5d": 0.046734, "return_20d": -0.012567, "return_60d": -0.033821, "return_252d": -0.018493, "sma_20": 94.2655, "sma_50": 98.319436, "sma_200": 101.464204, "price_vs_sma20": 0.03357, "price_vs_sma50": -0.009046, "price_vs_sma200": -0.03976, "volatility_20d": 0.375668, "volatility_60d": 0.247021, "drawdown": -0.137487, "max_drawdown_1y": -0.247271, "volume_ratio": 0.914748, "rsi_14": 54.795667, "macd": -0.805023, "macd_signal": -1.514984, "macd_histogram": 0.70996, "bb_width": 0.117806, "bb_position": 0.775706, "stoch_k": 91.321762, "stoch_d": 90.986698, "adx": 18.150327, "atr_14": 2.43083, "last_close": 97.43, "last_date": "2026-02-27"}