{"return_1d": -0.016252, "return_5d": 0.021249, "return_20d": -0.057548, "return_60d": -0.062803, "return_252d": -0.036912, "sma_20": 93.8855, "sma_50": 98.19395, "sma_200": 101.433363, "price_vs_sma20": 0.018688, "price_vs_sma50": -0.026009, "price_vs_sma200": -0.057115, "volatility_20d": 0.366328, "volatility_60d": 0.248266, "drawdown": -0.153333, "max_drawdown_1y": -0.247271, "volume_ratio": 0.573096, "rsi_14": 49.210886, "macd": -0.492963, "macd_signal": -1.158258, "macd_histogram": 0.665296, "bb_width": 0.092641, "bb_position": 0.69802, "stoch_k": 63.636364, "stoch_d": 80.713811, "adx": 16.97811, "atr_14": 2.385155, "last_close": 95.64, "last_date": "2026-03-03"}