{"return_1d": 0.003269, "return_5d": 0.015428, "return_20d": 0.035162, "return_60d": 0.062189, "return_252d": 0.246557, "sma_20": 312.67, "sma_50": 303.3068, "sma_200": 287.834464, "price_vs_sma20": -0.008539, "price_vs_sma50": 0.022067, "price_vs_sma200": 0.077008, "volatility_20d": 0.410153, "volatility_60d": 0.310227, "drawdown": -0.061658, "max_drawdown_1y": -0.244295, "volume_ratio": 0.625499, "rsi_14": 50.831709, "macd": 1.340806, "macd_signal": 2.506496, "macd_histogram": -1.16569, "bb_width": 0.120723, "bb_position": 0.428656, "stoch_k": 42.012648, "stoch_d": 36.990193, "adx": 15.773287, "atr_14": 8.846879, "last_close": 310.0, "last_date": "2026-02-27"}