{"return_1d": -0.0134, "return_5d": -0.031257, "return_20d": -0.048326, "return_60d": 0.007935, "return_252d": 0.243591, "sma_20": 311.9055, "sma_50": 304.0352, "sma_200": 288.336249, "price_vs_sma20": -0.051059, "price_vs_sma50": -0.026494, "price_vs_sma200": 0.02651, "volatility_20d": 0.412123, "volatility_60d": 0.314797, "drawdown": -0.104095, "max_drawdown_1y": -0.244295, "volume_ratio": 0.960866, "rsi_14": 41.766283, "macd": -0.91169, "macd_signal": 1.228674, "macd_histogram": -2.140364, "bb_width": 0.13597, "bb_position": 0.104281, "stoch_k": 9.46468, "stoch_d": 18.809077, "adx": 14.715351, "atr_14": 8.972791, "last_close": 295.98, "last_date": "2026-03-04"}