{"return_1d": -0.029563, "return_5d": -0.070423, "return_20d": -0.077884, "return_60d": -0.02591, "return_252d": 0.232057, "sma_20": 310.6925, "sma_50": 303.9424, "sma_200": 288.401954, "price_vs_sma20": -0.075517, "price_vs_sma50": -0.054985, "price_vs_sma200": -0.004064, "volatility_20d": 0.423076, "volatility_60d": 0.320577, "drawdown": -0.130581, "max_drawdown_1y": -0.244295, "volume_ratio": 1.239495, "rsi_14": 37.002571, "macd": -2.367853, "macd_signal": 0.509369, "macd_histogram": -2.877222, "bb_width": 0.158898, "bb_position": -0.014074, "stoch_k": 12.394604, "stoch_d": 12.41912, "adx": 15.758462, "atr_14": 9.376878, "last_close": 287.23, "last_date": "2026-03-05"}