{"return_1d": -0.012258, "return_5d": -0.014769, "return_20d": 0.018833, "return_60d": 0.056445, "return_252d": 0.258452, "sma_20": 312.953, "sma_50": 303.5906, "sma_200": 288.02944, "price_vs_sma20": -0.021578, "price_vs_sma50": 0.008595, "price_vs_sma200": 0.063086, "volatility_20d": 0.413214, "volatility_60d": 0.311019, "drawdown": -0.07316, "max_drawdown_1y": -0.244295, "volume_ratio": 0.853378, "rsi_14": 48.205436, "macd": 0.910981, "macd_signal": 2.187393, "macd_histogram": -1.276412, "bb_width": 0.118432, "bb_position": 0.313782, "stoch_k": 31.564476, "stoch_d": 37.604253, "adx": 15.057996, "atr_14": 8.906847, "last_close": 306.2, "last_date": "2026-03-02"}