{"return_1d": -0.018778, "return_5d": -0.064241, "return_20d": -0.047729, "return_60d": 0.141075, "return_252d": 0.04167, "sma_20": 344.615, "sma_50": 325.992, "sma_200": 286.708, "price_vs_sma20": -0.044731, "price_vs_sma50": 0.009841, "price_vs_sma200": 0.148207, "volatility_20d": 0.213194, "volatility_60d": 0.211974, "drawdown": -0.06795, "max_drawdown_1y": -0.284513, "volume_ratio": 0.746356, "rsi_14": 41.996968, "macd": 2.668194, "macd_signal": 6.211314, "macd_histogram": -3.543119, "bb_width": 0.076371, "bb_position": -0.113135, "stoch_k": 11.469534, "stoch_d": 26.364162, "adx": 35.18902, "atr_14": 7.134967, "last_close": 329.2, "last_date": "2026-03-06"}