{"return_1d": 0.010511, "return_5d": -0.038022, "return_20d": -0.036645, "return_60d": 0.190729, "return_252d": 0.059431, "sma_20": 345.805, "sma_50": 324.332, "sma_200": 286.1265, "price_vs_sma20": -0.026908, "price_vs_sma50": 0.037517, "price_vs_sma200": 0.176053, "volatility_20d": 0.188918, "volatility_60d": 0.212384, "drawdown": -0.047282, "max_drawdown_1y": -0.284513, "volume_ratio": 0.327948, "rsi_14": 48.028205, "macd": 4.86609, "macd_signal": 7.799493, "macd_histogram": -2.933403, "bb_width": 0.058817, "bb_position": 0.029858, "stoch_k": 28.688525, "stoch_d": 27.227972, "adx": 37.916038, "atr_14": 6.403571, "last_close": 336.5, "last_date": "2026-03-04"}