{"return_1d": -0.036575, "return_5d": -0.060306, "return_20d": -0.025257, "return_60d": 0.173206, "return_252d": 0.03518, "sma_20": 346.39, "sma_50": 323.42, "sma_200": 285.828, "price_vs_sma20": -0.041831, "price_vs_sma50": 0.02622, "price_vs_sma200": 0.161188, "volatility_20d": 0.215702, "volatility_60d": 0.214376, "drawdown": -0.060306, "max_drawdown_1y": -0.284513, "volume_ratio": 0.208945, "rsi_14": 43.264551, "macd": 5.904471, "macd_signal": 8.515293, "macd_histogram": -2.610822, "bb_width": 0.056388, "bb_position": -0.274242, "stoch_k": 2.212389, "stoch_d": 42.242839, "adx": 39.685453, "atr_14": 6.32967, "last_close": 331.9, "last_date": "2026-03-03"}