{"return_1d": -0.022456, "return_5d": -0.017709, "return_20d": 0.04086, "return_60d": 0.216054, "return_252d": 0.094674, "sma_20": 346.79, "sma_50": 322.674, "sma_200": 285.5565, "price_vs_sma20": -0.008334, "price_vs_sma50": 0.065782, "price_vs_sma200": 0.204315, "volatility_20d": 0.203426, "volatility_60d": 0.199101, "drawdown": -0.026331, "max_drawdown_1y": -0.284513, "volume_ratio": 0.366695, "rsi_14": 56.235098, "macd": 7.650913, "macd_signal": 9.158426, "macd_histogram": -1.507513, "bb_width": 0.042096, "bb_position": 0.300372, "stoch_k": 34.83871, "stoch_d": 65.806452, "adx": 42.110226, "atr_14": 5.808875, "last_close": 343.9, "last_date": "2026-03-02"}