{"return_1d": -0.004118, "return_5d": -0.033676, "return_20d": -0.022235, "return_60d": 0.211016, "return_252d": 0.085571, "sma_20": 345.595, "sma_50": 325.358, "sma_200": 286.458, "price_vs_sma20": -0.02024, "price_vs_sma50": 0.0407, "price_vs_sma200": 0.182023, "volatility_20d": 0.199743, "volatility_60d": 0.213675, "drawdown": -0.041336, "max_drawdown_1y": -0.284513, "volume_ratio": 0.073576, "rsi_14": 49.984432, "macd": 4.311428, "macd_signal": 7.146552, "macd_histogram": -2.835124, "bb_width": 0.058327, "bb_position": 0.145812, "stoch_k": 37.295082, "stoch_d": 31.537861, "adx": 35.811721, "atr_14": 6.456887, "last_close": 338.6, "last_date": "2026-03-05"}