{"return_1d": 0.003995, "return_5d": 0.001994, "return_20d": 0.085802, "return_60d": 0.236555, "return_252d": 0.140218, "sma_20": 346.115, "sma_50": 321.724, "sma_200": 285.234, "price_vs_sma20": 0.016425, "price_vs_sma50": 0.093484, "price_vs_sma200": 0.233373, "volatility_20d": 0.190674, "volatility_60d": 0.192744, "drawdown": -0.003964, "max_drawdown_1y": -0.284513, "volume_ratio": 0.90452, "rsi_14": 68.798878, "macd": 8.594071, "macd_signal": 9.535305, "macd_histogram": -0.941234, "bb_width": 0.057593, "bb_position": 0.780585, "stoch_k": 85.806452, "stoch_d": 78.494624, "adx": 44.562873, "atr_14": 5.301865, "last_close": 351.8, "last_date": "2026-02-27"}