{"return_1d": -0.000862, "return_5d": -0.083794, "return_20d": -0.079702, "return_60d": -0.132647, "return_252d": -0.086163, "sma_20": 100.216, "sma_50": 101.7418, "sma_200": 96.94595, "price_vs_sma20": -0.074798, "price_vs_sma50": -0.088673, "price_vs_sma200": -0.043591, "volatility_20d": 0.297907, "volatility_60d": 0.28994, "drawdown": -0.415865, "max_drawdown_1y": -0.504471, "volume_ratio": 0.092055, "rsi_14": 32.475176, "macd": -2.31069, "macd_signal": -1.261998, "macd_histogram": -1.048692, "bb_width": 0.165068, "bb_position": 0.010228, "stoch_k": 2.694136, "stoch_d": 6.480439, "adx": 21.068354, "atr_14": 2.529904, "last_close": 92.72, "last_date": "2026-03-06"}