{"return_1d": -0.003447, "return_5d": -0.012683, "return_20d": -0.014126, "return_60d": 0.028664, "return_252d": 0.03622, "sma_20": 102.3945, "sma_50": 102.9912, "sma_200": 97.01075, "price_vs_sma20": -0.011666, "price_vs_sma50": -0.017392, "price_vs_sma200": 0.043183, "volatility_20d": 0.2937, "volatility_60d": 0.277782, "drawdown": -0.362441, "max_drawdown_1y": -0.504471, "volume_ratio": 1.378323, "rsi_14": 47.09852, "macd": -0.415167, "macd_signal": -0.189417, "macd_histogram": -0.22575, "bb_width": 0.059334, "bb_position": 0.301068, "stoch_k": 26.640927, "stoch_d": 25.046427, "adx": 9.907549, "atr_14": 2.365823, "last_close": 101.2, "last_date": "2026-02-27"}