{"return_1d": -0.023568, "return_5d": -0.070276, "return_20d": -0.076186, "return_60d": -0.066601, "return_252d": -0.013847, "sma_20": 101.7045, "sma_50": 102.5092, "sma_200": 96.98845, "price_vs_sma20": -0.071231, "price_vs_sma50": -0.078522, "price_vs_sma200": -0.02607, "volatility_20d": 0.339761, "volatility_60d": 0.293089, "drawdown": -0.404903, "max_drawdown_1y": -0.504471, "volume_ratio": 0.211361, "rsi_14": 33.836813, "macd": -1.253031, "macd_signal": -0.497915, "macd_histogram": -0.755115, "bb_width": 0.108098, "bb_position": -0.209485, "stoch_k": 0.566038, "stoch_d": 12.860118, "adx": 13.896811, "atr_14": 2.573184, "last_close": 94.46, "last_date": "2026-03-03"}