{"return_1d": -0.032609, "return_5d": -0.02002, "return_20d": -0.047202, "return_60d": -0.016476, "return_252d": -0.02016, "sma_20": 102.152, "sma_50": 102.7772, "sma_200": 97.01275, "price_vs_sma20": -0.041624, "price_vs_sma50": -0.047454, "price_vs_sma200": 0.009146, "volatility_20d": 0.314822, "volatility_60d": 0.284966, "drawdown": -0.383231, "max_drawdown_1y": -0.504471, "volume_ratio": 0.313312, "rsi_14": 39.677668, "macd": -0.695479, "macd_signal": -0.290629, "macd_histogram": -0.404849, "bb_width": 0.07307, "bb_position": -0.094391, "stoch_k": 7.792208, "stoch_d": 22.610273, "adx": 11.333923, "atr_14": 2.475407, "last_close": 97.9, "last_date": "2026-03-02"}