{"return_1d": 0.003633, "return_5d": -0.060236, "return_20d": -0.113962, "return_60d": -0.086825, "return_252d": -0.051533, "sma_20": 101.0565, "sma_50": 102.236, "sma_200": 96.96525, "price_vs_sma20": -0.070619, "price_vs_sma50": -0.081341, "price_vs_sma200": -0.031406, "volatility_20d": 0.314966, "volatility_60d": 0.294603, "drawdown": -0.408305, "max_drawdown_1y": -0.504471, "volume_ratio": 0.063972, "rsi_14": 33.606039, "macd": -1.700357, "macd_signal": -0.749636, "macd_histogram": -0.950721, "bb_width": 0.126915, "bb_position": -0.098709, "stoch_k": 10.78905, "stoch_d": 10.071323, "adx": 16.61114, "atr_14": 2.574386, "last_close": 93.92, "last_date": "2026-03-04"}