{"return_1d": -0.010983, "return_5d": -0.071218, "return_20d": -0.079357, "return_60d": -0.115529, "return_252d": -0.101833, "sma_20": 101.1175, "sma_50": 102.486, "sma_200": 98.377, "price_vs_sma20": -0.064949, "price_vs_sma50": -0.077435, "price_vs_sma200": -0.038901, "volatility_20d": 0.278361, "volatility_60d": 0.278181, "drawdown": -0.584695, "max_drawdown_1y": -0.643823, "volume_ratio": 0.22924, "rsi_14": 34.269109, "macd": -1.861696, "macd_signal": -0.963598, "macd_histogram": -0.898097, "bb_width": 0.131599, "bb_position": -0.027819, "stoch_k": 9.82906, "stoch_d": 12.108262, "adx": 19.34909, "atr_14": 2.512231, "last_close": 94.55, "last_date": "2026-03-05"}