{"return_1d": 0.004242, "return_5d": -0.057711, "return_20d": -0.108286, "return_60d": -0.087669, "return_252d": -0.065391, "sma_20": 101.48, "sma_50": 102.729, "sma_200": 98.39075, "price_vs_sma20": -0.066811, "price_vs_sma50": -0.078157, "price_vs_sma200": -0.037511, "volatility_20d": 0.289869, "volatility_60d": 0.283515, "drawdown": -0.584036, "max_drawdown_1y": -0.643823, "volume_ratio": 0.175294, "rsi_14": 33.289523, "macd": -1.647776, "macd_signal": -0.753433, "macd_histogram": -0.894343, "bb_width": 0.119846, "bb_position": -0.097387, "stoch_k": 11.111111, "stoch_d": 8.205791, "adx": 17.09368, "atr_14": 2.498336, "last_close": 94.7, "last_date": "2026-03-04"}