{"return_1d": -0.03389, "return_5d": -0.020418, "return_20d": -0.046072, "return_60d": -0.026238, "return_252d": -0.039164, "sma_20": 102.5125, "sma_50": 103.278, "sma_200": 98.454, "price_vs_sma20": -0.040605, "price_vs_sma50": -0.047716, "price_vs_sma200": -0.001056, "volatility_20d": 0.296575, "volatility_60d": 0.273201, "drawdown": -0.568004, "max_drawdown_1y": -0.643823, "volume_ratio": 0.341125, "rsi_14": 39.004194, "macd": -0.686111, "macd_signal": -0.318543, "macd_histogram": -0.367568, "bb_width": 0.0678, "bb_position": -0.124241, "stoch_k": 6.802721, "stoch_d": 25.344497, "adx": 11.663204, "atr_14": 2.419436, "last_close": 98.35, "last_date": "2026-03-02"}