{"return_1d": -0.022657, "return_5d": -0.070519, "return_20d": -0.071429, "return_60d": -0.072336, "return_252d": -0.032019, "sma_20": 102.085, "sma_50": 102.999, "sma_200": 98.41975, "price_vs_sma20": -0.070383, "price_vs_sma50": -0.078632, "price_vs_sma200": -0.035763, "volatility_20d": 0.323752, "volatility_60d": 0.28291, "drawdown": -0.583158, "max_drawdown_1y": -0.643823, "volume_ratio": 0.303265, "rsi_14": 32.880115, "macd": -1.247429, "macd_signal": -0.520275, "macd_histogram": -0.727154, "bb_width": 0.103993, "bb_position": -0.22804, "stoch_k": 0.0, "stoch_d": 13.476446, "adx": 14.327519, "atr_14": 2.529527, "last_close": 94.9, "last_date": "2026-03-03"}