{"return_1d": 0.023835, "return_5d": 0.136822, "return_20d": -0.042107, "return_60d": -0.071913, "return_252d": -0.274791, "sma_20": 188.275, "sma_50": 207.5372, "sma_200": 250.550032, "price_vs_sma20": 0.101952, "price_vs_sma50": -0.000324, "price_vs_sma200": -0.171942, "volatility_20d": 0.558471, "volatility_60d": 0.33683, "drawdown": -0.350956, "max_drawdown_1y": -0.469834, "volume_ratio": 0.642916, "rsi_14": 60.724864, "macd": -3.24385, "macd_signal": -7.208699, "macd_histogram": 3.96485, "bb_width": 0.248199, "bb_position": 0.872763, "stoch_k": 95.500111, "stoch_d": 95.738626, "adx": 34.411671, "atr_14": 7.637911, "last_close": 207.47, "last_date": "2026-02-27"}