{"return_1d": 0.024329, "return_5d": 0.13737, "return_20d": -0.041646, "return_60d": -0.071465, "return_252d": -0.274441, "sma_20": 188.28, "sma_50": 207.5392, "sma_200": 250.550534, "price_vs_sma20": 0.102454, "price_vs_sma50": 0.000148, "price_vs_sma200": -0.171544, "volatility_20d": 0.558772, "volatility_60d": 0.336987, "drawdown": -0.350643, "max_drawdown_1y": -0.469834, "volume_ratio": 1.178427, "rsi_14": 60.79241, "macd": -3.235872, "macd_signal": -7.207104, "macd_histogram": 3.971231, "bb_width": 0.248223, "bb_position": 0.874391, "stoch_k": 95.722878, "stoch_d": 95.812881, "adx": 34.411671, "atr_14": 7.687911, "last_close": 207.57, "last_date": "2026-02-27"}