{"return_1d": 0.034783, "return_5d": 0.182764, "return_20d": -0.012278, "return_60d": -0.042757, "return_252d": -0.254587, "sma_20": 188.1465, "sma_50": 207.4822, "sma_200": 250.124494, "price_vs_sma20": 0.14161, "price_vs_sma50": 0.035221, "price_vs_sma200": -0.141268, "volatility_20d": 0.573299, "volatility_60d": 0.34477, "drawdown": -0.328056, "max_drawdown_1y": -0.469834, "volume_ratio": 1.003921, "rsi_14": 65.416944, "macd": -1.203597, "macd_signal": -6.006402, "macd_histogram": 4.802805, "bb_width": 0.23443, "bb_position": 1.029131, "stoch_k": 97.912602, "stoch_d": 96.703415, "adx": 34.318858, "atr_14": 7.730918, "last_close": 214.79, "last_date": "2026-03-02"}