{"return_1d": 0.003865, "return_5d": 0.100909, "return_20d": 0.119954, "return_60d": -0.027296, "return_252d": -0.279703, "sma_20": 189.331, "sma_50": 207.334, "sma_200": 249.248858, "price_vs_sma20": 0.138641, "price_vs_sma50": 0.039772, "price_vs_sma200": -0.135081, "volatility_20d": 0.424854, "volatility_60d": 0.344215, "drawdown": -0.325585, "max_drawdown_1y": -0.469834, "volume_ratio": 0.657663, "rsi_14": 65.906702, "macd": 1.716555, "macd_signal": -3.43692, "macd_histogram": 5.153475, "bb_width": 0.259318, "bb_position": 0.969538, "stoch_k": 98.531117, "stoch_d": 97.88416, "adx": 34.223319, "atr_14": 7.44125, "last_close": 215.58, "last_date": "2026-03-04"}