{"return_1d": 0.014485, "return_5d": 0.113427, "return_20d": -0.015813, "return_60d": -0.035881, "return_252d": 0.00687, "sma_20": 222.729255, "sma_50": 236.759576, "sma_200": 259.614722, "price_vs_sma20": 0.072288, "price_vs_sma50": 0.008745, "price_vs_sma200": -0.08006, "volatility_20d": 0.392552, "volatility_60d": 0.281035, "drawdown": -0.211869, "max_drawdown_1y": -0.30209, "volume_ratio": 0.696395, "rsi_14": 61.162307, "macd": -2.097818, "macd_signal": -5.271673, "macd_histogram": 3.173855, "bb_width": 0.155437, "bb_position": 0.933712, "stoch_k": 99.422946, "stoch_d": 94.791273, "adx": 30.634328, "atr_14": 7.087099, "last_close": 238.83, "last_date": "2026-03-04"}