{"return_1d": 0.032317, "return_5d": 0.102928, "return_20d": -0.058582, "return_60d": -0.05459, "return_252d": 0.002007, "sma_20": 222.92112, "sma_50": 236.85266, "sma_200": 259.811418, "price_vs_sma20": 0.056069, "price_vs_sma50": -0.006049, "price_vs_sma200": -0.093881, "volatility_20d": 0.401325, "volatility_60d": 0.279457, "drawdown": -0.223122, "max_drawdown_1y": -0.30209, "volume_ratio": 0.917139, "rsi_14": 58.217206, "macd": -3.526092, "macd_signal": -6.065136, "macd_histogram": 2.539044, "bb_width": 0.163864, "bb_position": 0.824, "stoch_k": 97.844991, "stoch_d": 94.413824, "adx": 31.577413, "atr_14": 7.158414, "last_close": 235.42, "last_date": "2026-03-03"}