{"return_1d": 0.011763, "return_5d": 0.055718, "return_20d": -0.063151, "return_60d": -0.088567, "return_252d": -0.026515, "sma_20": 224.417345, "sma_50": 237.254682, "sma_200": 260.221785, "price_vs_sma20": 0.015697, "price_vs_sma50": -0.03926, "price_vs_sma200": -0.124055, "volatility_20d": 0.39626, "volatility_60d": 0.273295, "drawdown": -0.247806, "max_drawdown_1y": -0.30209, "volume_ratio": 1.180201, "rsi_14": 50.594103, "macd": -5.946384, "macd_signal": -7.137221, "macd_histogram": 1.190837, "bb_width": 0.207127, "bb_position": 0.574613, "stoch_k": 98.290598, "stoch_d": 52.622859, "adx": 35.592493, "atr_14": 7.002125, "last_close": 227.94, "last_date": "2026-02-27"}