{"return_1d": -0.000544, "return_5d": 0.059523, "return_20d": -0.005735, "return_60d": -0.039881, "return_252d": 0.019567, "sma_20": 222.66041, "sma_50": 236.671064, "sma_200": 259.409967, "price_vs_sma20": 0.072036, "price_vs_sma50": 0.008573, "price_vs_sma200": -0.079835, "volatility_20d": 0.390712, "volatility_60d": 0.280907, "drawdown": -0.212298, "max_drawdown_1y": -0.30209, "volume_ratio": 1.032799, "rsi_14": 60.985823, "macd": -0.965263, "macd_signal": -4.410391, "macd_histogram": 3.445128, "bb_width": 0.153433, "bb_position": 0.937948, "stoch_k": 90.222772, "stoch_d": 95.830236, "adx": 30.147825, "atr_14": 6.983021, "last_close": 238.7, "last_date": "2026-03-05"}