{"return_1d": -0.024196, "return_5d": -0.026999, "return_20d": 0.004788, "return_60d": 0.024054, "return_252d": -0.011505, "sma_20": 475.3745, "sma_50": 466.8184, "sma_200": 436.76785, "price_vs_sma20": -0.002323, "price_vs_sma50": 0.015963, "price_vs_sma200": 0.085863, "volatility_20d": 0.371138, "volatility_60d": 0.297858, "drawdown": -0.082188, "max_drawdown_1y": -0.290668, "volume_ratio": 0.695758, "rsi_14": 49.990772, "macd": 5.393538, "macd_signal": 5.307927, "macd_histogram": 0.085611, "bb_width": 0.084978, "bb_position": 0.472595, "stoch_k": 40.157639, "stoch_d": 63.278092, "adx": 22.331001, "atr_14": 13.625209, "last_close": 474.27, "last_date": "2026-03-03"}