{"return_1d": -0.021738, "return_5d": 0.010436, "return_20d": 0.034326, "return_60d": 0.122082, "return_252d": 0.024299, "sma_20": 475.2615, "sma_50": 466.3234, "sma_200": 436.5023, "price_vs_sma20": 0.022658, "price_vs_sma50": 0.04226, "price_vs_sma200": 0.113465, "volatility_20d": 0.359616, "volatility_60d": 0.324972, "drawdown": -0.05943, "max_drawdown_1y": -0.290668, "volume_ratio": 0.688631, "rsi_14": 55.80577, "macd": 6.41312, "macd_signal": 5.286524, "macd_histogram": 1.126596, "bb_width": 0.083122, "bb_position": 0.766547, "stoch_k": 63.924818, "stoch_d": 67.225815, "adx": 22.80313, "atr_14": 13.561764, "last_close": 486.03, "last_date": "2026-03-02"}