{"return_1d": 0.007633, "return_5d": -0.010682, "return_20d": 0.026374, "return_60d": 0.044888, "return_252d": -0.011214, "sma_20": 475.9885, "sma_50": 467.4286, "sma_200": 436.9854, "price_vs_sma20": 0.003995, "price_vs_sma50": 0.022381, "price_vs_sma200": 0.093606, "volatility_20d": 0.368105, "volatility_60d": 0.29695, "drawdown": -0.075183, "max_drawdown_1y": -0.290668, "volume_ratio": 0.657842, "rsi_14": 51.660548, "macd": 4.822031, "macd_signal": 5.210748, "macd_histogram": -0.388717, "bb_width": 0.082304, "bb_position": 0.548344, "stoch_k": 40.770283, "stoch_d": 48.284247, "adx": 21.784523, "atr_14": 13.384123, "last_close": 477.89, "last_date": "2026-03-04"}