{"return_1d": 0.030669, "return_5d": 0.037649, "return_20d": 0.040311, "return_60d": 0.162723, "return_252d": 0.032885, "sma_20": 474.35625, "sma_50": 465.6625, "sma_200": 436.222275, "price_vs_sma20": 0.043214, "price_vs_sma50": 0.06269, "price_vs_sma200": 0.13441, "volatility_20d": 0.348057, "volatility_60d": 0.321017, "drawdown": -0.042352, "max_drawdown_1y": -0.290668, "volume_ratio": 0.510957, "rsi_14": 61.22599, "macd": 6.266263, "macd_signal": 4.973365, "macd_histogram": 1.292898, "bb_width": 0.077853, "bb_position": 1.032078, "stoch_k": 81.760307, "stoch_d": 63.887766, "adx": 21.842437, "atr_14": 13.478301, "last_close": 494.855, "last_date": "2026-02-27"}