{"return_1d": -0.027229, "return_5d": 0.003532, "return_20d": 0.057973, "return_60d": -0.008033, "return_252d": 0.167066, "sma_20": 162.995765, "sma_50": 163.437654, "sma_200": 181.328329, "price_vs_sma20": 0.055275, "price_vs_sma50": 0.052421, "price_vs_sma200": -0.051415, "volatility_20d": 0.46481, "volatility_60d": 0.554525, "drawdown": -0.209595, "max_drawdown_1y": -0.488043, "volume_ratio": 0.500029, "rsi_14": 55.916448, "macd": 3.42937, "macd_signal": 1.964961, "macd_histogram": 1.464409, "bb_width": 0.246088, "bb_position": 0.712848, "stoch_k": 79.349165, "stoch_d": 91.529912, "adx": 13.243454, "atr_14": 7.765446, "last_close": 172.0053, "last_date": "2026-02-27"}