{"return_1d": -0.016571, "return_5d": 0.014527, "return_20d": 0.069566, "return_60d": 0.002836, "return_252d": 0.179854, "sma_20": 163.09, "sma_50": 163.475348, "sma_200": 181.337752, "price_vs_sma20": 0.066221, "price_vs_sma50": 0.063708, "price_vs_sma200": -0.041071, "volatility_20d": 0.45702, "volatility_60d": 0.552679, "drawdown": -0.200934, "max_drawdown_1y": -0.488043, "volume_ratio": 0.952624, "rsi_14": 57.997774, "macd": 3.579716, "macd_signal": 1.99503, "macd_histogram": 1.584686, "bb_width": 0.245441, "bb_position": 0.753047, "stoch_k": 85.522437, "stoch_d": 93.58767, "adx": 13.243454, "atr_14": 7.765446, "last_close": 173.89, "last_date": "2026-02-27"}