{"return_1d": -0.045431, "return_5d": -0.010787, "return_20d": 0.048248, "return_60d": -0.036677, "return_252d": 0.283742, "sma_20": 163.472, "sma_50": 163.330978, "sma_200": 181.395592, "price_vs_sma20": 0.015403, "price_vs_sma50": 0.01628, "price_vs_sma200": -0.084928, "volatility_20d": 0.47849, "volatility_60d": 0.560542, "drawdown": -0.237236, "max_drawdown_1y": -0.488043, "volume_ratio": 0.879366, "rsi_14": 49.65463, "macd": 2.991013, "macd_signal": 2.194227, "macd_histogram": 0.796786, "bb_width": 0.256162, "bb_position": 0.559219, "stoch_k": 47.574468, "stoch_d": 77.240509, "adx": 12.756882, "atr_14": 7.974342, "last_close": 165.99, "last_date": "2026-03-02"}