{"return_1d": -0.05227, "return_5d": -0.087642, "return_20d": 0.108898, "return_60d": -0.043636, "return_252d": 0.257342, "sma_20": 166.385, "sma_50": 163.352, "sma_200": 181.559114, "price_vs_sma20": -0.046489, "price_vs_sma50": -0.028784, "price_vs_sma200": -0.12618, "volatility_20d": 0.453037, "volatility_60d": 0.563701, "drawdown": -0.270966, "max_drawdown_1y": -0.488043, "volume_ratio": 1.037923, "rsi_14": 43.741841, "macd": 0.66628, "macd_signal": 1.694715, "macd_histogram": -1.028436, "bb_width": 0.185476, "bb_position": 0.237136, "stoch_k": 22.384524, "stoch_d": 40.097381, "adx": 15.230476, "atr_14": 8.04454, "last_close": 158.65, "last_date": "2026-03-06"}