{"return_1d": 0.010266, "return_5d": -0.068431, "return_20d": 0.067712, "return_60d": -0.070894, "return_252d": 0.325169, "sma_20": 164.362, "sma_50": 163.31846, "sma_200": 181.492712, "price_vs_sma20": -0.006096, "price_vs_sma50": 0.000254, "price_vs_sma200": -0.099909, "volatility_20d": 0.477375, "volatility_60d": 0.560774, "drawdown": -0.249322, "max_drawdown_1y": -0.488043, "volume_ratio": 0.791256, "rsi_14": 47.499182, "macd": 1.605157, "macd_signal": 2.069892, "macd_histogram": -0.464735, "bb_width": 0.248067, "bb_position": 0.475274, "stoch_k": 40.979076, "stoch_d": 40.993042, "adx": 14.571267, "atr_14": 8.010887, "last_close": 163.36, "last_date": "2026-03-04"}