{"return_1d": -0.001846, "return_5d": 0.00081, "return_20d": 0.117427, "return_60d": 0.087872, "return_252d": 0.285525, "sma_20": 84.493, "sma_50": 80.170484, "sma_200": 71.394255, "price_vs_sma20": 0.023753, "price_vs_sma50": 0.078951, "price_vs_sma200": 0.211582, "volatility_20d": 0.187764, "volatility_60d": 0.170258, "drawdown": -0.004488, "max_drawdown_1y": -0.108875, "volume_ratio": 0.529061, "rsi_14": 70.644398, "macd": 2.07483, "macd_signal": 2.141002, "macd_histogram": -0.066172, "bb_width": 0.131177, "bb_position": 0.676878, "stoch_k": 64.136126, "stoch_d": 69.906451, "adx": 35.469106, "atr_14": 1.532617, "last_close": 86.5, "last_date": "2026-03-03"}