{"return_1d": 0.005803, "return_5d": 0.000462, "return_20d": 0.115746, "return_60d": 0.088796, "return_252d": 0.297657, "sma_20": 84.0385, "sma_50": 80.008878, "sma_200": 71.273916, "price_vs_sma20": 0.031194, "price_vs_sma50": 0.08313, "price_vs_sma200": 0.215873, "volatility_20d": 0.18863, "volatility_60d": 0.170196, "drawdown": -0.002647, "max_drawdown_1y": -0.108875, "volume_ratio": 0.661886, "rsi_14": 72.10393, "macd": 2.156226, "macd_signal": 2.157545, "macd_histogram": -0.001319, "bb_width": 0.147034, "bb_position": 0.705737, "stoch_k": 76.730769, "stoch_d": 78.406845, "adx": 35.757603, "atr_14": 1.51128, "last_close": 86.66, "last_date": "2026-03-02"}