{"return_1d": 0.00289, "return_5d": 0.003935, "return_20d": 0.116617, "return_60d": 0.084913, "return_252d": 0.267619, "sma_20": 84.946, "sma_50": 80.317012, "sma_200": 71.510505, "price_vs_sma20": 0.021237, "price_vs_sma50": 0.080095, "price_vs_sma200": 0.213108, "volatility_20d": 0.187885, "volatility_60d": 0.170064, "drawdown": -0.001611, "max_drawdown_1y": -0.108875, "volume_ratio": 0.757408, "rsi_14": 71.611348, "macd": 2.007357, "macd_signal": 2.114273, "macd_histogram": -0.106916, "bb_width": 0.110877, "bb_position": 0.687553, "stoch_k": 70.603675, "stoch_d": 70.49019, "adx": 35.373067, "atr_14": 1.505287, "last_close": 86.75, "last_date": "2026-03-04"}