{"return_1d": -0.020634, "return_5d": -0.017122, "return_20d": 0.093014, "return_60d": 0.060419, "return_252d": 0.251244, "sma_20": 85.3075, "sma_50": 80.443842, "sma_200": 71.613888, "price_vs_sma20": -0.004073, "price_vs_sma50": 0.056141, "price_vs_sma200": 0.186362, "volatility_20d": 0.209253, "volatility_60d": 0.175956, "drawdown": -0.022212, "max_drawdown_1y": -0.108875, "volume_ratio": 0.778631, "rsi_14": 57.106949, "macd": 1.788825, "macd_signal": 2.049183, "macd_histogram": -0.260358, "bb_width": 0.082199, "bb_position": 0.45024, "stoch_k": 25.384615, "stoch_d": 53.374805, "adx": 33.341927, "atr_14": 1.596338, "last_close": 84.96, "last_date": "2026-03-05"}