{"return_1d": -0.051592, "return_5d": -0.073429, "return_20d": 0.08845, "return_60d": 0.373616, "return_252d": 0.695185, "sma_20": 15.436, "sma_50": 13.795, "sma_200": 10.717505, "price_vs_sma20": -0.035372, "price_vs_sma50": 0.079377, "price_vs_sma200": 0.389316, "volatility_20d": 0.474113, "volatility_60d": 0.340901, "drawdown": -0.076875, "max_drawdown_1y": -0.470048, "volume_ratio": 1.189868, "rsi_14": 50.070028, "macd": 0.499817, "macd_signal": 0.689517, "macd_histogram": -0.189701, "bb_width": 0.18912, "bb_position": 0.306108, "stoch_k": 9.714286, "stoch_d": 26.266026, "adx": 50.091307, "atr_14": 0.552938, "last_close": 14.89, "last_date": "2026-03-03"}