{"return_1d": -0.023279, "return_5d": -0.064384, "return_20d": 0.139633, "return_60d": 0.392056, "return_252d": 0.392512, "sma_20": 15.24325, "sma_50": 13.6457, "sma_200": 10.6473, "price_vs_sma20": -0.022846, "price_vs_sma50": 0.091553, "price_vs_sma200": 0.398946, "volatility_20d": 0.419205, "volatility_60d": 0.306647, "drawdown": -0.076565, "max_drawdown_1y": -0.470048, "volume_ratio": 0.662512, "rsi_14": 51.263987, "macd": 0.621188, "macd_signal": 0.772023, "macd_histogram": -0.150835, "bb_width": 0.250666, "bb_position": 0.406727, "stoch_k": 12.983425, "stoch_d": 48.350312, "adx": 54.997608, "atr_14": 0.482959, "last_close": 14.895, "last_date": "2026-02-27"}