{"return_1d": 0.051574, "return_5d": -0.015674, "return_20d": 0.199389, "return_60d": 0.46592, "return_252d": 0.731134, "sma_20": 15.3755, "sma_50": 13.7312, "sma_200": 10.683624, "price_vs_sma20": 0.021105, "price_vs_sma50": 0.143381, "price_vs_sma200": 0.469539, "volatility_20d": 0.445262, "volatility_60d": 0.319647, "drawdown": -0.026658, "max_drawdown_1y": -0.470048, "volume_ratio": 1.149355, "rsi_14": 61.700684, "macd": 0.594389, "macd_signal": 0.736943, "macd_histogram": -0.142553, "bb_width": 0.20242, "bb_position": 0.602109, "stoch_k": 54.166667, "stoch_d": 39.202333, "adx": 52.532562, "atr_14": 0.520087, "last_close": 15.7, "last_date": "2026-03-02"}