{"return_1d": 7.2e-05, "return_5d": 0.000314, "return_20d": 0.036851, "return_60d": 0.099747, "return_252d": 0.199514, "sma_20": 205.14225, "sma_50": 199.033694, "sma_200": 184.570439, "price_vs_sma20": 0.008788, "price_vs_sma50": 0.039749, "price_vs_sma200": 0.121225, "volatility_20d": 0.102542, "volatility_60d": 0.100341, "drawdown": 0.0, "max_drawdown_1y": -0.145195, "volume_ratio": 0.917854, "rsi_14": 65.062896, "macd": 2.27547, "macd_signal": 2.534938, "macd_histogram": -0.259467, "bb_width": 0.039276, "bb_position": 0.721796, "stoch_k": 70.608899, "stoch_d": 72.79708, "adx": 32.477257, "atr_14": 1.980762, "last_close": 206.945, "last_date": "2026-02-27"}