{"return_1d": -0.002171, "return_5d": 0.00765, "return_20d": 0.035344, "return_60d": 0.100776, "return_252d": 0.202826, "sma_20": 205.511, "sma_50": 199.36872, "sma_200": 184.765864, "price_vs_sma20": 0.006321, "price_vs_sma50": 0.037324, "price_vs_sma200": 0.119308, "volatility_20d": 0.103303, "volatility_60d": 0.100377, "drawdown": -0.002171, "max_drawdown_1y": -0.145195, "volume_ratio": 1.444532, "rsi_14": 63.517841, "macd": 2.199141, "macd_signal": 2.471799, "macd_histogram": -0.272657, "bb_width": 0.032016, "bb_position": 0.696189, "stoch_k": 67.447307, "stoch_d": 72.765501, "adx": 32.441855, "atr_14": 1.982287, "last_close": 206.81, "last_date": "2026-03-02"}