{"return_1d": 0.003525, "return_5d": -0.008033, "return_20d": 0.012446, "return_60d": 0.08124, "return_252d": 0.186768, "sma_20": 205.778, "sma_50": 199.95668, "sma_200": 185.134227, "price_vs_sma20": -0.003829, "price_vs_sma50": 0.025172, "price_vs_sma200": 0.107251, "volatility_20d": 0.110666, "volatility_60d": 0.103126, "drawdown": -0.010952, "max_drawdown_1y": -0.145195, "volume_ratio": 0.906549, "rsi_14": 54.509807, "macd": 1.687183, "macd_signal": 2.222103, "macd_histogram": -0.53492, "bb_width": 0.023677, "bb_position": 0.337645, "stoch_k": 52.794118, "stoch_d": 54.149102, "adx": 29.480837, "atr_14": 2.214472, "last_close": 204.99, "last_date": "2026-03-04"}