{"return_1d": -0.011368, "return_5d": -0.034884, "return_20d": -0.011954, "return_60d": 0.061372, "return_252d": 0.172066, "sma_20": 205.5935, "sma_50": 200.362, "sma_200": 185.440919, "price_vs_sma20": -0.027061, "price_vs_sma50": -0.001657, "price_vs_sma200": 0.078672, "volatility_20d": 0.124017, "volatility_60d": 0.109476, "drawdown": -0.034884, "max_drawdown_1y": -0.145195, "volume_ratio": 1.42983, "rsi_14": 38.842289, "macd": 0.790062, "macd_signal": 1.787409, "macd_histogram": -0.997347, "bb_width": 0.034017, "bb_position": -0.317635, "stoch_k": 17.690678, "stoch_d": 30.053914, "adx": 29.810095, "atr_14": 2.458294, "last_close": 200.03, "last_date": "2026-03-06"}