{"return_1d": -0.012976, "return_5d": -0.02223, "return_20d": -0.006238, "return_60d": 0.068388, "return_252d": 0.195414, "sma_20": 205.7145, "sma_50": 200.197, "sma_200": 185.293864, "price_vs_sma20": -0.016452, "price_vs_sma50": 0.010655, "price_vs_sma200": 0.091941, "volatility_20d": 0.118974, "volatility_60d": 0.107113, "drawdown": -0.023787, "max_drawdown_1y": -0.145195, "volume_ratio": 1.496249, "rsi_14": 45.091575, "macd": 1.295317, "macd_signal": 2.036746, "macd_histogram": -0.741429, "bb_width": 0.026711, "bb_position": -0.126238, "stoch_k": 19.676946, "stoch_d": 38.225649, "adx": 29.175248, "atr_14": 2.342009, "last_close": 202.33, "last_date": "2026-03-05"}