{"return_1d": -0.012282, "return_5d": -0.009168, "return_20d": 0.013999, "return_60d": 0.07733, "return_252d": 0.171712, "sma_20": 205.652, "sma_50": 199.654406, "sma_200": 184.953118, "price_vs_sma20": -0.00672, "price_vs_sma50": 0.023118, "price_vs_sma200": 0.104442, "volatility_20d": 0.111331, "volatility_60d": 0.103063, "drawdown": -0.014426, "max_drawdown_1y": -0.145195, "volume_ratio": 1.593593, "rsi_14": 51.989359, "macd": 1.89197, "macd_signal": 2.355833, "macd_histogram": -0.463863, "bb_width": 0.027502, "bb_position": 0.254, "stoch_k": 42.205882, "stoch_d": 62.546379, "adx": 31.019832, "atr_14": 2.227123, "last_close": 204.27, "last_date": "2026-03-03"}