{"return_1d": -0.009861, "return_5d": -0.008967, "return_20d": -0.050007, "return_60d": -0.056292, "return_252d": 0.132318, "sma_20": 466.6225, "sma_50": 478.962376, "sma_200": 463.901073, "price_vs_sma20": -0.012328, "price_vs_sma50": -0.037774, "price_vs_sma200": -0.006534, "volatility_20d": 0.184353, "volatility_60d": 0.148252, "drawdown": -0.085113, "max_drawdown_1y": -0.228454, "volume_ratio": 0.896357, "rsi_14": 41.794859, "macd": -4.716985, "macd_signal": -5.301764, "macd_histogram": 0.584779, "bb_width": 0.06115, "bb_position": 0.295881, "stoch_k": 36.043956, "stoch_d": 56.615385, "adx": 30.388485, "atr_14": 7.631346, "last_close": 460.87, "last_date": "2026-02-27"}