{"return_1d": 0.010145, "return_5d": -0.013416, "return_20d": -0.019939, "return_60d": -0.055657, "return_252d": 0.177501, "sma_20": 464.0115, "sma_50": 477.87322, "sma_200": 464.663246, "price_vs_sma20": -3e-06, "price_vs_sma50": -0.02901, "price_vs_sma200": -0.001406, "volatility_20d": 0.177746, "volatility_60d": 0.149999, "drawdown": -0.078879, "max_drawdown_1y": -0.228454, "volume_ratio": 0.692325, "rsi_14": 45.835277, "macd": -4.291715, "macd_signal": -4.904959, "macd_histogram": 0.613244, "bb_width": 0.038723, "bb_position": 0.499917, "stoch_k": 63.430261, "stoch_d": 46.558682, "adx": 30.748382, "atr_14": 7.937123, "last_close": 464.01, "last_date": "2026-03-04"}