{"return_1d": 0.000647, "return_5d": -0.002471, "return_20d": -0.006547, "return_60d": -0.059312, "return_252d": 0.185419, "sma_20": 463.8585, "sma_50": 477.3976, "sma_200": 464.91482, "price_vs_sma20": 0.000973, "price_vs_sma50": -0.027414, "price_vs_sma200": -0.001301, "volatility_20d": 0.172134, "volatility_60d": 0.149608, "drawdown": -0.078284, "max_drawdown_1y": -0.228454, "volume_ratio": 1.285064, "rsi_14": 46.143845, "macd": -3.9316, "macd_signal": -4.710287, "macd_histogram": 0.778687, "bb_width": 0.038135, "bb_position": 0.525499, "stoch_k": 67.331288, "stoch_d": 54.980467, "adx": 30.395721, "atr_14": 7.878758, "last_close": 464.31, "last_date": "2026-03-05"}