{"return_1d": -0.013418, "return_5d": -0.006054, "return_20d": -0.001743, "return_60d": -0.070146, "return_252d": 0.152611, "sma_20": 463.8185, "sma_50": 476.7472, "sma_200": 465.134493, "price_vs_sma20": -0.012372, "price_vs_sma50": -0.039155, "price_vs_sma200": -0.015167, "volatility_20d": 0.166315, "volatility_60d": 0.151758, "drawdown": -0.090651, "max_drawdown_1y": -0.228454, "volume_ratio": 0.910181, "rsi_14": 40.929255, "macd": -4.101633, "macd_signal": -4.588556, "macd_histogram": 0.486923, "bb_width": 0.039074, "bb_position": 0.179397, "stoch_k": 35.480573, "stoch_d": 55.414041, "adx": 30.333935, "atr_14": 7.856703, "last_close": 458.08, "last_date": "2026-03-06"}