{"return_1d": -0.006252, "return_5d": -0.009894, "return_20d": -0.04861, "return_60d": -0.065046, "return_252d": 0.137318, "sma_20": 464.4835, "sma_50": 478.221776, "sma_200": 464.402012, "price_vs_sma20": -0.011052, "price_vs_sma50": -0.039462, "price_vs_sma200": -0.010879, "volatility_20d": 0.184126, "volatility_60d": 0.14824, "drawdown": -0.08813, "max_drawdown_1y": -0.228454, "volume_ratio": 2.023314, "rsi_14": 40.9558, "macd": -4.658383, "macd_signal": -5.05827, "macd_histogram": 0.399887, "bb_width": 0.043022, "bb_position": 0.240238, "stoch_k": 34.17985, "stoch_d": 37.429913, "adx": 31.224979, "atr_14": 8.041518, "last_close": 459.35, "last_date": "2026-03-03"}