{"return_1d": 0.001198, "return_5d": -0.002504, "return_20d": 0.003467, "return_60d": -0.005395, "return_252d": 0.108428, "sma_20": 110.5533, "sma_50": 111.2036, "sma_200": 106.65724, "price_vs_sma20": 0.005352, "price_vs_sma50": -0.000527, "price_vs_sma200": 0.042076, "volatility_20d": 0.094891, "volatility_60d": 0.101076, "drawdown": -0.023699, "max_drawdown_1y": -0.232449, "volume_ratio": 0.287498, "rsi_14": 52.280182, "macd": 0.007914, "macd_signal": -0.110543, "macd_histogram": 0.118457, "bb_width": 0.022385, "bb_position": 0.737829, "stoch_k": 78.1309, "stoch_d": 77.973568, "adx": 17.973775, "atr_14": 1.178444, "last_close": 111.145, "last_date": "2026-03-04"}