{"return_1d": -0.001002, "return_5d": 0.012031, "return_20d": 0.009288, "return_60d": 0.000187, "return_252d": 0.133755, "sma_20": 110.754, "sma_50": 111.25818, "sma_200": 106.809683, "price_vs_sma20": 0.008632, "price_vs_sma50": 0.004061, "price_vs_sma200": 0.045879, "volatility_20d": 0.089123, "volatility_60d": 0.102816, "drawdown": -0.018736, "max_drawdown_1y": -0.232449, "volume_ratio": 0.081439, "rsi_14": 54.948105, "macd": 0.180159, "macd_signal": -0.003005, "macd_histogram": 0.183164, "bb_width": 0.026572, "bb_position": 0.822059, "stoch_k": 81.741573, "stoch_d": 87.972124, "adx": 16.016825, "atr_14": 1.134574, "last_close": 111.71, "last_date": "2026-03-06"}