{"return_1d": -0.006058, "return_5d": -0.000362, "return_20d": -0.006451, "return_60d": -0.005443, "return_252d": 0.078074, "sma_20": 110.51295, "sma_50": 111.18118, "sma_200": 106.591679, "price_vs_sma20": 0.000688, "price_vs_sma50": -0.005326, "price_vs_sma200": 0.037501, "volatility_20d": 0.098531, "volatility_60d": 0.102231, "drawdown": -0.028583, "max_drawdown_1y": -0.232449, "volume_ratio": 0.132834, "rsi_14": 48.877327, "macd": -0.057743, "macd_signal": -0.146906, "macd_histogram": 0.089163, "bb_width": 0.021685, "bb_position": 0.531713, "stoch_k": 60.63562, "stoch_d": 65.533879, "adx": 18.601999, "atr_14": 1.219549, "last_close": 110.589, "last_date": "2026-03-03"}