{"return_1d": -0.005944, "return_5d": -0.004877, "return_20d": -0.002891, "return_60d": -0.006511, "return_252d": 0.039331, "sma_20": 110.58765, "sma_50": 111.11828, "sma_200": 106.476561, "price_vs_sma20": -0.00186, "price_vs_sma50": -0.006626, "price_vs_sma200": 0.036679, "volatility_20d": 0.104394, "volatility_60d": 0.100114, "drawdown": -0.030402, "max_drawdown_1y": -0.232449, "volume_ratio": 0.948641, "rsi_14": 47.611716, "macd": -0.109918, "macd_signal": -0.198786, "macd_histogram": 0.088868, "bb_width": 0.024933, "bb_position": 0.425277, "stoch_k": 54.122089, "stoch_d": 72.70291, "adx": 19.879016, "atr_14": 1.194187, "last_close": 110.382, "last_date": "2026-02-27"}