{"return_1d": -0.011742, "return_5d": 0.001151, "return_20d": -0.001563, "return_60d": -0.010566, "return_252d": 0.121566, "sma_20": 110.69395, "sma_50": 111.23416, "sma_200": 106.803678, "price_vs_sma20": -0.001671, "price_vs_sma50": -0.006519, "price_vs_sma200": 0.034693, "volatility_20d": 0.099084, "volatility_60d": 0.105592, "drawdown": -0.029286, "max_drawdown_1y": -0.232449, "volume_ratio": 0.893631, "rsi_14": 47.501492, "macd": 0.084353, "macd_signal": -0.022166, "macd_histogram": 0.106519, "bb_width": 0.025707, "bb_position": 0.434897, "stoch_k": 48.005618, "stoch_d": 76.726805, "adx": 16.502839, "atr_14": 1.245717, "last_close": 110.509, "last_date": "2026-03-06"}