{"return_1d": 0.008126, "return_5d": -0.013125, "return_20d": 0.00758, "return_60d": 0.032598, "return_252d": 0.128734, "sma_20": 148.825, "sma_50": 147.8396, "sma_200": 139.626, "price_vs_sma20": 0.00037, "price_vs_sma50": 0.007037, "price_vs_sma200": 0.066277, "volatility_20d": 0.108912, "volatility_60d": 0.097495, "drawdown": -0.013125, "max_drawdown_1y": -0.210714, "volume_ratio": 0.113336, "rsi_14": 51.208034, "macd": 0.488713, "macd_signal": 0.601892, "macd_histogram": -0.113179, "bb_width": 0.029654, "bb_position": 0.512458, "stoch_k": 49.180328, "stoch_d": 48.617942, "adx": 10.479544, "atr_14": 1.636876, "last_close": 148.88, "last_date": "2026-03-05"}