{"return_1d": 0.000135, "return_5d": -0.020947, "return_20d": -0.000406, "return_60d": 0.024414, "return_252d": 0.119788, "sma_20": 148.766, "sma_50": 147.816, "sma_200": 139.6201, "price_vs_sma20": -0.007166, "price_vs_sma50": -0.000785, "price_vs_sma200": 0.057871, "volatility_20d": 0.105018, "volatility_60d": 0.096211, "drawdown": -0.020947, "max_drawdown_1y": -0.210714, "volume_ratio": 0.155761, "rsi_14": 45.736414, "macd": 0.394582, "macd_signal": 0.583066, "macd_histogram": -0.188484, "bb_width": 0.030614, "bb_position": 0.264246, "stoch_k": 25.0, "stoch_d": 40.557832, "adx": 10.768528, "atr_14": 1.558305, "last_close": 147.7, "last_date": "2026-03-04"}