{"return_1d": -0.013465, "return_5d": -0.011488, "return_20d": -0.000675, "return_60d": 0.025925, "return_252d": 0.087436, "sma_20": 148.785, "sma_50": 147.7044, "sma_200": 139.5344, "price_vs_sma20": -0.005276, "price_vs_sma50": 0.002001, "price_vs_sma200": 0.06067, "volatility_20d": 0.101371, "volatility_60d": 0.094804, "drawdown": -0.018958, "max_drawdown_1y": -0.210714, "volume_ratio": 0.306249, "rsi_14": 46.961762, "macd": 0.580362, "macd_signal": 0.635292, "macd_histogram": -0.05493, "bb_width": 0.030116, "bb_position": 0.323878, "stoch_k": 30.0, "stoch_d": 56.666667, "adx": 8.821156, "atr_14": 1.544988, "last_close": 148.0, "last_date": "2026-03-03"}