{"return_1d": -0.00801, "return_5d": -0.001344, "return_20d": 0.000539, "return_60d": 0.029938, "return_252d": 0.094242, "sma_20": 148.72, "sma_50": 147.5652, "sma_200": 139.4378, "price_vs_sma20": -0.000672, "price_vs_sma50": 0.007148, "price_vs_sma200": 0.065852, "volatility_20d": 0.093887, "volatility_60d": 0.092002, "drawdown": -0.014848, "max_drawdown_1y": -0.210714, "volume_ratio": 0.772591, "rsi_14": 50.263562, "macd": 0.64166, "macd_signal": 0.626688, "macd_histogram": 0.014972, "bb_width": 0.028927, "bb_position": 0.47674, "stoch_k": 42.916667, "stoch_d": 63.75, "adx": 8.710126, "atr_14": 1.472734, "last_close": 148.62, "last_date": "2026-03-02"}