{"return_1d": -0.003989, "return_5d": -0.0004, "return_20d": 0.017661, "return_60d": 0.034383, "return_252d": 0.090393, "sma_20": 148.716, "sma_50": 147.462, "sma_200": 139.3482, "price_vs_sma20": 0.007424, "price_vs_sma50": 0.015991, "price_vs_sma200": 0.075148, "volatility_20d": 0.093911, "volatility_60d": 0.090719, "drawdown": -0.006894, "max_drawdown_1y": -0.210714, "volume_ratio": 1.24403, "rsi_14": 56.639296, "macd": 0.757496, "macd_signal": 0.622945, "macd_histogram": 0.13455, "bb_width": 0.028709, "bb_position": 0.756673, "stoch_k": 67.916667, "stoch_d": 81.533997, "adx": 8.787119, "atr_14": 1.464483, "last_close": 149.82, "last_date": "2026-02-27"}