{"return_1d": -0.002832, "return_5d": -0.007261, "return_20d": 0.008067, "return_60d": 0.092115, "return_252d": 0.296634, "sma_20": 57.67375, "sma_50": 56.144532, "sma_200": 52.025719, "price_vs_sma20": 0.007477, "price_vs_sma50": 0.034918, "price_vs_sma200": 0.116851, "volatility_20d": 0.163353, "volatility_60d": 0.129012, "drawdown": -0.015336, "max_drawdown_1y": -0.174183, "volume_ratio": 0.753324, "rsi_14": 56.123657, "macd": 0.624533, "macd_signal": 0.666783, "macd_histogram": -0.04225, "bb_width": 0.054833, "bb_position": 0.635355, "stoch_k": 49.226804, "stoch_d": 70.99137, "adx": 24.160737, "atr_14": 0.702466, "last_close": 58.105, "last_date": "2026-02-27"}