{"return_1d": -0.002917, "return_5d": -0.007347, "return_20d": 0.007981, "return_60d": 0.092021, "return_252d": 0.296522, "sma_20": 57.6735, "sma_50": 56.144432, "sma_200": 52.025693, "price_vs_sma20": 0.007395, "price_vs_sma50": 0.034831, "price_vs_sma200": 0.116756, "volatility_20d": 0.163376, "volatility_60d": 0.129025, "drawdown": -0.015421, "max_drawdown_1y": -0.174183, "volume_ratio": 0.930489, "rsi_14": 56.076686, "macd": 0.624134, "macd_signal": 0.666703, "macd_histogram": -0.042569, "bb_width": 0.054828, "bb_position": 0.633887, "stoch_k": 48.969072, "stoch_d": 70.90546, "adx": 24.160737, "atr_14": 0.702466, "last_close": 58.1, "last_date": "2026-02-27"}