{"return_1d": -0.035115, "return_5d": -0.058793, "return_20d": -0.027298, "return_60d": 0.041728, "return_252d": 0.270499, "sma_20": 57.6345, "sma_50": 56.30274, "sma_200": 52.12531, "price_vs_sma20": -0.04172, "price_vs_sma50": -0.019053, "price_vs_sma200": 0.059562, "volatility_20d": 0.199217, "volatility_60d": 0.152524, "drawdown": -0.064057, "max_drawdown_1y": -0.174183, "volume_ratio": 2.785504, "rsi_14": 36.290526, "macd": 0.253821, "macd_signal": 0.559, "macd_histogram": -0.305178, "bb_width": 0.065914, "bb_position": -0.160499, "stoch_k": 25.048544, "stoch_d": 31.539491, "adx": 24.134196, "atr_14": 0.930289, "last_close": 55.23, "last_date": "2026-03-03"}