{"return_1d": -0.000391, "return_5d": 0.04684, "return_20d": 0.088705, "return_60d": 0.248932, "return_252d": 0.275571, "sma_20": 49.058, "sma_50": 43.836996, "sma_200": 41.618673, "price_vs_sma20": 0.043255, "price_vs_sma50": 0.167507, "price_vs_sma200": 0.229736, "volatility_20d": 0.214007, "volatility_60d": 0.306093, "drawdown": -0.000391, "max_drawdown_1y": -0.14787, "volume_ratio": 0.887045, "rsi_14": 75.108402, "macd": 2.004955, "macd_signal": 2.062913, "macd_histogram": -0.057958, "bb_width": 0.103714, "bb_position": 0.899767, "stoch_k": 93.575419, "stoch_d": 93.95236, "adx": 48.734249, "atr_14": 1.05288, "last_close": 51.18, "last_date": "2026-03-05"}