{"return_1d": -0.001172, "return_5d": 0.019545, "return_20d": 0.08535, "return_60d": 0.259247, "return_252d": 0.274969, "sma_20": 49.259, "sma_50": 44.073432, "sma_200": 41.663588, "price_vs_sma20": 0.03778, "price_vs_sma50": 0.159882, "price_vs_sma200": 0.226971, "volatility_20d": 0.214751, "volatility_60d": 0.305039, "drawdown": -0.001563, "max_drawdown_1y": -0.14787, "volume_ratio": 0.783773, "rsi_14": 74.475763, "macd": 1.964309, "macd_signal": 2.043192, "macd_histogram": -0.078884, "bb_width": 0.103259, "bb_position": 0.852554, "stoch_k": 91.899441, "stoch_d": 93.20298, "adx": 49.394088, "atr_14": 1.037675, "last_close": 51.12, "last_date": "2026-03-06"}