{"return_1d": 0.006487, "return_5d": 0.040016, "return_20d": 0.107027, "return_60d": 0.262439, "return_252d": 0.246983, "sma_20": 48.8495, "sma_50": 43.596214, "sma_200": 41.571936, "price_vs_sma20": 0.048117, "price_vs_sma50": 0.174414, "price_vs_sma200": 0.2316, "volatility_20d": 0.217375, "volatility_60d": 0.30625, "drawdown": 0.0, "max_drawdown_1y": -0.14787, "volume_ratio": 0.713717, "rsi_14": 75.306403, "macd": 2.021563, "macd_signal": 2.077403, "macd_histogram": -0.05584, "bb_width": 0.101925, "bb_position": 0.950412, "stoch_k": 94.134078, "stoch_d": 91.601524, "adx": 48.023654, "atr_14": 1.058487, "last_close": 51.2, "last_date": "2026-03-04"}