{"return_1d": 0.025568, "return_5d": 0.018071, "return_20d": 0.259483, "return_60d": 0.252085, "return_252d": 0.240681, "sma_20": 48.016, "sma_50": 42.95439, "sma_200": 41.422582, "price_vs_sma20": 0.044235, "price_vs_sma50": 0.167285, "price_vs_sma200": 0.210451, "volatility_20d": 0.463698, "volatility_60d": 0.305691, "drawdown": 0.0, "max_drawdown_1y": -0.14787, "volume_ratio": 0.85694, "rsi_14": 72.664243, "macd": 2.052936, "macd_signal": 2.13857, "macd_histogram": -0.085633, "bb_width": 0.129545, "bb_position": 0.827002, "stoch_k": 92.703863, "stoch_d": 77.253219, "adx": 46.293814, "atr_14": 1.017841, "last_close": 50.14, "last_date": "2026-02-27"}