{"return_1d": -0.003191, "return_5d": 0.006039, "return_20d": 0.122642, "return_60d": 0.252086, "return_252d": 0.23415, "sma_20": 48.289, "sma_50": 43.152888, "sma_200": 41.46969, "price_vs_sma20": 0.035018, "price_vs_sma50": 0.158208, "price_vs_sma200": 0.205218, "volatility_20d": 0.241527, "volatility_60d": 0.305691, "drawdown": -0.003191, "max_drawdown_1y": -0.14787, "volume_ratio": 0.668621, "rsi_14": 71.234968, "macd": 2.002589, "macd_signal": 2.111374, "macd_histogram": -0.108784, "bb_width": 0.117189, "bb_position": 0.78871, "stoch_k": 86.522911, "stoch_d": 81.702201, "adx": 46.582192, "atr_14": 0.990138, "last_close": 49.98, "last_date": "2026-03-02"}