{"return_1d": -0.035316, "return_5d": -0.044911, "return_20d": 0.046077, "return_60d": 0.17183, "return_252d": 0.423192, "sma_20": 256.995555, "sma_50": 238.121998, "sma_200": 209.87746, "price_vs_sma20": -0.021073, "price_vs_sma50": 0.056517, "price_vs_sma200": 0.198699, "volatility_20d": 0.222748, "volatility_60d": 0.21054, "drawdown": -0.049853, "max_drawdown_1y": -0.235544, "volume_ratio": 1.001577, "rsi_14": 49.927246, "macd": 6.585741, "macd_signal": 8.293831, "macd_histogram": -1.70809, "bb_width": 0.119352, "bb_position": 0.319641, "stoch_k": 7.726131, "stoch_d": 47.038175, "adx": 42.325963, "atr_14": 5.968344, "last_close": 251.58, "last_date": "2026-03-05"}