{"return_1d": -0.004442, "return_5d": -0.009593, "return_20d": 0.12865, "return_60d": 0.258365, "return_252d": 0.440126, "sma_20": 252.054105, "sma_50": 234.440684, "sma_200": 208.752149, "price_vs_sma20": 0.040412, "price_vs_sma50": 0.118577, "price_vs_sma200": 0.256227, "volatility_20d": 0.185355, "volatility_60d": 0.197989, "drawdown": -0.009593, "max_drawdown_1y": -0.235544, "volume_ratio": 0.499773, "rsi_14": 72.647623, "macd": 9.136887, "macd_signal": 9.082216, "macd_histogram": 0.054671, "bb_width": 0.171255, "bb_position": 0.726808, "stoch_k": 83.245751, "stoch_d": 86.788828, "adx": 49.314652, "atr_14": 5.431751, "last_close": 262.24, "last_date": "2026-02-27"}