{"return_1d": 0.00205, "return_5d": -0.003135, "return_20d": 0.13601, "return_60d": 0.266571, "return_252d": 0.449517, "sma_20": 252.139605, "sma_50": 234.474884, "sma_200": 208.760699, "price_vs_sma20": 0.046841, "price_vs_sma50": 0.125707, "price_vs_sma200": 0.264366, "volatility_20d": 0.181842, "volatility_60d": 0.197265, "drawdown": -0.003135, "max_drawdown_1y": -0.235544, "volume_ratio": 1.381233, "rsi_14": 75.882521, "macd": 9.273298, "macd_signal": 9.109498, "macd_histogram": 0.163799, "bb_width": 0.17141, "bb_position": 0.76104, "stoch_k": 90.354874, "stoch_d": 89.158536, "adx": 49.284213, "atr_14": 5.484608, "last_close": 263.95, "last_date": "2026-02-27"}