{"return_1d": -0.000153, "return_5d": -0.007686, "return_20d": 0.105117, "return_60d": 0.219894, "return_252d": 0.442806, "sma_20": 256.44148, "sma_50": 237.407964, "sma_200": 209.642925, "price_vs_sma20": 0.016957, "price_vs_sma50": 0.098489, "price_vs_sma200": 0.243972, "volatility_20d": 0.180475, "volatility_60d": 0.195044, "drawdown": -0.015069, "max_drawdown_1y": -0.235544, "volume_ratio": 0.576822, "rsi_14": 67.861707, "macd": 7.839199, "macd_signal": 8.720853, "macd_histogram": -0.881654, "bb_width": 0.126651, "bb_position": 0.631656, "stoch_k": 62.984978, "stoch_d": 74.193067, "adx": 45.397793, "atr_14": 5.624371, "last_close": 260.79, "last_date": "2026-03-04"}