{"return_1d": -0.010771, "return_5d": -0.013763, "return_20d": 0.11749, "return_60d": 0.223453, "return_252d": 0.414145, "sma_20": 255.20118, "sma_50": 236.458992, "sma_200": 209.355126, "price_vs_sma20": 0.022056, "price_vs_sma50": 0.103067, "price_vs_sma200": 0.245873, "volatility_20d": 0.180551, "volatility_60d": 0.194909, "drawdown": -0.014918, "max_drawdown_1y": -0.235544, "volume_ratio": 1.346842, "rsi_14": 67.960158, "macd": 8.387298, "macd_signal": 8.941267, "macd_histogram": -0.553969, "bb_width": 0.142733, "bb_position": 0.651194, "stoch_k": 70.403417, "stoch_d": 83.316366, "adx": 47.063015, "atr_14": 5.740861, "last_close": 260.83, "last_date": "2026-03-03"}