{"return_1d": -0.010687, "return_5d": -0.04185, "return_20d": -0.148729, "return_60d": -0.197114, "return_252d": -0.170398, "sma_20": 341.2865, "sma_50": 369.4106, "sma_200": 343.3862, "price_vs_sma20": -0.064188, "price_vs_sma50": -0.135434, "price_vs_sma200": -0.06991, "volatility_20d": 0.5437, "volatility_60d": 0.353419, "drawdown": -0.247987, "max_drawdown_1y": -0.34608, "volume_ratio": 1.261288, "rsi_14": 31.265024, "macd": -15.530733, "macd_signal": -15.138678, "macd_histogram": -0.392055, "bb_width": 0.310165, "bb_position": 0.278857, "stoch_k": 35.411408, "stoch_d": 25.065607, "adx": 40.04984, "atr_14": 12.103951, "last_close": 319.38, "last_date": "2026-02-27"}