{"return_1d": -0.038042, "return_5d": -0.062694, "return_20d": -0.171261, "return_60d": -0.229266, "return_252d": -0.17646, "sma_20": 338.112, "sma_50": 367.9846, "sma_200": 343.12725, "price_vs_sma20": -0.091337, "price_vs_sma50": -0.165101, "price_vs_sma200": -0.104618, "volatility_20d": 0.554375, "volatility_60d": 0.360264, "drawdown": -0.276595, "max_drawdown_1y": -0.34608, "volume_ratio": 0.742228, "rsi_14": 26.737635, "macd": -16.186808, "macd_signal": -15.348304, "macd_histogram": -0.838504, "bb_width": 0.323637, "bb_position": 0.189413, "stoch_k": 5.788177, "stoch_d": 21.15192, "adx": 41.183215, "atr_14": 12.157954, "last_close": 307.23, "last_date": "2026-03-02"}