{"return_1d": -0.041351, "return_5d": -0.052727, "return_20d": -0.197272, "return_60d": -0.229688, "return_252d": -0.20151, "sma_20": 324.6035, "sma_50": 362.6588, "sma_200": 342.29885, "price_vs_sma20": -0.067971, "price_vs_sma50": -0.165772, "price_vs_sma200": -0.116152, "volatility_20d": 0.564628, "volatility_60d": 0.374893, "drawdown": -0.287638, "max_drawdown_1y": -0.34608, "volume_ratio": 0.659284, "rsi_14": 30.006042, "macd": -15.298982, "macd_signal": -15.333998, "macd_histogram": 0.035016, "bb_width": 0.198643, "bb_position": 0.132871, "stoch_k": 4.554627, "stoch_d": 32.948977, "adx": 42.769825, "atr_14": 11.858462, "last_close": 302.54, "last_date": "2026-03-06"}