{"return_1d": -0.010814, "return_5d": -0.022427, "return_20d": -0.178857, "return_60d": -0.200653, "return_252d": -0.142535, "sma_20": 328.321, "sma_50": 364.2908, "sma_200": 342.5788, "price_vs_sma20": -0.038776, "price_vs_sma50": -0.133687, "price_vs_sma200": -0.078781, "volatility_20d": 0.553871, "volatility_60d": 0.366762, "drawdown": -0.256911, "max_drawdown_1y": -0.34608, "volume_ratio": 0.948212, "rsi_14": 35.19494, "macd": -14.828849, "macd_signal": -15.342752, "macd_histogram": 0.513903, "bb_width": 0.228237, "bb_position": 0.323253, "stoch_k": 42.173537, "stoch_d": 41.538353, "adx": 42.422342, "atr_14": 11.759113, "last_close": 315.59, "last_date": "2026-03-05"}