{"return_1d": -0.008865, "return_5d": -0.032872, "return_20d": 0.027951, "return_60d": 0.138957, "return_252d": 1.536298, "sma_20": 28.183, "sma_50": 28.3206, "sma_200": 19.27835, "price_vs_sma20": -0.008267, "price_vs_sma50": -0.013086, "price_vs_sma200": 0.449813, "volatility_20d": 0.201043, "volatility_60d": 0.27812, "drawdown": -0.638281, "max_drawdown_1y": -0.900479, "volume_ratio": 1.351444, "rsi_14": 46.093768, "macd": 0.127233, "macd_signal": 0.183098, "macd_histogram": -0.055865, "bb_width": 0.09528, "bb_position": 0.412507, "stoch_k": 21.383648, "stoch_d": 39.496855, "adx": 19.002747, "atr_14": 0.45839, "last_close": 27.95, "last_date": "2026-03-04"}