{"return_1d": -0.001786, "return_5d": -0.00781, "return_20d": 0.044469, "return_60d": 0.026441, "return_252d": 1.445319, "sma_20": 28.291, "sma_50": 28.3092, "sma_200": 19.46705, "price_vs_sma20": -0.012053, "price_vs_sma50": -0.012688, "price_vs_sma200": 0.435759, "volatility_20d": 0.194783, "volatility_60d": 0.231423, "drawdown": -0.638281, "max_drawdown_1y": -0.900479, "volume_ratio": 0.847331, "rsi_14": 46.150421, "macd": 0.051839, "macd_signal": 0.141592, "macd_histogram": -0.089753, "bb_width": 0.074123, "bb_position": 0.335405, "stoch_k": 18.300654, "stoch_d": 17.784455, "adx": 18.113295, "atr_14": 0.431418, "last_close": 27.95, "last_date": "2026-03-06"}