{"return_1d": 0.001789, "return_5d": -0.027778, "return_20d": 0.035886, "return_60d": 0.07362, "return_252d": 1.473498, "sma_20": 28.2315, "sma_50": 28.3252, "sma_200": 19.37255, "price_vs_sma20": -0.0082, "price_vs_sma50": -0.011481, "price_vs_sma200": 0.445344, "volatility_20d": 0.199164, "volatility_60d": 0.247966, "drawdown": -0.637634, "max_drawdown_1y": -0.900479, "volume_ratio": 0.901814, "rsi_14": 46.819897, "macd": 0.087756, "macd_signal": 0.16403, "macd_histogram": -0.076273, "bb_width": 0.08761, "bb_position": 0.405629, "stoch_k": 13.669065, "stoch_d": 24.05321, "adx": 18.378596, "atr_14": 0.439219, "last_close": 28.0, "last_date": "2026-03-05"}