{"return_1d": -0.021875, "return_5d": -0.020174, "return_20d": 0.020652, "return_60d": 0.180142, "return_252d": 1.682857, "sma_20": 28.063, "sma_50": 28.322, "sma_200": 18.99275, "price_vs_sma20": 0.003813, "price_vs_sma50": -0.005367, "price_vs_sma200": 0.483198, "volatility_20d": 0.195722, "volatility_60d": 0.280071, "drawdown": -0.635434, "max_drawdown_1y": -0.900479, "volume_ratio": 2.68374, "rsi_14": 48.976834, "macd": 0.238973, "macd_signal": 0.19609, "macd_histogram": 0.042884, "bb_width": 0.101708, "bb_position": 0.537346, "stoch_k": 52.093023, "stoch_d": 74.496245, "adx": 22.896581, "atr_14": 0.483401, "last_close": 28.17, "last_date": "2026-02-27"}