{"return_1d": 0.028943, "return_5d": 0.058012, "return_20d": -0.134999, "return_60d": -0.330878, "return_252d": -0.419706, "sma_20": 142.968, "sma_50": 175.6512, "sma_200": 218.9275, "price_vs_sma20": 0.029461, "price_vs_sma50": -0.162089, "price_vs_sma200": -0.327723, "volatility_20d": 0.573975, "volatility_60d": 0.449132, "drawdown": -0.520914, "max_drawdown_1y": -0.579408, "volume_ratio": 0.771338, "rsi_14": 44.774392, "macd": -9.987279, "macd_signal": -12.909401, "macd_histogram": 2.922122, "bb_width": 0.241128, "bb_position": 0.618684, "stoch_k": 94.264659, "stoch_d": 83.647473, "adx": 52.273297, "atr_14": 7.947589, "last_close": 147.18, "last_date": "2026-03-05"}