{"return_1d": -0.003969, "return_5d": 0.074277, "return_20d": -0.11249, "return_60d": -0.339673, "return_252d": -0.438111, "sma_20": 144.1165, "sma_50": 177.0802, "sma_200": 219.55685, "price_vs_sma20": -0.00747, "price_vs_sma50": -0.19223, "price_vs_sma200": -0.348506, "volatility_20d": 0.603096, "volatility_60d": 0.445443, "drawdown": -0.53439, "max_drawdown_1y": -0.579408, "volume_ratio": 0.703101, "rsi_14": 40.279811, "macd": -11.341483, "macd_signal": -13.639932, "macd_histogram": 2.298449, "bb_width": 0.297861, "bb_position": 0.474734, "stoch_k": 85.347738, "stoch_d": 65.521616, "adx": 54.57112, "atr_14": 8.102788, "last_close": 143.04, "last_date": "2026-03-04"}