{"return_1d": -0.041514, "return_5d": -0.032472, "return_20d": -0.236603, "return_60d": -0.375041, "return_252d": -0.508152, "sma_20": 148.57125, "sma_50": 181.6623, "sma_200": 221.530925, "price_vs_sma20": -0.102552, "price_vs_sma50": -0.266028, "price_vs_sma200": -0.39812, "volatility_20d": 0.575379, "volatility_60d": 0.417905, "drawdown": -0.565981, "max_drawdown_1y": -0.579408, "volume_ratio": 0.961109, "rsi_14": 28.479797, "macd": -14.375621, "macd_signal": -14.861564, "macd_histogram": 0.485943, "bb_width": 0.419882, "bb_position": 0.227851, "stoch_k": 38.230241, "stoch_d": 38.067846, "adx": 58.828177, "atr_14": 8.454857, "last_close": 133.335, "last_date": "2026-02-27"}