{"return_1d": -0.038459, "return_5d": -0.029388, "return_20d": -0.234169, "return_60d": -0.373049, "return_252d": -0.506585, "sma_20": 148.5925, "sma_50": 181.6708, "sma_200": 221.53305, "price_vs_sma20": -0.09982, "price_vs_sma50": -0.263723, "price_vs_sma200": -0.396207, "volatility_20d": 0.573454, "volatility_60d": 0.416887, "drawdown": -0.564598, "max_drawdown_1y": -0.579408, "volume_ratio": 1.326541, "rsi_14": 28.694763, "macd": -14.341718, "macd_signal": -14.854783, "macd_histogram": 0.513066, "bb_width": 0.417865, "bb_position": 0.23463, "stoch_k": 39.273441, "stoch_d": 38.41558, "adx": 58.828177, "atr_14": 8.454857, "last_close": 133.76, "last_date": "2026-02-27"}