{"return_1d": 0.042656, "return_5d": -0.101908, "return_20d": -0.099711, "return_60d": 0.622981, "return_252d": 4.579709, "sma_20": 276.8445, "sma_50": 240.7338, "sma_200": 135.994007, "price_vs_sma20": -0.056149, "price_vs_sma50": 0.085431, "price_vs_sma200": 0.921408, "volatility_20d": 0.760297, "volatility_60d": 0.828898, "drawdown": -0.118897, "max_drawdown_1y": -0.496456, "volume_ratio": 0.953474, "rsi_14": 48.637956, "macd": 6.395908, "macd_signal": 12.163238, "macd_histogram": -5.767329, "bb_width": 0.173868, "bb_position": 0.157849, "stoch_k": 25.982333, "stoch_d": 18.222177, "adx": 26.70486, "atr_14": 21.164764, "last_close": 261.3, "last_date": "2026-03-04"}