{"return_1d": -0.07209, "return_5d": -0.07377, "return_20d": -0.072605, "return_60d": 0.612003, "return_252d": 4.141456, "sma_20": 278.2915, "sma_50": 239.008, "sma_200": 134.935307, "price_vs_sma20": -0.099469, "price_vs_sma50": 0.048542, "price_vs_sma200": 0.85726, "volatility_20d": 0.793374, "volatility_60d": 0.827816, "drawdown": -0.154943, "max_drawdown_1y": -0.496456, "volume_ratio": 0.953247, "rsi_14": 44.674235, "macd": 8.026708, "macd_signal": 13.60507, "macd_histogram": -5.578362, "bb_width": 0.177591, "bb_position": -0.121972, "stoch_k": 9.701493, "stoch_d": 22.413214, "adx": 28.423337, "atr_14": 21.088976, "last_close": 250.61, "last_date": "2026-03-03"}