{"return_1d": -0.053198, "return_5d": -0.122748, "return_20d": -0.056968, "return_60d": 0.445208, "return_252d": 4.572597, "sma_20": 275.45873, "sma_50": 243.550854, "sma_200": 137.948963, "price_vs_sma20": -0.109667, "price_vs_sma50": 0.006977, "price_vs_sma200": 0.777831, "volatility_20d": 0.732271, "volatility_60d": 0.835124, "drawdown": -0.172621, "max_drawdown_1y": -0.496456, "volume_ratio": 0.664774, "rsi_14": 43.324364, "macd": 2.525326, "macd_signal": 9.065305, "macd_histogram": -6.539978, "bb_width": 0.216263, "bb_position": -0.069562, "stoch_k": 1.716937, "stoch_d": 16.804386, "adx": 23.432364, "atr_14": 20.498945, "last_close": 245.25, "last_date": "2026-03-06"}