{"return_1d": -0.01242, "return_5d": 0.002591, "return_20d": 0.032986, "return_60d": 0.107449, "return_252d": 0.137562, "sma_20": 114.444535, "sma_50": 109.825628, "sma_200": 107.696963, "price_vs_sma20": 0.014378, "price_vs_sma50": 0.057039, "price_vs_sma200": 0.077932, "volatility_20d": 0.156461, "volatility_60d": 0.129043, "drawdown": -0.01242, "max_drawdown_1y": -0.112224, "volume_ratio": 1.218759, "rsi_14": 61.677674, "macd": 1.952764, "macd_signal": 1.992694, "macd_histogram": -0.03993, "bb_width": 0.074435, "bb_position": 0.690421, "stoch_k": 71.722846, "stoch_d": 83.656283, "adx": 39.597124, "atr_14": 2.013268, "last_close": 116.09, "last_date": "2026-03-05"}