{"return_1d": -0.002907, "return_5d": 0.007081, "return_20d": 0.062644, "return_60d": 0.088009, "return_252d": 0.141673, "sma_20": 113.58787, "sma_50": 109.056952, "sma_200": 107.478199, "price_vs_sma20": 0.026694, "price_vs_sma50": 0.06935, "price_vs_sma200": 0.085057, "volatility_20d": 0.163617, "volatility_60d": 0.12745, "drawdown": -0.002907, "max_drawdown_1y": -0.112224, "volume_ratio": 0.733085, "rsi_14": 69.446452, "macd": 2.089913, "macd_signal": 1.978879, "macd_histogram": 0.111034, "bb_width": 0.079705, "bb_position": 0.826202, "stoch_k": 89.360462, "stoch_d": 88.155262, "adx": 44.750025, "atr_14": 1.888688, "last_close": 116.62, "last_date": "2026-03-02"}