{"return_1d": -0.004287, "return_5d": 0.001898, "return_20d": 0.066084, "return_60d": 0.091422, "return_252d": 0.125164, "sma_20": 113.94777, "sma_50": 109.301662, "sma_200": 107.560008, "price_vs_sma20": 0.019063, "price_vs_sma50": 0.062381, "price_vs_sma200": 0.079583, "volatility_20d": 0.161238, "volatility_60d": 0.126685, "drawdown": -0.007182, "max_drawdown_1y": -0.112224, "volume_ratio": 0.933289, "rsi_14": 66.080499, "macd": 2.023379, "macd_signal": 1.987779, "macd_histogram": 0.035599, "bb_width": 0.073095, "bb_position": 0.755924, "stoch_k": 80.151046, "stoch_d": 88.177524, "adx": 42.847904, "atr_14": 1.97521, "last_close": 116.12, "last_date": "2026-03-03"}