{"return_1d": 0.012315, "return_5d": 0.018454, "return_20d": 0.055948, "return_60d": 0.115362, "return_252d": 0.121467, "sma_20": 114.25918, "sma_50": 109.565254, "sma_200": 107.63594, "price_vs_sma20": 0.028801, "price_vs_sma50": 0.072877, "price_vs_sma200": 0.092107, "volatility_20d": 0.149489, "volatility_60d": 0.126523, "drawdown": 0.0, "max_drawdown_1y": -0.112224, "volume_ratio": 1.118155, "rsi_14": 70.486366, "macd": 2.062266, "macd_signal": 2.002677, "macd_histogram": 0.059589, "bb_width": 0.073847, "bb_position": 0.879095, "stoch_k": 99.094957, "stoch_d": 89.535488, "adx": 41.31405, "atr_14": 1.981981, "last_close": 117.55, "last_date": "2026-03-04"}