{"return_1d": 0.010104, "return_5d": 0.022914, "return_20d": 0.068252, "return_60d": 0.078706, "return_252d": 0.143811, "sma_20": 113.244125, "sma_50": 108.796688, "sma_200": 107.395975, "price_vs_sma20": 0.032813, "price_vs_sma50": 0.075033, "price_vs_sma200": 0.089054, "volatility_20d": 0.162117, "volatility_60d": 0.129866, "drawdown": 0.0, "max_drawdown_1y": -0.112224, "volume_ratio": 0.916402, "rsi_14": 71.754299, "macd": 2.093528, "macd_signal": 1.951121, "macd_histogram": 0.142407, "bb_width": 0.080646, "bb_position": 0.893949, "stoch_k": 95.021065, "stoch_d": 83.488659, "adx": 44.799045, "atr_14": 1.963971, "last_close": 116.96, "last_date": "2026-02-27"}