{"return_1d": -0.002756, "return_5d": -0.010174, "return_20d": 0.042931, "return_60d": 0.114411, "return_252d": 0.145612, "sma_20": 114.68281, "sma_50": 110.061156, "sma_200": 107.752529, "price_vs_sma20": 0.00948, "price_vs_sma50": 0.05187, "price_vs_sma200": 0.074406, "volatility_20d": 0.148675, "volatility_60d": 0.127454, "drawdown": -0.015142, "max_drawdown_1y": -0.112224, "volume_ratio": 0.694788, "rsi_14": 59.910454, "macd": 1.819192, "macd_signal": 1.957994, "macd_histogram": -0.138802, "bb_width": 0.070015, "bb_position": 0.634128, "stoch_k": 60.217391, "stoch_d": 77.011732, "adx": 37.468322, "atr_14": 2.010891, "last_close": 115.77, "last_date": "2026-03-06"}