{"return_1d": 0.010709, "return_5d": 0.023526, "return_20d": 0.068891, "return_60d": 0.079352, "return_252d": 0.144495, "sma_20": 113.247625, "sma_50": 108.798088, "sma_200": 107.396324, "price_vs_sma20": 0.033399, "price_vs_sma50": 0.075662, "price_vs_sma200": 0.089702, "volatility_20d": 0.162464, "volatility_60d": 0.130047, "drawdown": 0.0, "max_drawdown_1y": -0.112224, "volume_ratio": 0.373699, "rsi_14": 71.932616, "macd": 2.099112, "macd_signal": 1.952238, "macd_histogram": 0.146874, "bb_width": 0.080788, "bb_position": 0.900056, "stoch_k": 95.91472, "stoch_d": 83.786544, "adx": 44.799835, "atr_14": 1.964143, "last_close": 117.03, "last_date": "2026-02-27"}