{"return_1d": -0.008702, "return_5d": -0.016311, "return_20d": 0.109433, "return_60d": 0.007183, "return_252d": 0.354492, "sma_20": 205.767835, "sma_50": 193.82805, "sma_200": 175.269951, "price_vs_sma20": -0.003489, "price_vs_sma50": 0.057896, "price_vs_sma200": 0.16991, "volatility_20d": 0.252365, "volatility_60d": 0.216442, "drawdown": -0.045027, "max_drawdown_1y": -0.129861, "volume_ratio": 1.18705, "rsi_14": 55.808302, "macd": 4.124732, "macd_signal": 4.887534, "macd_histogram": -0.762803, "bb_width": 0.109869, "bb_position": 0.468137, "stoch_k": 35.530344, "stoch_d": 26.807241, "adx": 29.730072, "atr_14": 4.375676, "last_close": 205.05, "last_date": "2026-03-05"}