{"return_1d": -0.003706, "return_5d": -0.013664, "return_20d": 0.073039, "return_60d": 0.020584, "return_252d": 0.341192, "sma_20": 206.46311, "sma_50": 194.198432, "sma_200": 175.547027, "price_vs_sma20": -0.010525, "price_vs_sma50": 0.051965, "price_vs_sma200": 0.163734, "volatility_20d": 0.236395, "volatility_60d": 0.213696, "drawdown": -0.048567, "max_drawdown_1y": -0.129861, "volume_ratio": 0.699406, "rsi_14": 54.156669, "macd": 3.638946, "macd_signal": 4.637817, "macd_histogram": -0.99887, "bb_width": 0.086496, "bb_position": 0.377019, "stoch_k": 30.914436, "stoch_d": 26.940323, "adx": 27.624781, "atr_14": 4.412413, "last_close": 204.29, "last_date": "2026-03-06"}