{"return_1d": -0.005085, "return_5d": -0.000308, "return_20d": 0.120824, "return_60d": 0.020725, "return_252d": 0.399503, "sma_20": 201.584465, "sma_50": 192.240198, "sma_200": 174.00472, "price_vs_sma20": 0.0288, "price_vs_sma50": 0.078807, "price_vs_sma200": 0.191864, "volatility_20d": 0.246829, "volatility_60d": 0.213448, "drawdown": -0.034129, "max_drawdown_1y": -0.129861, "volume_ratio": 0.566118, "rsi_14": 64.417057, "macd": 5.329896, "macd_signal": 5.256219, "macd_histogram": 0.073678, "bb_width": 0.180104, "bb_position": 0.655428, "stoch_k": 59.293385, "stoch_d": 68.60034, "adx": 31.772798, "atr_14": 4.251207, "last_close": 207.39, "last_date": "2026-02-27"}