{"return_1d": 0.013874, "return_5d": -0.030182, "return_20d": -0.082927, "return_60d": -0.038625, "return_252d": 0.101183, "sma_20": 88.483585, "sma_50": 90.344158, "sma_200": 83.014509, "price_vs_sma20": -0.06672, "price_vs_sma50": -0.08594, "price_vs_sma200": -0.005234, "volatility_20d": 0.364595, "volatility_60d": 0.290047, "drawdown": -0.139062, "max_drawdown_1y": -0.247346, "volume_ratio": 1.336646, "rsi_14": 37.326139, "macd": -1.784009, "macd_signal": -1.139009, "macd_histogram": -0.645001, "bb_width": 0.173581, "bb_position": 0.088151, "stoch_k": 22.650902, "stoch_d": 19.943385, "adx": 21.189993, "atr_14": 3.076252, "last_close": 82.58, "last_date": "2026-03-02"}