{"return_1d": -0.021685, "return_5d": -0.048552, "return_20d": -0.114091, "return_60d": -0.081448, "return_252d": 0.144508, "sma_20": 87.094, "sma_50": 89.80106, "sma_200": 83.135213, "price_vs_sma20": -0.057226, "price_vs_sma50": -0.085646, "price_vs_sma200": -0.012332, "volatility_20d": 0.363708, "volatility_60d": 0.285114, "drawdown": -0.143962, "max_drawdown_1y": -0.247346, "volume_ratio": 1.229449, "rsi_14": 37.897256, "macd": -2.003505, "macd_signal": -1.533921, "macd_histogram": -0.469584, "bb_width": 0.180596, "bb_position": 0.163896, "stoch_k": 30.305927, "stoch_d": 33.64505, "adx": 23.258745, "atr_14": 3.016234, "last_close": 82.11, "last_date": "2026-03-05"}