{"return_1d": -0.000605, "return_5d": -0.024122, "return_20d": -0.101163, "return_60d": -0.071789, "return_252d": 0.076628, "sma_20": 88.01915, "sma_50": 90.152014, "sma_200": 83.051815, "price_vs_sma20": -0.062363, "price_vs_sma50": -0.084546, "price_vs_sma200": -0.006283, "volatility_20d": 0.354039, "volatility_60d": 0.280402, "drawdown": -0.139583, "max_drawdown_1y": -0.247346, "volume_ratio": 1.146084, "rsi_14": 37.235604, "macd": -1.923426, "macd_signal": -1.295892, "macd_histogram": -0.627534, "bb_width": 0.180325, "bb_position": 0.13116, "stoch_k": 25.388967, "stoch_d": 18.290157, "adx": 22.035069, "atr_14": 3.116519, "last_close": 82.53, "last_date": "2026-03-03"}