{"return_1d": -0.020582, "return_5d": -0.012646, "return_20d": -0.121669, "return_60d": -0.102651, "return_252d": 0.107952, "sma_20": 86.537, "sma_50": 89.533082, "sma_200": 83.163051, "price_vs_sma20": -0.070687, "price_vs_sma50": -0.101785, "price_vs_sma200": -0.032984, "volatility_20d": 0.366886, "volatility_60d": 0.287725, "drawdown": -0.161581, "max_drawdown_1y": -0.247346, "volume_ratio": 0.975094, "rsi_14": 34.860741, "macd": -2.197321, "macd_signal": -1.666601, "macd_histogram": -0.530721, "bb_width": 0.190461, "bb_position": 0.100636, "stoch_k": 21.640489, "stoch_d": 32.395557, "adx": 24.658653, "atr_14": 3.098645, "last_close": 80.42, "last_date": "2026-03-06"}