{"return_1d": -0.058633, "return_5d": -0.084104, "return_20d": -0.099302, "return_60d": -0.044036, "return_252d": 0.085723, "sma_20": 88.846455, "sma_50": 90.52314, "sma_200": 82.974477, "price_vs_sma20": -0.085613, "price_vs_sma50": -0.10255, "price_vs_sma200": -0.020904, "volatility_20d": 0.363275, "volatility_60d": 0.291494, "drawdown": -0.153032, "max_drawdown_1y": -0.247346, "volume_ratio": 1.114666, "rsi_14": 33.644102, "macd": -1.601957, "macd_signal": -0.981109, "macd_histogram": -0.620848, "bb_width": 0.165072, "bb_position": -0.067204, "stoch_k": 5.331511, "stoch_d": 23.224608, "adx": 20.065088, "atr_14": 2.99448, "last_close": 81.24, "last_date": "2026-02-27"}