{"return_1d": 0.007336, "return_5d": 0.103859, "return_20d": -0.019703, "return_60d": -0.236602, "return_252d": -0.50682, "sma_20": 64.64, "sma_50": 77.5, "sma_200": 108.179828, "price_vs_sma20": 0.062191, "price_vs_sma50": -0.114065, "price_vs_sma200": -0.365316, "volatility_20d": 0.484322, "volatility_60d": 0.429659, "drawdown": -0.613369, "max_drawdown_1y": -0.663936, "volume_ratio": 0.049197, "rsi_14": 48.67159, "macd": -3.057139, "macd_signal": -4.625394, "macd_histogram": 1.568254, "bb_width": 0.179023, "bb_position": 0.827049, "stoch_k": 88.461538, "stoch_d": 89.445295, "adx": 38.916625, "atr_14": 2.967901, "last_close": 68.66, "last_date": "2026-03-03"}