{"return_1d": 0.014978, "return_5d": 0.158177, "return_20d": -0.138155, "return_60d": -0.235736, "return_252d": -0.511615, "sma_20": 64.757, "sma_50": 77.9608, "sma_200": 108.635483, "price_vs_sma20": 0.067375, "price_vs_sma50": -0.113401, "price_vs_sma200": -0.363744, "volatility_20d": 0.662101, "volatility_60d": 0.430703, "drawdown": -0.610778, "max_drawdown_1y": -0.663936, "volume_ratio": 0.152551, "rsi_14": 49.587152, "macd": -3.510721, "macd_signal": -5.002141, "macd_histogram": 1.49142, "bb_width": 0.187193, "bb_position": 0.837204, "stoch_k": 92.673993, "stoch_d": 86.698042, "adx": 41.812432, "atr_14": 3.038618, "last_close": 69.12, "last_date": "2026-03-02"}