{"return_1d": -0.002363, "return_5d": 0.022088, "return_20d": -0.034305, "return_60d": -0.226294, "return_252d": -0.511966, "sma_20": 64.448, "sma_50": 76.6016, "sma_200": 107.249796, "price_vs_sma20": 0.048287, "price_vs_sma50": -0.118034, "price_vs_sma200": -0.370069, "volatility_20d": 0.471646, "volatility_60d": 0.424622, "drawdown": -0.619563, "max_drawdown_1y": -0.663936, "volume_ratio": 0.052463, "rsi_14": 46.02772, "macd": -2.398125, "macd_signal": -3.881023, "macd_histogram": 1.482898, "bb_width": 0.166412, "bb_position": 0.776799, "stoch_k": 71.452421, "stoch_d": 75.735811, "adx": 34.271451, "atr_14": 2.87026, "last_close": 67.56, "last_date": "2026-03-05"}