{"return_1d": 0.001462, "return_5d": 0.006167, "return_20d": 0.012112, "return_60d": -0.227508, "return_252d": -0.502915, "sma_20": 64.532, "sma_50": 76.2244, "sma_200": 106.801799, "price_vs_sma20": 0.061799, "price_vs_sma50": -0.101075, "price_vs_sma200": -0.358438, "volatility_20d": 0.458457, "volatility_60d": 0.423821, "drawdown": -0.614157, "max_drawdown_1y": -0.663936, "volume_ratio": 0.741183, "rsi_14": 48.659491, "macd": -1.989951, "macd_signal": -3.491832, "macd_histogram": 1.501881, "bb_width": 0.170176, "bb_position": 0.842011, "stoch_k": 79.465776, "stoch_d": 76.961603, "adx": 31.779088, "atr_14": 2.872078, "last_close": 68.52, "last_date": "2026-03-06"}