{"return_1d": 0.004969, "return_5d": 0.009692, "return_20d": 0.015657, "return_60d": -0.224803, "return_252d": -0.501173, "sma_20": 64.544, "sma_50": 76.2292, "sma_200": 106.802999, "price_vs_sma20": 0.06532, "price_vs_sma50": -0.097983, "price_vs_sma200": -0.356198, "volatility_20d": 0.458674, "volatility_60d": 0.424072, "drawdown": -0.612806, "max_drawdown_1y": -0.663936, "volume_ratio": 0.047265, "rsi_14": 49.335789, "macd": -1.970805, "macd_signal": -3.488003, "macd_histogram": 1.517197, "bb_width": 0.170562, "bb_position": 0.859487, "stoch_k": 81.469115, "stoch_d": 77.629382, "adx": 31.679314, "atr_14": 2.847792, "last_close": 68.76, "last_date": "2026-03-06"}