{"return_1d": 0.009259, "return_5d": 0.054259, "return_20d": 0.093728, "return_60d": 0.137363, "return_252d": 0.074377, "sma_20": 231.477, "sma_50": 225.6284, "sma_200": 222.108103, "price_vs_sma20": 0.050083, "price_vs_sma50": 0.077302, "price_vs_sma200": 0.094377, "volatility_20d": 0.183371, "volatility_60d": 0.176631, "drawdown": 0.0, "max_drawdown_1y": -0.181354, "volume_ratio": 1.045528, "rsi_14": 70.4439, "macd": 3.40585, "macd_signal": 2.775013, "macd_histogram": 0.630837, "bb_width": 0.079894, "bb_position": 1.096968, "stoch_k": 91.220068, "stoch_d": 84.486524, "adx": 24.613969, "atr_14": 4.749962, "last_close": 243.07, "last_date": "2026-03-02"}