{"return_1d": -0.000163, "return_5d": 0.021633, "return_20d": 0.085834, "return_60d": 0.170385, "return_252d": 0.083867, "sma_20": 235.3895, "sma_50": 227.7372, "sma_200": 222.494424, "price_vs_sma20": 0.045289, "price_vs_sma50": 0.080412, "price_vs_sma200": 0.10587, "volatility_20d": 0.184066, "volatility_60d": 0.171214, "drawdown": -0.000163, "max_drawdown_1y": -0.181354, "volume_ratio": 1.40095, "rsi_14": 73.284228, "macd": 4.968867, "macd_signal": 3.828216, "macd_histogram": 1.140651, "bb_width": 0.098259, "bb_position": 0.940943, "stoch_k": 90.123457, "stoch_d": 94.348029, "adx": 28.890088, "atr_14": 4.810618, "last_close": 246.05, "last_date": "2026-03-06"}