{"return_1d": 0.001522, "return_5d": 0.060371, "return_20d": 0.090877, "return_60d": 0.13061, "return_252d": 0.06136, "sma_20": 232.491, "sma_50": 226.1018, "sma_200": 222.225199, "price_vs_sma20": 0.047094, "price_vs_sma50": 0.076683, "price_vs_sma200": 0.095465, "volatility_20d": 0.183684, "volatility_60d": 0.17629, "drawdown": 0.0, "max_drawdown_1y": -0.181354, "volume_ratio": 0.899514, "rsi_14": 70.795854, "macd": 3.896114, "macd_signal": 2.999234, "macd_histogram": 0.896881, "bb_width": 0.084168, "bb_position": 1.034364, "stoch_k": 91.914655, "stoch_d": 93.559085, "adx": 25.596543, "atr_14": 4.886393, "last_close": 243.44, "last_date": "2026-03-03"}