{"return_1d": -0.00145, "return_5d": 0.024334, "return_20d": 0.106131, "return_60d": 0.200079, "return_252d": 0.360949, "sma_20": 71.956, "sma_50": 66.0094, "sma_200": 60.65654, "price_vs_sma20": 0.053005, "price_vs_sma50": 0.147867, "price_vs_sma200": 0.249165, "volatility_20d": 0.20602, "volatility_60d": 0.213262, "drawdown": -0.006425, "max_drawdown_1y": -0.123604, "volume_ratio": 0.66394, "rsi_14": 78.477573, "macd": 2.816794, "macd_signal": 2.714592, "macd_histogram": 0.102202, "bb_width": 0.156978, "bb_position": 0.820659, "stoch_k": 81.481481, "stoch_d": 86.894592, "adx": 52.929678, "atr_14": 1.62708, "last_close": 75.77, "last_date": "2026-03-04"}