{"return_1d": 0.004347, "return_5d": 0.028981, "return_20d": 0.11682, "return_60d": 0.232365, "return_252d": 0.365418, "sma_20": 70.68425, "sma_50": 64.9769, "sma_200": 60.372404, "price_vs_sma20": 0.062401, "price_vs_sma50": 0.155718, "price_vs_sma200": 0.243863, "volatility_20d": 0.227617, "volatility_60d": 0.227358, "drawdown": 0.0, "max_drawdown_1y": -0.123604, "volume_ratio": 0.367583, "rsi_14": 80.630738, "macd": 2.775715, "macd_signal": 2.607241, "macd_histogram": 0.168475, "bb_width": 0.152426, "bb_position": 0.885339, "stoch_k": 95.374707, "stoch_d": 95.472477, "adx": 50.204791, "atr_14": 1.626026, "last_close": 75.095, "last_date": "2026-02-27"}