{"return_1d": -0.004983, "return_5d": 0.032381, "return_20d": 0.143805, "return_60d": 0.243022, "return_252d": 0.349335, "sma_20": 71.5925, "sma_50": 65.6672, "sma_200": 60.564267, "price_vs_sma20": 0.059888, "price_vs_sma50": 0.155524, "price_vs_sma200": 0.252884, "volatility_20d": 0.226001, "volatility_60d": 0.22236, "drawdown": -0.004983, "max_drawdown_1y": -0.123604, "volume_ratio": 0.957638, "rsi_14": 79.424354, "macd": 2.849786, "macd_signal": 2.689041, "macd_histogram": 0.160745, "bb_width": 0.154409, "bb_position": 0.865936, "stoch_k": 86.438356, "stoch_d": 89.71095, "adx": 52.435433, "atr_14": 1.658393, "last_close": 75.88, "last_date": "2026-03-03"}