{"return_1d": 0.02588, "return_5d": 0.037808, "return_20d": 0.087131, "return_60d": 0.146778, "return_252d": 0.339519, "sma_20": 127.1375, "sma_50": 120.1064, "sma_200": 105.804695, "price_vs_sma20": 0.003952, "price_vs_sma50": 0.062724, "price_vs_sma200": 0.206374, "volatility_20d": 0.35387, "volatility_60d": 0.247861, "drawdown": -0.04668, "max_drawdown_1y": -0.21928, "volume_ratio": 0.498353, "rsi_14": 56.184339, "macd": 1.697964, "macd_signal": 2.404712, "macd_histogram": -0.706748, "bb_width": 0.104451, "bb_position": 0.537691, "stoch_k": 48.313783, "stoch_d": 35.826002, "adx": 24.882033, "atr_14": 3.40457, "last_close": 127.64, "last_date": "2026-02-27"}