{"return_1d": -0.035209, "return_5d": -0.008921, "return_20d": -0.036641, "return_60d": 0.07342, "return_252d": 0.310838, "sma_20": 127.514, "sma_50": 121.0298, "sma_200": 106.408838, "price_vs_sma20": -0.032969, "price_vs_sma50": 0.01884, "price_vs_sma200": 0.158832, "volatility_20d": 0.334666, "volatility_60d": 0.258864, "drawdown": -0.07902, "max_drawdown_1y": -0.21928, "volume_ratio": 1.082793, "rsi_14": 46.584306, "macd": 1.203891, "macd_signal": 1.864428, "macd_histogram": -0.660537, "bb_width": 0.092022, "bb_position": 0.129515, "stoch_k": 16.568915, "stoch_d": 38.807429, "adx": 21.053451, "atr_14": 3.388727, "last_close": 123.31, "last_date": "2026-03-05"}