{"return_1d": 0.028372, "return_5d": 0.040328, "return_20d": 0.089771, "return_60d": 0.149564, "return_252d": 0.342773, "sma_20": 127.153, "sma_50": 120.1126, "sma_200": 105.806246, "price_vs_sma20": 0.006268, "price_vs_sma50": 0.06525, "price_vs_sma200": 0.209286, "volatility_20d": 0.355978, "volatility_60d": 0.24892, "drawdown": -0.044365, "max_drawdown_1y": -0.21928, "volume_ratio": 1.038193, "rsi_14": 56.673334, "macd": 1.722693, "macd_signal": 2.409658, "macd_histogram": -0.686964, "bb_width": 0.104292, "bb_position": 0.559726, "stoch_k": 50.58651, "stoch_d": 36.583578, "adx": 25.021404, "atr_14": 3.43957, "last_close": 127.95, "last_date": "2026-02-27"}