{"return_1d": -0.006643, "return_5d": 0.010254, "return_20d": 0.066812, "return_60d": 0.132987, "return_252d": 0.325722, "sma_20": 127.551, "sma_50": 120.3462, "sma_200": 105.964435, "price_vs_sma20": -0.003536, "price_vs_sma50": 0.05612, "price_vs_sma200": 0.199459, "volatility_20d": 0.35595, "volatility_60d": 0.249343, "drawdown": -0.050713, "max_drawdown_1y": -0.21928, "volume_ratio": 0.613063, "rsi_14": 54.865268, "macd": 1.651931, "macd_signal": 2.258112, "macd_histogram": -0.606181, "bb_width": 0.087672, "bb_position": 0.459526, "stoch_k": 44.354839, "stoch_d": 39.882698, "adx": 24.088721, "atr_14": 3.315315, "last_close": 127.1, "last_date": "2026-03-02"}