{"return_1d": 0.006373, "return_5d": 0.009152, "return_20d": 0.031033, "return_60d": 0.120275, "return_252d": 0.309546, "sma_20": 127.7435, "sma_50": 120.5912, "sma_200": 106.121946, "price_vs_sma20": 0.001303, "price_vs_sma50": 0.060691, "price_vs_sma200": 0.205311, "volatility_20d": 0.327158, "volatility_60d": 0.247385, "drawdown": -0.044664, "max_drawdown_1y": -0.21928, "volume_ratio": 0.606986, "rsi_14": 56.296157, "macd": 1.642281, "macd_signal": 2.134946, "macd_histogram": -0.492666, "bb_width": 0.083447, "bb_position": 0.515599, "stoch_k": 50.293255, "stoch_d": 48.411535, "adx": 22.700595, "atr_14": 3.271364, "last_close": 127.91, "last_date": "2026-03-03"}