{"return_1d": 0.021478, "return_5d": 0.031549, "return_20d": 0.069303, "return_60d": 0.02341, "return_252d": 0.212053, "sma_20": 70.682695, "sma_50": 69.613472, "sma_200": 70.955885, "price_vs_sma20": 0.03618, "price_vs_sma50": 0.052095, "price_vs_sma200": 0.032191, "volatility_20d": 0.220625, "volatility_60d": 0.229341, "drawdown": -0.050418, "max_drawdown_1y": -0.151033, "volume_ratio": 0.770369, "rsi_14": 65.775402, "macd": 0.796144, "macd_signal": 0.580629, "macd_histogram": 0.215515, "bb_width": 0.064967, "bb_position": 1.037454, "stoch_k": 96.495736, "stoch_d": 79.836436, "adx": 19.69201, "atr_14": 1.599445, "last_close": 73.24, "last_date": "2026-03-02"}