{"return_1d": 0.001676, "return_5d": 0.010001, "return_20d": 0.051727, "return_60d": -0.000581, "return_252d": 0.200677, "sma_20": 70.445355, "sma_50": 69.518136, "sma_200": 70.938756, "price_vs_sma20": 0.01781, "price_vs_sma50": 0.031386, "price_vs_sma200": 0.010731, "volatility_20d": 0.21023, "volatility_60d": 0.225194, "drawdown": -0.070385, "max_drawdown_1y": -0.151033, "volume_ratio": 2.2496, "rsi_14": 59.021104, "macd": 0.665377, "macd_signal": 0.52675, "macd_histogram": 0.138627, "bb_width": 0.062904, "bb_position": 0.778177, "stoch_k": 72.784985, "stoch_d": 71.080718, "adx": 18.866661, "atr_14": 1.577095, "last_close": 71.7, "last_date": "2026-02-27"}