{"return_1d": -0.008192, "return_5d": 0.0141, "return_20d": 0.073219, "return_60d": 0.031317, "return_252d": 0.183829, "sma_20": 70.930485, "sma_50": 69.685822, "sma_200": 70.973228, "price_vs_sma20": 0.024101, "price_vs_sma50": 0.042393, "price_vs_sma200": 0.023485, "volatility_20d": 0.217659, "volatility_60d": 0.227557, "drawdown": -0.058198, "max_drawdown_1y": -0.151032, "volume_ratio": 0.813345, "rsi_14": 61.520819, "macd": 0.841661, "macd_signal": 0.632835, "macd_histogram": 0.208826, "bb_width": 0.057639, "bb_position": 0.908302, "stoch_k": 81.68025, "stoch_d": 83.653657, "adx": 20.030387, "atr_14": 1.638056, "last_close": 72.64, "last_date": "2026-03-03"}