{"return_1d": 0.001746, "return_5d": 0.010072, "return_20d": 0.0518, "return_60d": -0.000512, "return_252d": 0.200761, "sma_20": 70.445605, "sma_50": 69.518236, "sma_200": 70.938783, "price_vs_sma20": 0.017878, "price_vs_sma50": 0.031456, "price_vs_sma200": 0.010801, "volatility_20d": 0.210226, "volatility_60d": 0.225196, "drawdown": -0.07032, "max_drawdown_1y": -0.151032, "volume_ratio": 0.505896, "rsi_14": 59.045474, "macd": 0.665776, "macd_signal": 0.52683, "macd_histogram": 0.138946, "bb_width": 0.062916, "bb_position": 0.779161, "stoch_k": 72.891502, "stoch_d": 71.116224, "adx": 18.866663, "atr_14": 1.57713, "last_close": 71.705, "last_date": "2026-02-27"}