{"return_1d": 0.005031, "return_5d": -0.024826, "return_20d": -0.017973, "return_60d": 0.06781, "return_252d": 0.148065, "sma_20": 70.904325, "sma_50": 69.705918, "sma_200": 70.952234, "price_vs_sma20": -0.013882, "price_vs_sma50": 0.003071, "price_vs_sma200": -0.014548, "volatility_20d": 0.231746, "volatility_60d": 0.202849, "drawdown": -0.093463, "max_drawdown_1y": -0.151032, "volume_ratio": 0.794082, "rsi_14": 46.945036, "macd": 0.365502, "macd_signal": 0.564373, "macd_histogram": -0.198871, "bb_width": 0.058566, "bb_position": 0.259624, "stoch_k": 30.139721, "stoch_d": 24.693686, "adx": 17.555092, "atr_14": 1.686027, "last_close": 69.92, "last_date": "2026-03-06"}