{"return_1d": -0.014006, "return_5d": -0.084161, "return_20d": -0.103044, "return_60d": 0.082741, "return_252d": 0.071089, "sma_20": 209.072, "sma_50": 203.880526, "sma_200": 187.984932, "price_vs_sma20": -0.074051, "price_vs_sma50": -0.050473, "price_vs_sma200": 0.029817, "volatility_20d": 0.391266, "volatility_60d": 0.357669, "drawdown": -0.122717, "max_drawdown_1y": -0.367875, "volume_ratio": 1.640885, "rsi_14": 38.026457, "macd": -2.124486, "macd_signal": 0.342102, "macd_histogram": -2.466588, "bb_width": 0.147445, "bb_position": -0.042392, "stoch_k": 18.221071, "stoch_d": 21.02475, "adx": 17.775485, "atr_14": 8.411537, "last_close": 193.59, "last_date": "2026-03-05"}