{"return_1d": -0.008741, "return_5d": -0.044935, "return_20d": -0.067514, "return_60d": 0.122627, "return_252d": 0.04158, "sma_20": 211.1685, "sma_50": 203.662826, "sma_200": 187.744687, "price_vs_sma20": -0.054878, "price_vs_sma50": -0.020047, "price_vs_sma200": 0.063039, "volatility_20d": 0.390428, "volatility_60d": 0.356036, "drawdown": -0.095573, "max_drawdown_1y": -0.367875, "volume_ratio": 1.051143, "rsi_14": 42.49385, "macd": -0.434948, "macd_signal": 1.515279, "macd_histogram": -1.950227, "bb_width": 0.111844, "bb_position": -0.019157, "stoch_k": 27.654082, "stoch_d": 22.28317, "adx": 16.305072, "atr_14": 8.369948, "last_close": 199.58, "last_date": "2026-03-03"}