{"return_1d": -0.027108, "return_5d": -0.042865, "return_20d": -4.9e-05, "return_60d": 0.130774, "return_252d": 0.052965, "sma_20": 212.0565, "sma_50": 203.045094, "sma_200": 187.452215, "price_vs_sma20": -0.030211, "price_vs_sma50": 0.012829, "price_vs_sma200": 0.09708, "volatility_20d": 0.420078, "volatility_60d": 0.35622, "drawdown": -0.068065, "max_drawdown_1y": -0.367875, "volume_ratio": 1.343168, "rsi_14": 47.286864, "macd": 1.06346, "macd_signal": 2.427554, "macd_histogram": -1.364094, "bb_width": 0.089857, "bb_position": 0.15331, "stoch_k": 20.823245, "stoch_d": 35.835351, "adx": 14.95851, "atr_14": 8.162188, "last_close": 205.65, "last_date": "2026-02-27"}