{"return_1d": -0.016234, "return_5d": -0.061562, "return_20d": -0.091145, "return_60d": 0.114904, "return_252d": 0.062286, "sma_20": 210.184, "sma_50": 203.814328, "sma_200": 187.877053, "price_vs_sma20": -0.065866, "price_vs_sma50": -0.036672, "price_vs_sma200": 0.045045, "volatility_20d": 0.390085, "volatility_60d": 0.357256, "drawdown": -0.110255, "max_drawdown_1y": -0.367875, "volume_ratio": 0.827288, "rsi_14": 40.036484, "macd": -1.267372, "macd_signal": 0.958749, "macd_histogram": -2.226121, "bb_width": 0.128824, "bb_position": -0.047337, "stoch_k": 17.199096, "stoch_d": 21.075121, "adx": 16.643708, "atr_14": 8.267809, "last_close": 196.34, "last_date": "2026-03-04"}