{"return_1d": -0.020958, "return_5d": -0.002675, "return_20d": -0.016174, "return_60d": 0.134307, "return_252d": 0.063334, "sma_20": 211.891, "sma_50": 203.373354, "sma_200": 187.595877, "price_vs_sma20": -0.049794, "price_vs_sma50": -0.009998, "price_vs_sma200": 0.073265, "volatility_20d": 0.426546, "volatility_60d": 0.355312, "drawdown": -0.087597, "max_drawdown_1y": -0.367875, "volume_ratio": 0.945965, "rsi_14": 43.851479, "macd": 0.303963, "macd_signal": 2.002836, "macd_histogram": -1.698873, "bb_width": 0.097962, "bb_position": -0.034939, "stoch_k": 18.372185, "stoch_d": 29.255619, "adx": 15.36431, "atr_14": 8.219175, "last_close": 201.34, "last_date": "2026-03-02"}