{"return_1d": -0.018044, "return_5d": -0.018754, "return_20d": 0.030795, "return_60d": -0.127239, "return_252d": 0.087127, "sma_20": 246.319, "sma_50": 255.060228, "sma_200": 250.527241, "price_vs_sma20": -0.007994, "price_vs_sma50": -0.041991, "price_vs_sma200": -0.024657, "volatility_20d": 0.37521, "volatility_60d": 0.343883, "drawdown": -0.475697, "max_drawdown_1y": -0.592916, "volume_ratio": 0.814932, "rsi_14": 45.935097, "macd": -0.615434, "macd_signal": -1.625504, "macd_histogram": 1.010069, "bb_width": 0.077518, "bb_position": 0.396048, "stoch_k": 43.502203, "stoch_d": 61.029583, "adx": 23.181615, "atr_14": 8.311873, "last_close": 244.35, "last_date": "2026-03-05"}