{"return_1d": -0.010104, "return_5d": 0.003873, "return_20d": 0.077463, "return_60d": -0.11606, "return_252d": 0.095015, "sma_20": 245.954, "sma_50": 255.619042, "sma_200": 250.385944, "price_vs_sma20": 0.011734, "price_vs_sma50": -0.02652, "price_vs_sma200": -0.006174, "volatility_20d": 0.377241, "volatility_60d": 0.342344, "drawdown": -0.466063, "max_drawdown_1y": -0.592916, "volume_ratio": 1.268349, "rsi_14": 50.100374, "macd": -0.328313, "macd_signal": -1.878021, "macd_histogram": 1.549708, "bb_width": 0.082581, "bb_position": 0.640442, "stoch_k": 65.87473, "stoch_d": 70.965751, "adx": 23.238499, "atr_14": 8.223556, "last_close": 248.84, "last_date": "2026-03-04"}