{"return_1d": -0.012149, "return_5d": 0.028786, "return_20d": 0.087098, "return_60d": -0.078929, "return_252d": 0.132894, "sma_20": 244.3655, "sma_50": 256.360606, "sma_200": 249.966403, "price_vs_sma20": 0.028173, "price_vs_sma50": -0.019935, "price_vs_sma200": 0.005135, "volatility_20d": 0.400084, "volatility_60d": 0.353444, "drawdown": -0.460891, "max_drawdown_1y": -0.592916, "volume_ratio": 0.54098, "rsi_14": 52.493206, "macd": -0.776483, "macd_signal": -2.728253, "macd_histogram": 1.95177, "bb_width": 0.096591, "bb_position": 0.783681, "stoch_k": 73.310707, "stoch_d": 74.195207, "adx": 24.177958, "atr_14": 8.414598, "last_close": 251.25, "last_date": "2026-03-02"}