{"return_1d": 0.00618, "return_5d": -0.033341, "return_20d": 0.06148, "return_60d": -0.085458, "return_252d": 0.07017, "sma_20": 247.031, "sma_50": 254.484656, "sma_200": 250.673195, "price_vs_sma20": -0.00474, "price_vs_sma50": -0.033891, "price_vs_sma200": -0.019201, "volatility_20d": 0.363865, "volatility_60d": 0.335119, "drawdown": -0.472457, "max_drawdown_1y": -0.592916, "volume_ratio": 1.090245, "rsi_14": 47.515435, "macd": -0.712918, "macd_signal": -1.442987, "macd_histogram": 0.730069, "bb_width": 0.054263, "bb_position": 0.412227, "stoch_k": 51.817181, "stoch_d": 53.731371, "adx": 23.517223, "atr_14": 8.184597, "last_close": 245.86, "last_date": "2026-03-06"}