{"return_1d": 0.004685, "return_5d": 0.025771, "return_20d": -0.091346, "return_60d": -0.045837, "return_252d": -0.095301, "sma_20": 301.639, "sma_50": 316.91865, "sma_200": 319.016825, "price_vs_sma20": 0.009452, "price_vs_sma50": -0.039217, "price_vs_sma200": -0.045536, "volatility_20d": 0.537504, "volatility_60d": 0.35846, "drawdown": -0.127448, "max_drawdown_1y": -0.197369, "volume_ratio": 0.437704, "rsi_14": 48.670851, "macd": -3.756273, "macd_signal": -5.597745, "macd_histogram": 1.841472, "bb_width": 0.197967, "bb_position": 0.547297, "stoch_k": 83.933759, "stoch_d": 82.200271, "adx": 18.714165, "atr_14": 9.026894, "last_close": 304.49, "last_date": "2026-03-04"}