{"return_1d": -0.003441, "return_5d": 0.043222, "return_20d": -0.042051, "return_60d": -0.033986, "return_252d": -0.082737, "sma_20": 303.8465, "sma_50": 317.920872, "sma_200": 319.020028, "price_vs_sma20": 0.0009, "price_vs_sma50": -0.04341, "price_vs_sma200": -0.046706, "volatility_20d": 0.58129, "volatility_60d": 0.359078, "drawdown": -0.128508, "max_drawdown_1y": -0.197369, "volume_ratio": 0.600487, "rsi_14": 48.274717, "macd": -4.794727, "macd_signal": -6.496773, "macd_histogram": 1.702046, "bb_width": 0.223559, "bb_position": 0.504023, "stoch_k": 82.858803, "stoch_d": 64.173515, "adx": 20.248025, "atr_14": 9.474268, "last_close": 304.12, "last_date": "2026-03-02"}