{"return_1d": -0.003453, "return_5d": 0.040512, "return_20d": -0.042766, "return_60d": -0.039876, "return_252d": -0.097638, "sma_20": 303.1695, "sma_50": 317.403666, "sma_200": 319.031337, "price_vs_sma20": -0.000328, "price_vs_sma50": -0.045159, "price_vs_sma200": -0.050031, "volatility_20d": 0.581317, "volatility_60d": 0.35908, "drawdown": -0.131517, "max_drawdown_1y": -0.197369, "volume_ratio": 0.410725, "rsi_14": 47.552582, "macd": -4.303475, "macd_signal": -6.058113, "macd_histogram": 1.754638, "bb_width": 0.220979, "bb_position": 0.498514, "stoch_k": 79.808251, "stoch_d": 72.120784, "adx": 19.45269, "atr_14": 9.318963, "last_close": 303.07, "last_date": "2026-03-03"}