{"return_1d": -0.01012, "return_5d": 0.011133, "return_20d": -0.035036, "return_60d": -0.046061, "return_252d": -0.082444, "sma_20": 304.514, "sma_50": 318.415484, "sma_200": 319.007635, "price_vs_sma20": 0.002154, "price_vs_sma50": -0.041598, "price_vs_sma200": -0.043377, "volatility_20d": 0.581541, "volatility_60d": 0.360446, "drawdown": -0.125499, "max_drawdown_1y": -0.197369, "volume_ratio": 0.90325, "rsi_14": 48.96519, "macd": -5.45891, "macd_signal": -6.922284, "macd_histogram": 1.463374, "bb_width": 0.226169, "bb_position": 0.509505, "stoch_k": 53.695297, "stoch_d": 47.103757, "adx": 21.656208, "atr_14": 9.842288, "last_close": 305.17, "last_date": "2026-02-27"}