{"return_1d": 0.000408, "return_5d": -0.029668, "return_20d": -0.053992, "return_60d": 0.108951, "return_252d": -0.150361, "sma_20": 26.0125, "sma_50": 25.3904, "sma_200": 24.710933, "price_vs_sma20": -0.056992, "price_vs_sma50": -0.033887, "price_vs_sma200": -0.007322, "volatility_20d": 0.207591, "volatility_60d": 0.280221, "drawdown": -0.339112, "max_drawdown_1y": -0.430213, "volume_ratio": 1.185089, "rsi_14": 33.896933, "macd": -0.277555, "macd_signal": 0.044328, "macd_histogram": -0.321883, "bb_width": 0.149044, "bb_position": 0.094508, "stoch_k": 13.44086, "stoch_d": 11.183185, "adx": 25.249069, "atr_14": 0.682296, "last_close": 24.53, "last_date": "2026-02-27"}