{"return_1d": 0.006093, "return_5d": -0.004821, "return_20d": -0.041409, "return_60d": 0.132602, "return_252d": -0.149744, "sma_20": 25.901, "sma_50": 25.438, "sma_200": 24.70102, "price_vs_sma20": -0.043666, "price_vs_sma50": -0.02626, "price_vs_sma200": 0.002793, "volatility_20d": 0.209944, "volatility_60d": 0.279115, "drawdown": -0.332645, "max_drawdown_1y": -0.430213, "volume_ratio": 1.337846, "rsi_14": 38.456027, "macd": -0.329363, "macd_signal": -0.087955, "macd_histogram": -0.241407, "bb_width": 0.160915, "bb_position": 0.216246, "stoch_k": 19.892473, "stoch_d": 16.397849, "adx": 25.937842, "atr_14": 0.685347, "last_close": 24.77, "last_date": "2026-03-03"}