{"return_1d": -0.007655, "return_5d": 0.004486, "return_20d": -0.077528, "return_60d": 0.135546, "return_252d": -0.173495, "sma_20": 25.7045, "sma_50": 25.4854, "sma_200": 24.689069, "price_vs_sma20": -0.041802, "price_vs_sma50": -0.033564, "price_vs_sma200": -0.002392, "volatility_20d": 0.166696, "volatility_60d": 0.274539, "drawdown": -0.336417, "max_drawdown_1y": -0.430213, "volume_ratio": 1.431069, "rsi_14": 37.046476, "macd": -0.346532, "macd_signal": -0.178816, "macd_histogram": -0.167716, "bb_width": 0.164923, "bb_position": 0.235478, "stoch_k": 17.045455, "stoch_d": 19.391496, "adx": 26.504156, "atr_14": 0.643233, "last_close": 24.63, "last_date": "2026-03-05"}