{"return_1d": -0.005278, "return_5d": -0.001223, "return_20d": -0.082741, "return_60d": 0.099641, "return_252d": -0.181579, "sma_20": 25.594, "sma_50": 25.5012, "sma_200": 24.68243, "price_vs_sma20": -0.042744, "price_vs_sma50": -0.039261, "price_vs_sma200": -0.007391, "volatility_20d": 0.165947, "volatility_60d": 0.26997, "drawdown": -0.33992, "max_drawdown_1y": -0.430213, "volume_ratio": 1.048839, "rsi_14": 35.473139, "macd": -0.363856, "macd_signal": -0.215824, "macd_histogram": -0.148031, "bb_width": 0.166582, "bb_position": 0.231946, "stoch_k": 15.533981, "stoch_d": 17.938665, "adx": 27.41319, "atr_14": 0.640859, "last_close": 24.5, "last_date": "2026-03-06"}