{"return_1d": -0.011214, "return_5d": -0.065424, "return_20d": -0.061155, "return_60d": -0.220686, "return_252d": 0.155564, "sma_20": 111.552285, "sma_50": 115.16824, "sma_200": 113.244492, "price_vs_sma20": -0.083121, "price_vs_sma50": -0.111908, "price_vs_sma200": -0.096821, "volatility_20d": 0.505809, "volatility_60d": 0.354943, "drawdown": -0.246735, "max_drawdown_1y": -0.517601, "volume_ratio": 1.271031, "rsi_14": 35.49323, "macd": -2.654686, "macd_signal": -1.79238, "macd_histogram": -0.862306, "bb_width": 0.172612, "bb_position": -0.025201, "stoch_k": 16.322117, "stoch_d": 19.748499, "adx": 29.515841, "atr_14": 4.67196, "last_close": 102.28, "last_date": "2026-03-03"}