{"return_1d": 0.010266, "return_5d": -0.038343, "return_20d": -0.052298, "return_60d": -0.176302, "return_252d": 0.172546, "sma_20": 111.267175, "sma_50": 114.710146, "sma_200": 113.27682, "price_vs_sma20": -0.071334, "price_vs_sma50": -0.099208, "price_vs_sma200": -0.08781, "volatility_20d": 0.507779, "volatility_60d": 0.345982, "drawdown": -0.239002, "max_drawdown_1y": -0.517601, "volume_ratio": 1.376279, "rsi_14": 37.568456, "macd": -2.881746, "macd_signal": -2.010253, "macd_histogram": -0.871493, "bb_width": 0.183467, "bb_position": 0.081321, "stoch_k": 21.728497, "stoch_d": 17.372486, "adx": 30.938207, "atr_14": 4.51682, "last_close": 103.33, "last_date": "2026-03-04"}