{"return_1d": -0.017437, "return_5d": -0.056098, "return_20d": -0.004445, "return_60d": -0.183355, "return_252d": 0.198452, "sma_20": 112.07421, "sma_50": 116.072494, "sma_200": 113.178492, "price_vs_sma20": -0.034657, "price_vs_sma50": -0.06791, "price_vs_sma200": -0.044076, "volatility_20d": 0.486106, "volatility_60d": 0.345257, "drawdown": -0.20321, "max_drawdown_1y": -0.517601, "volume_ratio": 0.927667, "rsi_14": 42.443648, "macd": -1.749534, "macd_signal": -1.416166, "macd_histogram": -0.333368, "bb_width": 0.132789, "bb_position": 0.229633, "stoch_k": 28.856535, "stoch_d": 31.461892, "adx": 25.784488, "atr_14": 4.489492, "last_close": 108.19, "last_date": "2026-02-27"}