{"return_1d": 0.000719, "return_5d": 0.02428, "return_20d": 0.099513, "return_60d": 0.055747, "return_252d": 0.232755, "sma_20": 79.388, "sma_50": 76.454294, "sma_200": 74.081926, "price_vs_sma20": 0.052174, "price_vs_sma50": 0.092548, "price_vs_sma200": 0.127535, "volatility_20d": 0.200332, "volatility_60d": 0.17667, "drawdown": -0.004529, "max_drawdown_1y": -0.114968, "volume_ratio": 0.600978, "rsi_14": 71.853072, "macd": 2.088677, "macd_signal": 1.655719, "macd_histogram": 0.432959, "bb_width": 0.149617, "bb_position": 0.831427, "stoch_k": 92.465016, "stoch_d": 92.630207, "adx": 28.208454, "atr_14": 1.502345, "last_close": 83.53, "last_date": "2026-02-27"}