{"return_1d": -0.001563, "return_5d": -0.006104, "return_20d": 0.093351, "return_60d": 0.076006, "return_252d": 0.192627, "sma_20": 80.5545, "sma_50": 77.075268, "sma_200": 74.313755, "price_vs_sma20": 0.030855, "price_vs_sma50": 0.077388, "price_vs_sma200": 0.117424, "volatility_20d": 0.177258, "volatility_60d": 0.17473, "drawdown": -0.010368, "max_drawdown_1y": -0.114968, "volume_ratio": 0.905073, "rsi_14": 66.593599, "macd": 1.960664, "macd_signal": 1.833104, "macd_histogram": 0.12756, "bb_width": 0.139175, "bb_position": 0.715062, "stoch_k": 80.990415, "stoch_d": 86.853638, "adx": 26.219519, "atr_14": 1.541146, "last_close": 83.04, "last_date": "2026-03-04"}