{"return_1d": 0.005278, "return_5d": 0.005399, "return_20d": 0.101762, "return_60d": 0.068406, "return_252d": 0.222933, "sma_20": 79.7665, "sma_50": 76.663588, "sma_200": 74.166552, "price_vs_sma20": 0.050566, "price_vs_sma50": 0.093087, "price_vs_sma200": 0.129889, "volatility_20d": 0.200583, "volatility_60d": 0.175808, "drawdown": -0.001311, "max_drawdown_1y": -0.114968, "volume_ratio": 0.710661, "rsi_14": 72.206505, "macd": 2.096557, "macd_signal": 1.741716, "macd_histogram": 0.35484, "bb_width": 0.15071, "bb_position": 0.819372, "stoch_k": 94.437257, "stoch_d": 92.374186, "adx": 28.897474, "atr_14": 1.453223, "last_close": 83.8, "last_date": "2026-03-02"}