{"return_1d": 0.015804, "return_5d": 0.01895, "return_20d": 0.107108, "return_60d": 0.235143, "return_252d": 0.296711, "sma_20": 53.8135, "sma_50": 49.406504, "sma_200": 44.662855, "price_vs_sma20": 0.039144, "price_vs_sma50": 0.131835, "price_vs_sma200": 0.252047, "volatility_20d": 0.231297, "volatility_60d": 0.221473, "drawdown": 0.0, "max_drawdown_1y": -0.201373, "volume_ratio": 1.082884, "rsi_14": 72.238758, "macd": 1.708148, "macd_signal": 1.803506, "macd_histogram": -0.095358, "bb_width": 0.109045, "bb_position": 0.845452, "stoch_k": 92.744479, "stoch_d": 81.495534, "adx": 48.65746, "atr_14": 1.112245, "last_close": 55.92, "last_date": "2026-02-27"}