{"return_1d": 0.016258, "return_5d": 0.019406, "return_20d": 0.107602, "return_60d": 0.235695, "return_252d": 0.29729, "sma_20": 53.81475, "sma_50": 49.407004, "sma_200": 44.662981, "price_vs_sma20": 0.039585, "price_vs_sma50": 0.132329, "price_vs_sma200": 0.252603, "volatility_20d": 0.231578, "volatility_60d": 0.221582, "drawdown": 0.0, "max_drawdown_1y": -0.201373, "volume_ratio": 0.934742, "rsi_14": 72.329432, "macd": 1.710142, "macd_signal": 1.803905, "macd_histogram": -0.093763, "bb_width": 0.109121, "bb_position": 0.84895, "stoch_k": 96.110211, "stoch_d": 82.617444, "adx": 48.607086, "atr_14": 1.10653, "last_close": 55.945, "last_date": "2026-02-27"}