{"return_1d": -0.009116, "return_5d": 0.025771, "return_20d": 0.129271, "return_60d": 0.241464, "return_252d": 0.283691, "sma_20": 54.4365, "sma_50": 49.92088, "sma_200": 44.813698, "price_vs_sma20": 0.038274, "price_vs_sma50": 0.132192, "price_vs_sma200": 0.261222, "volatility_20d": 0.224327, "volatility_60d": 0.220783, "drawdown": -0.009116, "max_drawdown_1y": -0.201372, "volume_ratio": 2.486224, "rsi_14": 71.170657, "macd": 1.768925, "macd_signal": 1.792323, "macd_histogram": -0.023398, "bb_width": 0.093154, "bb_position": 0.895722, "stoch_k": 71.06383, "stoch_d": 81.978656, "adx": 49.273627, "atr_14": 1.208313, "last_close": 56.52, "last_date": "2026-03-03"}