{"return_1d": 0.005161, "return_5d": 0.025976, "return_20d": 0.06909, "return_60d": 0.240449, "return_252d": 0.342221, "sma_20": 54.845, "sma_50": 50.424, "sma_200": 44.95992, "price_vs_sma20": 0.029811, "price_vs_sma50": 0.120102, "price_vs_sma200": 0.25623, "volatility_20d": 0.193958, "volatility_60d": 0.221089, "drawdown": -0.009818, "max_drawdown_1y": -0.201372, "volume_ratio": 1.374483, "rsi_14": 69.404311, "macd": 1.678541, "macd_signal": 1.757394, "macd_histogram": -0.078852, "bb_width": 0.084289, "bb_position": 0.843439, "stoch_k": 70.212766, "stoch_d": 68.439716, "adx": 47.981009, "atr_14": 1.19079, "last_close": 56.48, "last_date": "2026-03-05"}