{"return_1d": 0.020029, "return_5d": 0.03427, "return_20d": 0.117336, "return_60d": 0.276374, "return_252d": 0.315595, "sma_20": 54.113, "sma_50": 49.67851, "sma_200": 44.738942, "price_vs_sma20": 0.054091, "price_vs_sma50": 0.148183, "price_vs_sma200": 0.274952, "volatility_20d": 0.236552, "volatility_60d": 0.221255, "drawdown": 0.0, "max_drawdown_1y": -0.201373, "volume_ratio": 2.354897, "rsi_14": 76.028572, "macd": 1.776838, "macd_signal": 1.798173, "macd_histogram": -0.021334, "bb_width": 0.108024, "bb_position": 0.97503, "stoch_k": 82.12766, "stoch_d": 83.407426, "adx": 49.13964, "atr_14": 1.172799, "last_close": 57.04, "last_date": "2026-03-02"}