{"return_1d": -0.005839, "return_5d": 0.024057, "return_20d": 0.087478, "return_60d": 0.228995, "return_252d": 0.322407, "sma_20": 54.6625, "sma_50": 50.16954, "sma_200": 44.885926, "price_vs_sma20": 0.027944, "price_vs_sma50": 0.120002, "price_vs_sma200": 0.25184, "volatility_20d": 0.205392, "volatility_60d": 0.221643, "drawdown": -0.014902, "max_drawdown_1y": -0.201372, "volume_ratio": 1.148412, "rsi_14": 68.19278, "macd": 1.716242, "macd_signal": 1.777107, "macd_histogram": -0.060865, "bb_width": 0.085796, "bb_position": 0.816853, "stoch_k": 64.042553, "stoch_d": 72.411348, "adx": 48.420833, "atr_14": 1.207005, "last_close": 56.19, "last_date": "2026-03-04"}