{"return_1d": -0.012883, "return_5d": -0.016722, "return_20d": -0.051041, "return_60d": -0.051107, "return_252d": 0.021187, "sma_20": 52.029, "sma_50": 53.491, "sma_200": 52.617383, "price_vs_sma20": -0.028042, "price_vs_sma50": -0.054607, "price_vs_sma200": -0.038911, "volatility_20d": 0.213885, "volatility_60d": 0.172619, "drawdown": -0.103369, "max_drawdown_1y": -0.155404, "volume_ratio": 1.205676, "rsi_14": 37.53582, "macd": -0.660424, "macd_signal": -0.609015, "macd_histogram": -0.051409, "bb_width": 0.078941, "bb_position": 0.134525, "stoch_k": 27.062706, "stoch_d": 38.839995, "adx": 30.570876, "atr_14": 0.991071, "last_close": 50.57, "last_date": "2026-03-06"}