{"return_1d": -0.001754, "return_5d": 0.004512, "return_20d": -0.052193, "return_60d": -0.040355, "return_252d": -0.00493, "sma_20": 52.403, "sma_50": 53.71138, "sma_200": 52.615497, "price_vs_sma20": -0.022766, "price_vs_sma50": -0.046571, "price_vs_sma200": -0.026713, "volatility_20d": 0.21613, "volatility_60d": 0.170238, "drawdown": -0.092021, "max_drawdown_1y": -0.155404, "volume_ratio": 1.505257, "rsi_14": 40.629594, "macd": -0.636207, "macd_signal": -0.585033, "macd_histogram": -0.051175, "bb_width": 0.081265, "bb_position": 0.213329, "stoch_k": 29.350649, "stoch_d": 28.131169, "adx": 28.788173, "atr_14": 0.986559, "last_close": 51.21, "last_date": "2026-03-03"}