{"return_1d": -0.020381, "return_5d": -0.020194, "return_20d": -0.039589, "return_60d": -0.024206, "return_252d": 0.025483, "sma_20": 52.651, "sma_50": 53.838968, "sma_200": 52.607871, "price_vs_sma20": -0.02319, "price_vs_sma50": -0.044744, "price_vs_sma200": -0.02239, "volatility_20d": 0.22148, "volatility_60d": 0.172585, "drawdown": -0.088121, "max_drawdown_1y": -0.155404, "volume_ratio": 1.384358, "rsi_14": 41.804916, "macd": -0.605363, "macd_signal": -0.559646, "macd_histogram": -0.045717, "bb_width": 0.080641, "bb_position": 0.205596, "stoch_k": 28.674699, "stoch_d": 40.803213, "adx": 27.962637, "atr_14": 0.9324, "last_close": 51.43, "last_date": "2026-02-27"}