{"return_1d": 0.005663, "return_5d": -0.007133, "return_20d": -0.037923, "return_60d": -0.036899, "return_252d": 0.009214, "sma_20": 52.3015, "sma_50": 53.65438, "sma_200": 52.619198, "price_vs_sma20": -0.015325, "price_vs_sma50": -0.040153, "price_vs_sma200": -0.02127, "volatility_20d": 0.216514, "volatility_60d": 0.170641, "drawdown": -0.086879, "max_drawdown_1y": -0.155404, "volume_ratio": 0.827911, "rsi_14": 43.004565, "macd": -0.616476, "macd_signal": -0.591321, "macd_histogram": -0.025155, "bb_width": 0.079564, "bb_position": 0.304396, "stoch_k": 46.864686, "stoch_d": 34.194498, "adx": 29.137074, "atr_14": 0.956805, "last_close": 51.5, "last_date": "2026-03-04"}