{"return_1d": -0.02222, "return_5d": -0.026259, "return_20d": 0.015762, "return_60d": 0.116893, "return_252d": 0.323703, "sma_20": 174.9115, "sma_50": 167.4158, "sma_200": 154.208303, "price_vs_sma20": -0.016303, "price_vs_sma50": 0.027741, "price_vs_sma200": 0.115764, "volatility_20d": 0.186127, "volatility_60d": 0.162734, "drawdown": -0.038234, "max_drawdown_1y": -0.184907, "volume_ratio": 1.537778, "rsi_14": 48.645026, "macd": 2.352164, "macd_signal": 3.058652, "macd_histogram": -0.706488, "bb_width": 0.051804, "bb_position": 0.180089, "stoch_k": 20.32967, "stoch_d": 38.40921, "adx": 40.079888, "atr_14": 3.071466, "last_close": 172.06, "last_date": "2026-03-05"}