{"return_1d": 0.003021, "return_5d": 0.002107, "return_20d": 0.041612, "return_60d": 0.139105, "return_252d": 0.327391, "sma_20": 174.778, "sma_50": 167.08116, "sma_200": 154.059337, "price_vs_sma20": 0.00682, "price_vs_sma50": 0.053201, "price_vs_sma200": 0.142222, "volatility_20d": 0.164983, "volatility_60d": 0.155127, "drawdown": -0.016378, "max_drawdown_1y": -0.184907, "volume_ratio": 0.981671, "rsi_14": 59.067762, "macd": 2.856339, "macd_signal": 3.235274, "macd_histogram": -0.378934, "bb_width": 0.055983, "bb_position": 0.620999, "stoch_k": 51.311953, "stoch_d": 62.973761, "adx": 42.908512, "atr_14": 2.864655, "last_close": 175.97, "last_date": "2026-03-04"}