{"return_1d": -0.012321, "return_5d": -0.040646, "return_20d": 0.009325, "return_60d": 0.104489, "return_252d": 0.287077, "sma_20": 174.99, "sma_50": 167.6736, "sma_200": 154.344246, "price_vs_sma20": -0.028859, "price_vs_sma50": 0.013517, "price_vs_sma200": 0.101045, "volatility_20d": 0.190503, "volatility_60d": 0.165212, "drawdown": -0.050084, "max_drawdown_1y": -0.184907, "volume_ratio": 1.613581, "rsi_14": 44.101165, "macd": 1.761233, "macd_signal": 2.799168, "macd_histogram": -1.037935, "bb_width": 0.047402, "bb_position": -0.126906, "stoch_k": 15.20362, "stoch_d": 28.948415, "adx": 38.152739, "atr_14": 3.123504, "last_close": 169.94, "last_date": "2026-03-06"}