{"return_1d": 0.00249, "return_5d": -0.000508, "return_20d": 0.068009, "return_60d": 0.17371, "return_252d": 0.330179, "sma_20": 173.358, "sma_50": 165.725676, "sma_200": 153.505672, "price_vs_sma20": 0.021816, "price_vs_sma50": 0.068875, "price_vs_sma200": 0.153964, "volatility_20d": 0.148917, "volatility_60d": 0.149005, "drawdown": -0.000508, "max_drawdown_1y": -0.184907, "volume_ratio": 0.74364, "rsi_14": 66.430508, "macd": 3.27328, "macd_signal": 3.414366, "macd_histogram": -0.141086, "bb_width": 0.07756, "bb_position": 0.775277, "stoch_k": 81.282496, "stoch_d": 79.627313, "adx": 45.139153, "atr_14": 2.581186, "last_close": 177.14, "last_date": "2026-02-27"}