{"return_1d": 0.002431, "return_5d": -0.005886, "return_20d": 0.014915, "return_60d": -0.042342, "return_252d": 0.291106, "sma_20": 140.228, "sma_50": 143.2096, "sma_200": 136.362692, "price_vs_sma20": -0.000342, "price_vs_sma50": -0.021155, "price_vs_sma200": 0.027994, "volatility_20d": 0.25495, "volatility_60d": 0.220492, "drawdown": -0.076759, "max_drawdown_1y": -0.256562, "volume_ratio": 0.873263, "rsi_14": 47.856791, "macd": -1.018931, "macd_signal": -1.073704, "macd_histogram": 0.054773, "bb_width": 0.053018, "bb_position": 0.493542, "stoch_k": 62.155689, "stoch_d": 47.695253, "adx": 20.219532, "atr_14": 3.267692, "last_close": 140.18, "last_date": "2026-03-05"}