{"return_1d": -0.014619, "return_5d": -0.020097, "return_20d": -0.053421, "return_60d": -0.050253, "return_252d": 0.226946, "sma_20": 140.237, "sma_50": 143.323332, "sma_200": 136.130726, "price_vs_sma20": -0.019517, "price_vs_sma50": -0.040631, "price_vs_sma200": 0.010059, "volatility_20d": 0.275946, "volatility_60d": 0.218157, "drawdown": -0.09441, "max_drawdown_1y": -0.256562, "volume_ratio": 1.404239, "rsi_14": 41.608469, "macd": -1.187981, "macd_signal": -1.080365, "macd_histogram": -0.107616, "bb_width": 0.056993, "bb_position": 0.150738, "stoch_k": 25.69089, "stoch_d": 28.170991, "adx": 21.082344, "atr_14": 3.286377, "last_close": 137.5, "last_date": "2026-03-03"}