{"return_1d": -0.016772, "return_5d": -0.015865, "return_20d": -0.056002, "return_60d": -0.030171, "return_252d": 0.207868, "sma_20": 140.83625, "sma_50": 143.410692, "sma_200": 135.906636, "price_vs_sma20": -0.015559, "price_vs_sma50": -0.033231, "price_vs_sma200": 0.020149, "volatility_20d": 0.282455, "volatility_60d": 0.217351, "drawdown": -0.086869, "max_drawdown_1y": -0.256562, "volume_ratio": 0.513015, "rsi_14": 43.384629, "macd": -1.018771, "macd_signal": -1.06243, "macd_histogram": 0.04366, "bb_width": 0.06466, "bb_position": 0.255572, "stoch_k": 20.994832, "stoch_d": 51.488902, "adx": 19.91357, "atr_14": 3.172536, "last_close": 138.645, "last_date": "2026-02-27"}