{"return_1d": -0.020616, "return_5d": -0.010594, "return_20d": 0.012239, "return_60d": -0.068629, "return_252d": 0.246968, "sma_20": 140.311, "sma_50": 143.0522, "sma_200": 136.465374, "price_vs_sma20": -0.021531, "price_vs_sma50": -0.04028, "price_vs_sma200": 0.006043, "volatility_20d": 0.257645, "volatility_60d": 0.223649, "drawdown": -0.095793, "max_drawdown_1y": -0.256562, "volume_ratio": 0.933447, "rsi_14": 42.256373, "macd": -1.162178, "macd_signal": -1.091399, "macd_histogram": -0.070779, "bb_width": 0.048926, "bb_position": 0.050245, "stoch_k": 27.54491, "stoch_d": 48.31326, "adx": 20.113978, "atr_14": 3.276429, "last_close": 137.29, "last_date": "2026-03-06"}