{"return_1d": 0.005621, "return_5d": 0.007364, "return_20d": -0.030164, "return_60d": -0.033863, "return_252d": 0.261595, "sma_20": 140.625, "sma_50": 143.35691, "sma_200": 136.025947, "price_vs_sma20": -0.007716, "price_vs_sma50": -0.026625, "price_vs_sma200": 0.025834, "volatility_20d": 0.275339, "volatility_60d": 0.21632, "drawdown": -0.080974, "max_drawdown_1y": -0.256562, "volume_ratio": 0.860302, "rsi_14": 45.418145, "macd": -1.02492, "macd_signal": -1.053461, "macd_histogram": 0.02854, "bb_width": 0.061311, "bb_position": 0.373179, "stoch_k": 36.341463, "stoch_d": 36.790824, "adx": 20.302898, "atr_14": 3.189175, "last_close": 139.54, "last_date": "2026-03-02"}