{"return_1d": 0.001978, "return_5d": -0.004942, "return_20d": 0.019143, "return_60d": 0.024813, "return_252d": 0.068407, "sma_20": 157.1725, "sma_50": 156.60426, "sma_200": 143.405818, "price_vs_sma20": -0.000779, "price_vs_sma50": 0.002846, "price_vs_sma200": 0.095144, "volatility_20d": 0.142354, "volatility_60d": 0.135669, "drawdown": -0.019663, "max_drawdown_1y": -0.17109, "volume_ratio": 0.839859, "rsi_14": 50.0712, "macd": 0.505209, "macd_signal": 0.547056, "macd_histogram": -0.041848, "bb_width": 0.030195, "bb_position": 0.474167, "stoch_k": 39.122137, "stoch_d": 50.071429, "adx": 11.174847, "atr_14": 2.125809, "last_close": 157.05, "last_date": "2026-03-04"}