{"return_1d": 0.01766, "return_5d": 0.021553, "return_20d": 0.041477, "return_60d": 0.036011, "return_252d": 0.102813, "sma_20": 156.783, "sma_50": 156.3541, "sma_200": 142.973352, "price_vs_sma20": 0.021794, "price_vs_sma50": 0.024597, "price_vs_sma200": 0.120489, "volatility_20d": 0.136239, "volatility_60d": 0.133509, "drawdown": 0.0, "max_drawdown_1y": -0.17109, "volume_ratio": 0.967264, "rsi_14": 62.128744, "macd": 0.730157, "macd_signal": 0.498619, "macd_histogram": 0.231538, "bb_width": 0.035568, "bb_position": 1.099678, "stoch_k": 99.317406, "stoch_d": 77.710613, "adx": 11.484914, "atr_14": 2.022262, "last_close": 160.2, "last_date": "2026-02-27"}