{"return_1d": 0.014579, "return_5d": 0.018461, "return_20d": 0.038324, "return_60d": 0.032875, "return_252d": 0.099474, "sma_20": 156.75875, "sma_50": 156.3444, "sma_200": 142.970925, "price_vs_sma20": 0.018859, "price_vs_sma50": 0.021559, "price_vs_sma200": 0.117115, "volatility_20d": 0.131934, "volatility_60d": 0.131971, "drawdown": 0.0, "max_drawdown_1y": -0.17109, "volume_ratio": 0.756428, "rsi_14": 60.816874, "macd": 0.691468, "macd_signal": 0.490881, "macd_histogram": 0.200587, "bb_width": 0.034291, "bb_position": 1.03978, "stoch_k": 96.126126, "stoch_d": 76.646853, "adx": 11.337664, "atr_14": 2.00012, "last_close": 159.715, "last_date": "2026-02-27"}