{"return_1d": -0.007862, "return_5d": -0.046816, "return_20d": -0.013821, "return_60d": 0.012681, "return_252d": 0.03812, "sma_20": 156.9595, "sma_50": 156.5448, "sma_200": 143.619599, "price_vs_sma20": -0.027138, "price_vs_sma50": -0.02456, "price_vs_sma200": 0.063225, "volatility_20d": 0.153884, "volatility_60d": 0.140462, "drawdown": -0.046816, "max_drawdown_1y": -0.17109, "volume_ratio": 1.220037, "rsi_14": 37.968154, "macd": -0.181254, "macd_signal": 0.341953, "macd_histogram": -0.523207, "bb_width": 0.041872, "bb_position": -0.16618, "stoch_k": 18.83746, "stoch_d": 24.594688, "adx": 13.478579, "atr_14": 2.331591, "last_close": 152.7, "last_date": "2026-03-06"}