{"return_1d": -0.010424, "return_5d": -6.3e-05, "return_20d": 0.024493, "return_60d": 0.031388, "return_252d": 0.095764, "sma_20": 156.9725, "sma_50": 156.456366, "sma_200": 143.115543, "price_vs_sma20": 0.009922, "price_vs_sma50": 0.013254, "price_vs_sma200": 0.107706, "volatility_20d": 0.142302, "volatility_60d": 0.134752, "drawdown": -0.010424, "max_drawdown_1y": -0.17109, "volume_ratio": 1.236545, "rsi_14": 55.267246, "macd": 0.74137, "macd_signal": 0.547169, "macd_histogram": 0.194201, "bb_width": 0.035119, "bb_position": 0.779754, "stoch_k": 70.819113, "stoch_d": 77.605644, "adx": 12.164007, "atr_14": 2.035672, "last_close": 158.53, "last_date": "2026-03-02"}