{"return_1d": 0.011279, "return_5d": 0.02295, "return_20d": 0.097935, "return_60d": 0.345536, "return_252d": 0.448198, "sma_20": 148.660785, "sma_50": 134.704806, "sma_200": 116.06262, "price_vs_sma20": 0.037395, "price_vs_sma50": 0.144874, "price_vs_sma200": 0.328765, "volatility_20d": 0.323034, "volatility_60d": 0.266073, "drawdown": -0.002006, "max_drawdown_1y": -0.189181, "volume_ratio": 1.396948, "rsi_14": 66.777015, "macd": 4.668549, "macd_signal": 5.186723, "macd_histogram": -0.518174, "bb_width": 0.098233, "bb_position": 0.866957, "stoch_k": 62.724758, "stoch_d": 54.296629, "adx": 44.920975, "atr_14": 3.889377, "last_close": 154.22, "last_date": "2026-03-02"}