{"return_1d": -0.013238, "return_5d": 0.005099, "return_20d": 0.049319, "return_60d": 0.287507, "return_252d": 0.438082, "sma_20": 149.73019, "sma_50": 136.089786, "sma_200": 116.516787, "price_vs_sma20": 0.0006, "price_vs_sma50": 0.100891, "price_vs_sma200": 0.285823, "volatility_20d": 0.297945, "volatility_60d": 0.268957, "drawdown": -0.03048, "max_drawdown_1y": -0.189181, "volume_ratio": 0.784769, "rsi_14": 57.509772, "macd": 4.135869, "macd_signal": 4.86483, "macd_histogram": -0.72896, "bb_width": 0.064262, "bb_position": 0.509328, "stoch_k": 32.295989, "stoch_d": 47.072384, "adx": 42.503279, "atr_14": 4.018544, "last_close": 149.82, "last_date": "2026-03-04"}