{"return_1d": 0.002985, "return_5d": -0.008459, "return_20d": 0.042017, "return_60d": 0.312449, "return_252d": 0.48336, "sma_20": 150.24241, "sma_50": 137.463484, "sma_200": 116.979433, "price_vs_sma20": 0.00644, "price_vs_sma50": 0.100001, "price_vs_sma200": 0.29262, "volatility_20d": 0.280935, "volatility_60d": 0.267568, "drawdown": -0.021485, "max_drawdown_1y": -0.189182, "volume_ratio": 0.997965, "rsi_14": 59.54633, "macd": 3.684465, "macd_signal": 4.472381, "macd_histogram": -0.787916, "bb_width": 0.053835, "bb_position": 0.618863, "stoch_k": 41.908714, "stoch_d": 37.667128, "adx": 40.41002, "atr_14": 3.928949, "last_close": 151.21, "last_date": "2026-03-06"}