{"return_1d": -0.013956, "return_5d": -0.007414, "return_20d": -0.08771, "return_60d": -0.094249, "return_252d": -0.01645, "sma_20": 131.00406, "sma_50": 135.9093, "sma_200": 137.047145, "price_vs_sma20": -0.02919, "price_vs_sma50": -0.064229, "price_vs_sma200": -0.071998, "volatility_20d": 0.347282, "volatility_60d": 0.281028, "drawdown": -0.163308, "max_drawdown_1y": -0.287329, "volume_ratio": 0.692513, "rsi_14": 39.354402, "macd": -2.467206, "macd_signal": -2.623754, "macd_histogram": 0.156548, "bb_width": 0.160165, "bb_position": 0.312268, "stoch_k": 32.816901, "stoch_d": 42.053635, "adx": 28.546626, "atr_14": 3.584028, "last_close": 127.18, "last_date": "2026-03-03"}