{"return_1d": 0.017456, "return_5d": 0.008888, "return_20d": -0.06301, "return_60d": -0.078308, "return_252d": 0.009278, "sma_20": 130.56897, "sma_50": 135.772738, "sma_200": 137.068701, "price_vs_sma20": -0.008953, "price_vs_sma50": -0.046937, "price_vs_sma200": -0.055948, "volatility_20d": 0.3551, "volatility_60d": 0.283691, "drawdown": -0.148703, "max_drawdown_1y": -0.287329, "volume_ratio": 0.641339, "rsi_14": 44.723766, "macd": -2.286541, "macd_signal": -2.556312, "macd_histogram": 0.26977, "bb_width": 0.149383, "bb_position": 0.439526, "stoch_k": 64.084507, "stoch_d": 52.84949, "adx": 28.06672, "atr_14": 3.594454, "last_close": 129.4, "last_date": "2026-03-04"}