{"return_1d": -0.017964, "return_5d": 0.010331, "return_20d": -0.05743, "return_60d": -0.067504, "return_252d": 0.020591, "sma_20": 132.036635, "sma_50": 136.257152, "sma_200": 137.012984, "price_vs_sma20": -0.018757, "price_vs_sma50": -0.049151, "price_vs_sma200": -0.054396, "volatility_20d": 0.351614, "volatility_60d": 0.280792, "drawdown": -0.14765, "max_drawdown_1y": -0.287329, "volume_ratio": 1.526008, "rsi_14": 43.486303, "macd": -2.543733, "macd_signal": -2.719644, "macd_histogram": 0.175911, "bb_width": 0.167715, "bb_position": 0.386022, "stoch_k": 31.696943, "stoch_d": 33.581495, "adx": 28.588034, "atr_14": 3.592955, "last_close": 129.56, "last_date": "2026-02-27"}