{"return_1d": -0.004477, "return_5d": 0.016952, "return_20d": -0.061309, "return_60d": -0.071745, "return_252d": 0.013814, "sma_20": 131.61543, "sma_50": 136.09405, "sma_200": 137.030908, "price_vs_sma20": -0.020024, "price_vs_sma50": -0.052273, "price_vs_sma200": -0.058753, "volatility_20d": 0.351552, "volatility_60d": 0.280872, "drawdown": -0.151466, "max_drawdown_1y": -0.287329, "volume_ratio": 1.198318, "rsi_14": 42.459645, "macd": -2.435878, "macd_signal": -2.662891, "macd_histogram": 0.227013, "bb_width": 0.165151, "bb_position": 0.376278, "stoch_k": 61.647062, "stoch_d": 45.854512, "adx": 28.241901, "atr_14": 3.54203, "last_close": 128.98, "last_date": "2026-03-02"}