{"return_1d": 0.011774, "return_5d": 0.269951, "return_20d": 0.066523, "return_60d": 0.072201, "return_252d": 0.002645, "sma_20": 54.882, "sma_50": 61.4946, "sma_200": 68.11235, "price_vs_sma20": 0.174338, "price_vs_sma50": 0.04806, "price_vs_sma200": -0.053769, "volatility_20d": 0.888795, "volatility_60d": 0.570693, "drawdown": -0.7713, "max_drawdown_1y": -0.834889, "volume_ratio": 1.636675, "rsi_14": 63.1763, "macd": -0.9354, "macd_signal": -2.504449, "macd_histogram": 1.569049, "bb_width": 0.259324, "bb_position": 1.072473, "stoch_k": 90.6756, "stoch_d": 79.467969, "adx": 30.66603, "atr_14": 3.380385, "last_close": 64.45, "last_date": "2026-03-02"}