{"return_1d": 0.037202, "return_5d": 0.256065, "return_20d": 0.148794, "return_60d": 0.049043, "return_252d": 0.039019, "sma_20": 55.4295, "sma_50": 61.4942, "sma_200": 68.1755, "price_vs_sma20": 0.176991, "price_vs_sma50": 0.060913, "price_vs_sma200": -0.043058, "volatility_20d": 0.869443, "volatility_60d": 0.576061, "drawdown": -0.768497, "max_drawdown_1y": -0.834889, "volume_ratio": 0.861821, "rsi_14": 63.009026, "macd": 0.304837, "macd_signal": -1.59738, "macd_histogram": 1.902217, "bb_width": 0.300575, "bb_position": 1.000292, "stoch_k": 95.086544, "stoch_d": 89.26112, "adx": 29.664243, "atr_14": 3.356429, "last_close": 65.24, "last_date": "2026-03-04"}