{"return_1d": 0.166514, "return_5d": 0.195227, "return_20d": 0.022504, "return_60d": -0.0115, "return_252d": -0.025731, "sma_20": 54.6765, "sma_50": 61.4948, "sma_200": 68.0805, "price_vs_sma20": 0.163388, "price_vs_sma50": 0.034396, "price_vs_sma200": -0.065665, "volatility_20d": 0.892012, "volatility_60d": 0.584844, "drawdown": -0.774281, "max_drawdown_1y": -0.834889, "volume_ratio": 2.984572, "rsi_14": 62.071951, "macd": -1.837961, "macd_signal": -2.898147, "macd_histogram": 1.060185, "bb_width": 0.237788, "bb_position": 1.090616, "stoch_k": 86.03352, "stoch_d": 61.13908, "adx": 31.33621, "atr_14": 3.230777, "last_close": 63.61, "last_date": "2026-02-27"}