{"return_1d": -0.02405, "return_5d": 0.233333, "return_20d": 0.041391, "return_60d": 0.029291, "return_252d": -0.036753, "sma_20": 55.007, "sma_50": 61.4772, "sma_200": 68.13435, "price_vs_sma20": 0.143491, "price_vs_sma50": 0.023144, "price_vs_sma200": -0.076824, "volatility_20d": 0.894524, "volatility_60d": 0.572259, "drawdown": -0.7768, "max_drawdown_1y": -0.834889, "volume_ratio": 0.806268, "rsi_14": 59.695636, "macd": -0.346876, "macd_signal": -2.072934, "macd_histogram": 1.726058, "bb_width": 0.278179, "bb_position": 0.951094, "stoch_k": 82.021217, "stoch_d": 86.394938, "adx": 30.042152, "atr_14": 3.385, "last_close": 62.9, "last_date": "2026-03-03"}