{"return_1d": 0.032802, "return_5d": 0.23565, "return_20d": 0.173254, "return_60d": 0.102602, "return_252d": 0.133771, "sma_20": 55.927, "sma_50": 61.5352, "sma_200": 68.2241, "price_vs_sma20": 0.204785, "price_vs_sma50": 0.094983, "price_vs_sma200": -0.012372, "volatility_20d": 0.873753, "volatility_60d": 0.57824, "drawdown": -0.760903, "max_drawdown_1y": -0.834889, "volume_ratio": 0.967351, "rsi_14": 65.779709, "macd": 0.982677, "macd_signal": -1.081369, "macd_histogram": 2.064046, "bb_width": 0.329068, "bb_position": 1.016539, "stoch_k": 99.301826, "stoch_d": 92.136529, "adx": 29.67761, "atr_14": 3.324541, "last_close": 67.38, "last_date": "2026-03-05"}