{"return_1d": 0.168164, "return_5d": 0.196918, "return_20d": 0.023951, "return_60d": -0.010101, "return_252d": -0.024353, "sma_20": 54.681, "sma_50": 61.4966, "sma_200": 68.08095, "price_vs_sma20": 0.164938, "price_vs_sma50": 0.03583, "price_vs_sma200": -0.064349, "volatility_20d": 0.896045, "volatility_60d": 0.586852, "drawdown": -0.773961, "max_drawdown_1y": -0.834889, "volume_ratio": 3.576439, "rsi_14": 62.185648, "macd": -1.830782, "macd_signal": -2.896711, "macd_histogram": 1.065929, "bb_width": 0.238122, "bb_position": 1.094592, "stoch_k": 86.487996, "stoch_d": 61.290572, "adx": 31.337899, "atr_14": 3.231492, "last_close": 63.7, "last_date": "2026-02-27"}