{"return_1d": 0.013699, "return_5d": 0.02847, "return_20d": 0.085376, "return_60d": 0.125553, "return_252d": 0.130113, "sma_20": 161.33016, "sma_50": 156.496414, "sma_200": 147.781806, "price_vs_sma20": 0.041219, "price_vs_sma50": 0.073379, "price_vs_sma200": 0.136676, "volatility_20d": 0.183071, "volatility_60d": 0.204221, "drawdown": 0.0, "max_drawdown_1y": -0.144535, "volume_ratio": 0.353309, "rsi_14": 70.067244, "macd": 3.10629, "macd_signal": 2.635351, "macd_histogram": 0.470939, "bb_width": 0.08632, "bb_position": 0.958608, "stoch_k": 89.045481, "stoch_d": 76.045082, "adx": 37.877419, "atr_14": 3.28982, "last_close": 167.98, "last_date": "2026-02-27"}