{"return_1d": 0.014785, "return_5d": 0.029572, "return_20d": 0.086539, "return_60d": 0.126759, "return_252d": 0.131324, "sma_20": 161.33916, "sma_50": 156.500014, "sma_200": 147.782706, "price_vs_sma20": 0.042276, "price_vs_sma50": 0.074505, "price_vs_sma200": 0.137887, "volatility_20d": 0.18386, "volatility_60d": 0.204497, "drawdown": 0.0, "max_drawdown_1y": -0.144535, "volume_ratio": 0.879058, "rsi_14": 70.333244, "macd": 3.120649, "macd_signal": 2.638223, "macd_histogram": 0.482426, "bb_width": 0.086625, "bb_position": 0.968246, "stoch_k": 90.44393, "stoch_d": 76.511232, "adx": 37.877419, "atr_14": 3.28982, "last_close": 168.16, "last_date": "2026-02-27"}