{"return_1d": -0.014977, "return_5d": -0.032962, "return_20d": 0.032334, "return_60d": 0.085508, "return_252d": 0.046031, "sma_20": 161.997155, "sma_50": 156.912524, "sma_200": 147.97276, "price_vs_sma20": -0.009365, "price_vs_sma50": 0.022735, "price_vs_sma200": 0.084524, "volatility_20d": 0.23104, "volatility_60d": 0.215192, "drawdown": -0.045671, "max_drawdown_1y": -0.144535, "volume_ratio": 1.023784, "rsi_14": 49.589624, "macd": 2.355007, "macd_signal": 2.610424, "macd_histogram": -0.255417, "bb_width": 0.075239, "bb_position": 0.37435, "stoch_k": 30.776761, "stoch_d": 56.984736, "adx": 36.477577, "atr_14": 3.539538, "last_close": 160.48, "last_date": "2026-03-03"}