{"return_1d": -0.002327, "return_5d": -0.042786, "return_20d": -0.001372, "return_60d": 0.099276, "return_252d": 0.020593, "sma_20": 162.03517, "sma_50": 157.124026, "sma_200": 148.113068, "price_vs_sma20": -0.021077, "price_vs_sma50": 0.009521, "price_vs_sma200": 0.070939, "volatility_20d": 0.226717, "volatility_60d": 0.212131, "drawdown": -0.056732, "max_drawdown_1y": -0.144535, "volume_ratio": 1.082407, "rsi_14": 45.827123, "macd": 1.396962, "macd_signal": 2.245452, "macd_histogram": -0.848489, "bb_width": 0.074976, "bb_position": 0.212834, "stoch_k": 14.794304, "stoch_d": 17.264295, "adx": 32.967717, "atr_14": 3.356541, "last_close": 158.62, "last_date": "2026-03-05"}