{"return_1d": -0.024021, "return_5d": -0.074661, "return_20d": 0.060847, "return_60d": -0.006169, "return_252d": -0.092479, "sma_20": 96.284, "sma_50": 91.9631, "sma_200": 94.956383, "price_vs_sma20": -0.029434, "price_vs_sma50": 0.016168, "price_vs_sma200": -0.015864, "volatility_20d": 0.264962, "volatility_60d": 0.230622, "drawdown": -0.439453, "max_drawdown_1y": -0.48588, "volume_ratio": 0.78343, "rsi_14": 44.934461, "macd": 1.729211, "macd_signal": 2.266601, "macd_histogram": -0.53739, "bb_width": 0.157151, "bb_position": 0.307024, "stoch_k": 6.293706, "stoch_d": 30.74402, "adx": 25.869382, "atr_14": 2.482971, "last_close": 93.45, "last_date": "2026-03-05"}