{"return_1d": 0.010666, "return_5d": 0.000302, "return_20d": 0.142644, "return_60d": 0.05964, "return_252d": -0.03438, "sma_20": 94.95, "sma_50": 91.627126, "sma_200": 94.954514, "price_vs_sma20": 0.047815, "price_vs_sma50": 0.085814, "price_vs_sma200": 0.047765, "volatility_20d": 0.225279, "volatility_60d": 0.219965, "drawdown": -0.403223, "max_drawdown_1y": -0.48588, "volume_ratio": 0.996673, "rsi_14": 66.439808, "macd": 2.784141, "macd_signal": 2.410841, "macd_histogram": 0.3733, "bb_width": 0.199685, "bb_position": 0.728524, "stoch_k": 82.253771, "stoch_d": 85.704043, "adx": 30.039113, "atr_14": 2.385617, "last_close": 99.49, "last_date": "2026-03-02"}