{"return_1d": -0.015278, "return_5d": -0.019025, "return_20d": 0.136279, "return_60d": 0.055106, "return_252d": -0.051594, "sma_20": 95.5375, "sma_50": 91.76018, "sma_200": 94.971365, "price_vs_sma20": 0.025461, "price_vs_sma50": 0.067674, "price_vs_sma200": 0.031574, "volatility_20d": 0.231419, "volatility_60d": 0.221127, "drawdown": -0.412341, "max_drawdown_1y": -0.48588, "volume_ratio": 0.684352, "rsi_14": 59.824078, "macd": 2.584854, "macd_signal": 2.445644, "macd_histogram": 0.13921, "bb_width": 0.186958, "bb_position": 0.632805, "stoch_k": 68.766637, "stoch_d": 76.473281, "adx": 28.608998, "atr_14": 2.44593, "last_close": 97.97, "last_date": "2026-03-03"}