{"return_1d": 0.007063, "return_5d": -0.043986, "return_20d": 0.060633, "return_60d": 0.01736, "return_252d": -0.092701, "sma_20": 96.553, "sma_50": 92.054062, "sma_200": 94.951751, "price_vs_sma20": -0.025302, "price_vs_sma50": 0.022334, "price_vs_sma200": -0.008865, "volatility_20d": 0.26492, "volatility_60d": 0.228552, "drawdown": -0.435494, "max_drawdown_1y": -0.48588, "volume_ratio": 0.895405, "rsi_14": 47.080906, "macd": 1.375935, "macd_signal": 2.088468, "macd_histogram": -0.712533, "bb_width": 0.139617, "bb_position": 0.314071, "stoch_k": 30.179754, "stoch_d": 17.881726, "adx": 25.797249, "atr_14": 2.53633, "last_close": 94.11, "last_date": "2026-03-06"}