{"return_1d": -0.043628, "return_5d": -0.019245, "return_20d": -0.088892, "return_60d": -0.169283, "return_252d": -0.277467, "sma_20": 243.6325, "sma_50": 245.735, "sma_200": 283.0634, "price_vs_sma20": -0.098437, "price_vs_sma50": -0.106151, "price_vs_sma200": -0.224025, "volatility_20d": 0.599608, "volatility_60d": 0.439066, "drawdown": -0.642584, "max_drawdown_1y": -0.652526, "volume_ratio": 1.070454, "rsi_14": 37.163183, "macd": -6.748299, "macd_signal": -4.418279, "macd_histogram": -2.330021, "bb_width": 0.281862, "bb_position": 0.112629, "stoch_k": 9.499205, "stoch_d": 16.935371, "adx": 15.752931, "atr_14": 11.533821, "last_close": 219.65, "last_date": "2026-03-06"}