{"return_1d": -0.041654, "return_5d": -0.118124, "return_20d": -0.053454, "return_60d": -0.103665, "return_252d": -0.294979, "sma_20": 247.0185, "sma_50": 248.5434, "sma_200": 284.9118, "price_vs_sma20": -0.088165, "price_vs_sma50": -0.09376, "price_vs_sma200": -0.20944, "volatility_20d": 0.625545, "volatility_60d": 0.429141, "drawdown": -0.633488, "max_drawdown_1y": -0.652526, "volume_ratio": 0.519238, "rsi_14": 38.166526, "macd": -3.888795, "macd_signal": -1.035657, "macd_histogram": -2.853138, "bb_width": 0.219969, "bb_position": 0.060437, "stoch_k": 3.255353, "stoch_d": 7.46114, "adx": 16.561903, "atr_14": 11.98783, "last_close": 225.24, "last_date": "2026-02-27"}