{"return_1d": 0.00652, "return_5d": -0.044312, "return_20d": -0.068716, "return_60d": -0.130948, "return_252d": -0.284621, "sma_20": 245.57, "sma_50": 247.195, "sma_200": 284.14365, "price_vs_sma20": -0.082217, "price_vs_sma50": -0.08825, "price_vs_sma200": -0.20681, "volatility_20d": 0.619091, "volatility_60d": 0.428124, "drawdown": -0.63326, "max_drawdown_1y": -0.652526, "volume_ratio": 0.842512, "rsi_14": 38.717885, "macd": -5.851252, "macd_signal": -2.667277, "macd_histogram": -3.183975, "bb_width": 0.248332, "bb_position": 0.139265, "stoch_k": 11.871682, "stoch_d": 7.765429, "adx": 16.8646, "atr_14": 12.040221, "last_close": 225.38, "last_date": "2026-03-03"}