{"return_1d": -0.000179, "return_5d": -0.03199, "return_20d": -0.047068, "return_60d": -0.116233, "return_252d": -0.28, "sma_20": 246.4015, "sma_50": 247.7728, "sma_200": 284.5131, "price_vs_sma20": -0.091239, "price_vs_sma50": -0.096269, "price_vs_sma200": -0.212971, "volatility_20d": 0.629264, "volatility_60d": 0.430984, "drawdown": -0.635636, "max_drawdown_1y": -0.652526, "volume_ratio": 0.964662, "rsi_14": 37.643855, "macd": -5.132103, "macd_signal": -1.871284, "macd_histogram": -3.260819, "bb_width": 0.236544, "bb_position": 0.075557, "stoch_k": 9.753605, "stoch_d": 6.092488, "adx": 16.976269, "atr_14": 11.818699, "last_close": 223.92, "last_date": "2026-03-02"}