{"return_1d": -0.0471, "return_5d": -0.123135, "return_20d": -0.058833, "return_60d": -0.108759, "return_252d": -0.298986, "sma_20": 246.9545, "sma_50": 248.5178, "sma_200": 284.9054, "price_vs_sma20": -0.093112, "price_vs_sma50": -0.098817, "price_vs_sma200": -0.213915, "volatility_20d": 0.630404, "volatility_60d": 0.431459, "drawdown": -0.635571, "max_drawdown_1y": -0.652526, "volume_ratio": 1.027866, "rsi_14": 37.660647, "macd": -3.990904, "macd_signal": -1.056079, "macd_histogram": -2.934825, "bb_width": 0.223283, "bb_position": 0.040169, "stoch_k": 1.670999, "stoch_d": 6.933021, "adx": 16.561903, "atr_14": 11.98783, "last_close": 223.96, "last_date": "2026-02-27"}