{"return_1d": -0.007562, "return_5d": -0.022806, "return_20d": -0.063527, "return_60d": -0.132699, "return_252d": -0.229088, "sma_20": 244.704, "sma_50": 246.3296, "sma_200": 283.45425, "price_vs_sma20": -0.061437, "price_vs_sma50": -0.067631, "price_vs_sma200": -0.189746, "volatility_20d": 0.583478, "volatility_60d": 0.430705, "drawdown": -0.626279, "max_drawdown_1y": -0.652526, "volume_ratio": 0.904926, "rsi_14": 42.148097, "macd": -5.950633, "macd_signal": -3.835774, "macd_histogram": -2.114859, "bb_width": 0.252374, "bb_position": 0.240626, "stoch_k": 22.612681, "stoch_d": 17.726197, "adx": 15.652075, "atr_14": 11.534884, "last_close": 229.67, "last_date": "2026-03-05"}