{"return_1d": 0.012966, "return_5d": 0.11613, "return_20d": -0.031466, "return_60d": -0.330039, "return_252d": -0.164877, "sma_20": 162.655, "sma_50": 193.0867, "sma_200": 263.629525, "price_vs_sma20": 0.008638, "price_vs_sma50": -0.15033, "price_vs_sma200": -0.377687, "volatility_20d": 0.77451, "volatility_60d": 0.54837, "drawdown": -0.555128, "max_drawdown_1y": -0.611476, "volume_ratio": 0.677797, "rsi_14": 44.928337, "macd": -10.756784, "macd_signal": -13.130358, "macd_histogram": 2.373575, "bb_width": 0.243237, "bb_position": 0.535208, "stoch_k": 64.756131, "stoch_d": 52.978361, "adx": 39.103598, "atr_14": 10.119338, "last_close": 164.06, "last_date": "2026-03-06"}