{"return_1d": 0.009957, "return_5d": 0.003276, "return_20d": -0.169317, "return_60d": -0.354104, "return_252d": -0.172573, "sma_20": 164.113, "sma_50": 195.8583, "sma_200": 264.519775, "price_vs_sma20": -0.048156, "price_vs_sma50": -0.202434, "price_vs_sma200": -0.409458, "volatility_20d": 0.817499, "volatility_60d": 0.540907, "drawdown": -0.576414, "max_drawdown_1y": -0.611476, "volume_ratio": 0.532247, "rsi_14": 39.453915, "macd": -13.223744, "macd_signal": -14.151892, "macd_histogram": 0.928148, "bb_width": 0.287785, "bb_position": 0.324201, "stoch_k": 39.781393, "stoch_d": 32.011523, "adx": 42.323316, "atr_14": 10.464984, "last_close": 156.21, "last_date": "2026-03-04"}