{"return_1d": -0.016323, "return_5d": 0.025201, "return_20d": 0.033168, "return_60d": 0.040748, "return_252d": -0.206957, "sma_20": 127.428, "sma_50": 125.72036, "sma_200": 140.500018, "price_vs_sma20": 0.012022, "price_vs_sma50": 0.025769, "price_vs_sma200": -0.082135, "volatility_20d": 0.257296, "volatility_60d": 0.22315, "drawdown": -0.454635, "max_drawdown_1y": -0.51258, "volume_ratio": 0.663189, "rsi_14": 54.556388, "macd": 1.197255, "macd_signal": 0.965506, "macd_histogram": 0.231749, "bb_width": 0.059769, "bb_position": 0.698758, "stoch_k": 73.948339, "stoch_d": 81.180812, "adx": 13.759181, "atr_14": 3.765961, "last_close": 128.96, "last_date": "2026-03-02"}