{"return_1d": 0.000238, "return_5d": -0.023187, "return_20d": 0.029001, "return_60d": 0.05056, "return_252d": -0.250615, "sma_20": 127.655, "sma_50": 125.878796, "sma_200": 140.200482, "price_vs_sma20": -0.013278, "price_vs_sma50": 0.000645, "price_vs_sma200": -0.101572, "volatility_20d": 0.261242, "volatility_60d": 0.223149, "drawdown": -0.467321, "max_drawdown_1y": -0.51258, "volume_ratio": 1.164789, "rsi_14": 47.491142, "macd": 0.682304, "macd_signal": 0.900467, "macd_histogram": -0.218163, "bb_width": 0.048297, "bb_position": 0.22138, "stoch_k": 51.808118, "stoch_d": 59.114391, "adx": 13.082466, "atr_14": 3.644375, "last_close": 125.96, "last_date": "2026-03-04"}