{"return_1d": 0.010327, "return_5d": 0.018015, "return_20d": 0.077062, "return_60d": 0.034655, "return_252d": -0.193846, "sma_20": 127.221, "sma_50": 125.59528, "sma_200": 140.648434, "price_vs_sma20": 0.03049, "price_vs_sma50": 0.043829, "price_vs_sma200": -0.067889, "volatility_20d": 0.261082, "volatility_60d": 0.225334, "drawdown": -0.445585, "max_drawdown_1y": -0.51258, "volume_ratio": 1.172797, "rsi_14": 60.532826, "macd": 1.234129, "macd_signal": 0.907569, "macd_histogram": 0.32656, "bb_width": 0.060201, "bb_position": 0.991488, "stoch_k": 89.741697, "stoch_d": 81.156212, "adx": 14.514346, "atr_14": 3.747189, "last_close": 131.1, "last_date": "2026-02-27"}