{"return_1d": -0.006545, "return_5d": -0.07376, "return_20d": -0.041821, "return_60d": 0.032063, "return_252d": -0.262295, "sma_20": 127.1665, "sma_50": 125.852518, "sma_200": 139.801887, "price_vs_sma20": -0.04511, "price_vs_sma50": -0.03514, "price_vs_sma200": -0.131414, "volatility_20d": 0.252437, "volatility_60d": 0.229899, "drawdown": -0.486478, "max_drawdown_1y": -0.51258, "volume_ratio": 0.94024, "rsi_14": 38.622095, "macd": -0.250663, "macd_signal": 0.557562, "macd_histogram": -0.808225, "bb_width": 0.076513, "bb_position": -0.117427, "stoch_k": 22.467903, "stoch_d": 25.375958, "adx": 15.618268, "atr_14": 3.684486, "last_close": 121.43, "last_date": "2026-03-06"}