{"return_1d": 0.013872, "return_5d": 0.021587, "return_20d": 0.080841, "return_60d": 0.038285, "return_252d": -0.191017, "sma_20": 127.244, "sma_50": 125.60448, "sma_200": 140.650734, "price_vs_sma20": 0.033919, "price_vs_sma50": 0.047415, "price_vs_sma200": -0.064633, "volatility_20d": 0.262548, "volatility_60d": 0.226099, "drawdown": -0.443639, "max_drawdown_1y": -0.51258, "volume_ratio": 0.510137, "rsi_14": 61.377324, "macd": 1.270824, "macd_signal": 0.914908, "macd_histogram": 0.355916, "bb_width": 0.061426, "bb_position": 1.034082, "stoch_k": 93.136531, "stoch_d": 82.287823, "adx": 14.514346, "atr_14": 3.747189, "last_close": 131.56, "last_date": "2026-02-27"}