{"return_1d": -0.018946, "return_5d": -0.01008, "return_20d": 0.020423, "return_60d": -0.013167, "return_252d": 0.018422, "sma_20": 566.18, "sma_50": 572.208, "sma_200": 569.853, "price_vs_sma20": 0.00604, "price_vs_sma50": -0.004558, "price_vs_sma200": -0.000444, "volatility_20d": 0.220642, "volatility_60d": 0.181462, "drawdown": -0.059445, "max_drawdown_1y": -0.143407, "volume_ratio": 0.129704, "rsi_14": 51.413775, "macd": 2.675256, "macd_signal": 0.489381, "macd_histogram": 2.185875, "bb_width": 0.07241, "bb_position": 0.58292, "stoch_k": 60.674157, "stoch_d": 81.123817, "adx": 17.592881, "atr_14": 9.479052, "last_close": 569.6, "last_date": "2026-03-02"}