{"return_1d": 0.00311, "return_5d": 0.022543, "return_20d": 0.057559, "return_60d": 0.006588, "return_252d": 0.046263, "sma_20": 565.61, "sma_50": 572.492, "sma_200": 569.854, "price_vs_sma20": 0.026502, "price_vs_sma50": 0.014163, "price_vs_sma200": 0.018857, "volatility_20d": 0.213908, "volatility_60d": 0.17719, "drawdown": -0.041281, "max_drawdown_1y": -0.143407, "volume_ratio": 1.561504, "rsi_14": 60.820924, "macd": 2.97261, "macd_signal": -0.057087, "macd_histogram": 3.029697, "bb_width": 0.071794, "bb_position": 0.859616, "stoch_k": 91.573034, "stoch_d": 88.51251, "adx": 18.812118, "atr_14": 9.20821, "last_close": 580.6, "last_date": "2026-02-27"}