{"return_1d": 0.006726, "return_5d": -0.071994, "return_20d": -0.059686, "return_60d": -0.060669, "return_252d": -0.054315, "sma_20": 560.28, "sma_50": 568.14, "sma_200": 569.043, "price_vs_sma20": -0.038338, "price_vs_sma50": -0.051642, "price_vs_sma200": -0.053147, "volatility_20d": 0.307379, "volatility_60d": 0.227689, "drawdown": -0.110304, "max_drawdown_1y": -0.143407, "volume_ratio": 0.067369, "rsi_14": 38.200408, "macd": -4.942156, "macd_signal": -1.524433, "macd_histogram": -3.417723, "bb_width": 0.108058, "bb_position": 0.131066, "stoch_k": 14.503817, "stoch_d": 16.157761, "adx": 22.956399, "atr_14": 11.398678, "last_close": 538.8, "last_date": "2026-03-06"}