{"return_1d": -0.012844, "return_5d": -0.070491, "return_20d": -0.062718, "return_60d": -0.055478, "return_252d": -0.045856, "sma_20": 562.13, "sma_50": 569.268, "sma_200": 569.295, "price_vs_sma20": -0.042926, "price_vs_sma50": -0.054927, "price_vs_sma200": -0.054971, "volatility_20d": 0.302587, "volatility_60d": 0.226329, "drawdown": -0.111625, "max_drawdown_1y": -0.143407, "volume_ratio": 0.103911, "rsi_14": 36.881073, "macd": -3.419562, "macd_signal": -0.62533, "macd_histogram": -2.794232, "bb_width": 0.101625, "bb_position": 0.058658, "stoch_k": 12.977099, "stoch_d": 16.53944, "adx": 21.576749, "atr_14": 11.82495, "last_close": 538.0, "last_date": "2026-03-05"}