{"return_1d": -0.05287, "return_5d": -0.05517, "return_20d": -0.021208, "return_60d": -0.055825, "return_252d": -0.030558, "sma_20": 565.86, "sma_50": 571.4, "sma_200": 569.732, "price_vs_sma20": -0.037571, "price_vs_sma50": -0.046902, "price_vs_sma200": -0.044112, "volatility_20d": 0.286692, "volatility_60d": 0.208666, "drawdown": -0.100727, "max_drawdown_1y": -0.143407, "volume_ratio": 0.717257, "rsi_14": 37.137876, "macd": 0.750086, "macd_signal": 0.610445, "macd_histogram": 0.13964, "bb_width": 0.083105, "bb_position": 0.030261, "stoch_k": 8.450704, "stoch_d": 58.622145, "adx": 18.526718, "atr_14": 11.429528, "last_close": 544.6, "last_date": "2026-03-03"}